arm	quantity	mean	mcse	bulk_ess	mean_difference_mcse
ordinary_ncp_native	population_mean_intercept_at_mean_load	5612.310088789987	31.317976540494755	292.7301542237553	0.7708840424885958
ordinary_ncp_native	population_mean_load_slope	55.928460053412785	0.7042316653681154	455.41257855509076	0.49445283745023255
ordinary_ncp_native	population_log_sigma_intercept	5.8118337023888875	0.00961846836199467	216.5379539760937	0.9011979251966264
ordinary_ncp_native	mean_intercept_group_sd	2525.1161892598757	20.06445993488245	364.1563213415458	0.408235796573306
ordinary_ncp_native	mean_slope_group_sd	59.20578232147406	0.6364562973675504	515.2973178283928	0.8226805328931002
ordinary_ncp_native	log_sigma_group_sd	0.676497244216764	0.006284825154855396	379.9776415076165	0.9835434179981923
ordinary_ncp_native	subject_701_total_intercept	615.861940574072	0.6624356366628019	2750.1321666416898	0.19832273333890488
ordinary_ncp_native	subject_702_total_intercept	1556.0574114269787	0.3368372651537108	1883.6970568103895	0.6052220808004508
ordinary_ncp_native	subject_703_total_intercept	1834.1758092960379	1.0792281055720228	2277.922424375472	1.5253150331131615
ordinary_ncp_native	subject_704_total_intercept	4816.3770548012235	0.595667972400808	2745.2631406983505	2.2479177482101096
ordinary_ncp_native	subject_705_total_intercept	4117.495774242174	1.109059287726097	2173.336032351216	0.020770280003016176
ordinary_ncp_native	subject_706_total_intercept	5511.124423709312	0.8837405051096925	2583.637116908357	0.6551113362090636
ordinary_ncp_native	subject_707_total_intercept	5383.360112259076	0.8910278886741295	2497.5644844078083	0.6794710017554245
ordinary_ncp_native	subject_708_total_intercept	5018.710469927089	1.0741281435620953	2548.492433531299	0.1607078194001242
ordinary_ncp_native	subject_709_total_intercept	4331.852040772063	0.8496212798214511	2627.077399717181	0.15251266008376696
ordinary_ncp_native	subject_710_total_intercept	5621.5746795568675	2.018822730819884	2268.682378652208	2.162340137792464
ordinary_ncp_native	subject_711_total_intercept	3733.676925927911	1.1675571387323522	2125.127409931224	0.5612571150564121
ordinary_ncp_native	subject_712_total_intercept	6633.929845862716	2.952721181892664	1585.539695625078	0.8257190297962961
ordinary_ncp_native	subject_713_total_intercept	9364.827427842545	0.9810283495660461	2293.9657248756816	0.054071991850614294
ordinary_ncp_native	subject_714_total_intercept	5619.0654965936765	0.9092880263228263	2150.0891713136557	0.8151644773526041
ordinary_ncp_native	subject_715_total_intercept	6390.204030415503	1.8086353335743008	2290.3925352766064	0.03970615649444919
ordinary_ncp_native	subject_716_total_intercept	6279.110118122151	1.0417002771894681	2081.5128308118574	1.1200719397205248
ordinary_ncp_native	subject_717_total_intercept	6979.64794753943	2.7507996224955082	1779.9977307633703	0.7885752337145882
ordinary_ncp_native	subject_718_total_intercept	6740.063081412092	1.9924923376153008	1978.899364880028	0.5863652485223025
ordinary_ncp_native	subject_719_total_intercept	10197.946453867224	1.0366739155206819	2747.253561417614	0.17842229559908557
ordinary_ncp_native	subject_720_total_intercept	8798.894206693241	3.573572969341307	2043.2933066454177	1.6853444433101983
ordinary_ncp_native	subject_701_total_load_slope	35.29342808111246	0.22532232695466642	2694.244919970064	0.9685259143674404
ordinary_ncp_native	subject_702_total_load_slope	21.678648442111225	0.1082601263493442	1924.0107580622796	0.12931065018553065
ordinary_ncp_native	subject_703_total_load_slope	21.601963470897093	0.3388772447258327	2498.7237903901687	1.4969171516485165
ordinary_ncp_native	subject_704_total_load_slope	69.63865034445469	0.17739407629511272	3442.078850281312	2.5258356921304057
ordinary_ncp_native	subject_705_total_load_slope	38.47075518788006	0.33160911974059304	2472.7621583077366	0.2250432988794327
ordinary_ncp_native	subject_706_total_load_slope	52.73831678626689	0.26989431030821104	2815.5355598417123	0.7433216871052762
ordinary_ncp_native	subject_707_total_load_slope	57.769630377261144	0.27171689554885875	2896.033648674163	0.10530614680173751
ordinary_ncp_native	subject_708_total_load_slope	33.955432523589565	0.35270982161758	2610.8501481918424	0.14757555766105435
ordinary_ncp_native	subject_709_total_load_slope	12.665014583753841	0.2594858866330368	2842.71618270971	0.6436797510239626
ordinary_ncp_native	subject_710_total_load_slope	-2.3667889426116173	0.6426128622493669	2386.2879328880917	2.2539123120389224
ordinary_ncp_native	subject_711_total_load_slope	72.98377592140885	0.33130867879754544	2711.88482189122	0.17466640398929925
ordinary_ncp_native	subject_712_total_load_slope	145.65577226478638	1.0276191001852963	1298.0816384990374	0.7501826697888759
ordinary_ncp_native	subject_713_total_load_slope	42.904299448850686	0.27744870728284343	3009.1447666431127	0.30738836863223606
ordinary_ncp_native	subject_714_total_load_slope	55.49328453630436	0.2871122586066103	2388.8940316239978	1.395969388241794
ordinary_ncp_native	subject_715_total_load_slope	15.282238624479211	0.5465798534697867	2454.109971751756	0.04340013952681162
ordinary_ncp_native	subject_716_total_load_slope	8.259375397931315	0.28249796603140326	2950.511547623917	0.8293790468356791
ordinary_ncp_native	subject_717_total_load_slope	142.72663346353394	0.9771004018029861	1539.1665703980743	1.4326484913837678
ordinary_ncp_native	subject_718_total_load_slope	186.29176930178664	0.6805030307701437	1935.0865226109668	0.6272064473671167
ordinary_ncp_native	subject_719_total_load_slope	13.102449412046807	0.3205085001619048	3144.2883707925657	0.4390746410395902
ordinary_ncp_native	subject_720_total_load_slope	90.16758471743448	1.0716060267519731	1820.9547894709272	1.1846218561709208
ordinary_ncp_native	subject_701_residual_sd	130.46817116563616	0.32947213787313073	2417.992700788329	0.8355820287296334
ordinary_ncp_native	subject_702_residual_sd	88.87135410607871	0.1363746801798816	1923.515976076244	0.9806264031643596
ordinary_ncp_native	subject_703_residual_sd	325.1381126778614	0.39974166419373797	2650.7388337700286	0.7148328835070474
ordinary_ncp_native	subject_704_residual_sd	189.47688340660872	0.255113835242462	2599.6894589511962	0.8281442545536422
ordinary_ncp_native	subject_705_residual_sd	307.4311918733281	0.4288877412444916	2725.9817726786123	0.07337202782979337
ordinary_ncp_native	subject_706_residual_sd	282.41498226054654	0.4039088231196148	2083.2017637274025	0.230816746061652
ordinary_ncp_native	subject_707_residual_sd	279.6658868685613	0.39986830445583127	2420.3669260357356	1.7385672192769144
ordinary_ncp_native	subject_708_residual_sd	353.47327035621424	0.4932731604873831	2253.0492095085597	0.663289684229668
ordinary_ncp_native	subject_709_residual_sd	269.1561190743697	0.37421025548325854	2230.0442465543047	0.5184944357989633
ordinary_ncp_native	subject_710_residual_sd	645.9883673458697	0.8828686466389776	2072.9624448736163	0.3311068282056671
ordinary_ncp_native	subject_711_residual_sd	337.96717479935603	0.43518933169054236	2630.7625680637207	0.015305115897122284
ordinary_ncp_native	subject_712_residual_sd	788.8026912498723	1.006478405470027	2427.517387234405	0.3979544280944791
ordinary_ncp_native	subject_713_residual_sd	297.41572038169556	0.4216526189903421	2192.1224424888355	0.12144154540765638
ordinary_ncp_native	subject_714_residual_sd	264.6211908423981	0.33385565308531684	2614.735915708137	0.8999157848933741
ordinary_ncp_native	subject_715_residual_sd	558.8458326997203	0.7585168716325636	2400.431789515699	0.25657171670548146
ordinary_ncp_native	subject_716_residual_sd	218.4361509134864	0.41384838687995823	2182.900286451913	0.6254150440239019
ordinary_ncp_native	subject_717_residual_sd	776.0950294293696	1.0559041616853237	2279.135624548174	0.562794458752997
ordinary_ncp_native	subject_718_residual_sd	533.5711507504143	0.6941479905595519	2507.3557120387986	0.630508295793764
ordinary_ncp_native	subject_719_residual_sd	343.9681647483973	0.42089481199086404	2926.324432772609	1.507593636975234
ordinary_ncp_native	subject_720_residual_sd	1220.9112306598433	1.7784732237865584	1804.3375594597585	2.322964036409075
ordinary_ncp_whmc	population_mean_intercept_at_mean_load	5601.792790224038	45.343869047888454	139.43995553536078	0.7754766111356816
ordinary_ncp_whmc	population_mean_load_slope	55.87911954578551	0.5590295980691888	703.108436607388	0.5164822347314615
ordinary_ncp_whmc	population_log_sigma_intercept	5.82451499952641	0.007370504636762481	413.12348508430324	0.42722752138339903
ordinary_ncp_whmc	mean_intercept_group_sd	2491.14353722089	36.50182174446476	128.38868523201177	0.6839914508765238
ordinary_ncp_whmc	mean_slope_group_sd	59.449988044091384	0.6267418677946829	469.4155619565564	1.1795391433194786
ordinary_ncp_whmc	log_sigma_group_sd	0.6761899197575965	0.007438136776405016	273.2123610910799	0.8016903237514443
ordinary_ncp_whmc	subject_701_total_intercept	616.7936088753452	0.75316811848766	2275.1764695913375	1.0700760486741836
ordinary_ncp_whmc	subject_702_total_intercept	1556.2518698116362	0.29933608182134247	2223.376314304919	0.21289906217003782
ordinary_ncp_whmc	subject_703_total_intercept	1829.9709978805206	1.1565333269016809	2115.9549298896186	1.3282705187732966
ordinary_ncp_whmc	subject_704_total_intercept	4815.787046087788	0.6394080212914778	2404.802674404353	1.5944375105029844
ordinary_ncp_whmc	subject_705_total_intercept	4119.123399996207	1.0474871494571127	2538.125978633305	0.9991365031314865
ordinary_ncp_whmc	subject_706_total_intercept	5512.079142937273	0.9021280555066882	2363.34157724698	0.07400718708646867
ordinary_ncp_whmc	subject_707_total_intercept	5382.901188954985	0.9236652576810902	2331.2016577718678	0.3012096549931255
ordinary_ncp_whmc	subject_708_total_intercept	5020.060303187777	1.066523197861429	2574.9500479002945	0.7074037677198017
ordinary_ncp_whmc	subject_709_total_intercept	4332.87163603096	0.8591502711349782	2426.634667475439	0.6376455603272247
ordinary_ncp_whmc	subject_710_total_intercept	5624.737956152726	2.132481058303109	2148.2505379802483	1.0118877547343856
ordinary_ncp_whmc	subject_711_total_intercept	3732.7617487719713	1.0003586941452036	2626.1699252464555	1.2249982150510124
ordinary_ncp_whmc	subject_712_total_intercept	6630.439424243094	2.698083050957756	1828.340592373886	1.8500283348442765
ordinary_ncp_whmc	subject_713_total_intercept	9364.142360636164	0.9392204901379033	2607.744685509861	0.42693150896896787
ordinary_ncp_whmc	subject_714_total_intercept	5619.7634293120955	0.9005920187772464	2384.28251213099	0.250355754065122
ordinary_ncp_whmc	subject_715_total_intercept	6388.274092103441	1.7012126433080375	2339.5996443073386	0.7755382830325965
ordinary_ncp_whmc	subject_716_total_intercept	6278.922509277684	0.9855376570109415	2371.193983963233	1.0186737556878591
ordinary_ncp_whmc	subject_717_total_intercept	6977.198226455534	2.615597103470183	2001.520164220382	1.526288573321176
ordinary_ncp_whmc	subject_718_total_intercept	6739.339726419708	2.2408757147993	1459.5133958792192	0.7894846243831892
ordinary_ncp_whmc	subject_719_total_intercept	10198.476504357663	1.0822068597971444	2482.630448006249	0.49126070300581814
ordinary_ncp_whmc	subject_720_total_intercept	8802.940440605218	3.416286409051737	2124.246820430709	0.850745659018336
ordinary_ncp_whmc	subject_701_total_load_slope	34.60370277229162	0.24311491637685362	2537.2443301254	1.1036048754410075
ordinary_ncp_whmc	subject_702_total_load_slope	21.636244891843823	0.102748334995346	2098.1115264418404	0.14907490080534394
ordinary_ncp_whmc	subject_703_total_load_slope	22.6650109780066	0.3466548641774193	2547.0378252471705	0.7576474843819561
ordinary_ncp_whmc	subject_704_total_load_slope	69.80272373414726	0.19518374404964442	2776.7360269947576	1.9182406952103084
ordinary_ncp_whmc	subject_705_total_load_slope	37.805349043047514	0.3074412306189638	3061.7213921109765	1.5306753908442068
ordinary_ncp_whmc	subject_706_total_load_slope	52.46149585748513	0.31087904980326525	2184.055097985821	0.07084490337647499
ordinary_ncp_whmc	subject_707_total_load_slope	57.504128531422324	0.2715005247231607	2805.987105302928	0.5772278237969816
ordinary_ncp_whmc	subject_708_total_load_slope	33.590192788494	0.3414373831269215	2616.3647175054525	0.8719532901256595
ordinary_ncp_whmc	subject_709_total_load_slope	12.749943807527565	0.2511913357529406	2855.3078369572554	0.42781636301597376
ordinary_ncp_whmc	subject_710_total_load_slope	-3.4486853612935446	0.6600409493514158	2169.913425028885	1.0606484482519916
ordinary_ncp_whmc	subject_711_total_load_slope	73.32155964690298	0.30409109684720825	2943.888966827685	0.9267918633891282
ordinary_ncp_whmc	subject_712_total_load_slope	148.25726918243132	0.9248269923553137	1705.8948496383475	2.9452596115996292
ordinary_ncp_whmc	subject_713_total_load_slope	43.27672531939437	0.3072880385628529	2503.2184805333322	1.098818567577271
ordinary_ncp_whmc	subject_714_total_load_slope	55.139541257852	0.2691564986774707	2758.3262642400305	0.541971693918743
ordinary_ncp_whmc	subject_715_total_load_slope	16.18653420785475	0.5085759608060918	2542.7394914931215	1.179574131608343
ordinary_ncp_whmc	subject_716_total_load_slope	8.642573065730128	0.31463929653411643	2327.1023950216795	0.05382747588951682
ordinary_ncp_whmc	subject_717_total_load_slope	143.09795955492132	0.8080333170619614	2085.0924810824326	1.9493510371330298
ordinary_ncp_whmc	subject_718_total_load_slope	187.29935411751796	0.7815579084527611	1279.8580284757868	1.5642353819817063
ordinary_ncp_whmc	subject_719_total_load_slope	12.783433508275921	0.32471911539265735	2956.017830329869	0.17258242525555836
ordinary_ncp_whmc	subject_720_total_load_slope	88.89370537309031	0.960240384147411	2182.7969841348745	0.30047396607637
ordinary_ncp_whmc	subject_701_residual_sd	131.2233238437176	0.316594379389516	2561.9984902603533	0.9568041468428701
ordinary_ncp_whmc	subject_702_residual_sd	88.76246786050574	0.13255445259941945	2066.832785662642	1.6691726690511426
ordinary_ncp_whmc	subject_703_residual_sd	325.06472196520923	0.4281081643745408	2266.9047988691646	0.5499604030124471
ordinary_ncp_whmc	subject_704_residual_sd	189.1473883915416	0.2593938261658222	2786.841294411441	0.17177487916898054
ordinary_ncp_whmc	subject_705_residual_sd	307.2296771147698	0.43939128914739334	2458.7496460208963	0.44119965940233974
ordinary_ncp_whmc	subject_706_residual_sd	282.4602837093469	0.35041908540378847	2964.107781653238	0.3526583815413061
ordinary_ncp_whmc	subject_707_residual_sd	278.9498271311934	0.36607776873231707	2451.1546518019463	0.23481472474146087
ordinary_ncp_whmc	subject_708_residual_sd	353.46265134039123	0.45988103701015237	2499.840541819107	0.7081315798094777
ordinary_ncp_whmc	subject_709_residual_sd	269.02033244973524	0.32919735367371694	3175.2430324718293	0.23839077215117654
ordinary_ncp_whmc	subject_710_residual_sd	646.1518285316517	0.846840497285515	2644.2004725067313	0.48406970122266807
ordinary_ncp_whmc	subject_711_residual_sd	337.2810407865368	0.4324053443369862	2642.3318950200483	1.2693548835763186
ordinary_ncp_whmc	subject_712_residual_sd	789.9610826665607	1.1596041188688875	2189.7994062925745	0.4648839859559585
ordinary_ncp_whmc	subject_713_residual_sd	297.5835343782316	0.3706634100362686	2944.6302138344568	0.20587428032391233
ordinary_ncp_whmc	subject_714_residual_sd	264.4873769369877	0.3580292513134023	2343.7895131360424	1.1623113630725572
ordinary_ncp_whmc	subject_715_residual_sd	558.6468738000013	0.7330064171334014	2619.8589331491257	0.4784285935833913
ordinary_ncp_whmc	subject_716_residual_sd	218.74444317371072	0.4281755101063514	2565.8843356654465	0.04067388186994684
ordinary_ncp_whmc	subject_717_residual_sd	774.2232113163511	1.025451763254757	2321.8498329058107	2.0187493572679376
ordinary_ncp_whmc	subject_718_residual_sd	533.6960382070226	0.6966643861988336	2410.409113322723	0.4926804572406397
ordinary_ncp_whmc	subject_719_residual_sd	343.03977381910465	0.43033755626402664	2805.969279512679	0.10892008053989796
ordinary_ncp_whmc	subject_720_residual_sd	1226.5232417686489	1.679825569538004	2179.5123344873523	0.35945494037633796
ordinary_cp_whmc	population_mean_intercept_at_mean_load	5763.32146607646	127.34009436445227	21.236387126706653	0.9784409475525813
ordinary_cp_whmc	population_mean_load_slope	56.51144996959506	0.5872293064028574	583.9853300247589	1.4374500945877031
ordinary_cp_whmc	population_log_sigma_intercept	5.8099042455555745	0.00858389901810392	315.5355513796887	1.2041205016954375
ordinary_cp_whmc	mean_intercept_group_sd	2541.0506414067227	18.032353642991747	646.0303047775693	1.2803058698732706
ordinary_cp_whmc	mean_slope_group_sd	59.134845301825514	0.367833798993296	1478.393899438384	1.0557178951553776
ordinary_cp_whmc	log_sigma_group_sd	0.672696924210604	0.002623409745725272	2807.9557217344523	0.8174896756620461
ordinary_cp_whmc	subject_701_total_intercept	614.9251313617075	0.6719648329200265	2969.662166091935	0.7415714232999622
ordinary_cp_whmc	subject_702_total_intercept	1556.0158209868544	0.25487135919488657	2998.5704577861775	0.7774859599390457
ordinary_cp_whmc	subject_703_total_intercept	1832.3388650362763	0.8984113854299881	3177.094962968578	0.2802567827545447
ordinary_cp_whmc	subject_704_total_intercept	4816.194513247546	0.5507350385865156	3172.682516117192	2.1185292417685453
ordinary_cp_whmc	subject_705_total_intercept	4118.796534163441	1.0701615979706947	2300.606505029976	0.7868171908903754
ordinary_cp_whmc	subject_706_total_intercept	5510.257772182727	0.9066641562216358	2469.4291767934183	1.3020919582161763
ordinary_cp_whmc	subject_707_total_intercept	5385.113012747731	0.8080165988588986	3040.135420331182	2.207058381037455
ordinary_cp_whmc	subject_708_total_intercept	5020.6526443155835	1.0848438941553453	2504.641357736868	1.0798135210740851
ordinary_cp_whmc	subject_709_total_intercept	4332.783377068915	0.8476172145475939	2671.6618529458046	0.5727007589408345
ordinary_cp_whmc	subject_710_total_intercept	5625.677704033467	1.9328160198744608	2641.9080886806996	0.7240488364872174
ordinary_cp_whmc	subject_711_total_intercept	3735.2114997368362	1.0055860568658013	2866.3711010762095	0.4308894007580839
ordinary_cp_whmc	subject_712_total_intercept	6635.112577470785	2.3199154450602975	2366.101097391136	0.5849152552631272
ordinary_cp_whmc	subject_713_total_intercept	9365.255855330299	0.9740111494736567	2326.698505425582	0.3508764540371328
ordinary_cp_whmc	subject_714_total_intercept	5619.0600653013435	0.8674854414428288	2501.0243982337474	0.8403595949435168
ordinary_cp_whmc	subject_715_total_intercept	6388.041096086154	1.4834456597743453	3063.974608734074	0.9340196169574438
ordinary_cp_whmc	subject_716_total_intercept	6278.32374247967	0.8847789675758405	2784.155492380319	0.6245157188758833
ordinary_cp_whmc	subject_717_total_intercept	6978.839187828426	2.1560976414347204	2865.1897786719946	1.1618563719695003
ordinary_cp_whmc	subject_718_total_intercept	6737.540680854594	1.9437478726126705	1857.6904041706869	1.4823722881452803
ordinary_cp_whmc	subject_719_total_intercept	10197.564614136438	1.0446619231180472	2798.758533008113	0.05300468160422213
ordinary_cp_whmc	subject_720_total_intercept	8802.031947631805	2.9281666552630066	2947.632188066623	1.1336312497031922
ordinary_cp_whmc	subject_701_total_load_slope	35.29351806186523	0.19684892880338983	3749.861367177816	1.028652456314401
ordinary_cp_whmc	subject_702_total_load_slope	21.662547511146617	0.08214470885014577	3201.512438414647	0.028108781367298885
ordinary_cp_whmc	subject_703_total_load_slope	22.18407703511484	0.25086029940556587	4235.488255245082	0.2943120638811806
ordinary_cp_whmc	subject_704_total_load_slope	69.62384991688369	0.16656487793390176	3947.698574640187	2.6280943214979917
ordinary_cp_whmc	subject_705_total_load_slope	37.79411116480438	0.3363993613474522	2476.958326931572	1.5002229985918643
ordinary_cp_whmc	subject_706_total_load_slope	52.64612094673388	0.24118467754001233	3626.379878234163	0.5447027440942558
ordinary_cp_whmc	subject_707_total_load_slope	57.48298482172093	0.2498552176134849	3462.6282987475392	0.6565451938136145
ordinary_cp_whmc	subject_708_total_load_slope	33.35122791471939	0.3374294839369762	2878.807098335493	1.3516325948379333
ordinary_cp_whmc	subject_709_total_load_slope	12.749080804019147	0.23335429623992712	3685.1260616101176	0.4438275117978445
ordinary_cp_whmc	subject_710_total_load_slope	-3.5375422948749233	0.5231818311689436	3518.6957870280926	1.070525843143225
ordinary_cp_whmc	subject_711_total_load_slope	72.39278093831241	0.27380021880419153	4024.010345535309	1.1725021727220348
ordinary_cp_whmc	subject_712_total_load_slope	146.5312196476065	0.7931681850889426	2087.547283849316	1.6543151898119373
ordinary_cp_whmc	subject_713_total_load_slope	43.31556639501306	0.27913521044721157	2862.409847482431	1.2310213717790588
ordinary_cp_whmc	subject_714_total_load_slope	55.48936309530605	0.2517208272798447	3247.4676283391086	1.47407355836302
ordinary_cp_whmc	subject_715_total_load_slope	16.26178053571996	0.4127585284372955	3933.0255411999706	1.399762018916093
ordinary_cp_whmc	subject_716_total_load_slope	8.72558734972264	0.24357307970011843	3792.772005525324	0.26326210896143903
ordinary_cp_whmc	subject_717_total_load_slope	142.1442917507954	0.7292806055642834	2568.1901537873323	1.128545678843363
ordinary_cp_whmc	subject_718_total_load_slope	188.0343035914754	0.6397504935071513	1921.7146720190196	2.5372874992321903
ordinary_cp_whmc	subject_719_total_load_slope	12.553961724192968	0.33447104441123293	2900.0174640443743	0.6039403981596122
ordinary_cp_whmc	subject_720_total_load_slope	89.98748506219289	0.9036587155699066	2664.582397650342	1.1577238164774717
ordinary_cp_whmc	subject_701_residual_sd	130.82736661374562	0.32984416921535475	2355.1666545343905	0.00645295697401152
ordinary_cp_whmc	subject_702_residual_sd	88.91458114357832	0.0908188027736575	4696.707476237375	0.9118186188600349
ordinary_cp_whmc	subject_703_residual_sd	325.2707511125143	0.34067206605757705	3663.3361012502774	1.0602678901151419
ordinary_cp_whmc	subject_704_residual_sd	189.1001209965187	0.23102642190577977	3153.002856083319	0.3359011279880899
ordinary_cp_whmc	subject_705_residual_sd	306.81572133151104	0.4896244987616754	2151.530014154394	1.115066883658519
ordinary_cp_whmc	subject_706_residual_sd	283.0012554230301	0.30628542774409323	3976.084057546005	1.671031210442904
ordinary_cp_whmc	subject_707_residual_sd	278.7321885705536	0.3800620531841427	2309.917621298152	0.24939812588729499
ordinary_cp_whmc	subject_708_residual_sd	353.5548238798579	0.3618031073267297	3889.0070514047857	0.6293193324801047
ordinary_cp_whmc	subject_709_residual_sd	268.9515597476616	0.2608650823463304	4361.411918896427	0.08402587072974563
ordinary_cp_whmc	subject_710_residual_sd	645.9770871785903	0.760401643610211	3581.203471823087	0.3487172426126108
ordinary_cp_whmc	subject_711_residual_sd	338.5604682477985	0.39391372074421177	3651.3233924162696	1.1306924184603868
ordinary_cp_whmc	subject_712_residual_sd	790.1562582469394	0.762659515400214	4964.384890150425	0.7734157075905956
ordinary_cp_whmc	subject_713_residual_sd	297.9300235737257	0.2901270233581383	4383.990856648801	1.0169025825507867
ordinary_cp_whmc	subject_714_residual_sd	264.9483943329023	0.37511242938592837	2201.8634683322266	0.12006769652101501
ordinary_cp_whmc	subject_715_residual_sd	558.4952106167455	0.5514031386879393	4461.334347071641	0.7555725878712171
ordinary_cp_whmc	subject_716_residual_sd	219.27391082527646	0.42094516759811407	2386.4790456835685	0.9511543439951354
ordinary_cp_whmc	subject_717_residual_sd	775.6164825970177	1.082880498160822	2343.523070138434	0.9105670465159997
ordinary_cp_whmc	subject_718_residual_sd	533.8275629092846	0.7837796377724723	1920.6015911361276	0.3247904945792034
ordinary_cp_whmc	subject_719_residual_sd	343.9624954145743	0.3561835362920208	4393.928969671451	1.627089500971454
ordinary_cp_whmc	subject_720_residual_sd	1225.8687321541904	1.1696148211061295	4934.022460775446	0.0442669275608409
s2z_cp_native	population_mean_intercept_at_mean_load	5637.427567948497	12.027235260767798	2015.4357821657563	0.043769142513113014
s2z_cp_native	population_mean_load_slope	55.83737421101733	0.33832957220532356	1895.2794791036981	0.6216265589229895
s2z_cp_native	population_log_sigma_intercept	5.822349195270506	0.00349575320163931	1861.1314833861113	0.26693005831593286
s2z_cp_native	mean_intercept_group_sd	2519.338506601455	6.562892300783359	5907.8604134458465	0.3065297775341687
s2z_cp_native	mean_slope_group_sd	58.930796792567534	0.36837502349461376	1515.4152345695707	0.6373737953321422
s2z_cp_native	log_sigma_group_sd	0.672308590342714	0.0020539088895281154	4601.854991787361	0.8064485815856931
s2z_cp_native	subject_701_total_intercept	616.9338030535821	0.7922401088046948	1980.5627069458874	1.1716373997712788
s2z_cp_native	subject_702_total_intercept	1556.2496568955369	0.2942138572701454	2369.5534849350947	0.21935377183753157
s2z_cp_native	subject_703_total_intercept	1832.0848349875178	1.198002946766133	1832.7196595285845	0.07484003512099817
s2z_cp_native	subject_704_total_intercept	4816.348469926325	0.5392356047423441	3366.0578494776087	2.298056346440637
s2z_cp_native	subject_705_total_intercept	4119.3723155253165	1.1754188803049785	1896.2713697780807	1.0955835565075425
s2z_cp_native	subject_706_total_intercept	5512.481645687211	0.9127521416168388	2405.5519268094254	0.37670929464641667
s2z_cp_native	subject_707_total_intercept	5382.872666743014	0.9437506724771477	2340.2563926920325	0.275247967152915
s2z_cp_native	subject_708_total_intercept	5018.229071172063	1.1800785365272795	2173.1322966760986	0.44797127988433005
s2z_cp_native	subject_709_total_intercept	4331.901068873072	0.7961894382971153	2897.792694969148	0.11753779392376928
s2z_cp_native	subject_710_total_intercept	5621.959546510385	2.2086553966968268	1850.5181511701169	1.9310060854445312
s2z_cp_native	subject_711_total_intercept	3735.2901486259993	1.0791912137391324	2435.0385854348033	0.46788921428715124
s2z_cp_native	subject_712_total_intercept	6633.729226828092	2.8608443942926276	1659.061339346844	0.8961141425190811
s2z_cp_native	subject_713_total_intercept	9364.96467819142	0.9209735019684003	2670.518379437269	0.15300780775426834
s2z_cp_native	subject_714_total_intercept	5619.018959002595	0.7983748461791488	2791.030590606959	0.9115989215038707
s2z_cp_native	subject_715_total_intercept	6386.406843646465	1.8317171287698317	2164.515607305035	1.5047099591747624
s2z_cp_native	subject_716_total_intercept	6276.666696535077	0.9231848063945434	2852.3467402725605	0.5986488235694359
s2z_cp_native	subject_717_total_intercept	6982.123376239079	2.503134339505647	2280.866454061231	0.09353523564736736
s2z_cp_native	subject_718_total_intercept	6738.898491376085	1.9267425952153097	2085.9201809650253	1.007919838853597
s2z_cp_native	subject_719_total_intercept	10198.224259143479	1.1440235129537908	2238.2341829400057	0.33287682145336495
s2z_cp_native	subject_720_total_intercept	8806.0387776642	3.505877187488186	2055.6041431243766	0.17615966543276265
s2z_cp_native	subject_701_total_load_slope	34.82152609694595	0.26237159135590515	1943.7639379046873	0.44214673737855154
s2z_cp_native	subject_702_total_load_slope	21.789054897838344	0.09993306191892926	2273.2464981963763	0.8770628777391839
s2z_cp_native	subject_703_total_load_slope	22.026681196633568	0.4214442847319593	1642.6753309816381	0.5227656552402633
s2z_cp_native	subject_704_total_load_slope	69.49481607719386	0.18087222688441423	3311.1848559477066	2.9791395714206743
s2z_cp_native	subject_705_total_load_slope	38.25940220292493	0.37372761729585785	1998.312834016085	0.5950343628169272
s2z_cp_native	subject_706_total_load_slope	52.038770576526964	0.32338894367897264	2073.4978757412277	0.8673841323027793
s2z_cp_native	subject_707_total_load_slope	57.52311816874941	0.30146205597942005	2387.7019847265547	0.5007617126129038
s2z_cp_native	subject_708_total_load_slope	34.21421716122956	0.38527898396978544	2179.148353602072	0.3412177130328245
s2z_cp_native	subject_709_total_load_slope	12.540576367545954	0.2523222722650473	3075.437942207181	0.9814926511434504
s2z_cp_native	subject_710_total_load_slope	-1.9072973455556912	0.6705179672653874	2055.009120100243	2.69661613479505
s2z_cp_native	subject_711_total_load_slope	72.67549924059225	0.34733457045674093	2456.1128374866034	0.46702549251478603
s2z_cp_native	subject_712_total_load_slope	147.026922377823	0.9735380069726085	1483.7686586480113	1.8725748131162945
s2z_cp_native	subject_713_total_load_slope	42.959394494334965	0.2959313003609815	2716.4900581468996	0.4203569564779487
s2z_cp_native	subject_714_total_load_slope	55.319488529848286	0.26885255302697936	2621.3513073646673	0.999432855173737
s2z_cp_native	subject_715_total_load_slope	16.10320142246849	0.5333284469742842	2437.696049360342	1.042367693242265
s2z_cp_native	subject_716_total_load_slope	8.583112301653786	0.2872188139310572	3062.1419845434257	0.08036857705440596
s2z_cp_native	subject_717_total_load_slope	142.68977531297557	0.8420845710498296	1990.756680422139	1.536053121199195
s2z_cp_native	subject_718_total_load_slope	187.16047390913528	0.681182993748771	1824.2003196303933	1.5404022873855547
s2z_cp_native	subject_719_total_load_slope	12.65071875067582	0.3586371152243412	2356.958324039932	0.4091752819607057
s2z_cp_native	subject_720_total_load_slope	88.0165615078747	1.0321808451662777	2050.696074717537	0.3451898480209899
s2z_cp_native	subject_701_residual_sd	130.73057409833527	0.4115821837981544	1547.74864658122	0.190837578367218
s2z_cp_native	subject_702_residual_sd	88.95357011561116	0.109177324573582	3535.164410555035	0.5569506256135255
s2z_cp_native	subject_703_residual_sd	325.4488555688748	0.34519374681957693	4076.905592325538	1.4254441999591017
s2z_cp_native	subject_704_residual_sd	189.1325772875831	0.18744138950747868	5040.188118926881	0.25697557021751266
s2z_cp_native	subject_705_residual_sd	307.48727437964476	0.3224080566514235	4639.415892013403	0.03635144906165063
s2z_cp_native	subject_706_residual_sd	282.6397340370184	0.25168850508252644	5825.869725931509	0.8894279225046859
s2z_cp_native	subject_707_residual_sd	279.72357639813055	0.28264590058593425	4252.261958954865	2.3251107153917827
s2z_cp_native	subject_708_residual_sd	354.2469378819919	0.34798334335942976	4490.142543163225	0.6555443396566054
s2z_cp_native	subject_709_residual_sd	269.0327106968503	0.2773008080343158	4895.273343707969	0.2961010861501998
s2z_cp_native	subject_710_residual_sd	646.1355883321776	0.5767497236612678	5182.701951007241	0.5622999601515518
s2z_cp_native	subject_711_residual_sd	338.62828577454655	0.342149019298099	4564.524603004402	1.3625288747598887
s2z_cp_native	subject_712_residual_sd	790.4187794905074	0.8225092865263185	4354.741772650818	0.9755003859819439
s2z_cp_native	subject_713_residual_sd	297.3777878011236	0.30182286881615145	4235.907503622178	0.22960212316371334
s2z_cp_native	subject_714_residual_sd	265.08150328469964	0.29880799525670887	3628.7931811988583	0.19647140737999125
s2z_cp_native	subject_715_residual_sd	559.6726815346706	0.5412913062006496	5158.894699634855	0.7539956606680991
s2z_cp_native	subject_716_residual_sd	218.71875056757534	0.3353839072044515	3758.861794314848	0.10154216835160725
s2z_cp_native	subject_717_residual_sd	777.2596945985588	0.8152129782140273	4090.6931714248394	0.3717201549613068
s2z_cp_native	subject_718_residual_sd	533.5592482392849	0.5053034327047972	4497.553825714797	0.7541232808045982
s2z_cp_native	subject_719_residual_sd	343.60922188845205	0.36098052247091805	4144.5134990871775	0.9524347252133231
s2z_cp_native	subject_720_residual_sd	1226.1989082883474	1.2366241277848373	4483.854648361422	0.24064507648158695
s2z_cp_whmc	population_mean_intercept_at_mean_load	5637.240410061253	12.14440781342036	1961.6973787808643	0.054505847346493594
s2z_cp_whmc	population_mean_load_slope	55.69996963948529	0.32764839835601717	1893.1898502830916	0.33566798601406383
s2z_cp_whmc	population_log_sigma_intercept	5.821026864948733	0.003617461309151331	1776.4231844927358	0.0026011318382770186
s2z_cp_whmc	mean_intercept_group_sd	2530.287893280386	10.98145052702643	2237.14769505618	1.0796157608844024
s2z_cp_whmc	mean_slope_group_sd	59.03443557089362	0.33718405518407424	1708.7750834824794	0.8914589304292562
s2z_cp_whmc	log_sigma_group_sd	0.671397171645358	0.002448207214963946	2821.693722263662	0.43835047287734874
s2z_cp_whmc	subject_701_total_intercept	615.4375051229741	0.790461398677949	2243.060743717905	0.21061898717411795
s2z_cp_whmc	subject_702_total_intercept	1555.5586648169626	0.31738506877483424	2201.776978678424	1.6871513525189652
s2z_cp_whmc	subject_703_total_intercept	1831.4451223031235	1.1986424483660194	1685.9616297537514	0.34127829644723556
s2z_cp_whmc	subject_704_total_intercept	4815.727374856258	0.6571182347439346	2202.0286965522946	1.5171949250113699
s2z_cp_whmc	subject_705_total_intercept	4119.525389939062	1.0980049781422714	2245.8836387060387	1.225335394821735
s2z_cp_whmc	subject_706_total_intercept	5511.6310971198	0.9202486116971956	2278.4935546862125	0.2627810610548067
s2z_cp_whmc	subject_707_total_intercept	5382.776836772621	0.9965793438045595	2130.8157778546492	0.19378638947092514
s2z_cp_whmc	subject_708_total_intercept	5018.274319923044	1.0928265264732668	2406.446873911793	0.4368149587486727
s2z_cp_whmc	subject_709_total_intercept	4332.398898804808	0.8077056161436713	3002.059384156601	0.27889582396307017
s2z_cp_whmc	subject_710_total_intercept	5621.688804696234	2.468387071209648	1588.519810603328	1.8953849029253274
s2z_cp_whmc	subject_711_total_intercept	3735.01247580301	1.0516103209071663	2573.0870724402394	0.2904056092538438
s2z_cp_whmc	subject_712_total_intercept	6629.526928861176	2.6234869963340106	2049.9736115191	2.139588298443284
s2z_cp_whmc	subject_713_total_intercept	9366.036671279084	0.9006544443970517	2708.9066487088603	0.9224055113519266
s2z_cp_whmc	subject_714_total_intercept	5620.066024768082	0.8242966624615676	2728.4511321317036	0.0038035368057818433
s2z_cp_whmc	subject_715_total_intercept	6389.996952176631	1.772114208248914	2309.1161867927967	0.04559689774144529
s2z_cp_whmc	subject_716_total_intercept	6278.998882548964	1.0139889689590742	2268.728912912656	1.057800553309878
s2z_cp_whmc	subject_717_total_intercept	6975.284810200993	2.8842684143061867	1752.5387615601135	1.9642409507794565
s2z_cp_whmc	subject_718_total_intercept	6737.42057372011	1.9651914536007742	1803.4883128485599	1.5168287648508934
s2z_cp_whmc	subject_719_total_intercept	10198.598865009855	1.0875205067109088	2579.4325702188876	0.5630387183158541
s2z_cp_whmc	subject_720_total_intercept	8804.703482600504	3.3502955429622525	2384.680395311676	0.47333708615567927
s2z_cp_whmc	subject_701_total_load_slope	34.94194738994289	0.2796055453347679	2009.271698271815	0.09722797316073482
s2z_cp_whmc	subject_702_total_load_slope	21.84397288358453	0.10728086310625777	2105.942798867397	1.2056797706770779
s2z_cp_whmc	subject_703_total_load_slope	22.42412408728028	0.3712655381333819	1889.0392686868233	0.2415212867183469
s2z_cp_whmc	subject_704_total_load_slope	69.91391113680776	0.2289635452141759	2055.9977206553594	1.4625146839265784
s2z_cp_whmc	subject_705_total_load_slope	37.82010557955324	0.35891324512266226	2211.556033076986	1.4123773599441216
s2z_cp_whmc	subject_706_total_load_slope	52.005965144721905	0.31173196752953686	2131.781847948975	0.9576594412429176
s2z_cp_whmc	subject_707_total_load_slope	57.579287953643174	0.3388242449560657	1993.78723515485	0.34053477834083284
s2z_cp_whmc	subject_708_total_load_slope	34.05821570956042	0.34373898416449666	2588.6307503595795	0.05323944782459584
s2z_cp_whmc	subject_709_total_load_slope	12.478476585744975	0.2676117169536792	2952.829457255302	1.1152942241190806
s2z_cp_whmc	subject_710_total_load_slope	-3.362670012022121	0.7126888509004585	1893.1909828337589	1.1077835968883356
s2z_cp_whmc	subject_711_total_load_slope	72.59831008013626	0.3527386383786413	2420.6009681742203	0.6216589220079848
s2z_cp_whmc	subject_712_total_load_slope	147.57575022869148	0.8458122668576736	2024.8166284938845	2.505381065292786
s2z_cp_whmc	subject_713_total_load_slope	42.51727101038741	0.29763484241045646	2622.662392756833	0.548633462672789
s2z_cp_whmc	subject_714_total_load_slope	54.95217422378257	0.2656459043232408	2659.591407960414	0.06660116861147349
s2z_cp_whmc	subject_715_total_load_slope	15.631628985426596	0.5386404671581492	2445.628569149545	0.4163070100846858
s2z_cp_whmc	subject_716_total_load_slope	8.197356315911911	0.38627460239937506	1674.446316530958	0.8307992850947262
s2z_cp_whmc	subject_717_total_load_slope	141.89337442372445	0.9360164273238873	1682.5028025884026	0.7671689699746174
s2z_cp_whmc	subject_718_total_load_slope	187.45990151185842	0.6536205457741243	1851.4430987196615	1.8942080778313777
s2z_cp_whmc	subject_719_total_load_slope	12.57482931782197	0.35268956867081047	2648.4401666022663	0.5523375435220154
s2z_cp_whmc	subject_720_total_load_slope	88.66361455105225	1.025244172550513	2091.533393625539	0.1230988308726668
s2z_cp_whmc	subject_701_residual_sd	131.04012621847528	0.30129889316950065	2662.592007289662	0.5318534320560075
s2z_cp_whmc	subject_702_residual_sd	88.88854725594469	0.12434189032851262	2227.204845351766	0.9317061764053951
s2z_cp_whmc	subject_703_residual_sd	325.2047555582936	0.43508431220257204	2487.8711267472545	0.800532507804858
s2z_cp_whmc	subject_704_residual_sd	189.28167865242105	0.23212725700655826	3243.9042299672424	0.2479058043810676
s2z_cp_whmc	subject_705_residual_sd	306.2800360372646	0.42002861941358566	2855.394845865716	2.2433896304969836
s2z_cp_whmc	subject_706_residual_sd	282.5562898968914	0.4030889272105992	2435.7716451695014	0.5169514604121912
s2z_cp_whmc	subject_707_residual_sd	279.3150435257238	0.35574794527660836	2744.272920650264	1.0789736843869417
s2z_cp_whmc	subject_708_residual_sd	354.69209445044606	0.48978053378161107	2662.071288220196	1.251058755212022
s2z_cp_whmc	subject_709_residual_sd	269.71673565304127	0.3980719197614157	2644.9662882122493	1.6801982361354209
s2z_cp_whmc	subject_710_residual_sd	646.8089826027553	0.8738432268443098	2937.11460280307	1.0478253438274825
s2z_cp_whmc	subject_711_residual_sd	338.4090340838521	0.4506794031758085	2606.813559436996	0.771657431877624
s2z_cp_whmc	subject_712_residual_sd	789.6679273472789	1.0965489698364534	2646.5103728296676	0.2652564365012313
s2z_cp_whmc	subject_713_residual_sd	297.3382440217906	0.40811892682581347	2382.3302565123754	0.2709779237966541
s2z_cp_whmc	subject_714_residual_sd	264.4664461893681	0.42606059139862956	1578.5561975667965	1.072938535381321
s2z_cp_whmc	subject_715_residual_sd	559.7922522543927	0.7883186049558462	2289.5561749829553	0.7305436620660609
s2z_cp_whmc	subject_716_residual_sd	217.87762713340425	0.37550473887757513	3012.2290039268382	1.7827428041247406
s2z_cp_whmc	subject_717_residual_sd	777.2226090308616	0.8931042263637636	3175.109262829882	0.3228280931774475
s2z_cp_whmc	subject_718_residual_sd	534.6355466341972	0.797851983039787	2027.8816054684717	0.49167482202925733
s2z_cp_whmc	subject_719_residual_sd	343.73505896808035	0.4424292845488093	2760.2340528307923	1.0715455986210354
s2z_cp_whmc	subject_720_residual_sd	1225.4164020683781	1.5523547551513206	2985.4505484143183	0.1986393409743168
s2z_ncp_native	population_mean_intercept_at_mean_load	5637.605777224416	11.977002605415885	1966.5896301506623	0.03336198616506871
s2z_ncp_native	population_mean_load_slope	55.70438956293938	0.3302147804796092	1977.6911877831778	0.34384844944712706
s2z_ncp_native	population_log_sigma_intercept	5.8206679032023985	0.003495474483917699	1820.2472530881378	0.075830511351863
s2z_ncp_native	mean_intercept_group_sd	2508.7476325211583	30.57497425661966	175.30108012923904	0.2481388238105343
s2z_ncp_native	mean_slope_group_sd	59.32888914523565	0.5530952999905165	576.5065538657778	1.1094430778047066
s2z_ncp_native	log_sigma_group_sd	0.6700360364983361	0.006712383497165164	283.1898539387831	0.0014739085897368857
s2z_ncp_native	subject_701_total_intercept	617.2788617771107	0.7001136056808167	2647.6680508963436	1.5862604463988152
s2z_ncp_native	subject_702_total_intercept	1556.3850554960445	0.3080759831373722	2228.1566091700693	0.07791010869236775
s2z_ncp_native	subject_703_total_intercept	1830.2339885968702	1.1010708091591352	2137.338923803425	1.1867828105357179
s2z_ncp_native	subject_704_total_intercept	4815.59570949324	0.6033413178487572	2818.02055629245	1.4353011397768136
s2z_ncp_native	subject_705_total_intercept	4121.437471699902	1.0629665724082857	2574.0724641354245	2.4343665666477796
s2z_ncp_native	subject_706_total_intercept	5511.599363635096	0.8540230992146418	2753.4365116870654	0.2965574386109473
s2z_ncp_native	subject_707_total_intercept	5384.72706167965	0.8647474348141031	2513.5976929781173	1.8166467853049308
s2z_ncp_native	subject_708_total_intercept	5018.24439471348	1.0452720478490454	2683.4341310006994	0.46552624449328556
s2z_ncp_native	subject_709_total_intercept	4330.311921763429	0.8276905487823711	2561.4424143456754	1.3660934157890716
s2z_ncp_native	subject_710_total_intercept	5623.741012415835	1.9637282739526487	2419.8164424928677	1.414317699334505
s2z_ncp_native	subject_711_total_intercept	3732.899212465276	1.1427592809186642	2333.8741622820353	1.06041793884848
s2z_ncp_native	subject_712_total_intercept	6632.234295598531	2.5256567114587973	2183.8428130999528	1.3970714014836967
s2z_ncp_native	subject_713_total_intercept	9366.013928915068	0.9071130565796719	2671.221918831895	0.9034108665610887
s2z_ncp_native	subject_714_total_intercept	5619.664037200475	0.7632750509976699	3036.6155468598226	0.3598496337578867
s2z_ncp_native	subject_715_total_intercept	6386.163905813923	1.6177579833265776	2554.933639017698	1.7113314583559136
s2z_ncp_native	subject_716_total_intercept	6279.116043677241	0.9680204963493546	2452.8114994512484	1.165939123980212
s2z_ncp_native	subject_717_total_intercept	6980.245694204019	2.536487130352069	2203.5078020024994	0.6496707180397235
s2z_ncp_native	subject_718_total_intercept	6735.477999080028	1.8312795375964823	2114.081275749034	2.2700758909544634
s2z_ncp_native	subject_719_total_intercept	10197.440271474963	1.0395941718697752	2564.007778813884	0.12843817147370562
s2z_ncp_native	subject_720_total_intercept	8801.476037333923	3.2898827934862878	2289.8867460165034	1.1923957792843625
s2z_ncp_native	subject_701_total_load_slope	34.4557079972465	0.23079770391546073	2772.8537137478916	1.5812843008474073
s2z_ncp_native	subject_702_total_load_slope	21.575543194129292	0.10543524921347916	2107.787419661867	0.5455889257513052
s2z_ncp_native	subject_703_total_load_slope	22.649621415627333	0.3392889084300474	2324.0002521721326	0.7335165624165364
s2z_ncp_native	subject_704_total_load_slope	69.84192826735435	0.18334270288913473	3288.902544759938	1.835669305520247
s2z_ncp_native	subject_705_total_load_slope	37.17764358459163	0.3152769244369121	3095.890876026193	2.7308948480990534
s2z_ncp_native	subject_706_total_load_slope	52.274191324102446	0.25471984294765615	3352.7254046161243	0.3852401990737284
s2z_ncp_native	subject_707_total_load_slope	57.443066100450714	0.27692359937225614	2631.8087563701274	0.727100646639072
s2z_ncp_native	subject_708_total_load_slope	33.78054134675687	0.3165962226226754	3148.098300318625	0.5122399116093723
s2z_ncp_native	subject_709_total_load_slope	13.091414300648891	0.2414886806576056	3201.645468199772	0.486679063949627
s2z_ncp_native	subject_710_total_load_slope	-3.1533083741362167	0.6036677811218797	2642.7379977445426	1.4388443453398794
s2z_ncp_native	subject_711_total_load_slope	72.97297467816895	0.3695381537941658	2203.9770232810524	0.14341411132081447
s2z_ncp_native	subject_712_total_load_slope	147.00721786179508	0.8996676362801086	1687.0481149160744	1.9449173600308882
s2z_ncp_native	subject_713_total_load_slope	42.65234924317936	0.2566356223788392	3558.8319017964154	0.2679094943010358
s2z_ncp_native	subject_714_total_load_slope	55.045271502579254	0.22849217938161892	3514.143398645095	0.3245066165726429
s2z_ncp_native	subject_715_total_load_slope	16.478229615412264	0.480209910760123	2941.5789913577323	1.6166932225084631
s2z_ncp_native	subject_716_total_load_slope	8.033583632125758	0.28605373342835744	2994.9504435561776	1.3441361195617891
s2z_ncp_native	subject_717_total_load_slope	142.1090783525354	0.8396636268566284	1933.9918033633019	1.0139032699603039
s2z_ncp_native	subject_718_total_load_slope	187.45549798145603	0.6180097964573144	1996.6022828009927	1.9408142201382246
s2z_ncp_native	subject_719_total_load_slope	12.897009451538494	0.315237311182345	3057.038025198196	0.04490258492846378
s2z_ncp_native	subject_720_total_load_slope	89.42245231025498	0.9196783449158016	2378.4763445145113	0.713487939930652
s2z_ncp_native	subject_701_residual_sd	130.9804857640236	0.31173965068557224	2221.251504858979	0.3773855091015902
s2z_ncp_native	subject_702_residual_sd	89.02981914933686	0.12883016529494443	2155.290150231494	0.025375734073330457
s2z_ncp_native	subject_703_residual_sd	325.0504808325689	0.4226079355704113	2387.725642931649	0.5278789558752498
s2z_ncp_native	subject_704_residual_sd	189.33568573766277	0.24649759014854408	3272.5140007635573	0.4071195740957197
s2z_ncp_native	subject_705_residual_sd	306.5665011899135	0.425483285121003	2710.772029709962	1.689844224290175
s2z_ncp_native	subject_706_residual_sd	282.3973768757573	0.33604120445123453	3126.319183723993	0.21897347926155686
s2z_ncp_native	subject_707_residual_sd	278.936632236212	0.36604644904374417	2935.319869998052	0.205074139221291
s2z_ncp_native	subject_708_residual_sd	354.69037625281453	0.44384082288554644	2774.9262683438837	1.3203791636092166
s2z_ncp_native	subject_709_residual_sd	269.09293204147747	0.3217880557953924	3128.1463700809804	0.4181028389992665
s2z_ncp_native	subject_710_residual_sd	647.6010542291102	0.8837017226693465	2388.8920573709647	1.7263891478540727
s2z_ncp_native	subject_711_residual_sd	337.98139142367216	0.3804691932079863	3582.335997151131	0.011454035130914551
s2z_ncp_native	subject_712_residual_sd	789.4639726544854	1.1827963234531977	1982.2609374302297	0.10824237011550797
s2z_ncp_native	subject_713_residual_sd	297.0080671246952	0.3376903825827247	3062.6219370214394	0.9972448791647479
s2z_ncp_native	subject_714_residual_sd	264.6598695304487	0.32480132190771643	2855.8775910198333	0.8225518854487247
s2z_ncp_native	subject_715_residual_sd	559.6751289045351	0.7353366364912017	2474.132405505857	0.6374313686663363
s2z_ncp_native	subject_716_residual_sd	218.4094358116936	0.3519377069552283	3125.1366342051024	0.7420409141583557
s2z_ncp_native	subject_717_residual_sd	776.7612632856101	1.0252224105993564	2311.6556809874214	0.05887342144916025
s2z_ncp_native	subject_718_residual_sd	533.8310518406382	0.6842505317089429	2685.8634295179254	0.34869308825014256
s2z_ncp_native	subject_719_residual_sd	343.1488422417769	0.40897049274890496	3313.868516876616	0.08105079581486112
s2z_ncp_native	subject_720_residual_sd	1225.0742003720627	1.800101348477435	1931.0635380297908	0.3406760341332301
s2z_ncp_whmc	population_mean_intercept_at_mean_load	5633.707562610439	12.039933564701204	1959.445055433556	0.26232604029652234
s2z_ncp_whmc	population_mean_load_slope	55.43945797545624	0.33213353796173406	1785.9398970580962	0.22427169719316287
s2z_ncp_whmc	population_log_sigma_intercept	5.821086028072047	0.00345037662514281	1860.329470852445	0.009476079191595892
s2z_ncp_whmc	mean_intercept_group_sd	2490.3941779398224	43.08135906614576	83.24151000976032	0.5992663805376452
s2z_ncp_whmc	mean_slope_group_sd	57.78518529688466	0.507324706919778	695.6891866628285	1.3889947892399552
s2z_ncp_whmc	log_sigma_group_sd	0.665029543132762	0.007236280975905349	288.11247671594185	0.6667021153753979
s2z_ncp_whmc	subject_701_total_intercept	615.3854979824098	0.7213318427666789	2500.479522432384	0.271109068331136
s2z_ncp_whmc	subject_702_total_intercept	1555.8072968178842	0.3043657695154894	2238.190415544514	1.1783547547348605
s2z_ncp_whmc	subject_703_total_intercept	1830.4700305487747	1.0943680600563621	2251.8192269555834	1.028945841383288
s2z_ncp_whmc	subject_704_total_intercept	4815.897117747804	0.5649972725707992	3096.9860224855115	1.7872175465873794
s2z_ncp_whmc	subject_705_total_intercept	4122.2688457667655	1.138605934611844	2096.174970499027	2.861273933925492
s2z_ncp_whmc	subject_706_total_intercept	5512.320495793147	0.8622770844699439	2630.357786732246	0.2620993853394269
s2z_ncp_whmc	subject_707_total_intercept	5382.760794874738	0.9105795302291889	2305.87711061913	0.19088882137558386
s2z_ncp_whmc	subject_708_total_intercept	5015.790054658414	1.194044029864322	2085.2171757687506	1.9287303012272994
s2z_ncp_whmc	subject_709_total_intercept	4330.534229281346	0.841396350997375	2708.277152784083	1.1828220470907789
s2z_ncp_whmc	subject_710_total_intercept	5623.423699155594	2.1057129545890567	2113.303500985361	1.4743314938448626
s2z_ncp_whmc	subject_711_total_intercept	3732.5657274973596	1.0329225074499493	2613.0276946383797	1.3374750585655566
s2z_ncp_whmc	subject_712_total_intercept	6637.801824813895	2.986456178164072	1623.912273793266	0.2020281490293745
s2z_ncp_whmc	subject_713_total_intercept	9365.312704309677	0.9119672747951807	2642.9641559476577	0.40166420341356945
s2z_ncp_whmc	subject_714_total_intercept	5620.011094834311	0.8222498628641609	2613.627952817563	0.05075111740637925
s2z_ncp_whmc	subject_715_total_intercept	6388.6736628617255	1.720178919638074	2561.6466464196164	0.6029865264244402
s2z_ncp_whmc	subject_716_total_intercept	6279.030166095558	0.9223155799508974	2705.3046605372497	1.1297674784771998
s2z_ncp_whmc	subject_717_total_intercept	6986.684425263336	2.773760908048086	1761.4693078247237	1.1952624444035023
s2z_ncp_whmc	subject_718_total_intercept	6740.614571447312	2.120066702692149	1733.6753154130943	0.3822794111445509
s2z_ncp_whmc	subject_719_total_intercept	10198.45155568572	1.0740238796604387	2521.5110857890604	0.4778907840716578
s2z_ncp_whmc	subject_720_total_intercept	8806.72576328206	3.3040635641879534	2162.46634155418	0.030244074701411234
s2z_ncp_whmc	subject_701_total_load_slope	35.029350746430836	0.21228867932797482	3156.2020394543765	0.16336330441249
s2z_ncp_whmc	subject_702_total_load_slope	21.8458430440649	0.1057438122935721	2102.7376577116243	1.2263803909583448
s2z_ncp_whmc	subject_703_total_load_slope	22.81804733110687	0.3328808914758469	2500.4378808562396	1.102746515771544
s2z_ncp_whmc	subject_704_total_load_slope	69.76688380021386	0.16353569005932653	4112.254260526235	2.15981954463325
s2z_ncp_whmc	subject_705_total_load_slope	36.80159805457701	0.36251126090999103	2120.8727769052743	3.2681064145600285
s2z_ncp_whmc	subject_706_total_load_slope	52.28791632550223	0.27102052990955455	2852.477391871946	0.3424994459746748
s2z_ncp_whmc	subject_707_total_load_slope	57.6014263076957	0.25908943322348044	3079.346481923209	0.3344456437308685
s2z_ncp_whmc	subject_708_total_load_slope	34.616084401267756	0.3945918338765573	2038.8326440899439	1.0769726495720129
s2z_ncp_whmc	subject_709_total_load_slope	13.352017166407215	0.2592959145989365	3028.9520740866924	1.1533492065360949
s2z_ncp_whmc	subject_710_total_load_slope	-2.914483843051773	0.7010103131853913	1834.4228819092248	1.5848291322449837
s2z_ncp_whmc	subject_711_total_load_slope	72.77191071262502	0.36067543774802785	2265.6182999970847	0.26237846419210203
s2z_ncp_whmc	subject_712_total_load_slope	144.64130078351005	0.9925932644917519	1444.1475197115378	0.03537896267114661
s2z_ncp_whmc	subject_713_total_load_slope	43.02101690221959	0.268276615089183	3263.1546335631438	0.5777327490344004
s2z_ncp_whmc	subject_714_total_load_slope	55.19113545713496	0.2318859137034508	3481.1197364394934	0.7175690178309482
s2z_ncp_whmc	subject_715_total_load_slope	15.73187954249289	0.5283881625771987	2786.5048730444964	0.5535777861477069
s2z_ncp_whmc	subject_716_total_load_slope	8.222600861092442	0.2760420290179474	3026.0996393498667	0.9233374635393236
s2z_ncp_whmc	subject_717_total_load_slope	140.2253698839918	0.901429346919462	1658.0906467896898	0.659804305683942
s2z_ncp_whmc	subject_718_total_load_slope	185.99113168897975	0.7636738975276728	1470.6978312090941	0.29208610235597426
s2z_ncp_whmc	subject_719_total_load_slope	12.789177557678862	0.3263437002256704	2871.559995220502	0.1612974622913457
s2z_ncp_whmc	subject_720_total_load_slope	87.75595882425183	1.0231037088664479	1818.1749101974342	0.5362305177351216
s2z_ncp_whmc	subject_701_residual_sd	131.1926340715955	0.3601278571649523	1858.5327379616317	0.8165997347004911
s2z_ncp_whmc	subject_702_residual_sd	88.88791153809942	0.14216822668691775	1755.6341691607386	0.8559302739899939
s2z_ncp_whmc	subject_703_residual_sd	325.27531447856506	0.5035538904876085	1810.6707736328483	0.8433366610453443
s2z_ncp_whmc	subject_704_residual_sd	188.70574071226198	0.2807016177195833	2111.7873118986263	1.4283248273608773
s2z_ncp_whmc	subject_705_residual_sd	306.0037499085519	0.5047090586984713	1975.4838940247193	2.44492860192636
s2z_ncp_whmc	subject_706_residual_sd	282.6133042105559	0.40604993606532247	2204.538015170204	0.6291978860914491
s2z_ncp_whmc	subject_707_residual_sd	279.2639543581495	0.3972760638269405	2210.794469476966	0.8907379503842439
s2z_ncp_whmc	subject_708_residual_sd	354.7101817601618	0.4884852109784418	2383.9585830326128	1.2815198510207995
s2z_ncp_whmc	subject_709_residual_sd	268.7926117538975	0.3662716980910675	2129.9239383483027	0.28657097182960306
s2z_ncp_whmc	subject_710_residual_sd	646.1790113344864	0.9373195508288751	2184.8281318453146	0.4786997629890747
s2z_ncp_whmc	subject_711_residual_sd	338.82543436137786	0.44489906111702493	2431.3770915007512	1.5255260368880543
s2z_ncp_whmc	subject_712_residual_sd	789.5571454150819	1.2341512140234034	1848.6858138927596	0.16877948407365548
s2z_ncp_whmc	subject_713_residual_sd	297.1924197569195	0.35078446675412345	2969.299843045504	0.5966394504561314
s2z_ncp_whmc	subject_714_residual_sd	265.19343701326017	0.3653266498030364	2256.308097979921	0.42253728336340474
s2z_ncp_whmc	subject_715_residual_sd	559.4184594774581	0.6588837654644791	2949.4806204735255	0.3839996789728076
s2z_ncp_whmc	subject_716_residual_sd	218.92691344968387	0.3969242911909331	2615.2037337117245	0.31180317390640294
s2z_ncp_whmc	subject_717_residual_sd	774.576233344074	1.0236330048243052	2513.1425533150327	1.7480891172927284
s2z_ncp_whmc	subject_718_residual_sd	534.1253979202248	0.6791319901288168	2609.2051592229777	0.023713004204697807
s2z_ncp_whmc	subject_719_residual_sd	343.71269450259535	0.48380279526737885	2210.1842223605086	0.9810089702366486
s2z_ncp_whmc	subject_720_residual_sd	1225.2445171381746	1.6213385267120326	2347.06813745766	0.2801239704977776
s2z_auto_native	population_mean_intercept_at_mean_load	5630.45671375462	12.060243225354665	1993.0949123523499	0.452956788116649
s2z_auto_native	population_mean_load_slope	55.62330919359652	0.3294195239267957	1949.8403954042085	0.1699843354982606
s2z_auto_native	population_log_sigma_intercept	5.819312041020253	0.0036011777181208433	1840.204041248729	0.3468889213783108
s2z_auto_native	mean_intercept_group_sd	2536.2711837345278	8.993539384678247	2769.9540033477433	1.7802402736965643
s2z_auto_native	mean_slope_group_sd	58.5617066557841	0.3051537424341066	1903.4764797040184	0.12989179234917186
s2z_auto_native	log_sigma_group_sd	0.6728645313990453	0.0025328643512595663	2854.987894070071	0.8884256780638536
s2z_auto_native	subject_701_total_intercept	615.425201834397	0.7015049776792293	2442.5246240225542	0.2357783702238717
s2z_auto_native	subject_702_total_intercept	1556.6172478299281	0.29254641381541774	2479.462901091133	0.593355766708038
s2z_auto_native	subject_703_total_intercept	1829.417773090091	1.1320209357377002	2067.1973412614334	1.7173093765778558
s2z_auto_native	subject_704_total_intercept	4816.613192359932	0.6443253422731351	2423.902810530316	2.4151387786834198
s2z_auto_native	subject_705_total_intercept	4120.2933079164195	1.0374503790699494	2615.2006075775143	1.7397816096374477
s2z_auto_native	subject_706_total_intercept	5511.980045728468	0.9761845021288598	2271.933409534733	0.0009913368882947173
s2z_auto_native	subject_707_total_intercept	5382.787784600571	1.0470610776530604	1914.5766274725202	0.19632958829754613
s2z_auto_native	subject_708_total_intercept	5021.4627389390025	1.0708810663297756	2696.8409818373034	1.6068111682701678
s2z_auto_native	subject_709_total_intercept	4331.340740584824	0.8816235321204023	2312.168612466394	0.5413253826806909
s2z_auto_native	subject_710_total_intercept	5623.945213912738	1.8748740334046363	2561.6103201776955	1.3714812107123018
s2z_auto_native	subject_711_total_intercept	3734.132344496526	1.1191738219626064	2279.2607084135116	0.28216796425437024
s2z_auto_native	subject_712_total_intercept	6635.756530192325	2.2514635893617627	2797.4184700353258	0.3948810872620894
s2z_auto_native	subject_713_total_intercept	9365.16162661796	1.05877063548724	2024.2119832120507	0.274524015187884
s2z_auto_native	subject_714_total_intercept	5620.824376128029	0.8573250654453209	2399.5027543304536	0.6308476299190464
s2z_auto_native	subject_715_total_intercept	6388.322756474433	1.75926535860468	2298.4197041170896	0.741728809880527
s2z_auto_native	subject_716_total_intercept	6278.507033758432	0.9962754291128131	2270.724150692761	0.7203021597101023
s2z_auto_native	subject_717_total_intercept	6982.868442618106	2.2983352439965503	2415.029360799108	0.13513350669089771
s2z_auto_native	subject_718_total_intercept	6738.156359742762	1.9400923568292867	2024.9444858713543	1.266483964932408
s2z_auto_native	subject_719_total_intercept	10198.508753140999	1.0096622561752397	2845.2932387163523	0.5248242712692246
s2z_auto_native	subject_720_total_intercept	8802.696242435584	3.3480163739365874	2301.8107602123487	0.9136925923236984
s2z_auto_native	subject_701_total_load_slope	35.19279240251263	0.2436765257452216	2254.8160313135213	0.6348182466332364
s2z_auto_native	subject_702_total_load_slope	21.62716555156518	0.09712735714343158	2509.645800216446	0.2147745137529856
s2z_auto_native	subject_703_total_load_slope	22.676650985150197	0.3826998067310647	1906.841778201062	0.7402452373467271
s2z_auto_native	subject_704_total_load_slope	69.59832846758285	0.2190980359000219	2282.7750849816953	2.448336382949049
s2z_auto_native	subject_705_total_load_slope	37.912036039320924	0.3415020421833258	2658.4776348750415	1.26996912015691
s2z_auto_native	subject_706_total_load_slope	52.234247777249884	0.30016865132842674	2527.398755139266	0.45048488597071934
s2z_auto_native	subject_707_total_load_slope	57.623055937121435	0.3398628781899213	1881.7142171835658	0.24030935628628525
s2z_auto_native	subject_708_total_load_slope	33.18992031391306	0.3755454048557056	2365.027409747837	1.58913087479456
s2z_auto_native	subject_709_total_load_slope	12.642531612833517	0.2977305368283274	2251.759745219564	0.6562777316939477
s2z_auto_native	subject_710_total_load_slope	-3.3892715983662027	0.6244280865555321	2362.6798515659575	1.1555226431039698
s2z_auto_native	subject_711_total_load_slope	72.72753233263597	0.34843292892484684	2419.9901629769893	0.3588241801110451
s2z_auto_native	subject_712_total_load_slope	146.55934396335547	0.7483513450348003	2544.1615235398835	1.7282026212937789
s2z_auto_native	subject_713_total_load_slope	42.75301673395088	0.3585798628603875	1895.2679180374816	0.02977108277899386
s2z_auto_native	subject_714_total_load_slope	54.77584107225339	0.2813429940729443	2437.6080616364184	0.37356603090264767
s2z_auto_native	subject_715_total_load_slope	15.879999944743021	0.5870969349420424	2121.4871167816596	0.7104925694551079
s2z_auto_native	subject_716_total_load_slope	7.958659627017499	0.31418377778243534	2282.8378256737547	1.4529491836260124
s2z_auto_native	subject_717_total_load_slope	140.9587326582941	0.7766002862931178	2170.2246789938586	0.026648163237927562
s2z_auto_native	subject_718_total_load_slope	187.4061928434638	0.6302212397042395	2160.468670346212	1.869193070174671
s2z_auto_native	subject_719_total_load_slope	12.901761971911306	0.3350426415943727	2885.7597840978733	0.05282952858647461
s2z_auto_native	subject_720_total_load_slope	89.349436300001	0.9941427377196516	2019.8669671515095	0.6313477190308997
s2z_auto_native	subject_701_residual_sd	130.3770459988549	0.3311211180457059	2265.412759734571	1.0460746901473041
s2z_auto_native	subject_702_residual_sd	88.9297225313928	0.10210119554678405	3499.7647197741107	0.7498260537246005
s2z_auto_native	subject_703_residual_sd	324.92964425378017	0.3933658542050525	2907.67801980719	0.3161574169232785
s2z_auto_native	subject_704_residual_sd	189.22118000522133	0.25671294570185205	2429.619445269827	0.05062000150051965
s2z_auto_native	subject_705_residual_sd	306.70627403845134	0.4285735859033951	2671.8281818150895	1.4220695456045358
s2z_auto_native	subject_706_residual_sd	282.41640197043824	0.37176725454518816	2868.688413942702	0.24656173802455034
s2z_auto_native	subject_707_residual_sd	278.87542615296286	0.3415788792204322	2918.0609911852716	0.07021760198344014
s2z_auto_native	subject_708_residual_sd	354.4920524819216	0.45737502124163754	2476.6478386146605	0.9741188940659775
s2z_auto_native	subject_709_residual_sd	269.4915054019322	0.3624335483747885	2446.4582674078692	1.284827554542213
s2z_auto_native	subject_710_residual_sd	644.8973743591055	0.7648857258583969	3226.293900380309	0.6637171884353554
s2z_auto_native	subject_711_residual_sd	338.21112409082787	0.3778516440519253	3428.3937819223306	0.4662736640557857
s2z_auto_native	subject_712_residual_sd	790.754788292185	1.0020194579029151	2685.5409762954114	1.1353405037306121
s2z_auto_native	subject_713_residual_sd	297.5728787254801	0.34959863989418094	3238.9501713431455	0.19039744346341236
s2z_auto_native	subject_714_residual_sd	264.3819653766904	0.3237391886727965	3097.410679634002	1.4909854105269076
s2z_auto_native	subject_715_residual_sd	558.5509767641712	0.7370711737387513	2667.844585972383	0.5805718732539029
s2z_auto_native	subject_716_residual_sd	218.28588196082302	0.3791198309338731	3024.078518246514	0.9585802303780477
s2z_auto_native	subject_717_residual_sd	776.2690449509057	0.9778197643850437	2610.767061554107	0.4520036583084204
s2z_auto_native	subject_718_residual_sd	534.0795540651258	0.6488256725426476	2915.3184959718246	0.07647793281818221
s2z_auto_native	subject_719_residual_sd	343.1335609536938	0.4216641263662326	3218.9628991258405	0.0531419147160813
s2z_auto_native	subject_720_residual_sd	1224.8501939547864	1.4690812404474232	3142.3548953949726	0.5120422491735892
s2z_auto_whmc	population_mean_intercept_at_mean_load	5637.257730186341	12.02569906104287	2003.3072891802303	0.05375716767689773
s2z_auto_whmc	population_mean_load_slope	55.6032266354554	0.3305366860765015	1918.9371624240518	0.12660185215134395
s2z_auto_whmc	population_log_sigma_intercept	5.820595656785273	0.0035149814824286065	1871.5505599836297	0.09030338017798392
s2z_auto_whmc	mean_intercept_group_sd	2520.6429600019324	8.059673385638039	2820.61971246052	0.3994008807338778
s2z_auto_whmc	mean_slope_group_sd	58.89070892535822	0.317897953899101	1934.6834324815927	0.6006055155167416
s2z_auto_whmc	log_sigma_group_sd	0.6723030333770678	0.0025371462538905983	2528.297227679886	0.7119435731449455
s2z_auto_whmc	subject_701_total_intercept	616.1336736563203	0.8156938084863515	2064.178980792682	0.42583039595132977
s2z_auto_whmc	subject_702_total_intercept	1556.2358643138639	0.27502552738833874	2568.89881284606	0.256717550796808
s2z_auto_whmc	subject_703_total_intercept	1832.4889498500079	1.1180620614642853	2199.5649321636192	0.35184791118288883
s2z_auto_whmc	subject_704_total_intercept	4816.507452596374	0.6306416625700748	2428.399124800651	2.3298440461943426
s2z_auto_whmc	subject_705_total_intercept	4117.881658361582	1.1270855666127502	2155.054792065344	0.2134822347651188
s2z_auto_whmc	subject_706_total_intercept	5512.363032902303	0.8759834905340822	2573.977204028035	0.2929011672840119
s2z_auto_whmc	subject_707_total_intercept	5383.528896162039	0.9649637659022124	2140.2581646658496	0.7818800811649074
s2z_auto_whmc	subject_708_total_intercept	5020.170266565623	1.0982496176810561	2616.84264121313	0.7673321791682719
s2z_auto_whmc	subject_709_total_intercept	4331.5867408973145	0.8888268678566471	2215.3906797960385	0.351745422520196
s2z_auto_whmc	subject_710_total_intercept	5629.436717967227	2.0014658452987786	2305.2066306637953	0.6263278874954622
s2z_auto_whmc	subject_711_total_intercept	3733.822433642343	1.1512508564383679	2101.4934994464816	0.473635312507784
s2z_auto_whmc	subject_712_total_intercept	6631.81745018448	2.6705165235045576	2009.109489631314	1.4721721143278996
s2z_auto_whmc	subject_713_total_intercept	9364.66992034972	0.9276982729049603	2433.1796197445783	0.055997559566061304
s2z_auto_whmc	subject_714_total_intercept	5619.810793773522	0.8810692475773684	2355.4289537618124	0.2142283241063957
s2z_auto_whmc	subject_715_total_intercept	6391.584241026221	1.74373130396612	2570.3776427614544	0.6169590465541297
s2z_auto_whmc	subject_716_total_intercept	6278.134031935526	0.9165733992266444	2445.728881157793	0.47566840371646935
s2z_auto_whmc	subject_717_total_intercept	6980.140009430058	2.4269821455700975	2506.142665001533	0.69789528947602
s2z_auto_whmc	subject_718_total_intercept	6738.7175882945	2.045467229041703	1865.3978539315187	1.0416209797736093
s2z_auto_whmc	subject_719_total_intercept	10197.147308958467	0.9803569309048831	2688.6630165862475	0.31287189814288047
s2z_auto_whmc	subject_720_total_intercept	8809.806247622244	3.4602289517076916	2018.5318713905574	0.6339692819228493
s2z_auto_whmc	subject_701_total_load_slope	34.89198064682559	0.27144916860537227	2060.8405589660642	0.23785586890282212
s2z_auto_whmc	subject_702_total_load_slope	21.628066339357268	0.09204170174236619	2561.4138516225007	0.21345813162916807
s2z_auto_whmc	subject_703_total_load_slope	21.761371500538143	0.3582808272124408	2287.177010346674	1.1235264518491674
s2z_auto_whmc	subject_704_total_load_slope	69.52050568424876	0.2062092938442875	2529.0873961190405	2.7544286007436476
s2z_auto_whmc	subject_705_total_load_slope	38.21709785579512	0.3636163871041907	2205.351227720985	0.6796118897821837
s2z_auto_whmc	subject_706_total_load_slope	52.54456265401232	0.2862263453518494	2623.356528105701	0.26894530994880744
s2z_auto_whmc	subject_707_total_load_slope	57.43572122007452	0.2995042948399054	2366.0256469853443	0.7161990895846385
s2z_auto_whmc	subject_708_total_load_slope	33.20230294594368	0.35537116466729357	2703.696288469104	1.6086305837116464
s2z_auto_whmc	subject_709_total_load_slope	12.91447573880283	0.28906613891264954	2278.1021692894196	0.008261458606517178
s2z_auto_whmc	subject_710_total_load_slope	-4.211376585759408	0.6331655329177074	2296.97082254106	0.24542868980760582
s2z_auto_whmc	subject_711_total_load_slope	73.00263807663192	0.37090465157485975	2169.2702526534963	0.20236704252730514
s2z_auto_whmc	subject_712_total_load_slope	147.24395468044952	0.8485137497577824	2023.4585263294273	2.2139072476582453
s2z_auto_whmc	subject_713_total_load_slope	43.15945866556464	0.31504990448367415	2344.363486602241	0.8362331456418233
s2z_auto_whmc	subject_714_total_load_slope	54.90945972676877	0.2832136012577785	2400.712225345475	0.041246768796439424
s2z_auto_whmc	subject_715_total_load_slope	14.751692267594365	0.5796263284549382	2326.807225406864	0.7144341133077566
s2z_auto_whmc	subject_716_total_load_slope	8.799662704605405	0.29871903924021104	2602.924631794389	0.40949989787730723
s2z_auto_whmc	subject_717_total_load_slope	142.19329547839973	0.8049206229081179	2254.4648698805336	1.116348960470097
s2z_auto_whmc	subject_718_total_load_slope	186.62865747774447	0.6763098494762025	1886.712109754538	0.9847604846141216
s2z_auto_whmc	subject_719_total_load_slope	12.928605278546398	0.35408539705005515	2247.1771012352115	0.1011507129284745
s2z_auto_whmc	subject_720_total_load_slope	87.882719458674	1.0084509404927868	1870.4326518720552	0.4476618603558867
s2z_auto_whmc	subject_701_residual_sd	131.09621525894795	0.3278287782347205	2367.122805300408	0.638600515322892
s2z_auto_whmc	subject_702_residual_sd	88.84607105487201	0.11361868743742674	2660.1781731336223	1.2726268969441268
s2z_auto_whmc	subject_703_residual_sd	324.7632402413052	0.4528331610717055	2253.847629375172	0.006879668963858512
s2z_auto_whmc	subject_704_residual_sd	188.7819766442506	0.260803804109096	2294.077708636016	1.2672833102756464
s2z_auto_whmc	subject_705_residual_sd	307.2207592328821	0.41249840948990746	2621.420067062961	0.47617806637564314
s2z_auto_whmc	subject_706_residual_sd	282.0282390180215	0.37579126383493205	2501.908381319702	0.5767930004871773
s2z_auto_whmc	subject_707_residual_sd	278.7547790953865	0.35261866349902954	2662.161171831863	0.21022450398523587
s2z_auto_whmc	subject_708_residual_sd	354.50853235105717	0.50560268873645	2158.6064931246906	0.9441047658891182
s2z_auto_whmc	subject_709_residual_sd	268.46377755229184	0.34136056776838997	2454.3394744558987	1.069898159152185
s2z_auto_whmc	subject_710_residual_sd	645.3077819116386	0.8720952851946514	2416.563401391007	0.2599801858941432
s2z_auto_whmc	subject_711_residual_sd	339.1404617216376	0.4449895581338148	2440.510253972515	2.0907447041426797
s2z_auto_whmc	subject_712_residual_sd	787.9451799922199	0.9917308164704197	2750.2217292890705	1.079943197148624
s2z_auto_whmc	subject_713_residual_sd	297.35641299208453	0.3838575487521586	2497.640507828202	0.24512278258030187
s2z_auto_whmc	subject_714_residual_sd	264.83368894291146	0.34919544410460096	2582.6303672977792	0.38841553995401895
s2z_auto_whmc	subject_715_residual_sd	559.5194603493385	0.7668544493585293	2361.326068204807	0.4561238459283874
s2z_auto_whmc	subject_716_residual_sd	218.1785107171565	0.3806441020184371	2678.9761659106284	1.1700897550477776
s2z_auto_whmc	subject_717_residual_sd	776.4190260316634	1.027211677944466	2552.570195656272	0.322793354762649
s2z_auto_whmc	subject_718_residual_sd	535.525515585799	0.8348587921804363	2099.1268718788465	1.3463846868066538
s2z_auto_whmc	subject_719_residual_sd	343.4392417279325	0.4464139574802268	2593.196617114391	0.5671313344124498
s2z_auto_whmc	subject_720_residual_sd	1228.387336424003	1.5914041580552147	2350.400946576953	1.3300273880459366
total_ncp	population_mean_intercept_at_mean_load	5637.047000121128	12.116193357046633	1973.9786800905974	0.06589821781977913
total_ncp	population_mean_load_slope	55.823379395478156	0.33241055411841974	1984.5147919285014	0.5973057586032395
total_ncp	population_log_sigma_intercept	5.820838003312052	0.003595656539196145	1710.0032218835956	0.04055713651201634
total_ncp	mean_intercept_group_sd	2538.7416762433686	45.90302499388207	68.49810938214762	0.4796339377434491
total_ncp	mean_slope_group_sd	60.35491603104587	0.8570234425299939	324.511800100472	1.8963576273400142
total_ncp	log_sigma_group_sd	0.672640106368621	0.019710706679647652	45.542444802295506	0.13199409725286482
total_ncp	subject_701_total_intercept	617.090705470992	0.743327492469524	2178.41966704564	1.3608738096686854
total_ncp	subject_702_total_intercept	1556.5703626463758	0.2911237577088478	2299.820901907581	0.49062806279061294
total_ncp	subject_703_total_intercept	1831.273590739054	1.0294940437778892	2516.908718960979	0.4939370246997348
total_ncp	subject_704_total_intercept	4815.159864641905	0.5917472291557159	2838.57874519581	0.9953870314749872
total_ncp	subject_705_total_intercept	4118.060701943349	1.0223569185173202	2447.2472760048727	0.33633271638790835
total_ncp	subject_706_total_intercept	5510.431038231219	1.035206441648601	1990.1791992510095	1.0957537512664384
total_ncp	subject_707_total_intercept	5383.4054049575125	0.9501858274305884	2204.6913554490166	0.6918423486558835
total_ncp	subject_708_total_intercept	5017.986804046139	1.1321884432963698	2299.3647616309613	0.609004062908406
total_ncp	subject_709_total_intercept	4331.69465409806	0.8787385649140416	2508.828654557391	0.2708718462541195
total_ncp	subject_710_total_intercept	5622.060615799244	2.358967538995222	1713.620464840067	1.8266886644254516
total_ncp	subject_711_total_intercept	3733.4459715544526	1.158676275468869	2137.0656147796844	0.7088098779644529
total_ncp	subject_712_total_intercept	6630.986148871506	2.9497596533129906	1575.9336877451613	1.609147651066705
total_ncp	subject_713_total_intercept	9366.05845596641	1.0492071003174	2086.832222004612	0.8752138043468775
total_ncp	subject_714_total_intercept	5617.871360819236	0.9909516974008381	1837.3724191164165	1.699124371216254
total_ncp	subject_715_total_intercept	6390.4836363050135	1.996771091621891	1909.933117040945	0.14570816277244172
total_ncp	subject_716_total_intercept	6278.117982081469	1.0496436242378797	2095.798996446231	0.4343325117340802
total_ncp	subject_717_total_intercept	6978.916253301591	3.2417402324341844	1264.2291785027921	0.8956873189901262
total_ncp	subject_718_total_intercept	6737.925198414603	2.3356228844981115	1346.3432853354577	1.2252462545854355
total_ncp	subject_719_total_intercept	10198.193630046424	1.1747134686277942	2359.660652013422	0.31132232900683565
total_ncp	subject_720_total_intercept	8802.515435310657	3.3059310985436303	2350.3008126062655	0.9598280262280412
total_ncp	subject_701_total_load_slope	34.72637441549768	0.23638299196585952	2427.8257608145664	0.7520950625208127
total_ncp	subject_702_total_load_slope	21.603909586148145	0.08565707244430533	2833.872350502366	0.39283388873641706
total_ncp	subject_703_total_load_slope	22.546315473036096	0.321820720004725	2593.343328450656	0.527657744906131
total_ncp	subject_704_total_load_slope	69.75734002360251	0.20037663959061844	2769.122154589596	2.0414274621189024
total_ncp	subject_705_total_load_slope	38.22895401595415	0.33238987978145795	2494.7781888834356	0.683175029044817
total_ncp	subject_706_total_load_slope	52.65018660416218	0.33740388015696904	1991.609713851117	0.4768980243075854
total_ncp	subject_707_total_load_slope	57.40143803817833	0.3040085845890483	2276.6670339206585	0.7935972227027553
total_ncp	subject_708_total_load_slope	34.42581373301373	0.3777753361666445	2224.992268401814	0.743164098770941
total_ncp	subject_709_total_load_slope	12.850245037630083	0.2925427379736212	2362.8287296355384	0.1501719044964216
total_ncp	subject_710_total_load_slope	-3.2436583532451415	0.7859880204201634	1551.5340063787241	1.1643681490732793
total_ncp	subject_711_total_load_slope	72.95334940081072	0.38364981526387754	2092.5778071367026	0.1019918389354617
total_ncp	subject_712_total_load_slope	147.2920760331227	0.9498261416101461	1511.504305122736	2.115786848874748
total_ncp	subject_713_total_load_slope	42.75820449353394	0.31121333842913296	2339.172750913538	0.020734847757123576
total_ncp	subject_714_total_load_slope	55.4480344011896	0.3241125141460198	1806.1494794821115	1.2047228050548835
total_ncp	subject_715_total_load_slope	14.916913070786396	0.6575262405615353	1881.9074741603924	0.46998930162819724
total_ncp	subject_716_total_load_slope	8.814293566222753	0.3539846889150272	1949.1680548406314	0.40674648245737194
total_ncp	subject_717_total_load_slope	141.62215663165216	0.9699684091454274	1378.5319079346593	0.5255693665294267
total_ncp	subject_718_total_load_slope	187.92848591215042	0.8089181806636608	1255.6505474236108	2.1341497594897567
total_ncp	subject_719_total_load_slope	12.84164939407691	0.37709279756367053	2547.5970403529723	0.05761850436880187
total_ncp	subject_720_total_load_slope	88.74981892859871	0.9138435843913264	2487.031879550584	0.1972170597684803
total_ncp	subject_701_residual_sd	130.8748882861821	0.36555504781398723	2048.7476478377616	0.11049120527903507
total_ncp	subject_702_residual_sd	88.93666042411982	0.1297269695535551	2171.606849082738	0.6064163527728943
total_ncp	subject_703_residual_sd	324.2879796001315	0.4814091575415283	1981.9710721367765	0.8200638314847692
total_ncp	subject_704_residual_sd	189.38325537976948	0.31382897805837356	1806.2187077737221	0.4751057270175098
total_ncp	subject_705_residual_sd	307.23515064194237	0.48011903815556295	2147.055586548315	0.40642078435780754
total_ncp	subject_706_residual_sd	282.5110135112997	0.41457840897403786	1998.4471969158049	0.4174246194150819
total_ncp	subject_707_residual_sd	279.91739684024117	0.41878135506885894	1937.2224163066744	2.1965710114479506
total_ncp	subject_708_residual_sd	354.64449751888816	0.5285792006164962	2057.1824858150826	1.122598462211446
total_ncp	subject_709_residual_sd	269.0765601058304	0.4253084411611357	1903.4700051744826	0.3135097416568904
total_ncp	subject_710_residual_sd	646.6422771304249	1.1067205568692333	1523.1517205874372	0.7768929560920332
total_ncp	subject_711_residual_sd	338.7352227432884	0.5778041997698802	1738.0419126246525	1.1371280892034266
total_ncp	subject_712_residual_sd	790.696933108643	1.2119837935768256	1952.0506339429196	0.9606130863313365
total_ncp	subject_713_residual_sd	298.3534591971544	0.45880120848528244	2026.193143064333	1.539169300106238
total_ncp	subject_714_residual_sd	264.86576570099044	0.39637781294086316	1943.9958492165235	0.28943608023907635
total_ncp	subject_715_residual_sd	558.7446289348859	0.7892181330019253	2192.68483430684	0.35473913517088934
total_ncp	subject_716_residual_sd	218.54306348036445	0.49061620471819795	1681.2758956734333	0.37842890447410127
total_ncp	subject_717_residual_sd	777.2078984401113	1.1540304167155728	1838.1166652025172	0.26475975176466254
total_ncp	subject_718_residual_sd	533.9360450190981	0.7921321435982354	1914.7831502651632	0.2129673140903103
total_ncp	subject_719_residual_sd	344.1674699714582	0.5388504423331807	1828.0126045829772	1.600140286685927
total_ncp	subject_720_residual_sd	1225.8114528119597	1.819585036938612	1969.5047783043901	0.006777322765528391
total_cp	population_mean_intercept_at_mean_load	5637.4000559784945	11.96160851966382	1986.8518056983778	0.04551052505783332
total_cp	population_mean_load_slope	55.51221719512495	0.33674359890240224	1854.3403590828161	0.06804293340755523
total_cp	population_log_sigma_intercept	5.820102900107675	0.0035322376578404667	1890.8646270808931	0.1900023709252286
total_cp	mean_intercept_group_sd	2514.0209870535386	7.3480440532424955	4324.488281990947	0.25296627957788476
total_cp	mean_slope_group_sd	59.29432748523791	0.3852043116673071	1246.7902396004972	1.34586209348664
total_cp	log_sigma_group_sd	0.6773379290452075	0.002373301877366444	4187.821769745619	2.3815349559739296
total_cp	subject_701_total_intercept	617.7554688692319	0.8306666133865748	2074.84436500048	1.8811506870315466
total_cp	subject_702_total_intercept	1556.202861748694	0.36941133823198674	1598.8472435064473	0.28937384875845246
total_cp	subject_703_total_intercept	1832.8459447873122	1.245714214036537	1666.0498248941713	0.5564876613137777
total_cp	subject_704_total_intercept	4815.549118503183	0.80142391851722	1576.0135482181497	1.2202285274609883
total_cp	subject_705_total_intercept	4118.287110317714	1.293951870463406	1598.8694538050743	0.42868645000365024
total_cp	subject_706_total_intercept	5512.502094674312	1.1071933348168521	1600.744271672358	0.35460145499271556
total_cp	subject_707_total_intercept	5383.2043951498945	1.0790442946822796	1608.78115905041	0.49590530958203377
total_cp	subject_708_total_intercept	5019.573422729943	1.315627776347325	1722.1127561641845	0.35308076324871257
total_cp	subject_709_total_intercept	4332.388572350662	1.063035937403214	1710.0248464468086	0.23723966892138854
total_cp	subject_710_total_intercept	5624.4925169160815	2.0296098444288893	2348.0984646336433	1.1253215566117312
total_cp	subject_711_total_intercept	3734.899110358955	1.3097457991390118	1688.110945247232	0.19153231394927497
total_cp	subject_712_total_intercept	6631.296583185541	2.780561675557109	1730.4153654141455	1.581789033538557
total_cp	subject_713_total_intercept	9366.502428777616	1.1554218292555725	1612.73297887543	1.1150929739450854
total_cp	subject_714_total_intercept	5619.3891166253625	1.020252058618952	1781.1961143140093	0.5174255890415078
total_cp	subject_715_total_intercept	6390.561769431842	1.974094830653256	1955.9536498024943	0.17713901370620627
total_cp	subject_716_total_intercept	6278.372360161372	1.4800364540070439	1102.863365889398	0.4950481232137828
total_cp	subject_717_total_intercept	6982.095413371335	2.6913071783003257	1884.7771671458252	0.09771593747693241
total_cp	subject_718_total_intercept	6738.4202530626335	2.5381650181792135	1148.1948489739473	1.016188689016193
total_cp	subject_719_total_intercept	10197.855102175694	1.3719426169149664	1619.0288044880433	0.10801535775876216
total_cp	subject_720_total_intercept	8798.667087257832	3.426503584395735	2088.5454064773794	1.7747270091324574
total_cp	subject_701_total_load_slope	34.24490308704504	0.2489028888878412	2558.459465864257	2.1365412438252513
total_cp	subject_702_total_load_slope	21.566268771807977	0.1262712901156692	1488.7976665978063	0.5517986611536104
total_cp	subject_703_total_load_slope	21.576372368293406	0.37628118240398284	1911.402516688375	1.465099578901794
total_cp	subject_704_total_load_slope	69.95546083802712	0.26958882697722203	1511.9995184033414	1.2333575269848331
total_cp	subject_705_total_load_slope	37.92050062167416	0.41835169705112585	1660.52358717219	1.1423176213101809
total_cp	subject_706_total_load_slope	52.33080601138981	0.3607074486843899	1603.878362368977	0.20755329368162964
total_cp	subject_707_total_load_slope	57.57786791237487	0.3646434351478511	1569.286478189991	0.32861034105390324
total_cp	subject_708_total_load_slope	33.677594903766014	0.42202746589066986	1763.8851089059178	0.6277188812027372
total_cp	subject_709_total_load_slope	12.828553822523482	0.33018171343232533	1792.2860558104567	0.1905339303316791
total_cp	subject_710_total_load_slope	-3.6559210504344044	0.6559072260996871	2316.1517772214015	0.8404337105232055
total_cp	subject_711_total_load_slope	72.43796898823533	0.43354310636814386	1658.5529135339195	0.844395395615025
total_cp	subject_712_total_load_slope	146.87322189675254	0.9626471938246512	1454.1397405134924	1.761547563280219
total_cp	subject_713_total_load_slope	42.42530014104809	0.3872991408538189	1510.5317418589411	0.6592129686782338
total_cp	subject_714_total_load_slope	55.4164505945544	0.32507124578289104	1891.7130851529005	1.1299488353358527
total_cp	subject_715_total_load_slope	14.86019562286888	0.632360350590688	1959.8189780199405	0.5494211720188436
total_cp	subject_716_total_load_slope	8.278742826421436	0.4292876353825119	1345.8103375541468	0.6285025916639558
total_cp	subject_717_total_load_slope	141.5836382560387	0.885919105839022	1767.3037507142958	0.5223789001299025
total_cp	subject_718_total_load_slope	186.8158663083174	0.857004106579848	1167.009453467656	1.0335608831731393
total_cp	subject_719_total_load_slope	12.784816135107954	0.47005834552925074	1476.002250451928	0.14253028876570067
total_cp	subject_720_total_load_slope	89.59125053964972	1.0402267713219289	1904.9719645457421	0.7898977765898119
total_cp	subject_701_residual_sd	131.27239095562945	0.29358799865529595	3170.0666537798884	1.1208112081209756
total_cp	subject_702_residual_sd	88.89917588290325	0.09148453873255762	3850.0427570487855	1.0259434647286032
total_cp	subject_703_residual_sd	325.3048474249999	0.342613078958527	4237.309666472308	1.12873382850236
total_cp	subject_704_residual_sd	189.36557705108098	0.16325161305019545	6526.900395317607	0.6099209811862832
total_cp	subject_705_residual_sd	307.15009350513304	0.3351390780859843	4897.891507891501	0.6872498519980103
total_cp	subject_706_residual_sd	282.3565640700051	0.27728351856438527	5703.4844246621215	0.1401387159856079
total_cp	subject_707_residual_sd	279.22981812889606	0.2654989225042816	4631.123825948038	1.0526701727617036
total_cp	subject_708_residual_sd	353.975621432627	0.3265747912448504	5135.916227861541	0.15154351621915665
total_cp	subject_709_residual_sd	269.17492966493256	0.29961176444996435	3931.671803992827	0.6440096517401767
total_cp	subject_710_residual_sd	646.0164024866571	0.5671462245258911	5879.214018588718	0.43849185164517723
total_cp	subject_711_residual_sd	337.75871436171616	0.3310296491288242	3964.304431556598	0.4602861662864104
total_cp	subject_712_residual_sd	790.4609902917102	0.7351361182615077	5053.970289051597	1.0706532708698995
total_cp	subject_713_residual_sd	297.27415663200975	0.2734460763675858	5274.460515382736	0.4800300699526822
total_cp	subject_714_residual_sd	264.79842145044927	0.24553779854803276	5310.256594794897	0.5702107236939143
total_cp	subject_715_residual_sd	559.9804652005853	0.4973505414204901	5150.976262386893	1.1965704196953302
total_cp	subject_716_residual_sd	218.38391792894112	0.3148342930842758	4138.173676330977	0.841337266080122
total_cp	subject_717_residual_sd	777.2007536477419	0.7771297873582764	4315.344876689077	0.3276194255262465
total_cp	subject_718_residual_sd	534.7365557835465	0.5285019140566762	5037.6317276914915	0.7424840743727504
total_cp	subject_719_residual_sd	343.4757944414847	0.3879412698018429	3523.892017375199	0.6775785488107757
total_cp	subject_720_residual_sd	1223.860265585742	1.2032192801189754	4611.490873846457	1.1768170386241226
total_posthoc_position	population_mean_intercept_at_mean_load	5638.816374528425	12.008777139461452	1992.494313421059	0.037906483327748146
total_posthoc_position	population_mean_load_slope	55.56863705293622	0.34576274564490456	1832.4463411276122	0.05117929774418266
total_posthoc_position	population_log_sigma_intercept	5.819971180102075	0.0035300986834619417	1834.990482471616	0.21678093250902616
total_posthoc_position	mean_intercept_group_sd	2524.5694227262475	6.980999426381887	3899.523033339253	0.844798781577852
total_posthoc_position	mean_slope_group_sd	58.72323551738706	0.34101437564441806	1678.6729247951046	0.22192960555064412
total_posthoc_position	log_sigma_group_sd	0.6707620734226418	0.002363689085436146	3931.2683931911997	0.2404020709971259
total_posthoc_position	subject_701_total_intercept	615.215185230381	0.939381829796657	1356.7452419337314	0.3767692058087826
total_posthoc_position	subject_702_total_intercept	1555.4657883837144	0.3714930223800247	1501.494827345229	1.743177813370403
total_posthoc_position	subject_703_total_intercept	1831.299134821612	1.1432720977187483	1982.1009300340315	0.44871630043963173
total_posthoc_position	subject_704_total_intercept	4814.958965046911	0.7620711517403348	1641.5303294632058	0.7055995192926742
total_posthoc_position	subject_705_total_intercept	4121.04318861041	1.379527193208914	1520.509558011191	1.9196053802225497
total_posthoc_position	subject_706_total_intercept	5512.508537378139	1.1736794079303277	1376.2537071434815	0.3469939269288062
total_posthoc_position	subject_707_total_intercept	5384.306130771177	1.2449977636505203	1242.2763769514843	1.1824464404287667
total_posthoc_position	subject_708_total_intercept	5019.008348048378	1.5501331385231805	1248.5372321289628	0.02466017281853477
total_posthoc_position	subject_709_total_intercept	4330.214425629614	1.0178094732082748	1842.8992844560003	1.307740216970947
total_posthoc_position	subject_710_total_intercept	5624.298878074598	2.4910897928709725	1569.171413640335	1.0632556242726672
total_posthoc_position	subject_711_total_intercept	3736.2195228689843	1.5448685115214085	1193.7395692881405	0.8712563729179684
total_posthoc_position	subject_712_total_intercept	6635.191256470063	3.0461674476426026	1578.63432592531	0.48100365132039374
total_posthoc_position	subject_713_total_intercept	9364.197482843101	1.1647021747546227	1607.814621477478	0.34928124806656935
total_posthoc_position	subject_714_total_intercept	5620.500753632231	0.9345382549852265	2055.1690565082363	0.34377810312986423
total_posthoc_position	subject_715_total_intercept	6389.533216911978	2.0624311642450954	1636.5022555478722	0.21774397494542808
total_posthoc_position	subject_716_total_intercept	6280.387058379386	1.259619786059109	1443.3359550997225	1.7976356301149556
total_posthoc_position	subject_717_total_intercept	6981.3824452304525	2.8183436377375286	1762.1331732855397	0.2936821777839333
total_posthoc_position	subject_718_total_intercept	6740.86200173651	2.5029658180643644	1197.0125930166184	0.2724631788367512
total_posthoc_position	subject_719_total_intercept	10196.296022226285	1.2842247517737952	1754.9218661572077	0.747382259936978
total_posthoc_position	subject_720_total_intercept	8806.524660971456	3.6025306573263576	2062.8383012348622	0.07116640996876462
total_posthoc_position	subject_701_total_load_slope	35.315033056309055	0.307218470424928	1404.52471373762	0.8714520782265458
total_posthoc_position	subject_702_total_load_slope	21.857269480192947	0.13618781961968768	1267.7647881643156	1.1342060334966861
total_posthoc_position	subject_703_total_load_slope	22.153406397203074	0.3383648935231633	2350.7508855020433	0.32292081687265617
total_posthoc_position	subject_704_total_load_slope	69.83156717882169	0.25749476073565875	1582.2949597773754	1.6113080428438298
total_posthoc_position	subject_705_total_load_slope	37.728275380963154	0.45768098680587843	1423.8112832446013	1.4018558875889755
total_posthoc_position	subject_706_total_load_slope	52.35158781253992	0.38723703706836426	1352.7117726192455	0.157462147505394
total_posthoc_position	subject_707_total_load_slope	57.23651736103223	0.41519050840471156	1184.930829985635	0.9843330069015613
total_posthoc_position	subject_708_total_load_slope	34.27095105570751	0.5016361513765192	1194.8268053911236	0.38347322712845505
total_posthoc_position	subject_709_total_load_slope	13.438037271891433	0.35424807691260585	1632.6594528965718	1.1654870983155048
total_posthoc_position	subject_710_total_load_slope	-2.772991943657516	0.7947527888775647	1530.9647110933356	1.6137483713718908
total_posthoc_position	subject_711_total_load_slope	72.14119812524952	0.5039645566511655	1159.2499707346776	1.254507782737196
total_posthoc_position	subject_712_total_load_slope	145.8679426971142	0.9882228359512051	1509.5131479134548	0.9368543500067993
total_posthoc_position	subject_713_total_load_slope	43.28271333966102	0.3547497628377964	1925.7790480272708	1.0382867360301182
total_posthoc_position	subject_714_total_load_slope	54.432631858197475	0.29592254661184175	2188.924190915118	1.196092759286429
total_posthoc_position	subject_715_total_load_slope	15.593439355331059	0.6396669100214405	1648.5436277836598	0.3332495444877089
total_posthoc_position	subject_716_total_load_slope	8.112653583968426	0.39616155862657104	1504.1310189230778	0.9833252636756158
total_posthoc_position	subject_717_total_load_slope	141.09559914991567	0.8880651681410686	1802.3355208175763	0.0949649272911005
total_posthoc_position	subject_718_total_load_slope	185.46615941367736	0.8812915751769392	1054.734019292195	0.20801735136828167
total_posthoc_position	subject_719_total_load_slope	13.535160520943153	0.4240750132636195	1811.4169755132743	1.1205640569635187
total_posthoc_position	subject_720_total_load_slope	89.46727709065016	1.056877795841478	1910.4094087072583	0.6943965371063191
total_posthoc_position	subject_701_residual_sd	130.99662096185926	0.2607262127869855	3800.489915940793	0.4574396368031547
total_posthoc_position	subject_702_residual_sd	89.06195662229547	0.09095959137494244	4555.745692003127	0.21454232217204158
total_posthoc_position	subject_703_residual_sd	324.9319675954792	0.31520540959634463	4717.2170798298575	0.3606801301301082
total_posthoc_position	subject_704_residual_sd	189.0637033443153	0.20860495315166147	4356.692429581758	0.4782174840701708
total_posthoc_position	subject_705_residual_sd	307.1095097122395	0.33696830554368684	4531.339214106143	0.7720805406209021
total_posthoc_position	subject_706_residual_sd	281.9707557791504	0.3036780076759594	3455.914975838373	0.7906508365251484
total_posthoc_position	subject_707_residual_sd	279.34615972732155	0.28465887610530943	4336.964611853434	1.3202334254126398
total_posthoc_position	subject_708_residual_sd	353.8107787167617	0.3577095624635261	3954.996430991039	0.159013493594037
total_posthoc_position	subject_709_residual_sd	268.9731160767444	0.27665882268333136	3931.6472494811014	0.13859152076386466
total_posthoc_position	subject_710_residual_sd	645.8466143570722	0.6413813783229336	4493.169353232058	0.24488326016267803
total_posthoc_position	subject_711_residual_sd	338.05512038435984	0.40138076271997164	3125.263512563588	0.15208246156626978
total_posthoc_position	subject_712_residual_sd	790.9343203455715	0.8309530354773761	4085.799199002978	1.4215604171105407
total_posthoc_position	subject_713_residual_sd	297.1535001718768	0.28139111423807806	4561.921126397119	0.7512236379585093
total_posthoc_position	subject_714_residual_sd	265.1572199592942	0.25997708896692323	5470.853553012913	0.41646906855198756
total_posthoc_position	subject_715_residual_sd	559.4364308222744	0.6117623352730894	3558.3884627018706	0.4221778943977327
total_posthoc_position	subject_716_residual_sd	218.47953495226957	0.29905053146525157	5163.829808512609	0.6463338470026804
total_posthoc_position	subject_717_residual_sd	777.1600566055993	0.796128702690205	3806.843817990242	0.2874420269835037
total_posthoc_position	subject_718_residual_sd	534.9070693163458	0.5513608843672758	4464.270644953075	0.938956294005601
total_posthoc_position	subject_719_residual_sd	343.6668177366654	0.3776128842567699	3779.8428650254386	1.038464369419634
total_posthoc_position	subject_720_residual_sd	1226.4397490082217	1.2125814273226823	5532.158781999932	0.3889631920941073
total_posthoc_gradient	population_mean_intercept_at_mean_load	5634.194048153935	11.915627802314072	2005.4615367804884	0.23495201287440837
total_posthoc_gradient	population_mean_load_slope	55.94149337045981	0.3321622353030507	1982.728282469725	0.8503574627998483
total_posthoc_gradient	population_log_sigma_intercept	5.821222312050105	0.003573099985678589	1773.6713752820056	0.03678185087391663
total_posthoc_gradient	mean_intercept_group_sd	2521.4590164418023	7.418124335418805	4021.5749905584053	0.5019359372527551
total_posthoc_gradient	mean_slope_group_sd	59.209060844298726	0.31205065253397385	2349.8172989490304	1.3169161910002023
total_posthoc_gradient	log_sigma_group_sd	0.6708753200079671	0.0020786563264925235	3746.2654989643574	0.2982299795805477
total_posthoc_gradient	subject_701_total_intercept	615.1844151405288	0.8019388886300294	1899.9834561136613	0.4412233780094151
total_posthoc_gradient	subject_702_total_intercept	1556.316097793981	0.31090149974242565	2190.8785706750677	0.07098998632928234
total_posthoc_gradient	subject_703_total_intercept	1831.5565747904898	1.0693519025791964	2471.868368258835	0.28718883885586305
total_posthoc_gradient	subject_704_total_intercept	4815.981880584028	0.724509697047437	1987.2620639311408	1.6936975096504958
total_posthoc_gradient	subject_705_total_intercept	4118.61425925445	1.1183414269176846	2336.9704861944224	0.6603069965343213
total_posthoc_gradient	subject_706_total_intercept	5511.862961106109	0.8266369545336537	2789.6891075888757	0.09324409173519323
total_posthoc_gradient	subject_707_total_intercept	5382.578127182103	0.8924429973488357	2148.676869969376	0.04480782107513395
total_posthoc_gradient	subject_708_total_intercept	5016.305752967694	1.1512813447208694	2350.9560260331814	1.6458835329103074
total_posthoc_gradient	subject_709_total_intercept	4330.797592859993	0.8424598962504503	2636.3500027136074	0.9765109935354885
total_posthoc_gradient	subject_710_total_intercept	5622.42307457098	1.9988076125926872	2309.0816983978834	1.8711815218934646
total_posthoc_gradient	subject_711_total_intercept	3734.112927341384	1.162371088404306	2153.0186211336527	0.288823632469859
total_posthoc_gradient	subject_712_total_intercept	6633.923258572817	2.468410346666316	2291.152144503949	0.9168629457955134
total_posthoc_gradient	subject_713_total_intercept	9363.781012068837	0.9662016099385046	2458.8168339150293	0.6726966155784937
total_posthoc_gradient	subject_714_total_intercept	5621.053766036725	0.7768898667815487	2865.7762297643676	0.8634951248892578
total_posthoc_gradient	subject_715_total_intercept	6388.919050063238	1.4309763841359364	3344.7085192013137	0.5456952171505607
total_posthoc_gradient	subject_716_total_intercept	6278.958790270813	0.976526117194331	2210.093349924483	1.0490644529842181
total_posthoc_gradient	subject_717_total_intercept	6978.194753203602	2.384166417445824	2395.86628722336	1.3015055682365877
total_posthoc_gradient	subject_718_total_intercept	6739.364489122827	1.78549052361092	2403.6078464634747	0.8721225908202461
total_posthoc_gradient	subject_719_total_intercept	10197.779352200054	1.1727487719539962	2331.982181391567	0.07313567737602919
total_posthoc_gradient	subject_720_total_intercept	8799.965440071028	3.001582689779935	2723.887365673822	1.599517708736728
total_posthoc_gradient	subject_701_total_load_slope	34.963064275250545	0.26296039902805257	2083.974939835626	0.04090322536874751
total_posthoc_gradient	subject_702_total_load_slope	21.67504559034223	0.10432422235843608	2118.9472200110254	0.1078814502297125
total_posthoc_gradient	subject_703_total_load_slope	22.174403333923237	0.3654329426079907	2287.9191653733096	0.2668693084997973
total_posthoc_gradient	subject_704_total_load_slope	69.8182502742107	0.2336834774468659	2144.1829299047204	1.7301253528356115
total_posthoc_gradient	subject_705_total_load_slope	38.192119447289386	0.36593086243596157	2321.3906836404303	0.7231802295456973
total_posthoc_gradient	subject_706_total_load_slope	52.50073474733262	0.2761551204856808	2699.469983554286	0.1685729485990832
total_posthoc_gradient	subject_707_total_load_slope	57.58872579519882	0.2861074121374712	2323.095328795248	0.35042917324625095
total_posthoc_gradient	subject_708_total_load_slope	34.57166044131332	0.3603753125369351	2516.917867647378	1.0418436795725101
total_posthoc_gradient	subject_709_total_load_slope	12.947485989942125	0.27060201704041115	2668.988563573383	0.09317681001118869
total_posthoc_gradient	subject_710_total_load_slope	-3.195630699518212	0.6484264307482144	2260.0357074744347	1.344653880482037
total_posthoc_gradient	subject_711_total_load_slope	73.05686354089659	0.388026403839599	2100.5953318976676	0.30291332344394595
total_posthoc_gradient	subject_712_total_load_slope	147.63648822644143	0.7830189289873812	2315.7184084447954	2.6624365888144634
total_posthoc_gradient	subject_713_total_load_slope	43.374016209460876	0.33288949890876274	2149.059663445036	1.2615856401944898
total_posthoc_gradient	subject_714_total_load_slope	54.77399846317484	0.2565435287549724	2714.850523127642	0.3947700586575267
total_posthoc_gradient	subject_715_total_load_slope	16.360209845168267	0.49743436307382455	2889.14544935967	1.4295218072851006
total_posthoc_gradient	subject_716_total_load_slope	8.251892625839	0.336186105718046	2046.912093519436	0.78024759705872
total_posthoc_gradient	subject_717_total_load_slope	142.50764912300733	0.76529606273313	2372.624817377369	1.4463161483316218
total_posthoc_gradient	subject_718_total_load_slope	186.81776475417374	0.6143726984409731	2307.0201770273675	1.2408951373801556
total_posthoc_gradient	subject_719_total_load_slope	12.599129684614084	0.3852181283406835	2350.051408066749	0.48784445116911224
total_posthoc_gradient	subject_720_total_load_slope	89.45557331995813	0.784700143033269	3167.73396803032	0.7949066768151013
total_posthoc_gradient	subject_701_residual_sd	131.0568163041007	0.28765245984967086	3414.7858032551103	0.5876031008462504
total_posthoc_gradient	subject_702_residual_sd	88.92117149719206	0.0972097762704415	4244.611388542643	0.832705117151707
total_posthoc_gradient	subject_703_residual_sd	325.5826367131927	0.30323507295697266	4913.525639101364	1.8166117117010288
total_posthoc_gradient	subject_704_residual_sd	189.67386529912346	0.2231345045534275	3662.6375156714485	1.5399361135340641
total_posthoc_gradient	subject_705_residual_sd	306.70413333526744	0.3561019302517161	3879.0167250765553	1.59122375233974
total_posthoc_gradient	subject_706_residual_sd	282.011242589995	0.2887438654534493	4610.4930569584585	0.7119551475887854
total_posthoc_gradient	subject_707_residual_sd	279.37886334542907	0.2855376492096852	4590.3958147730655	1.4040593137509518
total_posthoc_gradient	subject_708_residual_sd	353.5210109771798	0.3465480109695445	4736.085220190726	0.7045704981401238
total_posthoc_gradient	subject_709_residual_sd	269.16999764590395	0.3007676373090178	4066.000160644301	0.630108398884185
total_posthoc_gradient	subject_710_residual_sd	645.8009967742025	0.6599634026005741	4418.201252181369	0.19603133982888465
total_posthoc_gradient	subject_711_residual_sd	338.4932722103535	0.352740918133153	4834.187361205731	1.0637608834130394
total_posthoc_gradient	subject_712_residual_sd	789.2814209668318	0.8069651438665159	4095.39745091587	0.02573884497917998
total_posthoc_gradient	subject_713_residual_sd	297.40918948846996	0.3442850472337741	3383.280359845776	0.1498656871692293
total_posthoc_gradient	subject_714_residual_sd	265.05281317448265	0.28941257154912065	3994.1962110645004	0.1265646108244004
total_posthoc_gradient	subject_715_residual_sd	558.6147352631385	0.5994532050159967	3657.832062596598	0.5775776890197055
total_posthoc_gradient	subject_716_residual_sd	218.7713511254342	0.3302800649580654	4055.6916453049234	0.010682466540131903
total_posthoc_gradient	subject_717_residual_sd	775.8093963841708	0.7884736314420253	4005.8477678848403	0.9206020737175371
total_posthoc_gradient	subject_718_residual_sd	534.074781645619	0.6218678486958175	3446.686423129865	0.08378579736339699
total_posthoc_gradient	subject_719_residual_sd	343.8727104853381	0.42399885707974627	3639.6291253987883	1.3359436343611355
total_posthoc_gradient	subject_720_residual_sd	1224.8783074582484	1.15974072057834	4913.057369832053	0.5691112697732625
total_online_position	population_mean_intercept_at_mean_load	5638.172080375789	12.028515208308526	1999.2188164188885	0.0
total_online_position	population_mean_load_slope	55.54422754911117	0.32851303019020334	1913.6872219943502	0.0
total_online_position	population_log_sigma_intercept	5.821039851518569	0.00344102294199415	1936.9155112528904	0.0
total_online_position	mean_intercept_group_sd	2516.504616043986	6.511516167336409	4448.895395806887	0.0
total_online_position	mean_slope_group_sd	58.61926005639521	0.32125928586251506	1905.3066945561648	0.0
total_online_position	log_sigma_group_sd	0.6700257348679451	0.0019479763670317265	5061.174592698516	0.0
total_online_position	subject_701_total_intercept	615.6652687627954	0.7379698367160493	2196.192667411219	0.0
total_online_position	subject_702_total_intercept	1556.3490443735695	0.34457325363657093	1816.632999893164	0.0
total_online_position	subject_703_total_intercept	1831.969811488167	0.962770225378239	2656.077811145563	0.0
total_online_position	subject_704_total_intercept	4814.1968556449065	0.7653999752493654	1742.3286450106834	0.0
total_online_position	subject_705_total_intercept	4117.529756816443	1.2028553475911157	1890.9475147143432	0.0
total_online_position	subject_706_total_intercept	5511.981406133637	0.9644963819986683	2191.684126696865	0.0
total_online_position	subject_707_total_intercept	5382.5228691884295	0.8511064329784972	2541.818250147475	0.0
total_online_position	subject_708_total_intercept	5018.9610405490885	1.1301575806755968	2208.479074341135	0.0
total_online_position	subject_709_total_intercept	4332.048060601527	0.9643965362098519	2071.2696133699624	0.0
total_online_position	subject_710_total_intercept	5627.676941230153	1.9719022475229007	2268.6666888437326	0.0
total_online_position	subject_711_total_intercept	3734.572904915749	1.0886853357322157	2231.7809456495465	0.0
total_online_position	subject_712_total_intercept	6637.036388407935	2.3314782192516623	2547.090224860217	0.0
total_online_position	subject_713_total_intercept	9364.749073612693	1.0664868194555277	1967.8529232479789	0.0
total_online_position	subject_714_total_intercept	5620.070480926019	0.8325509266188038	2409.980454175015	0.0
total_online_position	subject_715_total_intercept	6390.107069905504	1.6407210469313305	2487.540187692141	0.0
total_online_position	subject_716_total_intercept	6277.485529912936	1.009263882876947	2188.4294957759	0.0
total_online_position	subject_717_total_intercept	6982.436446166331	2.221995448254671	2579.3730491423535	0.0
total_online_position	subject_718_total_intercept	6741.746401084609	2.06671085949674	1872.8120907279979	0.0
total_online_position	subject_719_total_intercept	10197.652274194388	1.282104924170404	1966.1180735420073	0.0
total_online_position	subject_720_total_intercept	8806.862704015664	3.095903667529892	2644.9487975461325	0.0
total_online_position	subject_701_total_load_slope	34.977512587121325	0.2358482435867929	2492.2120827359654	0.0
total_online_position	subject_702_total_load_slope	21.65868778010421	0.1100336283095773	1942.0712281426452	0.0
total_online_position	subject_703_total_load_slope	22.304934765274563	0.32511274072073815	2385.8100269569904	0.0
total_online_position	subject_704_total_load_slope	70.40618121958605	0.2467175830094637	1878.6569073393168	0.0
total_online_position	subject_705_total_load_slope	38.58936770351883	0.4096745423006649	1799.9114463927012	0.0
total_online_position	subject_706_total_load_slope	52.43015779545325	0.3146831404626348	2302.3207251416125	0.0
total_online_position	subject_707_total_load_slope	57.72865343009921	0.2785424992678245	2529.235362937114	0.0
total_online_position	subject_708_total_load_slope	34.03120561559072	0.37313485519405337	2235.5856763875927	0.0
total_online_position	subject_709_total_load_slope	12.911146030924924	0.2808610790574582	2493.4706743282786	0.0
total_online_position	subject_710_total_load_slope	-4.434962487795813	0.6550000932895623	2080.8035664494832	0.0
total_online_position	subject_711_total_load_slope	72.90131078087211	0.33636395197412994	2484.1341269684676	0.0
total_online_position	subject_712_total_load_slope	144.68605432915894	0.7841705107491986	2319.853317193341	0.0
total_online_position	subject_713_total_load_slope	42.76786102637027	0.3464633653728379	1949.4434674138738	0.0
total_online_position	subject_714_total_load_slope	54.92610496049654	0.28747977120008317	2185.6602545336946	0.0
total_online_position	subject_715_total_load_slope	15.315446057335087	0.5354423422086951	2381.889545839739	0.0
total_online_position	subject_716_total_load_slope	8.618124847895288	0.3275606988239514	2282.029087551855	0.0
total_online_position	subject_717_total_load_slope	140.98697094850417	0.7209680820800796	2533.4683954249012	0.0
total_online_position	subject_718_total_load_slope	185.69563577165076	0.663540860141772	2010.6256434703455	0.0
total_online_position	subject_719_total_load_slope	12.873767924670908	0.4105289511849483	1998.2845817561588	0.0
total_online_position	subject_720_total_load_slope	88.4939930457388	0.9206323794374889	2412.1572947535237	0.0
total_online_position	subject_701_residual_sd	130.82461206968605	0.2709555197978549	4009.6892403889246	0.0
total_online_position	subject_702_residual_sd	89.03386846373294	0.09416335865565295	3779.0614521467396	0.0
total_online_position	subject_703_residual_sd	324.76709928452345	0.3310431509510706	4300.083004443906	0.0
total_online_position	subject_704_residual_sd	189.2044657224363	0.2076649728062675	4015.7824497983443	0.0
total_online_position	subject_705_residual_sd	307.47064833421086	0.324407056898071	5409.271443485933	0.0
total_online_position	subject_706_residual_sd	282.3007145452594	0.2862520770498994	4255.184134349791	0.0
total_online_position	subject_707_residual_sd	278.8456896145543	0.2503371495935791	5271.802650958638	0.0
total_online_position	subject_708_residual_sd	353.89674053805163	0.40532245274165984	3808.71754879371	0.0
total_online_position	subject_709_residual_sd	268.9208018601427	0.25679545690046723	4833.80415595566	0.0
total_online_position	subject_710_residual_sd	645.6059303547332	0.7447334986596661	3596.474510244209	0.0
total_online_position	subject_711_residual_sd	337.9755828825657	0.3352779485279346	4581.767534725886	0.0
total_online_position	subject_712_residual_sd	789.3103781368862	0.7839113497019267	4549.886549818203	0.0
total_online_position	subject_713_residual_sd	297.4809633594167	0.3329165445826027	3286.8348264295582	0.0
total_online_position	subject_714_residual_sd	265.0033638040979	0.26246983713519	4831.619932156848	0.0
total_online_position	subject_715_residual_sd	559.0872340601425	0.5566811128036124	4148.593063721406	0.0
total_online_position	subject_716_residual_sd	218.76637931154605	0.3279163604552067	3908.3563312913693	0.0
total_online_position	subject_717_residual_sd	776.8374937328996	0.7908705619475086	4323.917145616301	0.0
total_online_position	subject_718_residual_sd	534.1467773778352	0.5929992255835156	3730.8969919894594	0.0
total_online_position	subject_719_residual_sd	343.1030355889027	0.3900625001561573	3254.0762782939723	0.0
total_online_position	subject_720_residual_sd	1225.7969621634768	1.122771750116727	4744.351253454535	0.0
total_online_gradient	population_mean_intercept_at_mean_load	5638.330525038047	11.975523596303006	2003.6151570651307	0.009334847608669948
total_online_gradient	population_mean_load_slope	55.671839592340724	0.32342760624013184	1930.66697836157	0.27681230757177683
total_online_gradient	population_log_sigma_intercept	5.821495820677576	0.0035489681076192985	1862.9491306043517	0.09224058903631004
total_online_gradient	mean_intercept_group_sd	2513.315357430646	7.155351703540844	4041.1087920964796	0.32965097368557733
total_online_gradient	mean_slope_group_sd	58.81162620278225	0.2932198710903754	2196.115421168537	0.4422672810762641
total_online_gradient	log_sigma_group_sd	0.6724831178617956	0.002350844881504187	3915.9427168892325	0.8048957741250441
total_online_gradient	subject_701_total_intercept	616.5252753194919	0.7759520461868892	2109.371992552972	0.8031129997126719
total_online_gradient	subject_702_total_intercept	1556.5035665203259	0.3440326898819301	1731.042100855312	0.317347316493155
total_online_gradient	subject_703_total_intercept	1830.7363124847905	1.292838779934946	1539.4579162630014	0.7652251892908709
total_online_gradient	subject_704_total_intercept	4814.834980729818	0.7454274440672265	1755.4609917111177	0.5972663017082059
total_online_gradient	subject_705_total_intercept	4116.7541852572	1.1168029841655251	2136.1344294370474	0.47251350046476426
total_online_gradient	subject_706_total_intercept	5512.275217743352	1.0583962750565232	1777.5580677446524	0.20518411297060918
total_online_gradient	subject_707_total_intercept	5382.502627662885	1.1042293979083508	1548.2974376706	0.014518712180888778
total_online_gradient	subject_708_total_intercept	5018.765770115683	1.332113907095698	1862.1844419321128	0.11177884594246207
total_online_gradient	subject_709_total_intercept	4330.967119575366	1.0876274654147677	1533.5975767474658	0.7436230613824603
total_online_gradient	subject_710_total_intercept	5622.300155031797	2.313144054816953	1765.3052747208296	1.768925275614538
total_online_gradient	subject_711_total_intercept	3732.219566260104	1.1868580287952173	2034.7474351740061	1.4612028632314031
total_online_gradient	subject_712_total_intercept	6636.671779691421	2.372369547874049	2435.834732124614	0.10961560299993131
total_online_gradient	subject_713_total_intercept	9365.184516411473	1.0682242628542042	2006.6627885680869	0.2884741231771642
total_online_gradient	subject_714_total_intercept	5617.863932671482	0.9334242712281324	2032.8086975100668	1.764153959495645
total_online_gradient	subject_715_total_intercept	6385.817955884719	1.9465854964216203	1962.4290572290918	1.6847722412298187
total_online_gradient	subject_716_total_intercept	6279.202333638902	1.0735524210889371	1929.5830387220437	1.1651394159362494
total_online_gradient	subject_717_total_intercept	6983.639134107186	2.5919083800061014	2064.9353321358362	0.35228334152663165
total_online_gradient	subject_718_total_intercept	6742.770185823153	1.8730557633204166	2238.8691081569045	0.3670533004494196
total_online_gradient	subject_719_total_intercept	10198.137213293676	1.3696203374409073	1530.1049345322967	0.2584861529069182
total_online_gradient	subject_720_total_intercept	8808.29231203553	3.292626875766206	2431.9252224475135	0.31631893685873297
total_online_gradient	subject_701_total_load_slope	34.8572334463781	0.26416302567691263	1998.895358524375	0.3396489657931348
total_online_gradient	subject_702_total_load_slope	21.663066935798312	0.11547939868188944	1724.8929952713472	0.027454096664846772
total_online_gradient	subject_703_total_load_slope	22.397847840095096	0.42337905829544187	1505.9322757400203	0.1740579778643442
total_online_gradient	subject_704_total_load_slope	70.22909683202572	0.25356363748288485	1723.2139780177795	0.5005418691974985
total_online_gradient	subject_705_total_load_slope	38.91693032821908	0.3769675737586094	2076.176777014374	0.5883788888924013
total_online_gradient	subject_706_total_load_slope	51.962690464390235	0.3516510879465089	1701.1350667675526	0.9906193144974934
total_online_gradient	subject_707_total_load_slope	57.51779875298719	0.340992770323468	1753.395646720769	0.4788912499304505
total_online_gradient	subject_708_total_load_slope	33.95124401829028	0.43677344170686605	1841.0780649982976	0.13919513514704623
total_online_gradient	subject_709_total_load_slope	13.105685757171683	0.3532833460821839	1623.0052342428976	0.43104363982198457
total_online_gradient	subject_710_total_load_slope	-3.6747460632601596	0.7184636203635268	1788.4025056337068	0.7819372881567982
total_online_gradient	subject_711_total_load_slope	73.31215816478314	0.4004401436300984	1911.1787274030175	0.785610727334887
total_online_gradient	subject_712_total_load_slope	146.43925374674072	0.7411103538735014	2472.1938573922184	1.6248882528192106
total_online_gradient	subject_713_total_load_slope	42.79113519961163	0.3539528854983215	1958.6041081160802	0.04699030019955564
total_online_gradient	subject_714_total_load_slope	55.600406522344464	0.2992767637199043	2104.175905904407	1.6248881404920061
total_online_gradient	subject_715_total_load_slope	16.3501401137171	0.6010799212878234	2063.11656750568	1.2853634156210212
total_online_gradient	subject_716_total_load_slope	8.350305686487642	0.3406148756533009	2064.1422106356054	0.5667391043623464
total_online_gradient	subject_717_total_load_slope	140.72455809574004	0.8286907043935391	2107.9434005758867	0.2389006070821236
total_online_gradient	subject_718_total_load_slope	186.14324681188722	0.6256071320574639	2150.6805394877942	0.49082319058754137
total_online_gradient	subject_719_total_load_slope	13.149677511529605	0.4380131339831182	1516.6617031691724	0.45960073127429846
total_online_gradient	subject_720_total_load_slope	87.34444824908715	1.0078261831644135	2112.0163895206942	0.8421454745829021
total_online_gradient	subject_701_residual_sd	130.99337930197063	0.2619086095517015	4362.913997420124	0.4478412121879105
total_online_gradient	subject_702_residual_sd	88.99834310665621	0.09390962837947059	4087.3336762827153	0.26713244074653986
total_online_gradient	subject_703_residual_sd	325.3973747440958	0.32212853652855966	5398.374290706073	1.3645127534917427
total_online_gradient	subject_704_residual_sd	189.42021673058025	0.1863241794184984	5031.735488065633	0.7732989150991364
total_online_gradient	subject_705_residual_sd	307.03635605120303	0.3362732766375609	4190.215452446458	0.9294706789186592
total_online_gradient	subject_706_residual_sd	282.263867371139	0.2687739304803413	5053.097543218513	0.09384056639627956
total_online_gradient	subject_707_residual_sd	279.254453888359	0.26155811245124044	4660.204637057698	1.1290222580933615
total_online_gradient	subject_708_residual_sd	354.16177899291114	0.3537573072230951	4053.725132428506	0.49264800249604546
total_online_gradient	subject_709_residual_sd	268.7891072737573	0.26877792687581925	4582.358744776587	0.35427190765193095
total_online_gradient	subject_710_residual_sd	646.067778237151	0.7205994072366506	3907.9712412705126	0.4456754958501373
total_online_gradient	subject_711_residual_sd	338.3277836801986	0.34389006289503593	4764.937663350723	0.7333194391737105
total_online_gradient	subject_712_residual_sd	788.76618040158	0.7644035036524941	4333.822735535106	0.4970247088117373
total_online_gradient	subject_713_residual_sd	297.5823410176198	0.2968369836631663	4906.9115391255855	0.22728724436393752
total_online_gradient	subject_714_residual_sd	265.1298302573266	0.2884338181979625	4161.104235560154	0.32428949928950046
total_online_gradient	subject_715_residual_sd	560.093187886361	0.6182440032568111	4084.9037618024518	1.2091703835181749
total_online_gradient	subject_716_residual_sd	218.34971046429217	0.2826849426966841	4691.630528967316	0.9624096972636313
total_online_gradient	subject_717_residual_sd	777.7319776630302	0.7762484145759447	4089.761970264613	0.8071730754495402
total_online_gradient	subject_718_residual_sd	536.038967530278	0.5944374294309307	3624.192191949921	2.253559381128785
total_online_gradient	subject_719_residual_sd	342.58451008018767	0.3329470306010742	4589.663138833987	1.0110909078127164
total_online_gradient	subject_720_residual_sd	1226.0020260980125	1.152582796990248	4580.574514689439	0.12744357164932513
