index	centeredness	loss	admissible
3	0.0	-1.2121876130126148	true
3	0.01	-1.2196488888282366	true
3	0.02	-1.2271215595440248	true
3	0.03	-1.2346054105584194	true
3	0.04	-1.242100209874458	true
3	0.05	-1.2496057073236089	true
3	0.06	-1.2571216337603779	true
3	0.07	-1.2646477002268872	true
3	0.08	-1.272183597086633	true
3	0.09	-1.2797289931266438	true
3	0.1	-1.2872835346272726	true
3	0.11	-1.2948468443988803	true
3	0.12	-1.302418520784694	true
3	0.13	-1.309998136629159	true
3	0.14	-1.3175852382111355	true
3	0.15	-1.325179344141347	true
3	0.16	-1.3327799442235353	true
3	0.17	-1.3403864982788407	true
3	0.18	-1.3479984349330056	true
3	0.19	-1.35561515036607	true
3	0.2	-1.3632360070243357	true
3	0.21	-1.3708603322944721	true
3	0.22	-1.3784874171397603	true
3	0.23	-1.3861165146986054	true
3	0.24	-1.3937468388455951	true
3	0.25	-1.4013775627155467	true
3	0.26	-1.4090078171911726	true
3	0.27	-1.4166366893551838	true
3	0.28	-1.4242632209078885	true
3	0.29	-1.431886406551569	true
3	0.3	-1.4395051923431965	true
3	0.31	-1.4471184740173217	true
3	0.32	-1.454725095281303	true
3	0.33	-1.4623238460853631	true
3	0.34	-1.4699134608703348	true
3	0.35	-1.4774926167963527	true
3	0.36	-1.485059931956169	true
3	0.37	-1.4926139635772278	true
3	0.38	-1.5001532062171083	true
3	0.39	-1.5076760899574797	true
3	0.4	-1.5151809786022419	true
3	0.41	-1.5226661678861126	true
3	0.42	-1.5301298837005386	true
3	0.43	-1.5375702803444324	true
3	0.44	-1.5449854388079376	true
3	0.45	-1.5523733650980882	true
3	0.46	-1.5597319886159957	true
3	0.47	-1.5670591605959108	true
3	0.48	-1.5743526526173068	true
3	0.49	-1.5816101552019053	true
3	0.5	-1.5888292765083667	true
3	0.51	-1.5960075411381813	true
3	0.52	-1.6031423890670946	true
3	0.53	-1.6102311747172096	true
3	0.54	-1.6172711661856798	true
3	0.55	-1.6242595446466757	true
3	0.56	-1.6311934039440188	true
3	0.57	-1.6380697503925552	true
3	0.58	-1.6448855028069462	true
3	0.59	-1.6516374927770916	true
3	0.6	-1.6583224652098438	true
3	0.61	-1.6649370791570057	true
3	0.62	-1.6714779089498126	true
3	0.63	-1.6779414456601764	true
3	0.64	-1.6843240989088615	true
3	0.65	-1.690622199040496	true
3	0.66	-1.6968319996848433	true
3	0.67	-1.7029496807230584	true
3	0.68	-1.7089713516767127	true
3	0.69	-1.7148930555361965	true
3	0.7	-1.7207107730436104	true
3	0.71	-1.7264204274435233	true
3	0.72	-1.7320178897129073	true
3	0.73	-1.7374989842791833	true
3	0.74	-1.7428594952326226	true
3	0.75	-1.7480951730363543	true
3	0.76	-1.7532017417338757	true
3	0.77	-1.7581749066503458	true
3	0.78	-1.7630103625799944	true
3	0.79	-1.7677038024477763	true
3	0.8	-1.7722509264289283	true
3	0.81	-1.7766474515054191	true
3	0.82	-1.7808891214334128	true
3	0.83	-1.7849717170908976	true
3	0.84	-1.7888910671695666	true
3	0.85	-1.792643059169964	true
3	0.86	-1.7962236506539149	true
3	0.87	-1.7996288807033503	true
3	0.88	-1.8028548815299894	true
3	0.89	-1.8058978901759262	true
3	0.9	-1.8087542602411735	true
3	0.91	-1.8114204735706343	true
3	0.92	-1.8138931518299555	true
3	0.93	-1.8161690678972833	true
3	0.94	-1.818245156996222	true
3	0.95	-1.8201185274942924	true
3	0.96	-1.8217864712910168	true
3	0.97	-1.8232464737204097	true
3	0.98	-1.8244962228942039	true
3	0.99	-1.8255336184145592	true
3	1.0	-1.82635677938835	true
4	0.0	-1.0934943622539386	true
4	0.01	-1.0991204033698136	true
4	0.02	-1.104731661276137	true
4	0.03	-1.1103275865012439	true
4	0.04	-1.115907614596549	true
4	0.05	-1.1214711658785215	true
4	0.06	-1.1270176451734517	true
4	0.07	-1.1325464415655775	true
4	0.08	-1.1380569281491628	true
4	0.09	-1.1435484617851657	true
4	0.1	-1.1490203828631576	true
4	0.11	-1.1544720150691998	true
4	0.12	-1.1599026651604034	true
4	0.13	-1.1653116227469562	true
4	0.14	-1.1706981600824147	true
4	0.15	-1.1760615318631136	true
4	0.16	-1.1814009750375731	true
4	0.17	-1.1867157086268196	true
4	0.18	-1.1920049335565848	true
4	0.19	-1.19726783250237	true
4	0.2	-1.2025035697484108	true
4	0.21	-1.2077112910616057	true
4	0.22	-1.2128901235815164	true
4	0.23	-1.2180391757275706	true
4	0.24	-1.2231575371246413	true
4	0.25	-1.2282442785482077	true
4	0.26	-1.2332984518903212	true
4	0.27	-1.2383190901476469	true
4	0.28	-1.2433052074328634	true
4	0.29	-1.248255799010728	true
4	0.3	-1.2531698413601393	true
4	0.31	-1.2580462922635496	true
4	0.32	-1.262884090925075	true
4	0.33	-1.2676821581186863	true
4	0.34	-1.2724393963678453	true
4	0.35	-1.2771546901579627	true
4	0.36	-1.2818269061830505	true
4	0.37	-1.2864548936279205	true
4	0.38	-1.2910374844872712	true
4	0.39	-1.2955734939229835	true
4	0.4	-1.3000617206609038	true
4	0.41	-1.3045009474283689	true
4	0.42	-1.3088899414336717	true
4	0.43	-1.313227454888617	true
4	0.44	-1.3175122255752512	true
4	0.45	-1.3217429774577854	true
4	0.46	-1.3259184213406412	true
4	0.47	-1.3300372555734647	true
4	0.48	-1.3340981668038585	true
4	0.49	-1.33809983077846	true
4	0.5	-1.342040913192889	true
4	0.51	-1.3459200705909509	true
4	0.52	-1.3497359513133382	true
4	0.53	-1.3534871964959354	true
4	0.54	-1.357172441117664	true
4	0.55	-1.3607903150976353	true
4	0.56	-1.3643394444412071	true
4	0.57	-1.367818452434346	true
4	0.58	-1.3712259608855035	true
4	0.59	-1.3745605914140104	true
4	0.6	-1.377820966783788	true
4	0.61	-1.381005712280941	true
4	0.62	-1.384113457133598	true
4	0.63	-1.3871428359721154	true
4	0.64	-1.3900924903275431	true
4	0.65	-1.3929610701660087	true
4	0.66	-1.395747235456453	true
4	0.67	-1.3984496577689025	true
4	0.68	-1.401067021900245	true
4	0.69	-1.4035980275242328	true
4	0.7	-1.4060413908622353	true
4	0.71	-1.408395846371016	true
4	0.72	-1.4106601484436352	true
4	0.73	-1.4128330731193532	true
4	0.74	-1.414913419798241	true
4	0.75	-1.4169000129560252	true
4	0.76	-1.4187917038545432	true
4	0.77	-1.4205873722430429	true
4	0.78	-1.4222859280454367	true
4	0.79	-1.4238863130285342	true
4	0.8	-1.4253875024461853	true
4	0.81	-1.4267885066542216	true
4	0.82	-1.4280883726910518	true
4	0.83	-1.4292861858187615	true
4	0.84	-1.4303810710195963	true
4	0.85	-1.4313721944427535	true
4	0.86	-1.4322587647964848	true
4	0.87	-1.4330400346806267	true
4	0.88	-1.433715301854803	true
4	0.89	-1.434283910437703	true
4	0.9	-1.4347452520330513	true
4	0.91	-1.4350987667780668	true
4	0.92	-1.4353439443104894	true
4	0.93	-1.4354803246504961	true
4	0.94	-1.4355074989941286	true
4	0.95	-1.4354251104151727	true
4	0.96	-1.4352328544727588	true
4	0.97	-1.4349304797223024	true
4	0.98	-1.4345177881277833	true
4	0.99	-1.4339946353737265	true
4	1.0	-1.4333609310756619	true
5	0.0	-1.0567960903557498	true
5	0.01	-1.0584070362679454	true
5	0.02	-1.059994352004983	true
5	0.03	-1.0615579268678264	true
5	0.04	-1.0630976504608618	true
5	0.05	-1.0646134127111853	true
5	0.06	-1.0661051038880134	true
5	0.07	-1.0675726146222089	true
5	0.08	-1.069015835925916	true
5	0.09	-1.0704346592123	true
5	0.1	-1.071828976315376	true
5	0.11	-1.0731986795099309	true
5	0.12	-1.0745436615315214	true
5	0.13	-1.0758638155965443	true
5	0.14	-1.0771590354223712	true
5	0.15	-1.078429215247538	true
5	0.16	-1.079674249851983	true
5	0.17	-1.0808940345773204	true
5	0.18	-1.0820884653471499	true
5	0.19	-1.083257438687383	true
5	0.2	-1.0844008517465817	true
5	0.21	-1.0855186023163055	true
5	0.22	-1.0866105888514486	true
5	0.23	-1.0876767104905634	true
5	0.24	-1.0887168670761613	true
5	0.25	-1.0897309591749798	true
5	0.26	-1.0907188880982022	true
5	0.27	-1.0916805559216334	true
5	0.28	-1.0926158655058036	true
5	0.29	-1.0935247205160077	true
5	0.3	-1.0944070254422562	true
5	0.31	-1.0952626856191379	true
5	0.32	-1.096091607245581	true
5	0.33	-1.0968936974044978	true
5	0.34	-1.097668864082312	true
5	0.35	-1.0984170161883504	true
5	0.36	-1.0991380635740928	true
5	0.37	-1.0998319170522717	true
5	0.38	-1.1004984884158036	true
5	0.39	-1.1011376904565535	true
5	0.4	-1.1017494369839131	true
5	0.41	-1.102333642843183	true
5	0.42	-1.102890223933759	true
5	0.43	-1.103419097227096	true
5	0.44	-1.1039201807844559	true
5	0.45	-1.1043933937744168	true
5	0.46	-1.1048386564901416	true
5	0.47	-1.1052558903663923	true
5	0.48	-1.1056450179962825	true
5	0.49	-1.1060059631477555	true
5	0.5	-1.1063386507797823	true
5	0.51	-1.1066430070582665	true
5	0.52	-1.1069189593716486	true
5	0.53	-1.1071664363462022	true
5	0.54	-1.1073853678610086	true
5	0.55	-1.1075756850626062	true
5	0.56	-1.1077373203792988	true
5	0.57	-1.107870207535127	true
5	0.58	-1.1079742815634754	true
5	0.59	-1.108049478820329	true
5	0.6	-1.1080957369971516	true
5	0.61	-1.1081129951333915	true
5	0.62	-1.1081011936286016	true
5	0.63	-1.1080602742541654	true
5	0.64	-1.1079901801646268	true
5	0.65	-1.10789085590861	true
5	0.66	-1.1077622474393314	true
5	0.67	-1.107604302124686	true
5	0.68	-1.1074169687569162	true
5	0.69	-1.107200197561842	true
5	0.7	-1.1069539402076605	true
5	0.71	-1.1066781498132996	true
5	0.72	-1.1063727809563273	true
5	0.73	-1.1060377896804072	true
5	0.74	-1.1056731335023002	true
5	0.75	-1.1052787714184045	true
5	0.76	-1.1048546639108314	true
5	0.77	-1.1044007729530154	true
5	0.78	-1.1039170620148517	true
5	0.79	-1.1034034960673615	true
5	0.8	-1.1028600415868812	true
5	0.81	-1.102286666558772	true
5	0.82	-1.101683340480651	true
5	0.83	-1.1010500343651408	true
5	0.84	-1.100386720742133	true
5	0.85	-1.099693373660572	true
5	0.86	-1.0989699686897534	true
5	0.87	-1.0982164829201335	true
5	0.88	-1.0974328949636618	true
5	0.89	-1.0966191849536218	true
5	0.9	-1.0957753345439945	true
5	0.91	-1.0949013269083345	true
5	0.92	-1.0939971467381722	true
5	0.93	-1.0930627802409276	true
5	0.94	-1.092098215137355	true
5	0.95	-1.0911034406585116	true
5	0.96	-1.0900784475422491	true
5	0.97	-1.0890232280292444	true
5	0.98	-1.0879377758585596	true
5	0.99	-1.0868220862627407	true
5	1.0	-1.0856761559624615	true
6	0.0	-0.6846064265157943	true
6	0.01	-0.6890458174581778	true
6	0.02	-0.6934603416145302	true
6	0.03	-0.6978493875552485	true
6	0.04	-0.7022123333887876	true
6	0.05	-0.7065485467653247	true
6	0.06	-0.7108573848904551	true
6	0.07	-0.7151381945493795	true
6	0.08	-0.719390312142065	true
6	0.09	-0.723613063729855	true
6	0.1	-0.7278057650940171	true
6	0.11	-0.731967721806711	true
6	0.12	-0.7360982293148657	true
6	0.13	-0.7401965730374548	true
6	0.14	-0.7442620284766557	true
6	0.15	-0.7482938613433747	true
6	0.16	-0.7522913276976211	true
6	0.17	-0.7562536741042007	true
6	0.18	-0.760180137804194	true
6	0.19	-0.7640699469026777	true
6	0.2	-0.7679223205731325	true
6	0.21	-0.7717364692789661	true
6	0.22	-0.7755115950125696	true
6	0.23	-0.7792468915523038	true
6	0.24	-0.7829415447377899	true
6	0.25	-0.7865947327638614	true
6	0.26	-0.790205626493506	true
6	0.27	-0.7937733897900995	true
6	0.28	-0.7972971798692022	true
6	0.29	-0.8007761476701583	true
6	0.3	-0.8042094382477014	true
6	0.31	-0.8075961911837333	true
6	0.32	-0.8109355410193995	true
6	0.33	-0.8142266177075455	true
6	0.34	-0.8174685470855884	true
6	0.35	-0.8206604513687923	true
6	0.36	-0.8238014496638864	true
6	0.37	-0.8268906585029037	true
6	0.38	-0.8299271923970718	true
6	0.39	-0.8329101644105257	true
6	0.4	-0.8358386867535437	true
6	0.41	-0.8387118713949622	true
6	0.42	-0.8415288306933397	true
6	0.43	-0.8442886780463947	true
6	0.44	-0.8469905285581603	true
6	0.45	-0.8496334997232288	true
6	0.46	-0.8522167121274054	true
6	0.47	-0.8547392901639961	true
6	0.48	-0.8572003627649047	true
6	0.49	-0.8595990641456253	true
6	0.5	-0.8619345345631559	true
6	0.51	-0.8642059210857864	true
6	0.52	-0.8664123783736327	true
6	0.53	-0.8685530694687392	true
6	0.54	-0.8706271665934828	true
6	0.55	-0.8726338519559627	true
6	0.56	-0.8745723185609844	true
6	0.57	-0.8764417710251962	true
6	0.58	-0.8782414263948675	true
6	0.59	-0.8799705149647528	true
6	0.6	-0.8816282810964323	true
6	0.61	-0.883213984034471	true
6	0.62	-0.8847268987186975	true
6	0.63	-0.8861663165908773	true
6	0.64	-0.8875315463940052	true
6	0.65	-0.8888219149624335	true
6	0.66	-0.8900367680010277	true
6	0.67	-0.891175470851526	true
6	0.68	-0.8922374092442762	true
6	0.69	-0.8932219900335235	true
6	0.7	-0.8941286419144313	true
6	0.71	-0.8949568161200303	true
6	0.72	-0.8957059870963165	true
6	0.73	-0.8963756531537479	true
6	0.74	-0.8969653370934215	true
6	0.75	-0.8974745868062669	true
6	0.76	-0.8979029758436416	true
6	0.77	-0.8982501039577608	true
6	0.78	-0.8985155976104845	true
6	0.79	-0.898699110449035	true
6	0.8	-0.8988003237473119	true
6	0.81	-0.8988189468115542	true
6	0.82	-0.8987547173491904	true
6	0.83	-0.8986074017998178	true
6	0.84	-0.8983767956273547	true
6	0.85	-0.8980627235725164	true
6	0.86	-0.8976650398648782	true
6	0.87	-0.8971836283939076	true
6	0.88	-0.8966184028384633	true
6	0.89	-0.8959693067543769	true
6	0.9	-0.8952363136198729	true
6	0.91	-0.8944194268386807	true
6	0.92	-0.8935186797008449	true
6	0.93	-0.8925341353013472	true
6	0.94	-0.8914658864167854	true
6	0.95	-0.8903140553404804	true
6	0.96	-0.8890787936764968	true
6	0.97	-0.8877602820931898	true
6	0.98	-0.8863587300370032	true
6	0.99	-0.8848743754073537	true
6	1.0	-0.883307484193554	true
7	0.0	-0.7590044888008785	true
7	0.01	-0.7602603647049822	true
7	0.02	-0.7614936355215494	true
7	0.03	-0.7627042000200515	true
7	0.04	-0.7638919574427078	true
7	0.05	-0.7650568075235988	true
7	0.06	-0.7661986505078315	true
7	0.07	-0.7673173871707474	true
7	0.08	-0.7684129188371673	true
7	0.09	-0.769485147400666	true
7	0.1	-0.7705339753428638	true
7	0.11	-0.7715593057527321	true
7	0.12	-0.7725610423459026	true
7	0.13	-0.7735390894839704	true
7	0.14	-0.7744933521937839	true
7	0.15	-0.7754237361867138	true
7	0.16	-0.7763301478778881	true
7	0.17	-0.777212494405392	true
7	0.18	-0.7780706836494133	true
7	0.19	-0.7789046242513359	true
7	0.2	-0.7797142256327605	true
7	0.21	-0.7804993980144543	true
7	0.22	-0.7812600524352125	true
7	0.23	-0.7819961007706251	true
7	0.24	-0.7827074557517417	true
7	0.25	-0.7833940309836209	true
7	0.26	-0.7840557409637579	true
7	0.27	-0.7846925011003799	true
7	0.28	-0.7853042277306006	true
7	0.29	-0.7858908381384208	true
7	0.3	-0.7864522505725725	true
7	0.31	-0.7869883842641892	true
7	0.32	-0.787499159444301	true
7	0.33	-0.7879844973611349	true
7	0.34	-0.7884443202972226	true
7	0.35	-0.7888785515862996	true
7	0.36	-0.789287115629983	true
7	0.37	-0.7896699379142293	true
7	0.38	-0.790026945025553	true
7	0.39	-0.7903580646670025	true
7	0.4	-0.7906632256738828	true
7	0.41	-0.7909423580292139	true
7	0.42	-0.7911953928789215	true
7	0.43	-0.7914222625467444	true
7	0.44	-0.7916229005488561	true
7	0.45	-0.7917972416081893	true
7	0.46	-0.7919452216684535	true
7	0.47	-0.792066777907841	true
7	0.48	-0.7921618487524115	true
7	0.49	-0.7922303738891461	true
7	0.5	-0.7922722942786673	true
7	0.51	-0.7922875521676094	true
7	0.52	-0.7922760911006437	true
7	0.53	-0.7922378559321387	true
7	0.54	-0.7921727928374596	true
7	0.55	-0.7920808493238911	true
7	0.56	-0.7919619742411824	true
7	0.57	-0.7918161177917096	true
7	0.58	-0.7916432315402402	true
7	0.59	-0.7914432684233081	true
7	0.6	-0.7912161827581787	true
7	0.61	-0.790961930251409	true
7	0.62	-0.7906804680069954	true
7	0.63	-0.7903717545341005	true
7	0.64	-0.7900357497543571	true
7	0.65	-0.7896724150087476	true
7	0.66	-0.7892817130640501	true
7	0.67	-0.7888636081188504	true
7	0.68	-0.7884180658091136	true
7	0.69	-0.7879450532133169	true
7	0.7	-0.7874445388571356	true
7	0.71	-0.7869164927176837	true
7	0.72	-0.7863608862273025	true
7	0.73	-0.7857776922769001	true
7	0.74	-0.7851668852188363	true
7	0.75	-0.7845284408693519	true
7	0.76	-0.7838623365105467	true
7	0.77	-0.7831685508918931	true
7	0.78	-0.7824470642313003	true
7	0.79	-0.7816978582157169	true
7	0.8	-0.7809209160012768	true
7	0.81	-0.7801162222129887	true
7	0.82	-0.779283762943971	true
7	0.83	-0.7784235257542287	true
7	0.84	-0.7775354996689792	true
7	0.85	-0.7766196751765241	true
7	0.86	-0.7756760442256726	true
7	0.87	-0.7747046002227149	true
7	0.88	-0.7737053380279542	true
7	0.89	-0.7726782539517892	true
7	0.9	-0.771623345750366	true
7	0.91	-0.7705406126207857	true
7	0.92	-0.769430055195886	true
7	0.93	-0.7682916755385901	true
7	0.94	-0.7671254771358349	true
7	0.95	-0.7659314648920753	true
7	0.96	-0.7647096451223792	true
7	0.97	-0.7634600255451074	true
7	0.98	-0.7621826152741933	true
7	0.99	-0.7608774248110197	true
7	1.0	-0.7595444660359045	true
8	0.0	-0.5422789646832946	true
8	0.01	-0.5453351670192184	true
8	0.02	-0.5483678733093554	true
8	0.03	-0.5513767675680149	true
8	0.04	-0.5543615315350113	true
8	0.05	-0.5573218447338533	true
8	0.06	-0.5602573845327299	true
8	0.07	-0.5631678262083311	true
8	0.08	-0.5660528430125338	true
8	0.09	-0.5689121062419858	true
8	0.1	-0.571745285310613	true
8	0.11	-0.5745520478250763	true
8	0.12	-0.577332059663203	true
8	0.13	-0.5800849850554086	true
8	0.14	-0.5828104866691269	true
8	0.15	-0.585508225696265	true
8	0.16	-0.5881778619436859	true
8	0.17	-0.5908190539267318	true
8	0.18	-0.5934314589657882	true
8	0.19	-0.5960147332858862	true
8	0.2	-0.5985685321193397	true
8	0.21	-0.6010925098114082	true
8	0.22	-0.6035863199289692	true
8	0.23	-0.6060496153721848	true
8	0.24	-0.6084820484891396	true
8	0.25	-0.6108832711934188	true
8	0.26	-0.6132529350846011	true
8	0.27	-0.6155906915716223	true
8	0.28	-0.6178961919989727	true
8	0.29	-0.6201690877756783	true
8	0.3	-0.6224090305070125	true
8	0.31	-0.6246156721288861	true
8	0.32	-0.6267886650448431	true
8	0.33	-0.6289276622656019	true
8	0.34	-0.6310323175510635	true
8	0.35	-0.6331022855547076	true
8	0.36	-0.6351372219702912	true
8	0.37	-0.6371367836807587	true
8	0.38	-0.6391006289092661	true
8	0.39	-0.6410284173722183	true
8	0.4	-0.6429198104342084	true
8	0.41	-0.6447744712647507	true
8	0.42	-0.6465920649966801	true
8	0.43	-0.6483722588861021	true
8	0.44	-0.6501147224737549	true
8	0.45	-0.6518191277476553	true
8	0.46	-0.6534851493068821	true
8	0.47	-0.6551124645263526	true
8	0.48	-0.6567007537224435	true
8	0.49	-0.6582497003192981	true
8	0.5	-0.6597589910156596	true
8	0.51	-0.6612283159520665	true
8	0.52	-0.6626573688782418	true
8	0.53	-0.6640458473205	true
8	0.54	-0.6653934527489986	true
8	0.55	-0.6666998907446515	true
8	0.56	-0.6679648711655211	true
8	0.57	-0.6691881083125025	true
8	0.58	-0.6703693210941128	true
8	0.59	-0.6715082331901889	true
8	0.6	-0.6726045732143068	true
8	0.61	-0.6736580748747195	true
8	0.62	-0.6746684771336271	true
8	0.63	-0.6756355243645706	true
8	0.64	-0.6765589665077596	true
8	0.65	-0.6774385592231332	true
8	0.66	-0.6782740640409547	true
8	0.67	-0.6790652485097458	true
8	0.68	-0.6798118863413626	true
8	0.69	-0.680513757553018	true
8	0.7	-0.6811706486060605	true
8	0.71	-0.6817823525413177	true
8	0.72	-0.6823486691108136	true
8	0.73	-0.6828694049056839	true
8	0.74	-0.6833443734800996	true
8	0.75	-0.683773395471026	true
8	0.76	-0.6841562987136482	true
8	0.77	-0.6844929183522889	true
8	0.78	-0.6847830969466636	true
8	0.79	-0.6850266845733102	true
8	0.8	-0.6852235389220499	true
8	0.81	-0.6853735253873305	true
8	0.82	-0.6854765171543163	true
8	0.83	-0.6855323952795952	true
8	0.84	-0.6855410487663837	true
8	0.85	-0.6855023746341092	true
8	0.86	-0.6854162779822689	true
8	0.87	-0.6852826720484645	true
8	0.88	-0.6851014782605249	true
8	0.89	-0.6848726262826351	true
8	0.9	-0.6845960540554024	true
8	0.91	-0.6842717078297939	true
8	0.92	-0.6838995421948972	true
8	0.93	-0.6834795200994608	true
8	0.94	-0.6830116128671743	true
8	0.95	-0.6824958002056775	true
8	0.96	-0.6819320702092722	true
8	0.97	-0.68132041935534	true
8	0.98	-0.6806608524944735	true
8	0.99	-0.6799533828343295	true
8	1.0	-0.6791980319172414	true
9	0.0	-0.5861159063412341	true
9	0.01	-0.5877136855601496	true
9	0.02	-0.5892922570304227	true
9	0.03	-0.5908515148439955	true
9	0.04	-0.5923913533935808	true
9	0.05	-0.5939116673932929	true
9	0.06	-0.5954123518994274	true
9	0.07	-0.596893302331398	true
9	0.08	-0.5983544144928137	true
9	0.09	-0.5997955845926917	true
9	0.1	-0.601216709266798	true
9	0.11	-0.6026176855991094	true
9	0.12	-0.6039984111433859	true
9	0.13	-0.6053587839448472	true
9	0.14	-0.6066987025619439	true
9	0.15	-0.6080180660882151	true
9	0.16	-0.609316774174224	true
9	0.17	-0.61059472704956	true
9	0.18	-0.6118518255449011	true
9	0.19	-0.6130879711141259	true
9	0.2	-0.6143030658564628	true
9	0.21	-0.6154970125386725	true
9	0.22	-0.6166697146172477	true
9	0.23	-0.6178210762606242	true
9	0.24	-0.6189510023713899	true
9	0.25	-0.620059398608483	true
9	0.26	-0.62114617140937	true
9	0.27	-0.6222112280121892	true
9	0.28	-0.6232544764778511	true
9	0.29	-0.6242758257120871	true
9	0.3	-0.6252751854874277	true
9	0.31	-0.6262524664651099	true
9	0.32	-0.6272075802168928	true
9	0.33	-0.628140439246774	true
9	0.34	-0.6290509570125984	true
9	0.35	-0.6299390479475406	true
9	0.36	-0.6308046274814569	true
9	0.37	-0.63164761206209	true
9	0.38	-0.6324679191761167	true
9	0.39	-0.6332654673700276	true
9	0.4	-0.6340401762708266	true
9	0.41	-0.6347919666065359	true
9	0.42	-0.6355207602265002	true
9	0.43	-0.6362264801214734	true
9	0.44	-0.6369090504434785	true
9	0.45	-0.6375683965254284	true
9	0.46	-0.6382044449004965	true
9	0.47	-0.6388171233212265	true
9	0.48	-0.6394063607783651	true
9	0.49	-0.6399720875194148	true
9	0.5	-0.6405142350668876	true
9	0.51	-0.6410327362362507	true
9	0.52	-0.6415275251535564	true
9	0.53	-0.641998537272741	true
9	0.54	-0.6424457093925844	true
9	0.55	-0.6428689796733191	true
9	0.56	-0.6432682876528764	true
9	0.57	-0.6436435742627636	true
9	0.58	-0.6439947818435566	true
9	0.59	-0.6443218541600038	true
9	0.6	-0.6446247364157272	true
9	0.61	-0.644903375267512	true
9	0.62	-0.6451577188391763	true
9	0.63	-0.6453877167350136	true
9	0.64	-0.6455933200527934	true
9	0.65	-0.6457744813963187	true
9	0.66	-0.6459311548875265	true
9	0.67	-0.6460632961781252	true
9	0.68	-0.646170862460763	true
9	0.69	-0.6462538124797156	true
9	0.7	-0.6463121065410908	true
9	0.71	-0.6463457065225393	true
9	0.72	-0.6463545758824673	true
9	0.73	-0.6463386796687444	true
9	0.74	-0.6462979845269002	true
9	0.75	-0.6462324587078043	true
9	0.76	-0.6461420720748251	true
9	0.77	-0.6460267961104631	true
9	0.78	-0.6458866039224502	true
9	0.79	-0.6457214702493183	true
9	0.8	-0.6455313714654252	true
9	0.81	-0.6453162855854409	true
9	0.82	-0.6450761922682866	true
9	0.83	-0.6448110728205283	true
9	0.84	-0.6445209101992182	true
9	0.85	-0.6442056890141846	true
9	0.86	-0.6438653955297694	true
9	0.87	-0.6435000176660105	true
9	0.88	-0.6431095449992679	true
9	0.89	-0.6426939687622963	true
9	0.9	-0.6422532818437607	true
9	0.91	-0.6417874787871971	true
9	0.92	-0.6412965557894206	true
9	0.93	-0.6407805106983794	true
9	0.94	-0.6402393430104564	true
9	0.95	-0.6396730538672257	true
9	0.96	-0.639081646051658	true
9	0.97	-0.6384651239837825	true
9	0.98	-0.637823493715813	true
9	0.99	-0.6371567629267315	true
9	1.0	-0.636464940916337	true
10	0.0	-0.628029762635091	true
10	0.01	-0.6289874708023937	true
10	0.02	-0.6299265701704824	true
10	0.03	-0.6308469861456361	true
10	0.04	-0.6317486445512693	true
10	0.05	-0.6326314716407285	true
10	0.06	-0.6334953941100897	true
10	0.07	-0.634340339110955	true
10	0.08	-0.6351662342632393	true
10	0.09	-0.635973007667943	true
10	0.1	-0.6367605879199081	true
10	0.11	-0.6375289041205513	true
10	0.12	-0.6382778858905673	true
10	0.13	-0.6390074633825996	true
10	0.14	-0.6397175672938743	true
10	0.15	-0.6404081288787864	true
10	0.16	-0.6410790799614423	true
10	0.17	-0.641730352948144	true
10	0.18	-0.6423618808398157	true
10	0.19	-0.6429735972443659	true
10	0.2	-0.6435654363889785	true
10	0.21	-0.6441373331323291	true
10	0.22	-0.6446892229767212	true
10	0.23	-0.6452210420801349	true
10	0.24	-0.6457327272681852	true
10	0.25	-0.6462242160459821	true
10	0.26	-0.6466954466098915	true
10	0.27	-0.6471463578591851	true
10	0.28	-0.6475768894075782	true
10	0.29	-0.6479869815946517	true
10	0.3	-0.6483765754971464	true
10	0.31	-0.6487456129401327	true
10	0.32	-0.6490940365080415	true
10	0.33	-0.6494217895555601	true
10	0.34	-0.6497288162183809	true
10	0.35	-0.6500150614237994	true
10	0.36	-0.6502804709011604	true
10	0.37	-0.6505249911921417	true
10	0.38	-0.6507485696608724	true
10	0.39	-0.650951154503883	true
10	0.4	-0.6511326947598789	true
10	0.41	-0.6512931403193354	true
10	0.42	-0.6514324419339055	true
10	0.43	-0.6515505512256414	true
10	0.44	-0.6516474206960208	true
10	0.45	-0.6517230037347723	true
10	0.46	-0.651777254628503	true
10	0.47	-0.6518101285691118	true
10	0.48	-0.6518215816619964	true
10	0.49	-0.6518115709340426	true
10	0.5	-0.6517800543413921	true
10	0.51	-0.6517269907769877	true
10	0.52	-0.651652340077891	true
10	0.53	-0.6515560630323647	true
10	0.54	-0.6514381213867255	true
10	0.55	-0.6512984778519526	true
10	0.56	-0.6511370961100544	true
10	0.57	-0.6509539408201941	true
10	0.58	-0.6507489776245583	true
10	0.59	-0.6505221731539821	true
10	0.6	-0.6502734950333122	true
10	0.61	-0.6500029118865167	true
10	0.62	-0.6497103933415322	true
10	0.63	-0.6493959100348486	true
10	0.64	-0.6490594336158295	true
10	0.65	-0.6487009367507616	true
10	0.66	-0.6483203931266398	true
10	0.67	-0.6479177774546764	true
10	0.68	-0.6474930654735387	true
10	0.69	-0.6470462339523099	true
10	0.7	-0.6465772606931776	true
10	0.71	-0.6460861245338393	true
10	0.72	-0.645572805349633	true
10	0.73	-0.6450372840553855	true
10	0.74	-0.6444795426069811	true
10	0.75	-0.6438995640026477	true
10	0.76	-0.6432973322839629	true
10	0.77	-0.6426728325365738	true
10	0.78	-0.6420260508906408	true
10	0.79	-0.6413569745209912	true
10	0.8	-0.6406655916469952	true
10	0.81	-0.639951891532159	true
10	0.82	-0.6392158644834339	true
10	0.83	-0.6384575018502484	true
10	0.84	-0.637676796023254	true
10	0.85	-0.636873740432798	true
10	0.86	-0.6360483295471125	true
10	0.87	-0.6352005588702295	true
10	0.88	-0.6343304249396204	true
10	0.89	-0.6334379253235571	true
10	0.9	-0.6325230586182073	true
10	0.91	-0.6315858244444528	true
10	0.92	-0.6306262234444444	true
10	0.93	-0.6296442572778853	true
10	0.94	-0.6286399286180562	true
10	0.95	-0.627613241147573	true
10	0.96	-0.6265641995538882	true
10	0.97	-0.6254928095245376	true
10	0.98	-0.62439907774213	true
10	0.99	-0.6232830118790891	true
10	1.0	-0.6221446205921464	true
11	0.0	-0.5812797002657847	true
11	0.01	-0.5833180921076548	true
11	0.02	-0.5853306463674377	true
11	0.03	-0.5873171174629931	true
11	0.04	-0.5892772600638329	true
11	0.05	-0.5912108291705006	true
11	0.06	-0.5931175801952462	true
11	0.07	-0.5949972690439493	true
11	0.08	-0.5968496521992677	true
11	0.09	-0.5986744868049579	true
11	0.1	-0.6004715307513364	true
11	0.11	-0.6022405427618317	true
11	0.12	-0.603981282480582	true
11	0.13	-0.6056935105610297	true
11	0.14	-0.6073769887554621	true
11	0.15	-0.6090314800054426	true
11	0.16	-0.6106567485330813	true
11	0.17	-0.6122525599330799	true
11	0.18	-0.6138186812654983	true
11	0.19	-0.615354881149173	true
11	0.2	-0.6168609298557304	true
11	0.21	-0.6183365994041203	true
11	0.22	-0.619781663655608	true
11	0.23	-0.6211958984091487	true
11	0.24	-0.6225790814970737	true
11	0.25	-0.6239309928810162	true
11	0.26	-0.6252514147479945	true
11	0.27	-0.6265401316065797	true
11	0.28	-0.6277969303830664	true
11	0.29	-0.6290216005175628	true
11	0.3	-0.6302139340599229	true
11	0.31	-0.6313737257654295	true
11	0.32	-0.6325007731901486	true
11	0.33	-0.6335948767858668	true
11	0.34	-0.6346558399945211	true
11	0.35	-0.6356834693420392	true
11	0.36	-0.6366775745314937	true
11	0.37	-0.6376379685354853	true
11	0.38	-0.6385644676876645	true
11	0.39	-0.6394568917732966	true
11	0.4	-0.6403150641187851	true
11	0.41	-0.6411388116800583	true
11	0.42	-0.641927965129728	true
11	0.43	-0.6426823589429326	true
11	0.44	-0.6434018314817707	true
11	0.45	-0.6440862250782386	true
11	0.46	-0.6447353861155771	true
11	0.47	-0.6453491651079466	true
11	0.48	-0.645927416778335	true
11	0.49	-0.6464700001346202	true
11	0.5	-0.6469767785436926	true
11	0.51	-0.6474476198035646	true
11	0.52	-0.6478823962133751	true
11	0.53	-0.6482809846412169	true
11	0.54	-0.6486432665897026	true
11	0.55	-0.6489691282591972	true
11	0.56	-0.649258460608639	true
11	0.57	-0.6495111594138812	true
11	0.58	-0.6497271253234842	true
11	0.59	-0.6499062639118884	true
11	0.6	-0.6500484857299076	true
11	0.61	-0.6501537063524824	true
11	0.62	-0.6502218464236326	true
11	0.63	-0.6502528316985564	true
11	0.64	-0.6502465930828242	true
11	0.65	-0.6502030666686188	true
11	0.66	-0.6501221937679782	true
11	0.67	-0.6500039209429993	true
11	0.68	-0.6498482000329657	true
11	0.69	-0.6496549881783632	true
11	0.7	-0.6494242478417599	true
11	0.71	-0.6491559468255177	true
11	0.72	-0.6488500582863156	true
11	0.73	-0.6485065607464703	true
11	0.74	-0.6481254381020347	true
11	0.75	-0.6477066796276675	true
11	0.76	-0.6472502799782659	true
11	0.77	-0.6467562391873638	true
11	0.78	-0.6462245626622919	true
11	0.79	-0.6456552611761092	true
11	0.8	-0.6450483508563185	true
11	0.81	-0.6444038531703739	true
11	0.82	-0.6437217949080037	true
11	0.83	-0.6430022081603735	true
11	0.84	-0.6422451302961059	true
11	0.85	-0.6414506039341972	true
11	0.86	-0.6406186769138629	true
11	0.87	-0.6397494022613399	true
11	0.88	-0.638842838153705	true
11	0.89	-0.6378990478797373	true
11	0.9	-0.6369180997978794	true
11	0.91	-0.635900067291356	true
11	0.92	-0.6348450287204921	true
11	0.93	-0.6337530673722944	true
11	0.94	-0.6326242714073671	true
11	0.95	-0.6314587338042044	true
11	0.96	-0.6302565523009489	true
11	0.97	-0.6290178293346684	true
11	0.98	-0.6277426719782362	true
11	0.99	-0.626431191874878	true
11	1.0	-0.6250835051704702	true
12	0.0	-0.6544280643721476	true
12	0.01	-0.6546217004867423	true
12	0.02	-0.6548057467810424	true
12	0.03	-0.6549801961579486	true
12	0.04	-0.6551450414661111	true
12	0.05	-0.655300275500649	true
12	0.06	-0.6554458910038553	true
12	0.07	-0.6555818806658965	true
12	0.08	-0.6557082371254996	true
12	0.09	-0.655824952970632	true
12	0.1	-0.6559320207391699	true
12	0.11	-0.6560294329195608	true
12	0.12	-0.656117181951475	true
12	0.13	-0.6561952602264495	true
12	0.14	-0.6562636600885237	true
12	0.15	-0.6563223738348674	true
12	0.16	-0.6563713937164002	true
12	0.17	-0.6564107119384036	true
12	0.18	-0.6564403206611265	true
12	0.19	-0.6564602120003821	true
12	0.2	-0.6564703780281378	true
12	0.21	-0.6564708107731005	true
12	0.22	-0.6564615022212928	true
12	0.23	-0.6564424443166221	true
12	0.24	-0.6564136289614476	true
12	0.25	-0.6563750480171358	true
12	0.26	-0.6563266933046148	true
12	0.27	-0.6562685566049183	true
12	0.28	-0.6562006296597285	true
12	0.29	-0.6561229041719097	true
12	0.3	-0.656035371806041	true
12	0.31	-0.6559380241889371	true
12	0.32	-0.6558308529101724	true
12	0.33	-0.6557138495225935	true
12	0.34	-0.6555870055428312	true
12	0.35	-0.6554503124518061	true
12	0.36	-0.6553037616952297	true
12	0.37	-0.6551473446841045	true
12	0.38	-0.6549810527952136	true
12	0.39	-0.6548048773716136	true
12	0.4	-0.65461880972312	true
12	0.41	-0.6544228411267881	true
12	0.42	-0.654216962827394	true
12	0.43	-0.6540011660379077	true
12	0.44	-0.653775441939968	true
12	0.45	-0.6535397816843496	true
12	0.46	-0.6532941763914315	true
12	0.47	-0.6530386171516591	true
12	0.48	-0.652773095026006	true
12	0.49	-0.6524976010464312	true
12	0.5	-0.6522121262163373	true
12	0.51	-0.6519166615110213	true
12	0.52	-0.6516111978781284	true
12	0.53	-0.6512957262381007	true
12	0.54	-0.6509702374846233	true
12	0.55	-0.6506347224850725	true
12	0.56	-0.6502891720809576	true
12	0.57	-0.6499335770883641	true
12	0.58	-0.6495679282983935	true
12	0.59	-0.6491922164776047	true
12	0.6	-0.6488064323684494	true
12	0.61	-0.6484105666897112	true
12	0.62	-0.6480046101369401	true
12	0.63	-0.6475885533828879	true
12	0.64	-0.6471623870779413	true
12	0.65	-0.6467261018505561	true
12	0.66	-0.6462796883076891	true
12	0.67	-0.6458231370352289	true
12	0.68	-0.6453564385984285	true
12	0.69	-0.6448795835423357	true
12	0.7	-0.6443925623922232	true
12	0.71	-0.6438953656540184	true
12	0.72	-0.6433879838147348	true
12	0.73	-0.6428704073429011	true
12	0.74	-0.6423426266889908	true
12	0.75	-0.6418046322858524	true
12	0.76	-0.6412564145491397	true
12	0.77	-0.6406979638777419	true
12	0.78	-0.6401292706542154	true
12	0.79	-0.6395503252452124	true
12	0.8	-0.6389611180019141	true
12	0.81	-0.6383616392604634	true
12	0.82	-0.6377518793423953	true
12	0.83	-0.6371318285550718	true
12	0.84	-0.6365014771921158	true
12	0.85	-0.6358608155338445	true
12	0.86	-0.6352098338477064	true
12	0.87	-0.6345485223887166	true
12	0.88	-0.633876871399897	true
12	0.89	-0.63319487111271	true
12	0.9	-0.6325025117475025	true
12	0.91	-0.6317997835139455	true
12	0.92	-0.6310866766114751	true
12	0.93	-0.6303631812297366	true
12	0.94	-0.6296292875490277	true
12	0.95	-0.6288849857407477	true
12	0.96	-0.6281302659678407	true
12	0.97	-0.6273651183852476	true
12	0.98	-0.626589533140355	true
12	0.99	-0.6258035003734479	true
12	1.0	-0.6250070102181613	true
13	0.0	-0.5414288689082571	true
13	0.01	-0.5437515580819992	true
13	0.02	-0.5460426644646548	true
13	0.03	-0.5483019141601083	true
13	0.04	-0.550529034456169	true
13	0.05	-0.5527237539461894	true
13	0.06	-0.5548858026519262	true
13	0.07	-0.5570149121475478	true
13	0.08	-0.5591108156847093	true
13	0.09	-0.5611732483185998	true
13	0.1	-0.5632019470348675	true
13	0.11	-0.5651966508773285	true
13	0.12	-0.567157101076353	true
13	0.13	-0.5690830411778282	true
13	0.14	-0.5709742171725891	true
13	0.15	-0.5728303776262061	true
13	0.16	-0.5746512738090155	true
13	0.17	-0.5764366598262776	true
13	0.18	-0.5781862927483435	true
13	0.19	-0.5798999327407078	true
13	0.2	-0.5815773431938223	true
13	0.21	-0.5832182908525492	true
13	0.22	-0.5848225459451198	true
13	0.23	-0.5863898823114723	true
13	0.24	-0.5879200775308372	true
13	0.25	-0.5894129130484351	true
13	0.26	-0.5908681743011551	true
13	0.27	-0.5922856508420764	true
13	0.28	-0.5936651364636985	true
13	0.29	-0.5950064293197449	true
13	0.3	-0.5963093320453994	true
13	0.31	-0.5975736518758422	true
13	0.32	-0.598799200762947	true
13	0.33	-0.5999857954900037	true
13	0.34	-0.6011332577843319	true
13	0.35	-0.6022414144276493	true
13	0.36	-0.6033100973640617	true
13	0.37	-0.6043391438055457	true
13	0.38	-0.6053283963347911	true
13	0.39	-0.6062777030052767	true
13	0.4	-0.6071869174384524	true
13	0.41	-0.6080558989179073	true
13	0.42	-0.6088845124804027	true
13	0.43	-0.6096726290036498	true
13	0.44	-0.6104201252907244	true
13	0.45	-0.611126884151003	true
13	0.46	-0.6117927944775181	true
13	0.47	-0.612417751320626	true
13	0.48	-0.6130016559578979	true
13	0.49	-0.6135444159601284	true
13	0.5	-0.6140459452533861	true
13	0.51	-0.6145061641770126	true
13	0.52	-0.6149249995374981	true
13	0.53	-0.6153023846581573	true
13	0.54	-0.6156382594245375	true
13	0.55	-0.6159325703255022	true
13	0.56	-0.616185270489927	true
13	0.57	-0.616396319718964	true
13	0.58	-0.6165656845138254	true
13	0.59	-0.6166933380990547	true
13	0.6	-0.6167792604412491	true
13	0.61	-0.6168234382632083	true
13	0.62	-0.6168258650534941	true
13	0.63	-0.6167865410713862	true
13	0.64	-0.616705473347229	true
13	0.65	-0.6165826756781693	true
13	0.66	-0.6164181686192949	true
13	0.67	-0.6162119794701841	true
13	0.68	-0.615964142256888	true
13	0.69	-0.6156746977093748	true
13	0.7	-0.615343693234464	true
13	0.71	-0.6149711828842934	true
13	0.72	-0.614557227320363	true
13	0.73	-0.6141018937732088	true
13	0.74	-0.613605255997759	true
13	0.75	-0.6130673942244431	true
13	0.76	-0.6124883951061182	true
13	0.77	-0.6118683516608849	true
13	0.78	-0.6112073632108781	true
13	0.79	-0.6105055353171129	true
13	0.8	-0.6097629797104789	true
13	0.81	-0.6089798142189711	true
13	0.82	-0.6081561626912655	true
13	0.83	-0.6072921549167349	true
13	0.84	-0.6063879265420149	true
13	0.85	-0.605443618984232	true
13	0.86	-0.6044593793410085	true
13	0.87	-0.6034353602973583	true
13	0.88	-0.6023717200296022	true
13	0.89	-0.6012686221064185	true
13	0.9	-0.6001262353871608	true
13	0.91	-0.598944733917568	true
13	0.92	-0.5977242968229988	true
13	0.93	-0.5964651081993286	true
13	0.94	-0.5951673570016267	true
13	0.95	-0.5938312369307699	true
13	0.96	-0.5924569463181117	true
13	0.97	-0.5910446880083513	true
13	0.98	-0.5895946692407406	true
13	0.99	-0.5881071015287589	true
13	1.0	-0.5865822005384047	true
14	0.0	-0.583492707348908	true
14	0.01	-0.5842166569775616	true
14	0.02	-0.5849209031388762	true
14	0.03	-0.5856054324588702	true
14	0.04	-0.5862702320699054	true
14	0.05	-0.5869152896136188	true
14	0.06	-0.5875405932437648	true
14	0.07	-0.5881461316289603	true
14	0.08	-0.5887318939553385	true
14	0.09	-0.5892978699291054	true
14	0.1	-0.5898440497790014	true
14	0.11	-0.5903704242586643	true
14	0.12	-0.5908769846488933	true
14	0.13	-0.5913637227598152	true
14	0.14	-0.5918306309329497	true
14	0.15	-0.592277702043174	true
14	0.16	-0.5927049295005831	true
14	0.17	-0.5931123072522531	true
14	0.18	-0.5934998297838943	true
14	0.19	-0.5938674921214061	true
14	0.2	-0.5942152898323234	true
14	0.21	-0.5945432190271605	true
14	0.22	-0.5948512763606472	true
14	0.23	-0.5951394590328598	true
14	0.24	-0.5954077647902455	true
14	0.25	-0.5956561919265387	true
14	0.26	-0.595884739283571	true
14	0.27	-0.596093406251972	true
14	0.28	-0.5962821927717639	true
14	0.29	-0.5964510993328453	true
14	0.3	-0.5966001269753697	true
14	0.31	-0.5967292772900102	true
14	0.32	-0.5968385524181222	true
14	0.33	-0.5969279550517913	true
14	0.34	-0.5969974884337754	true
14	0.35	-0.5970471563573372	true
14	0.36	-0.5970769631659678	true
14	0.37	-0.5970869137530017	true
14	0.38	-0.5970770135611239	true
14	0.39	-0.5970472685817675	true
14	0.4	-0.5969976853544053	true
14	0.41	-0.596928270965731	true
14	0.42	-0.5968390330487346	true
14	0.43	-0.5967299797816722	true
14	0.44	-0.5966011198869261	true
14	0.45	-0.5964524626297613	true
14	0.46	-0.5962840178169755	true
14	0.47	-0.5960957957954435	true
14	0.48	-0.5958878074505598	true
14	0.49	-0.5956600642045738	true
14	0.5	-0.595412578014825	true
14	0.51	-0.5951453613718739	true
14	0.52	-0.5948584272975335	true
14	0.53	-0.594551789342797	true
14	0.54	-0.594225461585669	true
14	0.55	-0.5938794586288955	true
14	0.56	-0.593513795597597	true
14	0.57	-0.5931284881368029	true
14	0.58	-0.5927235524088924	true
14	0.59	-0.5922990050909389	true
14	0.6	-0.5918548633719589	true
14	0.61	-0.591391144950072	true
14	0.62	-0.5909078680295659	true
14	0.63	-0.5904050513178711	true
14	0.64	-0.5898827140224496	true
14	0.65	-0.5893408758475898	true
14	0.66	-0.5887795569911216	true
14	0.67	-0.5881987781410392	true
14	0.68	-0.5875985604720464	true
14	0.69	-0.5869789256420124	true
14	0.7	-0.5863398957883521	true
14	0.71	-0.5856814935243231	true
14	0.72	-0.5850037419352458	true
14	0.73	-0.5843066645746451	true
14	0.74	-0.5835902854603168	true
14	0.75	-0.5828546290703234	true
14	0.76	-0.5820997203389116	true
14	0.77	-0.5813255846523635	true
14	0.78	-0.5805322478447767	true
14	0.79	-0.5797197361937774	true
14	0.8	-0.5788880764161652	true
14	0.81	-0.5780372956634989	true
14	0.82	-0.5771674215176126	true
14	0.83	-0.5762784819860745	true
14	0.84	-0.5753705054975873	true
14	0.85	-0.5744435208973291	true
14	0.86	-0.5734975574422359	true
14	0.87	-0.5725326447962384	true
14	0.88	-0.5715488130254327	true
14	0.89	-0.5705460925932138	true
14	0.9	-0.5695245143553505	true
14	0.91	-0.5684841095550197	true
14	0.92	-0.5674249098177886	true
14	0.93	-0.5663469471465583	true
14	0.94	-0.5652502539164634	true
14	0.95	-0.5641348628697316	true
14	0.96	-0.5630008071105044	true
14	0.97	-0.5618481200996215	true
14	0.98	-0.5606768356493717	true
14	0.99	-0.5594869879182045	true
14	1.0	-0.5582786114054237	true
15	0.0	-0.44669782304466427	true
15	0.01	-0.4486200551187065	true
15	0.02	-0.4505109234426098	true
15	0.03	-0.45237037527729523	true
15	0.04	-0.4541983593606609	true
15	0.05	-0.45599482593030277	true
15	0.06	-0.4577597267457343	true
15	0.07	-0.4594930151100893	true
15	0.08	-0.46119464589129844	true
15	0.09	-0.46286457554272653	true
15	0.1	-0.4645027621232575	true
15	0.11	-0.4661091653168149	true
15	0.12	-0.46768374645131133	true
15	0.13	-0.4692264685170084	true
15	0.14	-0.4707372961842823	true
15	0.15	-0.47221619582078156	true
15	0.16	-0.47366313550796885	true
15	0.17	-0.47507808505703303	true
15	0.18	-0.4764610160241693	true
15	0.19	-0.4778119017252095	true
15	0.2	-0.47913071724960127	true
15	0.21	-0.48041743947372406	true
15	0.22	-0.4816720470735348	true
15	0.23	-0.4828945205365353	true
15	0.24	-0.48408484217305836	true
15	0.25	-0.4852429961268571	true
15	0.26	-0.48636896838500276	true
15	0.27	-0.487462746787077	true
15	0.28	-0.48852432103365606	true
15	0.29	-0.48955368269408206	true
15	0.3	-0.49055082521351956	true
15	0.31	-0.49151574391928987	true
15	0.32	-0.4924484360264815	true
15	0.33	-0.49334890064283377	true
15	0.34	-0.49421713877289586	true
15	0.35	-0.4950531533214486	true
15	0.36	-0.4958569490962016	true
15	0.37	-0.49662853280975305	true
15	0.38	-0.4973679130808226	true
15	0.39	-0.4980751004347457	true
15	0.4	-0.49875010730324554	true
15	0.41	-0.49939294802346657	true
15	0.42	-0.5000036388362894	true
15	0.43	-0.5005821978839136	true
15	0.44	-0.5011286452067224	true
15	0.45	-0.5016430027394294	true
15	0.46	-0.5021252943065072	true
15	0.47	-0.502575545616914	true
15	0.48	-0.5029937842581027	true
15	0.49	-0.5033800396893464	true
15	0.5	-0.5037343432343594	true
15	0.51	-0.5040567280732335	true
15	0.52	-0.5043472292337008	true
15	0.53	-0.5046058835817173	true
15	0.54	-0.5048327298113839	true
15	0.55	-0.5050278084342175	true
15	0.56	-0.5051911617677645	true
15	0.57	-0.5053228339235873	true
15	0.58	-0.5054228707946156	true
15	0.59	-0.505491320041882	true
15	0.6	-0.5055282310806508	true
15	0.61	-0.5055336550659495	true
15	0.62	-0.5055076448775138	true
15	0.63	-0.5054502551041604	true
15	0.64	-0.5053615420275983	true
15	0.65	-0.5052415636056862	true
15	0.66	-0.5050903794551587	true
15	0.67	-0.5049080508338255	true
15	0.68	-0.5046946406222563	true
15	0.69	-0.5044502133049751	true
15	0.7	-0.5041748349511641	true
15	0.71	-0.503868573194902	true
15	0.72	-0.503531497214943	true
15	0.73	-0.5031636777140562	true
15	0.74	-0.5027651868979388	true
15	0.75	-0.5023360984537169	true
15	0.76	-0.5018764875280446	true
15	0.77	-0.5013864307048286	true
15	0.78	-0.5008660059825794	true
15	0.79	-0.5003152927514143	true
15	0.8	-0.49973437176972335	true
15	0.81	-0.4991233251405116	true
15	0.82	-0.4984822362874406	true
15	0.83	-0.4978111899305788	true
15	0.84	-0.4971102720618745	true
15	0.85	-0.49637956992037613	true
15	0.86	-0.4956191719672032	true
15	0.87	-0.49482916786029807	true
15	0.88	-0.4940096484289598	true
15	0.89	-0.49316070564818304	true
15	0.9	-0.4922824326128197	true
15	0.91	-0.4913749235115754	true
15	0.92	-0.49043827360085257	true
15	0.93	-0.48947257917846443	true
15	0.94	-0.4884779375572246	true
15	0.95	-0.4874544470384392	true
15	0.96	-0.48640220688530533	true
15	0.97	-0.4853213172962383	true
15	0.98	-0.4842118793781358	true
15	0.99	-0.48307399511960325	true
15	1.0	-0.4819077673641401	true
16	0.0	-0.41433553033127085	true
16	0.01	-0.4159244990965554	true
16	0.02	-0.41747946294980515	true
16	0.03	-0.41900045523804463	true
16	0.04	-0.4204875099483153	true
16	0.05	-0.4219406617120781	true
16	0.06	-0.42335994580927394	true
16	0.07	-0.4247453981720436	true
16	0.08	-0.4260970553881094	true
16	0.09	-0.42741495470382396	true
16	0.1	-0.4286991340268871	true
16	0.11	-0.4299496319287378	true
16	0.12	-0.4311664876466195	true
16	0.13	-0.4323497410853296	true
16	0.14	-0.43349943281864817	true
16	0.15	-0.4346156040904571	true
16	0.16	-0.4356982968155492	true
16	0.17	-0.43674755358013223	true
16	0.18	-0.43776341764203086	true
16	0.19	-0.43874593293059266	true
16	0.2	-0.4396951440462993	true
16	0.21	-0.4406110962600879	true
16	0.22	-0.4414938355123884	true
16	0.23	-0.4423434084118779	true
16	0.24	-0.44315986223395765	true
16	0.25	-0.44394324491895787	true
16	0.26	-0.4446936050700727	true
16	0.27	-0.4454109919510306	true
16	0.28	-0.4460954554835036	true
16	0.29	-0.4467470462442623	true
16	0.3	-0.44736581546207677	true
16	0.31	-0.4479518150143714	true
16	0.32	-0.44850509742363787	true
16	0.33	-0.4490257158536065	true
16	0.34	-0.44951372410518753	true
16	0.35	-0.4499691766121803	true
16	0.36	-0.45039212843676024	true
16	0.37	-0.45078263526474294	true
16	0.38	-0.4511407534006363	true
16	0.39	-0.4514665397624783	true
16	0.4	-0.4517600518764726	true
16	0.41	-0.45202134787141957	true
16	0.42	-0.4522504864729542	true
16	0.43	-0.45244752699758906	true
16	0.44	-0.45261252934657414	true
16	0.45	-0.4527455539995714	true
16	0.46	-0.45284666200815415	true
16	0.47	-0.45291591498913397	true
16	0.48	-0.45295337511772016	true
16	0.49	-0.4529591051205175	true
16	0.5	-0.4529331682683635	true
16	0.51	-0.45287562836901896	true
16	0.52	-0.4527865497597032	true
16	0.53	-0.4526659972994942	true
16	0.54	-0.45251403636158405	true
16	0.55	-0.4523307328254069	true
16	0.56	-0.45211615306863595	true
16	0.57	-0.45187036395905644	true
16	0.58	-0.451593432846324	true
16	0.59	-0.45128542755360557	true
16	0.6	-0.4509464163691148	true
16	0.61	-0.45057646803754237	true
16	0.62	-0.45017565175138796	true
16	0.63	-0.44974403714219724	true
16	0.64	-0.4492816942717106	true
16	0.65	-0.4487886936229286	true
16	0.66	-0.4482651060910938	true
16	0.67	-0.4477110029746032	true
16	0.68	-0.4471264559658452	true
16	0.69	-0.4465115371419732	true
16	0.7	-0.4458663189556191	true
16	0.71	-0.4451908742255488	true
16	0.72	-0.44448527612726685	true
16	0.73	-0.4437495981835715	true
16	0.74	-0.4429839142550711	true
16	0.75	-0.44218829853065866	true
16	0.76	-0.4413628255179518	true
16	0.77	-0.44050757003370666	true
16	0.78	-0.43962260719420265	true
16	0.79	-0.43870801240560864	true
16	0.8	-0.43776386135433043	true
16	0.81	-0.43679022999734385	true
16	0.82	-0.4357871945525267	true
16	0.83	-0.43475483148897176	true
16	0.84	-0.4336932175173187	true
16	0.85	-0.43260242958006767	true
16	0.86	-0.4314825448419166	true
16	0.87	-0.4303336406801006	true
16	0.88	-0.4291557946747493	true
16	0.89	-0.4279490845992604	true
16	0.9	-0.42671358841069806	true
16	0.91	-0.42544938424021095	true
16	0.92	-0.4241565503834872	true
16	0.93	-0.42283516529123455	true
16	0.94	-0.42148530755969915	true
16	0.95	-0.42010705592122277	true
16	0.96	-0.4187004892348445	true
16	0.97	-0.41726568647694373	true
16	0.98	-0.41580272673193	true
16	0.99	-0.41431168918299477	true
16	1.0	-0.41279265310290425	true
17	0.0	-0.4033898173458111	true
17	0.01	-0.40412466127999574	true
17	0.02	-0.4048241489369082	true
17	0.03	-0.4054883420037652	true
17	0.04	-0.40611730191122697	true
17	0.05	-0.4067110898400763	true
17	0.06	-0.40726976672771675	true
17	0.07	-0.40779339327450526	true
17	0.08	-0.408282029949916	true
17	0.09	-0.4087357369985467	true
17	0.1	-0.4091545744459684	true
17	0.11	-0.4095386021044258	true
17	0.12	-0.4098878795783902	true
17	0.13	-0.4102024662699734	true
17	0.14	-0.4104824213842015	true
17	0.15	-0.41072780393415903	true
17	0.16	-0.4109386727460013	true
17	0.17	-0.41111508646384315	true
17	0.18	-0.41125710355452555	true
17	0.19	-0.41136478231226564	true
17	0.2	-0.4114381808631903	true
17	0.21	-0.41147735716976114	true
17	0.22	-0.41148236903508995	true
17	0.23	-0.41145327410715193	true
17	0.24	-0.4113901298828927	true
17	0.25	-0.4112929937122429	true
17	0.26	-0.4111619228020317	true
17	0.27	-0.41099697421981096	true
17	0.28	-0.410798204897585	true
17	0.29	-0.4105656716354569	true
17	0.3	-0.4102994311051852	true
17	0.31	-0.4099995398536592	true
17	0.32	-0.4096660543062939	true
17	0.33	-0.40929903077034535	true
17	0.34	-0.40889852543814753	true
17	0.35	-0.4084645943902788	true
17	0.36	-0.4079972935986512	true
17	0.37	-0.40749667892953145	true
17	0.38	-0.4069628061464926	true
17	0.39	-0.40639573091329617	true
17	0.4	-0.4057955087967138	true
17	0.41	-0.4051621952692789	true
17	0.42	-0.40449584571197794	true
17	0.43	-0.4037965154168841	true
17	0.44	-0.40306425958972625	true
17	0.45	-0.4022991333524051	true
17	0.46	-0.4015011917454454	true
17	0.47	-0.4006704897304021	true
17	0.48	-0.39980708219220373	true
17	0.49	-0.3989110239414486	true
17	0.5	-0.39798236971664713	true
17	0.51	-0.3970211741864127	true
17	0.52	-0.3960274919516047	true
17	0.53	-0.3950013775474226	true
17	0.54	-0.39394288544545275	true
17	0.55	-0.39285207005566636	true
17	0.56	-0.39172898572837855	true
17	0.57	-0.3905736867561549	true
17	0.58	-0.38938622737567985	true
17	0.59	-0.3881666617695809	true
17	0.6	-0.3869150440682103	true
17	0.61	-0.38563142835138753	true
17	0.62	-0.38431586865010003	true
17	0.63	-0.3829684189481657	true
17	0.64	-0.38158913318385523	true
17	0.65	-0.38017806525147924	true
17	0.66	-0.3787352690029364	true
17	0.67	-0.377260798249226	true
17	0.68	-0.375754706761924	true
17	0.69	-0.37421704827462565	true
17	0.7	-0.3726478764843535	true
17	0.71	-0.37104724505292985	true
17	0.72	-0.36941520760832014	true
17	0.73	-0.36775181774594023	true
17	0.74	-0.3660571290299337	true
17	0.75	-0.3643311949944199	true
17	0.76	-0.3625740691447066	true
17	0.77	-0.3607858049584802	true
17	0.78	-0.3589664558869572	true
17	0.79	-0.35711607535601964	true
17	0.8	-0.3552347167673062	true
17	0.81	-0.3533224334992946	true
17	0.82	-0.35137927890833764	true
17	0.83	-0.3494053063296898	true
17	0.84	-0.3474005690784996	true
17	0.85	-0.3453651204507733	true
17	0.86	-0.3432990137243226	true
17	0.87	-0.3412023021596835	true
17	0.88	-0.33907503900101155	true
17	0.89	-0.3369172774769531	true
17	0.9	-0.33472907080149517	true
17	0.91	-0.33251047217479446	true
17	0.92	-0.33026153478398435	true
17	0.93	-0.32798231180395554	true
17	0.94	-0.3256728563981248	true
17	0.95	-0.32333322171917667	true
17	0.96	-0.320963460909788	true
17	0.97	-0.31856362710333563	true
17	0.98	-0.31613377342458104	true
17	0.99	-0.31367395299034007	true
17	1.0	-0.31118421891013215	true
18	0.0	-0.28874643059991084	true
18	0.01	-0.29042002062350186	true
18	0.02	-0.29204384136684675	true
18	0.03	-0.29361799623689067	true
18	0.04	-0.29514258850905495	true
18	0.05	-0.2966177213440836	true
18	0.06	-0.2980434978038727	true
18	0.07	-0.2994200208663104	true
18	0.08	-0.30074739343915935	true
18	0.09	-0.3020257183730124	true
18	0.1	-0.3032550984733451	true
18	0.11	-0.30443563651170163	true
18	0.12	-0.30556743523603536	true
18	0.13	-0.3066505973802353	true
18	0.14	-0.3076852256728648	true
18	0.15	-0.3086714228451385	true
18	0.16	-0.30960929163816436	true
18	0.17	-0.31049893480947716	true
18	0.18	-0.31134045513888753	true
18	0.19	-0.31213395543367034	true
18	0.2	-0.31287953853312056	true
18	0.21	-0.3135773073124952	true
18	0.22	-0.314227364686369	true
18	0.23	-0.31482981361142315	true
18	0.24	-0.31538475708869285	true
18	0.25	-0.31589229816529185	true
18	0.26	-0.3163525399356385	true
18	0.27	-0.31676558554220124	true
18	0.28	-0.317131538175788	true
18	0.29	-0.31745050107539274	true
18	0.3	-0.31772257752762734	true
18	0.31	-0.3179478708657495	true
18	0.32	-0.31812648446831104	true
18	0.33	-0.3182585217574413	true
18	0.34	-0.3183440861967849	true
18	0.35	-0.3183832812891104	true
18	0.36	-0.31837621057360765	true
18	0.37	-0.31832297762288664	true
18	0.38	-0.31822368603970086	true
18	0.39	-0.3180784394534013	true
18	0.4	-0.3178873415161445	true
18	0.41	-0.31765049589886396	true
18	0.42	-0.31736800628702233	true
18	0.43	-0.31703997637615533	true
18	0.44	-0.3166665098672232	true
18	0.45	-0.3162477104617829	true
18	0.46	-0.315783681856991	true
18	0.47	-0.3152745277404523	true
18	0.48	-0.31472035178492663	true
18	0.49	-0.3141212576428998	true
18	0.5	-0.3134773489410403	true
18	0.51	-0.3127887292745415	true
18	0.52	-0.3120555022013669	true
18	0.53	-0.3112777712364072	true
18	0.54	-0.310455639845558	true
18	0.55	-0.3095892114397283	true
18	0.56	-0.3086785893687889	true
18	0.57	-0.30772387691547287	true
18	0.58	-0.30672517728922677	true
18	0.59	-0.30568259362003825	true
18	0.6	-0.3045962289522288	true
18	0.61	-0.3034661862382335	true
18	0.62	-0.3022925683323694	true
18	0.63	-0.301075477984601	true
18	0.64	-0.2998150178343104	true
18	0.65	-0.29851129040407653	true
18	0.66	-0.2971643980934724	true
18	0.67	-0.2957744431728897	true
18	0.68	-0.2943415277773853	true
18	0.69	-0.29286575390057235	true
18	0.7	-0.291347223388543	true
18	0.71	-0.2897860379338504	true
18	0.72	-0.2881822990695264	true
18	0.73	-0.28653610816316877	true
18	0.74	-0.2848475664110883	true
18	0.75	-0.2831167748325125	true
18	0.76	-0.2813438342638708	true
18	0.77	-0.2795288453531497	true
18	0.78	-0.2776719085543249	true
18	0.79	-0.27577312412187993	true
18	0.8	-0.2738325921054088	true
18	0.81	-0.27185041234430596	true
18	0.82	-0.2698266844625552	true
18	0.83	-0.26776150786360864	true
18	0.84	-0.2656549817253686	true
18	0.85	-0.26350720499527247	true
18	0.86	-0.2613182763854778	true
18	0.87	-0.2590882943681576	true
18	0.88	-0.25681735717091314	true
18	0.89	-0.2545055627722803	true
18	0.9	-0.2521530088973716	true
18	0.91	-0.2497597930136224	true
18	0.92	-0.24732601232665719	true
18	0.93	-0.2448517637762797	true
18	0.94	-0.24233714403258544	true
18	0.95	-0.23978224949219307	true
18	0.96	-0.23718717627460473	true
18	0.97	-0.23455202021869725	true
18	0.98	-0.231876876879332	true
18	0.99	-0.22916184152410501	true
18	1.0	-0.22640700913021883	true
19	0.0	-0.2672967332108438	true
19	0.01	-0.269725100628018	true
19	0.02	-0.2720783855645119	true
19	0.03	-0.2743566050620742	true
19	0.04	-0.27655978125235303	true
19	0.05	-0.27868794141248066	true
19	0.06	-0.2807411180165327	true
19	0.07	-0.2827193487828297	true
19	0.08	-0.2846226767170473	true
19	0.09	-0.2864511501511096	true
19	0.1	-0.2882048227778423	true
19	0.11	-0.2898837536813708	true
19	0.12	-0.2914880073632467	true
19	0.13	-0.29301765376430206	true
19	0.14	-0.2944727682822209	true
19	0.15	-0.29585343178483936	true
19	0.16	-0.29715973061917367	true
19	0.17	-0.29839175661619666	true
19	0.18	-0.29954960709137457	true
19	0.19	-0.30063338484099034	true
19	0.2	-0.3016431981342794	true
19	0.21	-0.30257916070141244	true
19	0.22	-0.3034413917173604	true
19	0.23	-0.3042300157816866	true
19	0.24	-0.3049451628943113	true
19	0.25	-0.30558696842730004	true
19	0.26	-0.30615557309273533	true
19	0.27	-0.3066511229067278	true
19	0.28	-0.307073769149635	true
19	0.29	-0.30742366832255785	true
19	0.3	-0.3077009821001835	true
19	0.31	-0.307905877280057	true
19	0.32	-0.3080385257283611	true
19	0.33	-0.3080991043222864	true
19	0.34	-0.30808779488908256	true
19	0.35	-0.30800478414188304	true
19	0.36	-0.30785026361239454	true
19	0.37	-0.30762442958054903	true
19	0.38	-0.30732748300122226	true
19	0.39	-0.30695962942811605	true
19	0.4	-0.30652107893491487	true
19	0.41	-0.3060120460338167	true
19	0.42	-0.3054327495915581	true
19	0.43	-0.30478341274303045	true
19	0.44	-0.30406426280261445	true
19	0.45	-0.3032755311733333	true
19	0.46	-0.302417453253951	true
19	0.47	-0.30149026834412185	true
19	0.48	-0.3004942195477167	true
19	0.49	-0.29942955367443447	true
19	0.5	-0.2982965211398241	true
19	0.51	-0.2970953758638297	true
19	0.52	-0.29582637516797883	true
19	0.53	-0.2944897796713297	true
19	0.54	-0.2930858531852958	true
19	0.55	-0.2916148626074657	true
19	0.56	-0.2900770778145272	true
19	0.57	-0.2884727715544213	true
19	0.58	-0.28680221933782857	true
19	0.59	-0.28506569932910675	true
19	0.6	-0.28326349223679204	true
19	0.61	-0.2813958812037656	true
19	0.62	-0.2794631516972006	true
19	0.63	-0.2774655913983963	true
19	0.64	-0.27540349009259213	true
19	0.65	-0.27327713955888044	true
19	0.66	-0.2710868334602996	true
19	0.67	-0.2688328672342233	true
19	0.68	-0.2665155379831239	true
19	0.69	-0.2641351443658142	true
19	0.7	-0.2616919864892544	true
19	0.71	-0.2591863658010052	true
19	0.72	-0.25661858498242607	true
19	0.73	-0.25398894784268444	true
19	0.74	-0.2512977592136636	true
19	0.75	-0.24854532484585068	true
19	0.76	-0.2457319513052627	true
19	0.77	-0.24285794587149478	true
19	0.78	-0.23992361643695226	true
19	0.79	-0.23692927140733522	true
19	0.8	-0.2338752196034246	true
19	0.81	-0.23076177016425126	true
19	0.82	-0.22758923245167484	true
19	0.83	-0.2243579159564537	true
19	0.84	-0.2210681302058286	true
19	0.85	-0.2177201846726895	true
19	0.86	-0.21431438868635544	true
19	0.87	-0.21085105134500903	true
19	0.88	-0.20733048142982957	true
19	0.89	-0.20375298732085412	true
19	0.9	-0.20011887691460517	true
19	0.91	-0.19642845754349958	true
19	0.92	-0.1926820358970871	true
19	0.93	-0.18887991794512082	true
19	0.94	-0.18502240886249943	true
19	0.95	-0.18110981295608175	true
19	0.96	-0.1771424335934073	true
19	0.97	-0.17312057313332474	true
19	0.98	-0.1690445328585426	true
19	0.99	-0.16491461291010978	true
19	1.0	-0.16073111222384506	true
20	0.0	-0.224504670428949	true
20	0.01	-0.22628562417626227	true
20	0.02	-0.22798739035270862	true
20	0.03	-0.22961025114343614	true
20	0.04	-0.23115448544745326	true
20	0.05	-0.23262036894798638	true
20	0.06	-0.23400817418321979	true
20	0.07	-0.23531817061730928	true
20	0.08	-0.23655062471156937	true
20	0.09	-0.23770579999574354	true
20	0.1	-0.23878395713926237	true
20	0.11	-0.23978535402240436	true
20	0.12	-0.24071024580727896	true
20	0.13	-0.24155888500855133	true
20	0.14	-0.24233152156383736	true
20	0.15	-0.2430284029036962	true
20	0.16	-0.24364977402115479	true
20	0.17	-0.24419587754070482	true
20	0.18	-0.244666953786708	true
20	0.19	-0.24506324085115716	true
20	0.2	-0.24538497466074083	true
20	0.21	-0.24563238904316143	true
20	0.22	-0.24580571579266242	true
20	0.23	-0.24590518473472123	true
20	0.24	-0.24593102378986453	true
20	0.25	-0.2458834590365795	true
20	0.26	-0.24576271477327205	true
20	0.27	-0.2455690135792543	true
20	0.28	-0.24530257637472153	true
20	0.29	-0.24496362247970238	true
20	0.3	-0.24455236967194627	true
20	0.31	-0.24406903424373827	true
20	0.32	-0.24351383105761293	true
20	0.33	-0.24288697360095468	true
20	0.34	-0.24218867403946476	true
20	0.35	-0.24141914326948766	true
20	0.36	-0.2405785909691769	true
20	0.37	-0.23966722564849996	true
20	0.38	-0.23868525469806334	true
20	0.39	-0.23763288443676212	true
20	0.4	-0.23651032015824058	true
20	0.41	-0.23531776617616362	true
20	0.42	-0.2340554258683003	true
20	0.43	-0.23272350171941047	true
20	0.44	-0.23132219536294452	true
20	0.45	-0.22985170762155183	true
20	0.46	-0.2283122385464018	true
20	0.47	-0.22670398745532538	true
20	0.48	-0.22502715296977938	true
20	0.49	-0.22328193305063815	true
20	0.5	-0.22146852503282477	true
20	0.51	-0.2195871256587869	true
20	0.52	-0.2176379311108243	true
20	0.53	-0.21562113704228714	true
20	0.54	-0.21353693860764134	true
20	0.55	-0.21138553049142517	true
20	0.56	-0.20916710693610585	true
20	0.57	-0.20688186176884504	true
20	0.58	-0.20452998842719006	true
20	0.59	-0.20211167998370527	true
20	0.6	-0.19962712916955994	true
20	0.61	-0.19707652839707768	true
20	0.62	-0.19446006978128438	true
20	0.63	-0.1917779451604411	true
20	0.64	-0.18903034611560954	true
20	0.65	-0.18621746398924355	true
20	0.66	-0.18333948990283488	true
20	0.67	-0.18039661477363111	true
20	0.68	-0.1773890293304392	true
20	0.69	-0.17431692412853694	true
20	0.7	-0.17118048956370657	true
20	0.71	-0.1679799158854176	true
20	0.72	-0.16471539320916673	true
20	0.73	-0.161387111528001	true
20	0.74	-0.15799526072324532	true
20	0.75	-0.1545400305744491	true
20	0.76	-0.15102161076856913	true
20	0.77	-0.14744019090842242	true
20	0.78	-0.14379596052040888	true
20	0.79	-0.14008910906153993	true
20	0.8	-0.13631982592578495	true
20	0.81	-0.132488300449757	true
20	0.82	-0.12859472191776256	true
20	0.83	-0.12463927956622278	true
20	0.84	-0.12062216258750125	true
20	0.85	-0.1165435601331497	true
20	0.86	-0.11240366131659041	true
20	0.87	-0.10820265521525796	true
20	0.88	-0.10394073087222333	true
20	0.89	-0.09961807729731254	true
20	0.9	-0.09523488346773812	true
20	0.91	-0.09079133832827901	true
20	0.92	-0.08628763079100521	true
20	0.93	-0.08172394973458053	true
20	0.94	-0.07710048400315994	true
20	0.95	-0.07241742240489746	true
20	0.96	-0.06767495371008181	true
20	0.97	-0.06287326664892623	true
20	0.98	-0.05801254990901761	true
20	0.99	-0.05309299213245389	true
20	1.0	-0.04811478191268037	true
21	0.0	-0.1880992876248528	true
21	0.01	-0.19003498211936032	true
21	0.02	-0.19186866732798605	true
21	0.03	-0.19360059706467955	true
21	0.04	-0.19523102475202864	true
21	0.05	-0.1967602035152678	true
21	0.06	-0.1981883862734472	true
21	0.07	-0.19951582582768998	true
21	0.08	-0.20074277494647885	true
21	0.09	-0.20186948644791014	true
21	0.1	-0.2028962132788733	true
21	0.11	-0.20382320859110586	true
21	0.12	-0.20465072581409416	true
21	0.13	-0.20537901872478415	true
21	0.14	-0.20600834151408381	true
21	0.15	-0.2065389488501317	true
21	0.16	-0.2069710959383284	true
21	0.17	-0.207305038578113	true
21	0.18	-0.20754103321649042	true
21	0.19	-0.2076793369983101	true
21	0.2	-0.20772020781330125	true
21	0.21	-0.20766390433988036	true
21	0.22	-0.20751068608574674	true
21	0.23	-0.20726081342528635	true
21	0.24	-0.20691454763380945	true
21	0.25	-0.20647215091865168	true
21	0.26	-0.20593388644717292	true
21	0.27	-0.2053000183716862	true
21	0.28	-0.2045708118513606	true
21	0.29	-0.20374653307113966	true
21	0.3	-0.20282744925772356	true
21	0.31	-0.20181382869265918	true
21	0.32	-0.20070594072259906	true
21	0.33	-0.19950405576677133	true
21	0.34	-0.19820844532173365	true
21	0.35	-0.1968193819634554	true
21	0.36	-0.19533713934679908	true
21	0.37	-0.19376199220246426	true
21	0.38	-0.19209421633145385	true
21	0.39	-0.19033408859713608	true
21	0.4	-0.18848188691497159	true
21	0.41	-0.1865378902399677	true
21	0.42	-0.18450237855194485	true
21	0.43	-0.18237563283867675	true
21	0.44	-0.1801579350769842	true
21	0.45	-0.17784956821185793	true
21	0.46	-0.17545081613368252	true
21	0.47	-0.1729619636536459	true
21	0.48	-0.17038329647739991	true
21	0.49	-0.16771510117706168	true
21	0.5	-0.1649576651616289	true
21	0.51	-0.16211127664588365	true
21	0.52	-0.15917622461787184	true
21	0.53	-0.15615279880502997	true
21	0.54	-0.15304128963903896	true
21	0.55	-0.14984198821949057	true
21	0.56	-0.14655518627643338	true
21	0.57	-0.14318117613187953	true
21	0.58	-0.1397202506603632	true
21	0.59	-0.13617270324860575	true
21	0.6	-0.13253882775437598	true
21	0.61	-0.12881891846462468	true
21	0.62	-0.12501327005296092	true
21	0.63	-0.12112217753654386	true
21	0.64	-0.11714593623246783	true
21	0.65	-0.11308484171371402	true
21	0.66	-0.10893918976473138	true
21	0.67	-0.10470927633672256	true
21	0.68	-0.10039539750270654	true
21	0.69	-0.09599784941241962	true
21	0.7	-0.09151692824711999	true
21	0.71	-0.08695293017436834	true
21	0.72	-0.08230615130284269	true
21	0.73	-0.0775768876372469	true
21	0.74	-0.07276543503338084	true
21	0.75	-0.06787208915342235	true
21	0.76	-0.06289714542148861	true
21	0.77	-0.05784089897952205	true
21	0.78	-0.052703644643563585	true
21	0.79	-0.04748567686045968	true
21	0.8	-0.0421872896650588	true
21	0.81	-0.03680877663794391	true
21	0.82	-0.031350430863747114	true
21	0.83	-0.025812544890096767	true
21	0.84	-0.020195410687235515	true
21	0.85	-0.014499319608357375	true
21	0.86	-0.008724562350693077	true
21	0.87	-0.0028714289174063268	true
21	0.88	0.0030597914196994758	true
21	0.89	0.009068810156588558	true
21	0.9	0.01515533959251325	true
21	0.91	0.021319092864595213	true
21	0.92	0.027559783981447872	true
21	0.93	0.033877127855812095	true
21	0.94	0.040270840336170455	true
21	0.95	0.04674063823732899	true
21	0.96	0.05328623936993093	true
21	0.97	0.059907362568886846	true
21	0.98	0.06660372772070744	true
21	0.99	0.07337505578970971	true
21	1.0	0.08022106884308933	true
22	0.0	-0.1669287454129282	true
22	0.01	-0.16899555575863143	true
22	0.02	-0.17092519499230885	true
22	0.03	-0.17271818923032584	true
22	0.04	-0.1743750691049348	true
22	0.05	-0.17589636965176758	true
22	0.06	-0.17728263019186088	true
22	0.07	-0.17853439420843586	true
22	0.08	-0.1796522092186656	true
22	0.09	-0.1806366266406696	true
22	0.1	-0.18148820165598345	true
22	0.11	-0.18220749306775352	true
22	0.12	-0.18279506315491428	true
22	0.13	-0.18325147752260934	true
22	0.14	-0.18357730494911917	true
22	0.15	-0.18377311722955925	true
22	0.16	-0.18383948901662173	true
22	0.17	-0.18377699765862143	true
22	0.18	-0.18358622303511984	true
22	0.19	-0.18326774739039198	true
22	0.2	-0.18282215516500266	true
22	0.21	-0.1822500328257579	true
22	0.22	-0.1815519686942927	true
22	0.23	-0.1807285527745549	true
22	0.24	-0.17978037657943913	true
22	0.25	-0.17870803295682702	true
22	0.26	-0.17751211591527782	true
22	0.27	-0.1761932204496115	true
22	0.28	-0.17475194236662794	true
22	0.29	-0.173188878111189	true
22	0.3	-0.1715046245928924	true
22	0.31	-0.16969977901356081	true
22	0.32	-0.1677749386957561	true
22	0.33	-0.16573070091253195	true
22	0.34	-0.16356766271862222	true
22	0.35	-0.16128642078326583	true
22	0.36	-0.15888757122484765	true
22	0.37	-0.15637170944754564	true
22	0.38	-0.15373942998015155	true
22	0.39	-0.15099132631723378	true
22	0.4	-0.14812799076280458	true
22	0.41	-0.1451500142766382	true
22	0.42	-0.14205798632338995	true
22	0.43	-0.13885249472465078	true
22	0.44	-0.13553412551406807	true
22	0.45	-0.1321034627956581	true
22	0.46	-0.12856108860541937	true
22	0.47	-0.12490758277636616	true
22	0.48	-0.12114352280707297	true
22	0.49	-0.11726948373382817	true
22	0.5	-0.11328603800649106	true
22	0.51	-0.10919375536812304	true
22	0.52	-0.10499320273847323	true
22	0.53	-0.10068494410138129	true
22	0.54	-0.0962695403961713	true
22	0.55	-0.09174754941306995	true
22	0.56	-0.08711952569271952	true
22	0.57	-0.08238602042981391	true
22	0.58	-0.07754758138090123	true
22	0.59	-0.0726047527763809	true
22	0.6	-0.06755807523672441	true
22	0.61	-0.06240808569293099	true
22	0.62	-0.05715531731124823	true
22	0.63	-0.05180029942214537	true
22	0.64	-0.046343557453567996	true
22	0.65	-0.04078561286845206	true
22	0.66	-0.03512698310650997	true
22	0.67	-0.029368181530256443	true
22	0.68	-0.023509717375297168	true
22	0.69	-0.017552095704808757	true
22	0.7	-0.011495817368246009	true
22	0.71	-0.005341378964200061	true
22	0.72	0.0009107271925925531	true
22	0.73	0.0072600131001325785	true
22	0.74	0.013705995093977297	true
22	0.75	0.02024819386802612	true
22	0.76	0.0268861344913236	true
22	0.77	0.03361934642093134	true
22	0.78	0.04044736351090039	true
22	0.79	0.04736972401743289	true
22	0.8	0.05438597060024586	true
22	0.81	0.061495650320236184	true
22	0.82	0.06869831463348053	true
22	0.83	0.07599351938164789	true
22	0.84	0.0833808247788892	true
22	0.85	0.09085979539527145	true
22	0.86	0.09843000013682257	true
22	0.87	0.10609101222227446	true
22	0.88	0.11384240915655575	true
22	0.89	0.12168377270113684	true
22	0.9	0.12961468884128902	true
22	0.91	0.13763474775033613	true
22	0.92	0.14574354375099308	true
22	0.93	0.1539406752738648	true
22	0.94	0.1622257448131923	true
22	0.95	0.17059835887992714	true
22	0.96	0.17905812795223364	true
22	0.97	0.1876046664234967	true
22	0.98	0.19623759254791162	true
22	0.99	0.2049565283837831	true
22	1.0	0.21376109973458401	true
25	0.0	-0.7366918676618942	true
25	0.01	-0.7474094315906713	true
25	0.02	-0.7581979248469378	true
25	0.03	-0.7690587851053725	true
25	0.04	-0.7799934810301729	true
25	0.05	-0.7910035128478605	true
25	0.06	-0.8020904129081459	true
25	0.07	-0.8132557462293684	true
25	0.08	-0.8245011110245638	true
25	0.09	-0.8358281392037206	true
25	0.1	-0.8472384968471985	true
25	0.11	-0.8587338846446743	true
25	0.12	-0.8703160382932559	true
25	0.13	-0.8819867288476233	true
25	0.14	-0.8937477630141738	true
25	0.15	-0.9056009833801604	true
25	0.16	-0.9175482685677123	true
25	0.17	-0.9295915333013987	true
25	0.18	-0.9417327283766113	true
25	0.19	-0.9539738405145216	true
25	0.2	-0.9663168920876293	true
25	0.21	-0.9787639406980135	true
25	0.22	-0.9913170785882437	true
25	0.23	-1.0039784318625067	true
25	0.24	-1.0167501594928205	true
25	0.25	-1.0296344520822096	true
25	0.26	-1.0426335303533507	true
25	0.27	-1.055749643327456	true
25	0.28	-1.0689850661539566	true
25	0.29	-1.082342097546867	true
25	0.3	-1.0958230567784584	true
25	0.31	-1.1094302801750278	true
25	0.32	-1.123166117052981	true
25	0.33	-1.1370329250261622	true
25	0.34	-1.1510330646071818	true
25	0.35	-1.165168893016396	true
25	0.36	-1.179442757102038	true
25	0.37	-1.193856985263674	true
25	0.38	-1.2084138782585614	true
25	0.39	-1.2231156987564769	true
25	0.4	-1.2379646594930014	true
25	0.41	-1.252962909853991	true
25	0.42	-1.2681125207048412	true
25	0.43	-1.2834154672570204	true
25	0.44	-1.2988736097410682	true
25	0.45	-1.31448867162965	true
25	0.46	-1.3302622151262269	true
25	0.47	-1.3461956136043098	true
25	0.48	-1.3622900206490647	true
25	0.49	-1.3785463353171774	true
25	0.5	-1.3949651631924973	true
25	0.51	-1.4115467727741504	true
25	0.52	-1.4282910466909464	true
25	0.53	-1.4451974271914618	true
25	0.54	-1.4622648553139639	true
25	0.55	-1.4794917030954433	true
25	0.56	-1.496875698135971	true
25	0.57	-1.5144138397954583	true
25	0.58	-1.5321023062673804	true
25	0.59	-1.5499363517517142	true
25	0.6	-1.567910192941771	true
25	0.61	-1.5860168840525575	true
25	0.62	-1.6042481796590504	true
25	0.63	-1.6225943846901534	true
25	0.64	-1.6410441910490843	true
25	0.65	-1.6595845005164582	true
25	0.66	-1.6782002338537518	true
25	0.67	-1.6968741263798734	true
25	0.68	-1.7155865107621493	true
25	0.69	-1.7343150883669287	true
25	0.7	-1.7530346912769668	true
25	0.71	-1.7717170380250544	true
25	0.72	-1.7903304872358188	true
25	0.73	-1.8088397947241697	true
25	0.74	-1.8272058811736338	true
25	0.75	-1.8453856192991955	true
25	0.76	-1.8633316513532763	true
25	0.77	-1.8809922498956109	true
25	0.78	-1.8983112368143225	true
25	0.79	-1.915227977505419	true
25	0.8	-1.9316774686865057	true
25	0.81	-1.9475905392774604	true
25	0.82	-1.9628941838157354	true
25	0.83	-1.9775120466421567	true
25	0.84	-1.9913650722455711	true
25	0.85	-2.004372332383832	true
25	0.86	-2.016452033699232	true
25	0.87	-2.0275227004885097	true
25	0.88	-2.0375045162901175	true
25	0.89	-2.046320795544037	true
25	0.9	-2.053899543630747	true
25	0.91	-2.0601750512903267	true
25	0.92	-2.065089459168658	true
25	0.93	-2.0685942215057245	true
25	0.94	-2.0706513960826247	true
25	0.95	-2.07123469138794	true
25	0.96	-2.070330211837474	true
25	0.97	-2.067936857312151	true
25	0.98	-2.064066353024268	true
25	0.99	-2.0587429079038513	true
25	1.0	-2.052002522063895	true
26	0.0	-1.0956735258450723	true
26	0.01	-1.1011967205603346	true
26	0.02	-1.1067047140748862	true
26	0.03	-1.1121971617854762	true
26	0.04	-1.1176737103741343	true
26	0.05	-1.1231339976511008	true
26	0.06	-1.128577652397456	true
26	0.07	-1.1340042942076218	true
26	0.08	-1.1394135333319115	true
26	0.09	-1.144804970519319	true
26	0.1	-1.150178196860748	true
26	0.11	-1.1555327936328954	true
26	0.12	-1.1608683321430087	true
26	0.13	-1.1661843735747637	true
26	0.14	-1.1714804688355103	true
26	0.15	-1.1767561584051476	true
26	0.16	-1.182010972186912	true
26	0.17	-1.1872444293603686	true
26	0.18	-1.1924560382369123	true
26	0.19	-1.1976452961181034	true
26	0.2	-1.2028116891571712	true
26	0.21	-1.2079546922240385	true
26	0.22	-1.213073768774238	true
26	0.23	-1.218168370722099	true
26	0.24	-1.2232379383186085	true
26	0.25	-1.2282819000343566	true
26	0.26	-1.2332996724480052	true
26	0.27	-1.238290660140717	true
26	0.28	-1.24325425559702	true
26	0.29	-1.2481898391125759	true
26	0.3	-1.2530967787093565	true
26	0.31	-1.2579744300587334	true
26	0.32	-1.2628221364130083	true
26	0.33	-1.2676392285459284	true
26	0.34	-1.272425024702736	true
26	0.35	-1.2771788305603295	true
26	0.36	-1.281899939198114	true
26	0.37	-1.2865876310801365	true
26	0.38	-1.2912411740491174	true
26	0.39	-1.295859823332993	true
26	0.4	-1.3004428215646011	true
26	0.41	-1.3049893988151395	true
26	0.42	-1.3094987726420508	true
26	0.43	-1.3139701481519777	true
26	0.44	-1.3184027180794446	true
26	0.45	-1.3227956628819266	true
26	0.46	-1.327148150851956	true
26	0.47	-1.331459338246936	true
26	0.48	-1.3357283694373037	true
26	0.49	-1.339954377073699	true
26	0.5	-1.3441364822737782	true
26	0.51	-1.3482737948293018	true
26	0.52	-1.3523654134341176	true
26	0.53	-1.3564104259336363	true
26	0.54	-1.3604079095963861	true
26	0.55	-1.3643569314082076	true
26	0.56	-1.3682565483896227	true
26	0.57	-1.3721058079368857	true
26	0.58	-1.3759037481871932	true
26	0.59	-1.3796493984084903	true
26	0.6	-1.3833417794142768	true
26	0.61	-1.386979904003767	true
26	0.62	-1.390562777427717	true
26	0.63	-1.3940893978801772	true
26	0.64	-1.3975587570163779	true
26	0.65	-1.4009698404968904	true
26	0.66	-1.4043216285581537	true
26	0.67	-1.4076130966093794	true
26	0.68	-1.4108432158557864	true
26	0.69	-1.4140109539480377	true
26	0.7	-1.417115275657679	true
26	0.71	-1.4201551435782869	true
26	0.72	-1.42312951885197	true
26	0.73	-1.426037361920756	true
26	0.74	-1.428877633302328	true
26	0.75	-1.4316492943894616	true
26	0.76	-1.4343513082724382	true
26	0.77	-1.4369826405835977	true
26	0.78	-1.4395422603631018	true
26	0.79	-1.4420291409448807	true
26	0.8	-1.4444422608616296	true
26	0.81	-1.4467806047676262	true
26	0.82	-1.449043164378037	true
26	0.83	-1.4512289394232778	true
26	0.84	-1.4533369386169013	true
26	0.85	-1.4553661806353797	true
26	0.86	-1.4573156951080635	true
26	0.87	-1.459184523615498	true
26	0.88	-1.4609717206941975	true
26	0.89	-1.4626763548458903	true
26	0.9	-1.4642975095491673	true
26	0.91	-1.4658342842713958	true
26	0.92	-1.4672857954786944	true
26	0.93	-1.468651177641693	true
26	0.94	-1.4699295842347666	true
26	0.95	-1.4711201887263674	true
26	0.96	-1.4722221855580542	true
26	0.97	-1.4732347911097834	true
26	0.98	-1.47415724464901	true
26	0.99	-1.4749888092611338	true
26	1.0	-1.4757287727588282	true
27	0.0	-0.6911535825738615	true
27	0.01	-0.6986366408687078	true
27	0.02	-0.7061216477448184	true
27	0.03	-0.7136078939210726	true
27	0.04	-0.7210946329614255	true
27	0.05	-0.7285810798706505	true
27	0.06	-0.7360664096541737	true
27	0.07	-0.7435497558426127	true
27	0.08	-0.7510302089818155	true
27	0.09	-0.7585068150894141	true
27	0.1	-0.7659785740791399	true
27	0.11	-0.7734444381543957	true
27	0.12	-0.7809033101728665	true
27	0.13	-0.7883540419842396	true
27	0.14	-0.7957954327434387	true
27	0.15	-0.8032262272021213	true
27	0.16	-0.8106451139815738	true
27	0.17	-0.8180507238305347	true
27	0.18	-0.8254416278719217	true
27	0.19	-0.8328163358428924	true
27	0.2	-0.8401732943331733	true
27	0.21	-0.8475108850271051	true
27	0.22	-0.8548274229554147	true
27	0.23	-0.8621211547633059	true
27	0.24	-0.869390257002079	true
27	0.25	-0.8766328344521266	true
27	0.26	-0.8838469184858289	true
27	0.27	-0.8910304654795674	true
27	0.28	-0.8981813552847926	true
27	0.29	-0.9052973897688218	true
27	0.3	-0.9123762914368021	true
27	0.31	-0.9194157021470346	true
27	0.32	-0.9264131819326376	true
27	0.33	-0.933366207943296	true
27	0.34	-0.9402721735216176	true
27	0.35	-0.9471283874293659	true
27	0.36	-0.9539320732395729	true
27	0.37	-0.9606803689112351	true
27	0.38	-0.9673703265639427	true
27	0.39	-0.9739989124703897	true
27	0.4	-0.9805630072852416	true
27	0.41	-0.9870594065292685	true
27	0.42	-0.9934848213480032	true
27	0.43	-0.9998358795643936	true
27	0.44	-1.0061091270450213	true
27	0.45	-1.0123010293993826	true
27	0.46	-1.0184079740315077	true
27	0.47	-1.0244262725627626	true
27	0.48	-1.0303521636440574	true
27	0.49	-1.0361818161748253	true
27	0.5	-1.041911332945045	true
27	0.51	-1.0475367547152203	true
27	0.52	-1.0530540647476045	true
27	0.53	-1.0584591938000396	true
27	0.54	-1.0637480255915717	true
27	0.55	-1.0689164027464888	true
27	0.56	-1.0739601332206052	true
27	0.57	-1.0788749972104936	true
27	0.58	-1.0836567545429454	true
27	0.59	-1.088301152538218	true
27	0.6	-1.0928039343366638	true
27	0.61	-1.0971608476740915	true
27	0.62	-1.1013676540867827	true
27	0.63	-1.1054201385224491	true
27	0.64	-1.109314119328673	true
27	0.65	-1.113045458585521	true
27	0.66	-1.116610072744152	true
27	0.67	-1.1200039435284093	true
27	0.68	-1.1232231290516466	true
27	0.69	-1.1262637750964875	true
27	0.7	-1.1291221265009068	true
27	0.71	-1.1317945385900539	true
27	0.72	-1.1342774885896632	true
27	0.73	-1.136567586953823	true
27	0.74	-1.138661588537354	true
27	0.75	-1.1405564035411586	true
27	0.76	-1.1422491081577126	true
27	0.77	-1.143736954843432	true
27	0.78	-1.1450173821450003	true
27	0.79	-1.1460880240079265	true
27	0.8	-1.1469467184976474	true
27	0.81	-1.1475915158663699	true
27	0.82	-1.148020685902598	true
27	0.83	-1.148232724504852	true
27	0.84	-1.1482263594264144	true
27	0.85	-1.1480005551440344	true
27	0.86	-1.1475545168102173	true
27	0.87	-1.1468876932560312	true
27	0.88	-1.1459997790191183	true
27	0.89	-1.1448907153797319	true
27	0.9	-1.1435606903959854	true
27	0.91	-1.1420101379380099	true
27	0.92	-1.140239735729219	true
27	0.93	-1.1382504024112763	true
27	0.94	-1.1360432936574945	true
27	0.95	-1.133619797367205	true
27	0.96	-1.1309815279809479	true
27	0.97	-1.128130319963107	true
27	0.98	-1.1250682205047347	true
27	0.99	-1.1217974815047003	true
27	1.0	-1.1183205508919227	true
28	0.0	-0.8027743227266463	true
28	0.01	-0.8043549740442564	true
28	0.02	-0.8059161420050636	true
28	0.03	-0.8074577669006398	true
28	0.04	-0.8089797890114859	true
28	0.05	-0.8104821486092266	true
28	0.06	-0.8119647859587952	true
28	0.07	-0.8134276413206031	true
28	0.08	-0.8148706549526985	true
28	0.09	-0.8162937671129089	true
28	0.1	-0.8176969180609709	true
28	0.11	-0.819080048060642	true
28	0.12	-0.8204430973817978	true
28	0.13	-0.8217860063025116	true
28	0.14	-0.8231087151111157	true
28	0.15	-0.8244111641082441	true
28	0.16	-0.8256932936088575	true
28	0.17	-0.8269550439442448	true
28	0.18	-0.8281963554640078	true
28	0.19	-0.8294171685380214	true
28	0.2	-0.830617423558373	true
28	0.21	-0.8317970609412784	true
28	0.22	-0.8329560211289744	true
28	0.23	-0.8340942445915869	true
28	0.24	-0.8352116718289744	true
28	0.25	-0.836308243372544	true
28	0.26	-0.8373838997870449	true
28	0.27	-0.8384385816723305	true
28	0.28	-0.8394722296650962	true
28	0.29	-0.8404847844405863	true
28	0.3	-0.8414761867142752	true
28	0.31	-0.8424463772435158	true
28	0.32	-0.84339529682916	true
28	0.33	-0.8443228863171485	true
28	0.34	-0.8452290866000676	true
28	0.35	-0.8461138386186771	true
28	0.36	-0.8469770833634034	true
28	0.37	-0.8478187618758011	true
28	0.38	-0.8486388152499812	true
28	0.39	-0.8494371846340055	true
28	0.4	-0.8502138112312476	true
28	0.41	-0.8509686363017168	true
28	0.42	-0.8517016011633503	true
28	0.43	-0.8524126471932679	true
28	0.44	-0.8531017158289912	true
28	0.45	-0.853768748569627	true
28	0.46	-0.854413686977014	true
28	0.47	-0.8550364726768334	true
28	0.48	-0.8556370473596809	true
28	0.49	-0.8562153527821028	true
28	0.5	-0.8567713307675945	true
28	0.51	-0.8573049232075594	true
28	0.52	-0.857816072062233	true
28	0.53	-0.8583047193615658	true
28	0.54	-0.8587708072060701	true
28	0.55	-0.8592142777676264	true
28	0.56	-0.859635073290254	true
28	0.57	-0.8600331360908411	true
28	0.58	-0.8604084085598367	true
28	0.59	-0.8607608331619045	true
28	0.6	-0.861090352436539	true
28	0.61	-0.8613969089986404	true
28	0.62	-0.8616804455390554	true
28	0.63	-0.8619409048250766	true
28	0.64	-0.8621782297009044	true
28	0.65	-0.8623923630880723	true
28	0.66	-0.862583247985835	true
28	0.67	-0.8627508274715158	true
28	0.68	-0.8628950447008213	true
28	0.69	-0.8630158429081168	true
28	0.7	-0.8631131654066659	true
28	0.71	-0.8631869555888347	true
28	0.72	-0.863237156926259	true
28	0.73	-0.8632637129699792	true
28	0.74	-0.8632665673505374	true
28	0.75	-0.8632456637780426	true
28	0.76	-0.863200946042202	true
28	0.77	-0.8631323580123186	true
28	0.78	-0.8630398436372586	true
28	0.79	-0.862923346945384	true
28	0.8	-0.8627828120444582	true
28	0.81	-0.8626181831215176	true
28	0.82	-0.8624294044427175	true
28	0.83	-0.8622164203531473	true
28	0.84	-0.8619791752766174	true
28	0.85	-0.861717613715422	true
28	0.86	-0.8614316802500749	true
28	0.87	-0.861121319539018	true
28	0.88	-0.86078647631831	true
28	0.89	-0.8604270954012889	true
28	0.9	-0.8600431216782156	true
28	0.91	-0.8596345001158939	true
28	0.92	-0.8592011757572731	true
28	0.93	-0.8587430937210311	true
28	0.94	-0.8582601992011422	true
28	0.95	-0.857752437466425	true
28	0.96	-0.8572197538600813	true
28	0.97	-0.8566620937992165	true
28	0.98	-0.8560794027743509	true
28	0.99	-0.8554716263489207	true
28	1.0	-0.8548387101587679	true
29	0.0	-0.6892383113400297	true
29	0.01	-0.6900387157776683	true
29	0.02	-0.6908232590258082	true
29	0.03	-0.6915919207320248	true
29	0.04	-0.6923446801394313	true
29	0.05	-0.6930815160878367	true
29	0.06	-0.6938024070148949	true
29	0.07	-0.694507330957246	true
29	0.08	-0.6951962655516448	true
29	0.09	-0.6958691880360848	true
29	0.1	-0.6965260752509093	true
29	0.11	-0.6971669036399173	true
29	0.12	-0.6977916492514602	true
29	0.13	-0.6984002877395311	true
29	0.14	-0.6989927943648461	true
29	0.15	-0.6995691439959206	true
29	0.16	-0.7001293111101373	true
29	0.17	-0.7006732697948098	true
29	0.18	-0.7012009937482386	true
29	0.19	-0.7017124562807633	true
29	0.2	-0.7022076303158097	true
29	0.21	-0.7026864883909327	true
29	0.22	-0.7031490026588545	true
29	0.23	-0.7035951448884994	true
29	0.24	-0.7040248864660268	true
29	0.25	-0.7044381983958597	true
29	0.26	-0.7048350513017134	true
29	0.27	-0.7052154154276202	true
29	0.28	-0.7055792606389544	true
29	0.29	-0.7059265564234567	true
29	0.3	-0.7062572718922574	true
29	0.31	-0.7065713757809011	true
29	0.32	-0.7068688364503726	true
29	0.33	-0.7071496218881221	true
29	0.34	-0.7074136997090952	true
29	0.35	-0.7076610371567629	true
29	0.36	-0.707891601104157	true
29	0.37	-0.7081053580549072	true
29	0.38	-0.7083022741442824	true
29	0.39	-0.7084823151402386	true
29	0.4	-0.708645446444471	true
29	0.41	-0.7087916330934708	true
29	0.42	-0.7089208397595903	true
29	0.43	-0.7090330307521144	true
29	0.44	-0.7091281700183395	true
29	0.45	-0.7092062211446608	true
29	0.46	-0.7092671473576685	true
29	0.47	-0.7093109115252536	true
29	0.48	-0.7093374761577234	true
29	0.49	-0.7093468034089278	true
29	0.5	-0.7093388550773969	true
29	0.51	-0.7093135926074914	true
29	0.52	-0.709270977090563	true
29	0.53	-0.7092109692661314	true
29	0.54	-0.7091335295230722	true
29	0.55	-0.7090386179008206	true
29	0.56	-0.7089261940905899	true
29	0.57	-0.7087962174366063	true
29	0.58	-0.7086486469373582	true
29	0.59	-0.7084834412468645	true
29	0.6	-0.7083005586759592	true
29	0.61	-0.7080999571935954	true
29	0.62	-0.7078815944281663	true
29	0.63	-0.7076454276688481	true
29	0.64	-0.7073914138669605	true
29	0.65	-0.7071195096373502	true
29	0.66	-0.7068296712597956	true
29	0.67	-0.7065218546804307	true
29	0.68	-0.706196015513197	true
29	0.69	-0.7058521090413122	true
29	0.7	-0.70549009021877	true
29	0.71	-0.7051099136718576	true
29	0.72	-0.704711533700704	true
29	0.73	-0.7042949042808514	true
29	0.74	-0.7038599790648526	true
29	0.75	-0.7034067113838979	true
29	0.76	-0.7029350542494675	true
29	0.77	-0.7024449603550137	true
29	0.78	-0.7019363820776706	true
29	0.79	-0.7014092714799957	true
29	0.8	-0.7008635803117388	true
29	0.81	-0.7002992600116442	true
29	0.82	-0.6997162617092823	true
29	0.83	-0.6991145362269151	true
29	0.84	-0.6984940340813919	true
29	0.85	-0.69785470548608	true
29	0.86	-0.6971965003528289	true
29	0.87	-0.6965193682939672	true
29	0.88	-0.6958232586243362	true
29	0.89	-0.6951081203633575	true
29	0.9	-0.6943739022371364	true
29	0.91	-0.6936205526806034	true
29	0.92	-0.6928480198396902	true
29	0.93	-0.6920562515735453	true
29	0.94	-0.6912451954567853	true
29	0.95	-0.6904147987817867	true
29	0.96	-0.6895650085610152	true
29	0.97	-0.6886957715293953	true
29	0.98	-0.6878070341467182	true
29	0.99	-0.6868987426000926	true
29	1.0	-0.6859708428064326	true
30	0.0	-0.5856118258814643	true
30	0.01	-0.5860857788841041	true
30	0.02	-0.5865356020560026	true
30	0.03	-0.5869612957645862	true
30	0.04	-0.5873628595884665	true
30	0.05	-0.5877402923426657	true
30	0.06	-0.58809359210344	true
30	0.07	-0.5884227562327033	true
30	0.08	-0.5887277814020488	true
30	0.09	-0.589008663616381	true
30	0.1	-0.5892653982371502	true
30	0.11	-0.5894979800051979	true
30	0.12	-0.5897064030632145	true
30	0.13	-0.589890660977811	true
30	0.14	-0.5900507467612071	true
30	0.15	-0.5901866528925399	true
30	0.16	-0.590298371338795	true
30	0.17	-0.5903858935753592	true
30	0.18	-0.5904492106062068	true
30	0.19	-0.5904883129837092	true
30	0.2	-0.5905031908280812	true
30	0.21	-0.5904938338464618	true
30	0.22	-0.590460231351632	true
30	0.23	-0.5904023722803746	true
30	0.24	-0.5903202452114773	true
30	0.25	-0.5902138383833788	true
30	0.26	-0.5900831397114689	true
30	0.27	-0.589928136805034	true
30	0.28	-0.5897488169838613	true
30	0.29	-0.5895451672944971	true
30	0.3	-0.5893171745261652	true
30	0.31	-0.5890648252263467	true
30	0.32	-0.5887881057160257	true
30	0.33	-0.5884870021046003	true
30	0.34	-0.5881615003044663	true
30	0.35	-0.5878115860452713	true
30	0.36	-0.5874372448878442	true
30	0.37	-0.5870384622378046	true
30	0.38	-0.5866152233588516	true
30	0.39	-0.5861675133857345	true
30	0.4	-0.5856953173369122	true
30	0.41	-0.5851986201268997	true
30	0.42	-0.5846774065783065	true
30	0.43	-0.5841316614335677	true
30	0.44	-0.5835613693663743	true
30	0.45	-0.582966514992799	true
30	0.46	-0.5823470828821293	true
30	0.47	-0.5817030575673994	true
30	0.48	-0.581034423555634	true
30	0.49	-0.5803411653378001	true
30	0.5	-0.5796232673984718	true
30	0.51	-0.5788807142252107	true
30	0.52	-0.5781134903176648	true
30	0.53	-0.5773215801963877	true
30	0.54	-0.5765049684113812	true
30	0.55	-0.5756636395503655	true
30	0.56	-0.5747975782467767	true
30	0.57	-0.573906769187498	true
30	0.58	-0.5729911971203232	true
30	0.59	-0.5720508468611603	true
30	0.6	-0.5710857033009719	true
30	0.61	-0.5700957514124624	true
30	0.62	-0.5690809762565072	true
30	0.63	-0.5680413629883327	true
30	0.64	-0.566976896863447	true
30	0.65	-0.5658875632433249	true
30	0.66	-0.5647733476008496	true
30	0.67	-0.5636342355255146	true
30	0.68	-0.5624702127283894	true
30	0.69	-0.5612812650468485	true
30	0.7	-0.5600673784490715	true
30	0.71	-0.5588285390383134	true
30	0.72	-0.5575647330569509	true
30	0.73	-0.5562759468903035	true
30	0.74	-0.5549621670702376	true
30	0.75	-0.5536233802785545	true
30	0.76	-0.5522595733501612	true
30	0.77	-0.5508707332760356	true
30	0.78	-0.5494568472059811	true
30	0.79	-0.5480179024511771	true
30	0.8	-0.5465538864865307	true
30	0.81	-0.5450647869528273	true
30	0.82	-0.5435505916586886	true
30	0.83	-0.5420112885823363	true
30	0.84	-0.54044686587317	true
30	0.85	-0.5388573118531581	true
30	0.86	-0.5372426150180458	true
30	0.87	-0.5356027640383859	true
30	0.88	-0.533937747760391	true
30	0.89	-0.5322475552066179	true
30	0.9	-0.5305321755764758	true
30	0.91	-0.5287915982465758	true
30	0.92	-0.5270258127709121	true
30	0.93	-0.5252348088808867	true
30	0.94	-0.5234185764851771	true
30	0.95	-0.521577105669452	true
30	0.96	-0.5197103866959365	true
30	0.97	-0.5178184100028314	true
30	0.98	-0.5159011662035919	true
30	0.99	-0.5139586460860643	true
30	1.0	-0.5119908406114884	true
31	0.0	-0.44545482193239416	true
31	0.01	-0.4474755787347121	true
31	0.02	-0.44945370102968474	true
31	0.03	-0.45138926057074913	true
31	0.04	-0.45328232869606133	true
31	0.05	-0.45513297640781425	true
31	0.06	-0.45694127444895116	true
31	0.07	-0.458707293377323	true
31	0.08	-0.46043110363733986	true
31	0.09	-0.46211277562915737	true
31	0.1	-0.4637523797754463	true
31	0.11	-0.4653499865857833	true
31	0.12	-0.4669056667187076	true
31	0.13	-0.46841949104148106	true
31	0.14	-0.46989153068759193	true
31	0.15	-0.47132185711203967	true
31	0.16	-0.4727105421444359	true
31	0.17	-0.474057658039961	true
31	0.18	-0.4753632775282055	true
31	0.19	-0.4766274738599382	true
31	0.2	-0.4778503208518252	true
31	0.21	-0.4790318929291402	true
31	0.22	-0.48017226516649447	true
31	0.23	-0.48127151332661783	true
31	0.24	-0.48232971389722246	true
31	0.25	-0.4833469441259798	true
31	0.26	-0.4843232820536414	true
31	0.27	-0.4852588065453312	true
31	0.28	-0.48615359732003943	true
31	0.29	-0.4870077349783492	true
31	0.3	-0.4878213010284203	true
31	0.31	-0.4885943779102637	true
31	0.32	-0.48932704901832924	true
31	0.33	-0.49001939872244077	true
31	0.34	-0.49067151238710094	true
31	0.35	-0.4912834763891986	true
31	0.36	-0.49185537813414193	true
31	0.37	-0.49238730607044845	true
31	0.38	-0.492879349702818	true
31	0.39	-0.4933315996037166	true
31	0.4	-0.49374414742349854	true
31	0.41	-0.494117085899095	true
31	0.42	-0.4944505088612958	true
31	0.43	-0.4947445112406531	true
31	0.44	-0.4949991890720334	true
31	0.45	-0.4952146394978474	true
31	0.46	-0.49539096076998335	true
31	0.47	-0.4955282522504745	true
31	0.48	-0.49562661441092376	true
31	0.49	-0.49568614883072176	true
31	0.5	-0.49570695819407606	true
31	0.51	-0.49568914628588856	true
31	0.52	-0.49563281798650355	true
31	0.53	-0.49553807926535837	true
31	0.54	-0.49540503717356243	true
31	0.55	-0.49523379983543314	true
31	0.56	-0.4950244764390189	true
31	0.57	-0.49477717722563674	true
31	0.58	-0.4944920134784512	true
31	0.59	-0.4941690975101259	true
31	0.6	-0.4938085426495742	true
31	0.61	-0.49341046322783744	true
31	0.62	-0.4929749745631225	true
31	0.63	-0.4925021929450191	true
31	0.64	-0.4919922356179367	true
31	0.65	-0.49144522076377833	true
31	0.66	-0.4908612674838865	true
31	0.67	-0.4902404957802869	true
31	0.68	-0.4895830265362579	true
31	0.69	-0.4888889814962542	true
31	0.7	-0.48815848324521327	true
31	0.71	-0.48739165518726935	true
31	0.72	-0.4865886215239073	true
31	0.73	-0.485749507231579	true
31	0.74	-0.48487443803881236	true
31	0.75	-0.48396354040283834	true
31	0.76	-0.4830169414857639	true
31	0.77	-0.48203476913031723	true
31	0.78	-0.48101715183519045	true
31	0.79	-0.47996421873000783	true
31	0.8	-0.47887609954994237	true
31	0.81	-0.47775292461000946	true
31	0.82	-0.4765948247790602	true
31	0.83	-0.4754019314535025	true
31	0.84	-0.4741743765307679	true
31	0.85	-0.4729122923825583	true
31	0.86	-0.47161581182788603	true
31	0.87	-0.4702850681059382	true
31	0.88	-0.46892019484878544	true
31	0.89	-0.4675213260539579	true
31	0.9	-0.4660885960569102	true
31	0.91	-0.46462213950339926	true
31	0.92	-0.46312209132179616	true
31	0.93	-0.46158858669534875	true
31	0.94	-0.4600217610344237	true
31	0.95	-0.4584217499487412	true
31	0.96	-0.4567886892196237	true
31	0.97	-0.45512271477228183	true
31	0.98	-0.4534239626481499	true
31	0.99	-0.4516925689772968	true
31	1.0	-0.44992866995092307	true
32	0.0	-0.3388130689610411	true
32	0.01	-0.3419865790236575	true
32	0.02	-0.3450934903680231	true
32	0.03	-0.34813380937483496	true
32	0.04	-0.3511075448155345	true
32	0.05	-0.354014708059085	true
32	0.06	-0.3568553132725038	true
32	0.07	-0.3596293776151477	true
32	0.08	-0.36233692142672946	true
32	0.09	-0.36497796840904395	true
32	0.1	-0.36755254580138436	true
32	0.11	-0.37006068454961677	true
32	0.12	-0.3725024194688859	true
32	0.13	-0.37487778939992145	true
32	0.14	-0.3771868373589139	true
32	0.15	-0.37942961068092856	true
32	0.16	-0.38160616115682566	true
32	0.17	-0.38371654516365905	true
32	0.18	-0.3857608237885241	true
32	0.19	-0.38773906294582794	true
32	0.2	-0.38965133348795955	true
32	0.21	-0.3914977113093409	true
32	0.22	-0.3932782774438397	true
32	0.23	-0.3949931181555321	true
32	0.24	-0.39664232502280616	true
32	0.25	-0.3982259950158046	true
32	0.26	-0.39974423056720476	true
32	0.27	-0.40119713963634385	true
32	0.28	-0.40258483576670123	true
32	0.29	-0.40390743813675606	true
32	0.3	-0.40516507160424164	true
32	0.31	-0.4063578667438306	true
32	0.32	-0.40748595987828257	true
32	0.33	-0.4085494931031005	true
32	0.34	-0.4095486143047425	true
32	0.35	-0.4104834771724479	true
32	0.36	-0.411354241203736	true
32	0.37	-0.41216107170364996	true
32	0.38	-0.412904139777822	true
32	0.39	-0.4135836223194382	true
32	0.4	-0.4141997019901979	true
32	0.41	-0.4147525671953574	true
32	0.42	-0.4152424120529632	true
32	0.43	-0.4156694363573837	true
32	0.44	-0.4160338455372492	true
32	0.45	-0.4163358506079251	true
32	0.46	-0.4165756681186402	true
32	0.47	-0.4167535200944045	true
32	0.48	-0.4168696339728501	true
32	0.49	-0.41692424253613936	true
32	0.5	-0.41691758383808364	true
32	0.51	-0.41684990112662695	true
32	0.52	-0.4167214427618477	true
32	0.53	-0.41653246212963546	true
32	0.54	-0.41628321755120906	true
32	0.55	-0.41597397218864024	true
32	0.56	-0.4156049939465499	true
32	0.57	-0.4151765553701522	true
32	0.58	-0.41468893353981595	true
32	0.59	-0.4141424099623239	true
32	0.6	-0.4135372704590019	true
32	0.61	-0.41287380505090343	true
32	0.62	-0.4121523078412216	true
32	0.63	-0.4113730768951166	true
32	0.64	-0.4105364141171338	true
32	0.65	-0.40964262512639693	true
32	0.66	-0.40869201912975495	true
32	0.67	-0.4076849087930624	true
32	0.68	-0.4066216101107748	true
32	0.69	-0.4055024422740341	true
32	0.7	-0.40432772753741963	true
32	0.71	-0.40309779108454546	true
32	0.72	-0.40181296089266616	true
32	0.73	-0.4004735675964721	true
32	0.74	-0.39907994435123173	true
32	0.75	-0.3976324266954555	true
32	0.76	-0.3961313524132334	true
32	0.77	-0.3945770613964098	true
32	0.78	-0.39296989550675254	true
32	0.79	-0.3913101984382612	true
32	0.8	-0.3895983155797663	true
32	0.81	-0.3878345938779628	true
32	0.82	-0.3860193817010157	true
32	0.83	-0.38415302870287316	true
32	0.84	-0.3822358856884194	true
32	0.85	-0.3802683044795877	true
32	0.86	-0.37825063778256596	true
32	0.87	-0.3761832390561991	true
32	0.88	-0.37406646238171004	true
32	0.89	-0.37190066233384	true
32	0.9	-0.3696861938535163	true
32	0.91	-0.36742341212213825	true
32	0.92	-0.3651126724375824	true
32	0.93	-0.36275433009200553	true
32	0.94	-0.3603487402515364	true
32	0.95	-0.3578962578379278	true
32	0.96	-0.3553972374122455	true
32	0.97	-0.35285203306066404	true
32	0.98	-0.35026099828242363	true
32	0.99	-0.3476244858800226	true
32	1.0	-0.34494284785168006	true
33	0.0	-0.3655857472884832	true
33	0.01	-0.36707850777188467	true
33	0.02	-0.36850460755997994	true
33	0.03	-0.36986481022334466	true
33	0.04	-0.37115984977104144	true
33	0.05	-0.37239043250593384	true
33	0.06	-0.3735572387397675	true
33	0.07	-0.3746609243794753	true
33	0.08	-0.3757021223952117	true
33	0.09	-0.376681444179749	true
33	0.1	-0.3775994808080736	true
33	0.11	-0.37845680420527406	true
33	0.12	-0.37925396823014657	true
33	0.13	-0.37999150968131357	true
33	0.14	-0.3806699492320837	true
33	0.15	-0.38128979229976645	true
33	0.16	-0.3818515298546576	true
33	0.17	-0.382355639173495	true
33	0.18	-0.3828025845417621	true
33	0.19	-0.38319281790886023	true
33	0.2	-0.3835267794998302	true
33	0.21	-0.383804898386993	true
33	0.22	-0.38402759302460004	true
33	0.23	-0.38419527174932416	true
33	0.24	-0.3843083332491843	true
33	0.25	-0.3843671670032838	true
33	0.26	-0.38437215369454436	true
33	0.27	-0.3843236655974325	true
33	0.28	-0.38422206694251726	true
33	0.29	-0.3840677142595428	true
33	0.3	-0.38386095670055864	true
33	0.31	-0.38360213634453333	true
33	0.32	-0.38329158848475264	true
33	0.33	-0.38292964190020135	true
33	0.34	-0.38251661911203305	true
33	0.35	-0.38205283662614264	true
33	0.36	-0.3815386051627756	true
33	0.37	-0.3809742298740336	true
33	0.38	-0.38036001055007074	true
33	0.39	-0.3796962418147106	true
33	0.4	-0.378983213311161	true
33	0.41	-0.37822120987844765	true
33	0.42	-0.37741051171914264	true
33	0.43	-0.3765513945589234	true
33	0.44	-0.37564412979844997	true
33	0.45	-0.374688984658023	true
33	0.46	-0.3736862223154407	true
33	0.47	-0.37263610203744946	true
33	0.48	-0.3715388793051544	true
33	0.49	-0.370394805933725	true
33	0.5	-0.36920413018671405	true
33	0.51	-0.3679670968852823	true
33	0.52	-0.3666839475126007	true
33	0.53	-0.3653549203136899	true
33	0.54	-0.3639802503909293	true
33	0.55	-0.3625601697954619	true
33	0.56	-0.3610949076147043	true
33	0.57	-0.3595846900561519	true
33	0.58	-0.3580297405276678	true
33	0.59	-0.3564302797144233	true
33	0.6	-0.3547865256526521	true
33	0.61	-0.35309869380036996	true
33	0.62	-0.35136699710520336	true
33	0.63	-0.34959164606945703	true
33	0.64	-0.34777284881255466	true
33	0.65	-0.34591081113096456	true
33	0.66	-0.34400573655572664	true
33	0.67	-0.34205782640769056	true
33	0.68	-0.3400672798505566	true
33	0.69	-0.3380342939418297	true
33	0.7	-0.3359590636817611	true
33	0.71	-0.3338417820603763	true
33	0.72	-0.3316826401026636	true
33	0.73	-0.3294818269120072	true
33	0.74	-0.3272395297119328	true
33	0.75	-0.3249559338862389	true
33	0.76	-0.3226312230175816	true
33	0.77	-0.3202655789245765	true
33	0.78	-0.31785918169747673	true
33	0.79	-0.3154122097324886	true
33	0.8	-0.31292483976477925	true
33	0.81	-0.31039724690022474	true
33	0.82	-0.30782960464596276	true
33	0.83	-0.30522208493977887	true
33	0.84	-0.3025748581783947	true
33	0.85	-0.29988809324468235	true
33	0.86	-0.29716195753386687	true
33	0.87	-0.29439661697874064	true
33	0.88	-0.29159223607394114	true
33	0.89	-0.28874897789932685	true
33	0.9	-0.2858670041424818	true
33	0.91	-0.28294647512039517	true
33	0.92	-0.2799875498003368	true
33	0.93	-0.27699038581997226	true
33	0.94	-0.2739551395067368	true
33	0.95	-0.2708819658965129	true
33	0.96	-0.2677710187516231	true
33	0.97	-0.26462245057818023	true
33	0.98	-0.2614364126428135	true
33	0.99	-0.25821305498879776	true
33	1.0	-0.25495252645161326	true
34	0.0	-0.2999967144764886	true
34	0.01	-0.3027828295931746	true
34	0.02	-0.3054190849920851	true
34	0.03	-0.3079080161823598	true
34	0.04	-0.3102519966924559	true
34	0.05	-0.3124532530440985	true
34	0.06	-0.3145138784587961	true
34	0.07	-0.3164358453975239	true
34	0.08	-0.31822101702690253	true
34	0.09	-0.3198711576983022	true
34	0.1	-0.32138794251975433	true
34	0.11	-0.3227729660944184	true
34	0.12	-0.32402775049358007	true
34	0.13	-0.3251537525267874	true
34	0.14	-0.326152370366729	true
34	0.15	-0.3270249495818187	true
34	0.16	-0.3277727886251544	true
34	0.17	-0.32839714382455537	true
34	0.18	-0.32889923391472053	true
34	0.19	-0.32928024414918794	true
34	0.2	-0.3295413300266769	true
34	0.21	-0.32968362066355206	true
34	0.22	-0.3297082218415404	true
34	0.23	-0.3296162187574451	true
34	0.24	-0.3294086784994015	true
34	0.25	-0.3290866522722254	true
34	0.26	-0.3286511773925601	true
34	0.27	-0.3281032790728537	true
34	0.28	-0.32744397201165754	true
34	0.29	-0.3266742618063404	true
34	0.3	-0.3257951462030105	true
34	0.31	-0.3248076161972808	true
34	0.32	-0.323712656998422	true
34	0.33	-0.32251124886846716	true
34	0.34	-0.32120436784692974	true
34	0.35	-0.3197929863709703	true
34	0.36	-0.31827807380008544	true
34	0.37	-0.3166605968537045	true
34	0.38	-0.3149415199694299	true
34	0.39	-0.31312180558908287	true
34	0.4	-0.3112024143791694	true
34	0.41	-0.3091843053918849	true
34	0.42	-0.30706843617232427	true
34	0.43	-0.3048557628171359	true
34	0.44	-0.30254723998947497	true
34	0.45	-0.3001438208947471	true
34	0.46	-0.29764645722130256	true
34	0.47	-0.29505609904993635	true
34	0.48	-0.29237369473575514	true
34	0.49	-0.28960019076571997	true
34	0.5	-0.28673653159491075	true
34	0.51	-0.2837836594643498	true
34	0.52	-0.2807425142029867	true
34	0.53	-0.2776140330162642	true
34	0.54	-0.27439915026349226	true
34	0.55	-0.2710987972260862	true
34	0.56	-0.26771390186856014	true
34	0.57	-0.2642453885940206	true
34	0.58	-0.26069417799575656	true
34	0.59	-0.2570611866064011	true
34	0.6	-0.25334732664599857	true
34	0.61	-0.2495535057702103	true
34	0.62	-0.24568062681978153	true
34	0.63	-0.2417295875722718	true
34	0.64	-0.23770128049698314	true
34	0.65	-0.23359659251390652	true
34	0.66	-0.22941640475743919	true
34	0.67	-0.22516159234553323	true
34	0.68	-0.22083302415487638	true
34	0.69	-0.21643156260262142	true
34	0.7	-0.21195806343512613	true
34	0.71	-0.20741337552410766	true
34	0.72	-0.2027983406705458	true
34	0.73	-0.19811379341662727	true
34	0.74	-0.19336056086597475	true
34	0.75	-0.18853946251235287	true
34	0.76	-0.18365131007700186	true
34	0.77	-0.17869690735471577	true
34	0.78	-0.17367705006873968	true
34	0.79	-0.16859252573452532	true
34	0.8	-0.16344411353236699	true
34	0.81	-0.15823258418888742	true
34	0.82	-0.15295869986734245	true
34	0.83	-0.14762321406666978	true
34	0.84	-0.14222687152919766	true
34	0.85	-0.1367704081569021	true
34	0.86	-0.13125455093608673	true
34	0.87	-0.12568001787034366	true
34	0.88	-0.12004751792163759	true
34	0.89	-0.11435775095934164	true
34	0.9	-0.10861140771704769	true
34	0.91	-0.1028091697569542	true
34	0.92	-0.096951709441639	true
34	0.93	-0.09103968991300126	true
34	0.94	-0.08507376507816766	true
34	0.95	-0.07905457960214135	true
34	0.96	-0.0729827689069682	true
34	0.97	-0.0668589591771993	true
34	0.98	-0.06068376737142067	true
34	0.99	-0.05445780123962063	true
34	1.0	-0.04818165934616525	true
35	0.0	-0.2001464912866729	true
35	0.01	-0.2024494796925452	true
35	0.02	-0.2045912784655055	true
35	0.03	-0.2065755135511668	true
35	0.04	-0.2084055517162992	true
35	0.05	-0.2100845285331168	true
35	0.06	-0.21161537297100091	true
35	0.07	-0.21300082902127548	true
35	0.08	-0.2142434747278623	true
35	0.09	-0.2153457389500317	true
35	0.1	-0.21630991614241507	true
35	0.11	-0.21713817940134567	true
35	0.12	-0.21783259199494298	true
35	0.13	-0.21839511756661123	true
35	0.14	-0.21882762917736975	true
35	0.15	-0.21913191733122928	true
35	0.16	-0.21930969710932907	true
35	0.17	-0.21936261452241573	true
35	0.18	-0.21929225217717202	true
35	0.19	-0.21910013433967063	true
35	0.2	-0.218787731468556	true
35	0.21	-0.21835646428127714	true
35	0.22	-0.21780770740863364	true
35	0.23	-0.21714279268586428	true
35	0.24	-0.21636301212241027	true
35	0.25	-0.21546962058717556	true
35	0.26	-0.21446383824148496	true
35	0.27	-0.2133468527479323	true
35	0.28	-0.2121198212798101	true
35	0.29	-0.21078387235278429	true
35	0.3	-0.2093401074978214	true
35	0.31	-0.20778960279208247	true
35	0.32	-0.206133410262485	true
35	0.33	-0.20437255917489527	true
35	0.34	-0.20250805722037912	true
35	0.35	-0.2005408916086201	true
35	0.36	-0.19847203007744463	true
35	0.37	-0.19630242182638602	true
35	0.38	-0.1940329983813266	true
35	0.39	-0.19166467439648116	true
35	0.4	-0.18919834839931493	true
35	0.41	-0.18663490348336886	true
35	0.42	-0.18397520795346967	true
35	0.43	-0.18122011592731346	true
35	0.44	-0.17837046789702793	true
35	0.45	-0.17542709125394396	true
35	0.46	-0.17239080077949842	true
35	0.47	-0.16926239910490937	true
35	0.48	-0.16604267714201848	true
35	0.49	-0.16273241448746445	true
35	0.5	-0.1593323798021753	true
35	0.51	-0.15584333116797167	true
35	0.52	-0.15226601642293058	true
35	0.53	-0.1486011734770185	true
35	0.54	-0.14484953060936934	true
35	0.55	-0.14101180674848446	true
35	0.56	-0.13708871173651382	true
35	0.57	-0.13308094657870329	true
35	0.58	-0.12898920367899724	true
35	0.59	-0.12481416706271697	true
35	0.6	-0.12055651258717259	true
35	0.61	-0.1162169081409885	true
35	0.62	-0.11179601383288107	true
35	0.63	-0.10729448217057858	true
35	0.64	-0.1027129582305002	true
35	0.65	-0.0980520798188047	true
35	0.66	-0.0933124776243468	true
35	0.67	-0.0884947753640668	true
35	0.68	-0.08359958992128402	true
35	0.69	-0.07862753147735702	true
35	0.7	-0.07357920363711523	true
35	0.71	-0.06845520354847179	true
35	0.72	-0.06325612201657704	true
35	0.73	-0.05798254361285937	true
35	0.74	-0.05263504677927955	true
35	0.75	-0.047214203928101606	true
35	0.76	-0.04172058153746061	true
35	0.77	-0.0361547402430038	true
35	0.78	-0.030517234925841574	true
35	0.79	-0.02480861479705876	true
35	0.8	-0.01902942347899117	true
35	0.81	-0.013180199083486333	true
35	0.82	-0.007261474287333591	true
35	0.83	-0.0012737764050487765	true
35	0.84	0.004782372540815594	true
35	0.85	0.010906455751676258	true
35	0.86	0.017097961587096977	true
35	0.87	0.02335638350098357	true
35	0.88	0.029681219979685647	true
35	0.89	0.036071974481861835	true
35	0.9	0.042528155380012755	true
35	0.91	0.049049275903554124	true
35	0.92	0.05563485408335511	true
35	0.93	0.06228441269761742	true
35	0.94	0.06899747921903798	true
35	0.95	0.07577358576315207	true
35	0.96	0.08261226903779262	true
35	0.97	0.08951307029358957	true
35	0.98	0.09647553527544295	true
35	0.99	0.10349921417491559	true
35	1.0	0.11058366158347765	true
36	0.0	-0.12560688171016124	true
36	0.01	-0.12748497472976716	true
36	0.02	-0.12915242507903182	true
36	0.03	-0.13061366857621842	true
36	0.04	-0.13187288678202763	true
36	0.05	-0.13293403022355083	true
36	0.06	-0.13380083901365575	true
36	0.07	-0.1344768612002156	true
36	0.08	-0.1349654691334265	true
36	0.09	-0.13526987409975968	true
36	0.1	-0.1353931394369946	true
36	0.11	-0.13533819231549665	true
36	0.12	-0.13510783434578083	true
36	0.13	-0.13470475115084496	true
36	0.14	-0.13413152102326098	true
36	0.15	-0.13339062277114927	true
36	0.16	-0.13248444284353844	true
36	0.17	-0.13141528181392043	true
36	0.18	-0.13018536029076416	true
36	0.19	-0.12879682431510664	true
36	0.2	-0.12725175029790436	true
36	0.21	-0.12555214954342175	true
36	0.22	-0.12369997239939545	true
36	0.23	-0.12169711206994094	true
36	0.24	-0.1195454081230275	true
36	0.25	-0.11724664972076204	true
36	0.26	-0.11480257859760656	true
36	0.27	-0.1122148918089404	true
36	0.28	-0.1094852442700146	true
36	0.29	-0.1066152511032713	true
36	0.3	-0.10360648981019271	true
36	0.31	-0.10046050228224668	true
36	0.32	-0.09717879666408791	true
36	0.33	-0.09376284908094101	true
36	0.34	-0.09021410524098161	true
36	0.35	-0.08653398192256079	true
36	0.36	-0.08272386835524681	true
36	0.37	-0.07878512750287547	true
36	0.38	-0.07471909725611092	true
36	0.39	-0.07052709154138148	true
36	0.4	-0.06621040135250533	true
36	0.41	-0.061770295710791956	true
36	0.42	-0.0572080225589644	true
36	0.43	-0.05252480959381156	true
36	0.44	-0.0477218650421074	true
36	0.45	-0.04280037838397921	true
36	0.46	-0.037761521027601885	true
36	0.47	-0.03260644693878767	true
36	0.48	-0.027336293228784836	true
36	0.49	-0.021952180703352253	true
36	0.5	-0.016455214375947547	true
36	0.51	-0.010846483947660968	true
36	0.52	-0.005127064256335467	true
36	0.53	0.0007019843028643891	true
36	0.54	0.0066396153833376825	true
36	0.55	0.012684796317435021	true
36	0.56	0.018836507769550703	true
36	0.57	0.025093743410231406	true
36	0.58	0.0314555096097584	true
36	0.59	0.037920825149752924	true
36	0.6	0.0444887209514635	true
36	0.61	0.05115823981950096	true
36	0.62	0.057928436199862654	true
36	0.63	0.06479837595117988	true
36	0.64	0.0717671361281933	true
36	0.65	0.07883380477654622	true
36	0.66	0.08599748073803437	true
36	0.67	0.09325727346552881	true
36	0.68	0.10061230284683886	true
36	0.69	0.10806169903684326	true
36	0.7	0.11560460229725078	true
36	0.71	0.12324016284342276	true
36	0.72	0.13096754069771865	true
36	0.73	0.13878590554885983	true
36	0.74	0.14669443661686454	true
36	0.75	0.15469232252312137	true
36	0.76	0.16277876116521672	true
36	0.77	0.17095295959615076	true
36	0.78	0.17921413390760876	true
36	0.79	0.18756150911698088	true
36	0.8	0.19599431905785414	true
36	0.81	0.20451180627369925	true
36	0.82	0.21311322191452997	true
36	0.83	0.22179782563630224	true
36	0.84	0.23056488550285614	true
36	0.85	0.23941367789021029	true
36	0.86	0.24834348739303658	true
36	0.87	0.25735360673316476	true
36	0.88	0.2664433366699628	true
36	0.89	0.27561198591246794	true
36	0.9	0.28485887103314456	true
36	0.91	0.29418331638315953	true
36	0.92	0.303584654009069	true
36	0.93	0.31306222357083513	true
36	0.94	0.3226153722610765	true
36	0.95	0.33224345472548	true
36	0.96	0.3419458329843068	true
36	0.97	0.35172187635492724	true
36	0.98	0.36157096137532063	true
36	0.99	0.37149247172850197	true
36	1.0	0.38148579816780925	true
37	0.0	-0.08950991750116175	true
37	0.01	-0.09156409710778961	true
37	0.02	-0.09333390360710694	true
37	0.03	-0.09482524917369475	true
37	0.04	-0.09604369996365947	true
37	0.05	-0.09699451496620787	true
37	0.06	-0.09768267923928842	true
37	0.07	-0.09811293242518965	true
37	0.08	-0.09828979329360199	true
37	0.09	-0.0982175809359826	true
37	0.1	-0.09790043313206981	true
37	0.11	-0.09734232232365742	true
37	0.12	-0.09654706955941811	true
37	0.13	-0.09551835671520936	true
37	0.14	-0.09425973724492287	true
37	0.15	-0.09277464567585242	true
37	0.16	-0.0910664060283497	true
37	0.17	-0.08913823931105014	true
37	0.18	-0.08699327021921122	true
37	0.19	-0.0846345331438999	true
37	0.2	-0.0820649775832325	true
37	0.21	-0.07928747303305594	true
37	0.22	-0.07630481342288598	true
37	0.23	-0.07311972115323506	true
37	0.24	-0.06973485078231845	true
37	0.25	-0.06615279240329652	true
37	0.26	-0.062376074747438004	true
37	0.27	-0.058407168043737134	true
37	0.28	-0.05424848666139359	true
37	0.29	-0.04990239155807963	true
37	0.3	-0.0453711925539545	true
37	0.31	-0.040657150448856094	true
37	0.32	-0.03576247899794538	true
37	0.33	-0.03068934675922219	true
37	0.34	-0.025439878824745188	true
37	0.35	-0.020016158446019672	true
37	0.36	-0.01442022856282743	true
37	0.37	-0.00865409324374311	true
37	0.38	-0.0027197190456993425	true
37	0.39	0.003380963700833517	true
37	0.4	0.009646059675159746	true
37	0.41	0.01607370741287184	true
37	0.42	0.02266207821080135	true
37	0.43	0.02940937508611774	true
37	0.44	0.03631383178567815	true
37	0.45	0.043373711842129126	true
37	0.46	0.050587307673552795	true
37	0.47	0.05795293972377258	true
37	0.48	0.06546895564066646	true
37	0.49	0.07313372949009156	true
37	0.5	0.08094566100321998	true
37	0.51	0.08890317485527488	true
37	0.52	0.0970047199738282	true
37	0.53	0.10524876887497903	true
37	0.54	0.11363381702585551	true
37	0.55	0.12215838223201958	true
37	0.56	0.13082100404846742	true
37	0.57	0.13962024321301159	true
37	0.58	0.14855468110092773	true
37	0.59	0.1576229191998375	true
37	0.6	0.1668235786038672	true
37	0.61	0.17615529952620035	true
37	0.62	0.1856167408291871	true
37	0.63	0.19520657957126608	true
37	0.64	0.20492351056995273	true
37	0.65	0.21476624598025573	true
37	0.66	0.2247335148878722	true
37	0.67	0.2348240629165912	true
37	0.68	0.24503665184934342	true
37	0.69	0.25537005926238643	true
37	0.7	0.26582307817212936	true
37	0.71	0.27639451669413906	true
37	0.72	0.28708319771388413	true
37	0.73	0.2978879585688108	true
37	0.74	0.3088076507413384	true
37	0.75	0.31984113956241433	true
37	0.76	0.3309873039252518	true
37	0.77	0.34224503600892664	true
37	0.78	0.3536132410114692	true
37	0.79	0.36509083689217414	true
37	0.8	0.37667675412278534	true
37	0.81	0.38836993544728493	true
37	0.82	0.4001693356499909	true
37	0.83	0.4120739213316895	true
37	0.84	0.42408267069353833	true
37	0.85	0.4361945733284802	true
37	0.86	0.44840863001991105	true
37	0.87	0.46072385254737025	true
37	0.88	0.47313926349900415	true
37	0.89	0.4856538960905801	true
37	0.9	0.49826679399081497	true
37	0.91	0.5109770111528196	true
37	0.92	0.5237836116514192	true
37	0.93	0.5366856695261633	true
37	0.94	0.5496822686298044	true
37	0.95	0.5627725024820673	true
37	0.96	0.5759554741284854	true
37	0.97	0.589230296004148	true
37	0.98	0.6025960898021516	true
37	0.99	0.6160519863465725	true
37	1.0	0.6295971254698114	true
38	0.0	-0.028234780356428683	true
38	0.01	-0.028496601465212094	true
38	0.02	-0.028329524638201445	true
38	0.03	-0.02774772028447585	true
38	0.04	-0.02676401500394235	true
38	0.05	-0.025390115229147275	true
38	0.06	-0.023636787174740936	true
38	0.07	-0.021514002115770536	true
38	0.08	-0.01903105412015954	true
38	0.09	-0.016196655859773368	true
38	0.1	-0.013019016939177563	true
38	0.11	-0.009505908246907613	true
38	0.12	-0.005664715098595952	true
38	0.13	-0.0015024813627865785	true
38	0.14	0.0029740536946130103	true
38	0.15	0.007758424468994107	true
38	0.16	0.012844412881962142	true
38	0.17	0.018226026177169175	true
38	0.18	0.023897477946341228	true
38	0.19	0.02985317182260072	true
38	0.2	0.03608768738716783	true
38	0.21	0.04259576792191466	true
38	0.22	0.04937230970886297	true
38	0.23	0.056412352632421836	true
38	0.24	0.0637110718838717	true
38	0.25	0.07126377060269473	true
38	0.26	0.07906587331760828	true
38	0.27	0.08711292007302818	true
38	0.28	0.09540056114527007	true
38	0.29	0.10392455226797581	true
38	0.3	0.11268075029871494	true
38	0.31	0.12166510926898133	true
38	0.32	0.1308736767683436	true
38	0.33	0.14030259062061168	true
38	0.34	0.14994807581583647	true
38	0.35	0.15980644166699376	true
38	0.36	0.16987407916444308	true
38	0.37	0.18014745850487457	true
38	0.38	0.1906231267745384	true
38	0.39	0.20129770576921846	true
38	0.4	0.21216788993566738	true
38	0.41	0.22323044442121764	true
38	0.42	0.23448220321996827	true
38	0.43	0.2459200674054418	true
38	0.44	0.2575410034408956	true
38	0.45	0.26934204155958374	true
38	0.46	0.281320274208267	true
38	0.47	0.2934728545481011	true
38	0.48	0.305796995007811	true
38	0.49	0.3182899658846856	true
38	0.5	0.33094909398952344	true
38	0.51	0.3437717613321476	true
38	0.52	0.35675540384454685	true
38	0.53	0.369897510139092	true
38	0.54	0.38319562029959187	true
38	0.55	0.396647324703262	true
38	0.56	0.41025026287191513	true
38	0.57	0.4240021223509116	true
38	0.58	0.4379006376145924	true
38	0.59	0.4519435889970811	true
38	0.6	0.4661288016474785	true
38	0.61	0.480454144508599	true
38	0.62	0.49491752931850463	true
38	0.63	0.5095169096341607	true
38	0.64	0.5242502798766402	true
38	0.65	0.5391156743973302	true
38	0.66	0.5541111665646936	true
38	0.67	0.5692348678711285	true
38	0.68	0.5844849270595489	true
38	0.69	0.5998595292693145	true
38	0.7	0.6153568952011665	true
38	0.71	0.630975280300847	true
38	0.72	0.646712973961102	true
38	0.73	0.6625682987417583	true
38	0.74	0.6785396096075935	true
38	0.75	0.6946252931837207	true
38	0.76	0.7108237670282027	true
38	0.77	0.7271334789216253	true
38	0.78	0.7435529061733512	true
38	0.79	0.7600805549441936	true
38	0.8	0.7767149595852172	true
38	0.81	0.7934546819924129	true
38	0.82	0.8102983109769508	true
38	0.83	0.8272444616507548	true
38	0.84	0.8442917748271039	true
38	0.85	0.8614389164359859	true
38	0.86	0.8786845769539346	true
38	0.87	0.8960274708480434	true
38	0.88	0.9134663360338968	true
38	0.89	0.9309999333471253	true
38	0.9	0.9486270460282937	true
38	0.91	0.966346479220856	true
38	0.92	0.9841570594818707	true
38	0.93	1.0020576343052148	true
38	0.94	1.0200470716570003	true
38	0.95	1.0381242595229194	true
38	0.96	1.0562881054672308	true
38	0.97	1.0745375362031235	true
38	0.98	1.092871497174169	true
38	0.99	1.1112889521465972	true
38	1.0	1.1297888828121265	true
39	0.0	-0.04338358725007256	true
39	0.01	-0.04448070237009737	true
39	0.02	-0.04504420087910431	true
39	0.03	-0.04509592288758979	true
39	0.04	-0.04465483677642612	true
39	0.05	-0.0437376285654377	true
39	0.06	-0.04235915479406155	true
39	0.07	-0.040532791838147175	true
39	0.08	-0.03827070658239712	true
39	0.09	-0.03558406728130398	true
39	0.1	-0.032483208831186994	true
39	0.11	-0.028977763193758777	true
39	0.12	-0.025076763086589238	true
39	0.13	-0.02078872507938312	true
39	0.14	-0.016121716747780623	true
39	0.15	-0.01108341141745628	true
39	0.16	-0.005681133189095466	true
39	0.17	7.810569962651837e-5	true
39	0.18	0.0061875735975043256	true
39	0.19	0.012640793032799857	true
39	0.2	0.019431518233757106	true
39	0.21	0.026553715842645653	true
39	0.22	0.034001548247828306	true
39	0.23	0.0417693590795748	true
39	0.24	0.04985166050845191	true
39	0.25	0.05824312205700344	true
39	0.26	0.0669385606911983	true
39	0.27	0.07593293200167861	true
39	0.28	0.08522132231903745	true
39	0.29	0.09479894163441749	true
39	0.3	0.10466111721827676	true
39	0.31	0.11480328784745297	true
39	0.32	0.12522099856465063	true
39	0.33	0.13590989590586666	true
39	0.34	0.14686572354060679	true
39	0.35	0.15808431827749514	true
39	0.36	0.16956160639429707	true
39	0.37	0.18129360025678132	true
39	0.38	0.19327639519540085	true
39	0.39	0.20550616661263787	true
39	0.4	0.2179791672971505	true
39	0.41	0.23069172492370527	true
39	0.42	0.24364023972031168	true
39	0.43	0.2568211822860982	true
39	0.44	0.270231091545305	true
39	0.45	0.2838665728243792	true
39	0.46	0.2977242960405744	true
39	0.47	0.3118009939916786	true
39	0.48	0.32609346073760626	true
39	0.49	0.3405985500655415	true
39	0.5	0.3553131740311777	true
39	0.51	0.37023430156937653	true
39	0.52	0.38535895716821256	true
39	0.53	0.4006842196010143	true
39	0.54	0.4162072207115177	true
39	0.55	0.4319251442477625	true
39	0.56	0.4478352247407622	true
39	0.57	0.46393474642440435	true
39	0.58	0.48022104219336326	true
39	0.59	0.49669149259612344	true
39	0.6	0.5133435248605114	true
39	0.61	0.5301746119493882	true
39	0.62	0.5471822716443486	true
39	0.63	0.5643640656555569	true
39	0.64	0.5817175987559482	true
39	0.65	0.5992405179382763	true
39	0.66	0.6169305115935715	true
39	0.67	0.6347853087097808	true
39	0.68	0.6528026780894165	true
39	0.69	0.6709804275852131	true
39	0.7	0.6893164033528612	true
39	0.71	0.7078084891199765	true
39	0.72	0.7264546054705772	true
39	0.73	0.745252709144367	true
39	0.74	0.7642007923502456	true
39	0.75	0.7832968820934725	true
39	0.76	0.8025390395160086	true
39	0.77	0.8219253592495765	true
39	0.78	0.8414539687810447	true
39	0.79	0.8611230278297661	true
39	0.8	0.880930727736533	true
39	0.81	0.9008752908638669	true
39	0.82	0.9209549700073367	true
39	0.83	0.9411680478176816	true
39	0.84	0.9615128362334944	true
39	0.85	0.9819876759242465	true
39	0.86	1.0025909357434695	true
39	0.87	1.0233210121918965	true
39	0.88	1.0441763288903938	true
39	0.89	1.0651553360625283	true
39	0.9	1.0862565100265988	true
39	0.91	1.107478352697004	true
39	0.92	1.1288193910947841	true
39	0.93	1.1502781768672228	true
39	0.94	1.1718532858163528	true
39	0.95	1.1935433174362684	true
39	0.96	1.215346894459079	true
39	0.97	1.2372626624094183	true
39	0.98	1.2592892891673633	true
39	0.99	1.2814254645396432	true
39	1.0	1.3036698998390457	true
40	0.0	-0.016935840529066774	true
40	0.01	-0.016710605473688453	true
40	0.02	-0.015712033038045664	true
40	0.03	-0.013972501435433854	true
40	0.04	-0.011521400076132948	true
40	0.05	-0.008385627159213233	true
40	0.06	-0.004589973864435937	true
40	0.07	-0.00015742526629736187	true
40	0.08	0.00489060043991324	true
40	0.09	0.010534058886680409	true
40	0.1	0.016754121464331306	true
40	0.11	0.023533044109525725	true
40	0.12	0.030854057012234315	true
40	0.13	0.038701270856876246	true
40	0.14	0.04705959632544021	true
40	0.15	0.05591467438947695	true
40	0.16	0.0652528154956945	true
40	0.17	0.0750609461712346	true
40	0.18	0.0853265618850616	true
40	0.19	0.09603768523314593	true
40	0.2	0.10718282868978046	true
40	0.21	0.11875096130117602	true
40	0.22	0.13073147880155733	true
40	0.23	0.1431141767142302	true
40	0.24	0.15588922606603184	true
40	0.25	0.16904715139724824	true
40	0.26	0.18257881079333727	true
40	0.27	0.19647537770171364	true
40	0.28	0.21072832432795008	true
40	0.29	0.2253294064322242	true
40	0.3	0.2402706493694764	true
40	0.31	0.25554433523625186	true
40	0.32	0.2711429910040841	true
40	0.33	0.28705937753394917	true
40	0.34	0.3032864793790655	true
40	0.35	0.3198174952944899	true
40	0.36	0.3366458293816861	true
40	0.37	0.3537650828047869	true
40	0.38	0.37116904602274325	true
40	0.39	0.38885169148811793	true
40	0.4	0.4068071667690074	true
40	0.41	0.4250297880556586	true
40	0.42	0.44351403401773215	true
40	0.43	0.462254539982093	true
40	0.44	0.48124609240438176	true
40	0.45	0.5004836236106391	true
40	0.46	0.5199622067878777	true
40	0.47	0.5396770512047924	true
40	0.48	0.559623497645847	true
40	0.49	0.5797970140437374	true
40	0.5	0.6001931912967922	true
40	0.51	0.6208077392592664	true
40	0.52	0.6416364828936638	true
40	0.53	0.6626753585752976	true
40	0.54	0.6839204105402348	true
40	0.55	0.705367787468588	true
40	0.56	0.7270137391958384	true
40	0.57	0.7488546135455123	true
40	0.58	0.770886853277124	true
40	0.59	0.7931069931437347	true
40	0.6	0.8155116570540009	true
40	0.61	0.8380975553339036	true
40	0.62	0.8608614820837412	true
40	0.63	0.8838003126262679	true
40	0.64	0.9069110010421322	true
40	0.65	0.9301905777890189	true
40	0.66	0.9536361474011246	true
40	0.67	0.9772448862657943	true
40	0.68	1.001014040474324	true
40	0.69	1.0249409237441114	true
40	0.7	1.0490229154094517	true
40	0.71	1.0732574584784667	true
40	0.72	1.0976420577537187	true
40	0.73	1.1221742780142225	true
40	0.74	1.1468517422566427	true
40	0.75	1.1716721299935813	true
40	0.76	1.1966331756069462	true
40	0.77	1.2217326667544497	true
40	0.78	1.2469684428274252	true
40	0.79	1.2723383934581443	true
40	0.8	1.2978404570749684	true
40	0.81	1.323472619503665	true
40	0.82	1.349232912613322	true
40	0.83	1.3751194130053461	true
40	0.84	1.4011302407440733	true
40	0.85	1.4272635581275854	true
40	0.86	1.4535175684973813	true
40	0.87	1.4798905150855766	true
40	0.88	1.5063806798983905	true
40	0.89	1.532986382634682	true
40	0.9	1.5597059796383768	true
40	0.91	1.5865378628836404	true
40	0.92	1.613480458991703	true
40	0.93	1.6405322282782953	true
40	0.94	1.667691663830655	true
40	0.95	1.6949572906131376	true
40	0.96	1.7223276646004804	true
40	0.97	1.7498013719377847	true
40	0.98	1.7773770281263586	true
40	0.99	1.8050532772345589	true
40	1.0	1.8328287911327887	true
41	0.0	-0.03054684373476646	true
41	0.01	-0.03148482596567042	true
41	0.02	-0.03143813125329796	true
41	0.03	-0.03045551506297639	true
41	0.04	-0.02857940145398999	true
41	0.05	-0.025847332589554628	true
41	0.06	-0.022293009864548574	true
41	0.07	-0.017947050342007387	true
41	0.08	-0.012837543856156042	true
41	0.09	-0.006990469671853017	true
41	0.1	-0.0004300133821928398	true
41	0.11	0.0068211877734767334	true
41	0.12	0.014741851562765307	true
41	0.13	0.02331189566007852	true
41	0.14	0.03251231111286601	true
41	0.15	0.04232505748216886	true
41	0.16	0.052732974695672286	true
41	0.17	0.0637197079955738	true
41	0.18	0.07526964330641639	true
41	0.19	0.08736785101536615	true
41	0.2	0.10000003663488499	true
41	0.21	0.113152497163584	true
41	0.22	0.12681208221506046	true
41	0.23	0.14096615917386335	true
41	0.24	0.1556025817810991	true
41	0.25	0.17070966166243684	true
41	0.26	0.18627614239733892	true
41	0.27	0.202291175796512	true
41	0.28	0.2187443001092162	true
41	0.29	0.23562541992641894	true
41	0.3	0.25292478758206904	true
41	0.31	0.2706329858847032	true
41	0.32	0.2887409120364879	true
41	0.33	0.3072397626175223	true
41	0.34	0.32612101953061323	true
41	0.35	0.3453764368163361	true
41	0.36	0.36499802826044303	true
41	0.37	0.3849780557260676	true
41	0.38	0.4053090181518564	true
41	0.39	0.42598364116456167	true
41	0.4	0.44699486726083304	true
41	0.41	0.4683358465182006	true
41	0.42	0.4899999277997178	true
41	0.43	0.5119806504204685	true
41	0.44	0.5342717362473586	true
41	0.45	0.5568670822063306	true
41	0.46	0.5797607531734379	true
41	0.47	0.6029469752282153	true
41	0.48	0.6264201292494587	true
41	0.49	0.6501747448350081	true
41	0.5	0.6742054945283966	true
41	0.51	0.698507188336317	true
41	0.52	0.7230747685218764	true
41	0.53	0.7479033046594146	true
41	0.54	0.7729879889375071	true
41	0.55	0.7983241316973926	true
41	0.56	0.8239071571947858	true
41	0.57	0.8497325995735427	true
41	0.58	0.8757960990402434	true
41	0.59	0.902093398229225	true
41	0.6	0.9286203387481029	true
41	0.61	0.9553728578942491	true
41	0.62	0.9823469855331233	true
41	0.63	1.009538841129765	true
41	0.64	1.0369446309251757	true
41	0.65	1.064560645249625	true
41	0.66	1.092383255965372	true
41	0.67	1.1204089140315618	true
41	0.68	1.1486341471844534	true
41	0.69	1.177055557726438	true
41	0.7	1.2056698204176235	true
41	0.71	1.2344736804640788	true
41	0.72	1.263463951597143	true
41	0.73	1.292637514238442	true
41	0.74	1.3219913137455968	true
41	0.75	1.3515223587338303	true
41	0.76	1.381227719468956	true
41	0.77	1.411104526327481	true
41	0.78	1.4411499683197886	true
41	0.79	1.471361291672605	true
41	0.8	1.501735798467152	true
41	0.81	1.5322708453296476	true
41	0.82	1.562963842170952	true
41	0.83	1.5938122509724102	true
41	0.84	1.6248135846150813	true
41	0.85	1.655965405749754	true
41	0.86	1.687265325705292	true
41	0.87	1.7187110034330164	true
41	0.88	1.7503001444849917	true
41	0.89	1.7820305000242138	true
41	0.9	1.813899865864832	true
41	0.91	1.8459060815406816	true
41	0.92	1.878047029400503	true
41	0.93	1.9103206337283352	true
41	0.94	1.9427248598877087	true
41	0.95	1.975257713488324	true
41	0.96	2.007917239574021	true
41	0.97	2.0407015218309215	true
41	0.98	2.073608681814715	true
41	0.99	2.106636878196124	true
41	1.0	2.1397843060236883	true
42	0.0	0.00011870495334246359	true
42	0.01	0.0007344421747226618	true
42	0.02	0.002622757275979201	true
42	0.03	0.0057129123608848364	true
42	0.04	0.009944273609320375	true
42	0.05	0.015263884695437324	true
42	0.06	0.021624746809683515	true
42	0.07	0.028984579348714068	true
42	0.08	0.03730491088486382	true
42	0.09	0.04655040002912836	true
42	0.1	0.05668831878841629	true
42	0.11	0.06768815276670881	true
42	0.12	0.0795212869274382	true
42	0.13	0.0921607551693997	true
42	0.14	0.10558103834257049	true
42	0.15	0.11975789963462968	true
42	0.16	0.1346682492036818	true
42	0.17	0.15029003197908797	true
42	0.18	0.16660213400016444	true
42	0.19	0.18358430370712608	true
42	0.2	0.20121708536769622	true
42	0.21	0.21948176240043327	true
42	0.22	0.23836030879781145	true
42	0.23	0.25783534719608814	true
42	0.24	0.2778901124105948	true
42	0.25	0.29850841947215034	true
42	0.26	0.31967463537543384	true
42	0.27	0.3413736538925325	true
42	0.28	0.3635908729212707	true
42	0.29	0.3863121739334401	true
42	0.3	0.40952390316666665	true
42	0.31	0.43321285426839995	true
42	0.32	0.4573662521539916	true
42	0.33	0.48197173788483094	true
42	0.34	0.5070173544088588	true
42	0.35	0.5324915330356634	true
42	0.36	0.5583830805429053	true
42	0.37	0.584681166830969	true
42	0.38	0.6113753130591881	true
42	0.39	0.6384553802104111	true
42	0.4	0.6659115580415489	true
42	0.41	0.6937343543865524	true
42	0.42	0.7219145847853159	true
42	0.43	0.7504433624176574	true
42	0.44	0.7793120883259914	true
42	0.45	0.8085124419138086	true
42	0.46	0.8380363717098143	true
42	0.47	0.8678760863896406	true
42	0.48	0.8980240460486528	true
42	0.49	0.9284729537204721	true
42	0.5	0.9592157471367169	true
42	0.51	0.9902455907239771	true
42	0.52	1.0215558678344245	true
42	0.53	1.0531401732066534	true
42	0.54	1.0849923056534112	true
42	0.55	1.117106260972888	true
42	0.56	1.1494762250801585	true
42	0.57	1.1820965673552566	true
42	0.58	1.2149618342042015	true
42	0.59	1.2480667428291774	true
42	0.6	1.281406175203876	true
42	0.61	1.3149751722498788	true
42	0.62	1.348768928209795	true
42	0.63	1.3827827852127386	true
42	0.64	1.4170122280276298	true
42	0.65	1.4514528789996786	true
42	0.66	1.4861004931653423	true
42	0.67	1.5209509535409906	true
42	0.68	1.5560002665804689	true
42	0.69	1.5912445577966885	true
42	0.7	1.6266800675424449	true
42	0.71	1.662303146945562	true
42	0.72	1.6981102539936095	true
42	0.73	1.7340979497633628	true
42	0.74	1.770262894790302	true
42	0.75	1.8066018455734651	true
42	0.76	1.8431116512110814	true
42	0.77	1.8797892501624371	true
42	0.78	1.9166316671315675	true
42	0.79	1.9536360100684176	true
42	0.8	1.99079946728326	true
42	0.81	2.028119304670206	true
42	0.82	2.065592863035806	true
42	0.83	2.103217555528812	true
42	0.84	2.140990865167301	true
42	0.85	2.178910342459458	true
42	0.86	2.2169736031144534	true
42	0.87	2.2551783258399385	true
42	0.88	2.2935222502228054	true
42	0.89	2.3320031746899788	true
42	0.9	2.3706189545461096	true
42	0.91	2.4093675000851302	true
42	0.92	2.448246774772793	true
42	0.93	2.487254793497357	true
42	0.94	2.5263896208857277	true
42	0.95	2.5656493696824527	true
42	0.96	2.605032199189053	true
42	0.97	2.6445363137612987	true
42	0.98	2.6841599613621034	true
42	0.99	2.7239014321678114	true
42	1.0	2.763759057225735	true
43	0.0	-0.02654882599378275	true
43	0.01	-0.024945143330547717	true
43	0.02	-0.021783438986655856	true
43	0.03	-0.017146212754153678	true
43	0.04	-0.011105679951411818	true
43	0.05	-0.003726198617581389	true
43	0.06	0.004934039664100998	true
43	0.07	0.014821807443741453	true
43	0.08	0.025887967519310107	true
43	0.09	0.038086823493115984	true
43	0.1	0.05137562656702599	true
43	0.11	0.06571419328208472	true
43	0.12	0.08106460365327384	true
43	0.13	0.09739095872275516	true
43	0.14	0.11465918284259136	true
43	0.15	0.13283686018913465	true
43	0.16	0.15189309785412952	true
43	0.17	0.17179840982407057	true
43	0.18	0.19252461754828754	true
43	0.19	0.21404476379829251	true
43	0.2	0.23633303725865673	true
43	0.21	0.25936470584317184	true
43	0.22	0.2831160571520588	true
43	0.23	0.30756434481227113	true
43	0.24	0.3326877396979617	true
43	0.25	0.3584652852292496	true
43	0.26	0.3848768561068905	true
43	0.27	0.411903119967548	true
43	0.28	0.4395255015458306	true
43	0.29	0.4677261490104523	true
43	0.3	0.4964879022068158	true
43	0.31	0.5257942625902126	true
43	0.32	0.5556293646752715	true
43	0.33	0.5859779488602588	true
43	0.34	0.6168253355110234	true
43	0.35	0.6481574002101107	true
43	0.36	0.6799605500928794	true
43	0.37	0.712221701205286	true
43	0.38	0.7449282568279985	true
43	0.39	0.7780680867192851	true
43	0.4	0.8116295072351196	true
43	0.41	0.8456012622895859	true
43	0.42	0.8799725051221685	true
43	0.43	0.914732780841248	true
43	0.44	0.9498720097151376	true
43	0.45	0.985380471183567	true
43	0.46	1.0212487885637214	true
43	0.47	1.0574679144258554	true
43	0.48	1.094029116614244	true
43	0.49	1.1309239648898308	true
43	0.5	1.1681443181714406	true
43	0.51	1.2056823123528955	true
43	0.52	1.2435303486737967	true
43	0.53	1.2816810826221525	true
43	0.54	1.320127413347472	true
43	0.55	1.3588624735633696	true
43	0.56	1.3978796199191716	true
43	0.57	1.4371724238205323	true
43	0.58	1.4767346626795006	true
43	0.59	1.516560311575045	true
43	0.6	1.5566435353055517	true
43	0.61	1.5969786808153827	true
43	0.62	1.6375602699781053	true
43	0.63	1.6783829927196452	true
43	0.64	1.7194417004651115	true
43	0.65	1.760731399893734	true
43	0.66	1.8022472469868287	true
43	0.67	1.8439845413543976	true
43	0.68	1.8859387208264988	true
43	0.69	1.928105356296094	true
43	0.7	1.97048014680071	true
43	0.71	2.0130589148307325	true
43	0.72	2.0558376018527875	true
43	0.73	2.0988122640371203	true
43	0.74	2.141979068178472	true
43	0.75	2.1853342878004143	true
43	0.76	2.228874299433647	true
43	0.77	2.2725955790591614	true
43	0.78	2.31649469870773	true
43	0.79	2.360568323207544	true
43	0.8	2.4048132070722876	true
43	0.81	2.4492261915223295	true
43	0.82	2.493804201632116	true
43	0.83	2.538544243597214	true
43	0.84	2.583443402114801	true
43	0.85	2.6284988378717604	true
43	0.86	2.673707785134854	true
43	0.87	2.7190675494377343	true
43	0.88	2.7645755053598817	true
43	0.89	2.8102290943928185	true
43	0.9	2.8560258228891846	true
43	0.91	2.901963260090578	true
43	0.92	2.9480390362302082	true
43	0.93	2.9942508407067203	true
43	0.94	3.040596420325702	true
43	0.95	3.087073577605596	true
43	0.96	3.1336801691449465	true
43	0.97	3.180414104048069	true
43	0.98	3.227273342406376	true
43	0.99	3.27425589383284	true
43	1.0	3.321359816047054	true
44	0.0	-0.029062730683207336	true
44	0.01	-0.028428132775496523	true
44	0.02	-0.025844924588055457	true
44	0.03	-0.021417870089662783	true
44	0.04	-0.015238809325756886	true
44	0.05	-0.007389955559143846	true
44	0.06	0.0020539038441092505	true
44	0.07	0.013023904044940027	true
44	0.08	0.02545604971764326	true
44	0.09	0.039290457940168944	true
44	0.1	0.0544707993446949	true
44	0.11	0.07094387488407983	true
44	0.12	0.08865928732403039	true
44	0.13	0.10756918025772533	true
44	0.14	0.12762802618263647	true
44	0.15	0.14879245086391468	true
44	0.16	0.17102108497722868	true
44	0.17	0.19427443657291343	true
44	0.18	0.21851477966176747	true
44	0.19	0.2437060554585755	true
44	0.2	0.2698137837021948	true
44	0.21	0.29680498211074235	true
44	0.22	0.3246480924994384	true
44	0.23	0.353312912435954	true
44	0.24	0.3827705315672931	true
44	0.25	0.4129932719469398	true
44	0.26	0.4439546318380956	true
44	0.27	0.4756292325804583	true
44	0.28	0.507992768193118	true
44	0.29	0.541021957451302	true
44	0.3	0.5746944982247668	true
44	0.31	0.6089890239042808	true
44	0.32	0.6438850617725311	true
44	0.33	0.6793629931990397	true
44	0.34	0.7154040155567483	true
44	0.35	0.7519901057721163	true
44	0.36	0.7891039854315642	true
44	0.37	0.8267290873758517	true
44	0.38	0.8648495237207339	true
44	0.39	0.9034500552476019	true
44	0.4	0.942516062112023	true
44	0.41	0.9820335158214162	true
44	0.42	1.0219889524356938	true
44	0.43	1.0623694469468234	true
44	0.44	1.1031625887949135	true
44	0.45	1.1443564584797827	true
44	0.46	1.1859396052281457	true
44	0.47	1.2279010256774767	true
44	0.48	1.270230143538512	true
44	0.49	1.312916790199091	true
44	0.5	1.3559511862328453	true
44	0.51	1.3993239237768962	true
44	0.52	1.443025949743511	true
44	0.53	1.4870485498313775	true
44	0.54	1.5313833333029137	true
44	0.55	1.576022218494832	true
44	0.56	1.6209574190299891	true
44	0.57	1.6661814306993752	true
44	0.58	1.7116870189839974	true
44	0.59	1.7574672071872914	true
44	0.6	1.8035152651496031	true
44	0.61	1.8498246985172573	true
44	0.62	1.8963892385396002	true
44	0.63	1.9432028323684682	true
44	0.64	1.9902596338353709	true
44	0.65	2.037553994682765	true
44	0.66	2.085080456226612	true
44	0.67	2.132833741428503	true
44	0.68	2.1808087473564575	true
44	0.69	2.2290005380144593	true
44	0.7	2.2774043375217197	true
44	0.71	2.326015523623515	true
44	0.72	2.374829621516282	true
44	0.73	2.4238422979705345	true
44	0.74	2.4730493557359474	true
44	0.75	2.5224467282137324	true
44	0.76	2.5720304743821862	true
44	0.77	2.6217967739620307	true
44	0.78	2.6717419228088417	true
44	0.79	2.721862328520529	true
44	0.8	2.7721545062485147	true
44	0.81	2.8226150747017815	true
44	0.82	2.873240752333631	true
44	0.83	2.924028353701506	true
44	0.84	2.97497478599075	true
44	0.85	3.026077045693702	true
44	0.86	3.0773322154360043	true
44	0.87	3.1287374609424163	true
44	0.88	3.1802900281349067	true
44	0.89	3.2319872403561445	true
44	0.9	3.2838264957119683	true
44	0.91	3.3358052645266896	true
44	0.92	3.3879210869054925	true
44	0.93	3.4401715703984865	true
44	0.94	3.4925543877613023	true
44	0.95	3.5450672748073364	true
44	0.96	3.597708028347148	true
44	0.97	3.6504745042106133	true
44	0.98	3.703364615347846	true
44	0.99	3.756376330004939	true
44	1.0	3.8095076699709924	true
