arm	recovery_seed	parameter	conditional_noise_variance_fraction	conditional_mean_bulk_ess	recovered_bulk_ess	conditional_mean_mean_ess	recovered_mean_ess	conditional_mean_mcse	recovered_mcse	predicted_recovered_mcse	recovered_mean	conditional_mean	posterior_sd_from_total_variance
partial	101	population_intercept_at_mean_load	0.9996558277404202	1990.127635807681	2075.354861326134	1996.554084508363	2070.9819485831026	0.22528088990315945	12.256038082181256	12.132829434547174	5628.232510811642	5619.201508936409	542.5964663452202
partial	101	population_load	0.8503292195204041	2176.1787427248364	2060.7707559715454	2173.195500322803	2055.681041654489	0.1274846229594562	0.3470306059188802	0.34144278936869604	58.854346283173115	58.509117661954384	15.361679175536048
partial	101	log_tau_intercept	0.0	3472.9141691111113	3472.9141691111113	3352.388798859498	3352.388798859498	0.0027827000104821663	0.0027827000104821663	0.0027827000104821663	7.81775904416486	7.81775904416486	0.16111782113794357
partial	101	log_tau_load	0.0	2045.9594720130858	2045.9594720130858	2035.3771719659446	2035.3771719659446	0.0048575678152543815	0.0048575678152543815	0.0048575678152543815	4.100511972688635	4.100511972688635	0.2191499228243549
partial	101	log_sigma_intercept	0.0	4216.784571581567	4216.784571581567	4195.428928285591	4195.428928285591	0.00023374942038804195	0.00023374942038804195	0.00023374942038804195	6.051527255072198	6.051527255072198	0.015140448031641955
partial	101	log_sigma_subj_slope	0.0	4647.942856932897	4647.942856932897	4703.977860741871	4703.977860741871	3.9580120253597875e-5	3.9580120253597875e-5	3.9580120253597875e-5	0.0781729346533416	0.0781729346533416	0.0027146243720424135
partial	101	deviation_intercept[701]	0.9908402628667732	1992.8462829293992	2078.8178269192085	1987.9912433933077	2075.536197180252	1.1678371598258617	12.229735304817568	12.165922209452267	-4866.874639459297	-4858.704694786987	544.0615299271427
partial	101	deviation_intercept[702]	0.9956051598788	1985.5338831917056	2069.1923016404057	1993.3871785311478	2065.129817892798	0.8059015332478837	12.249145784873134	12.136527380427447	-3927.475943554246	-3919.305998881936	542.7580481526007
partial	101	deviation_intercept[703]	0.9946940218206072	2599.8796986386637	2056.458895005751	2597.8882439533454	2053.206467129508	0.7760283458791364	12.318352144925285	12.134580321056914	-3647.0996954679053	-3638.9297507955953	543.0065739848968
partial	101	deviation_intercept[704]	0.994007934949285	2124.2755680816804	2072.570458454369	2124.447716314423	2071.0707499346945	0.912263190921129	12.275591242429329	12.144053841451932	-665.0651737854085	-656.8952291130986	543.1939393996826
partial	101	deviation_intercept[705]	0.9925284003213175	2458.8790220871424	2056.161886973556	2461.431213580747	2054.8080438099373	0.9470901408557041	12.321445389644868	12.146719693377298	-1362.963521941715	-1354.7935772694052	543.5986507218306
partial	101	deviation_intercept[706]	0.9923202300967902	2513.5193131363662	2058.6380045848227	2508.326960346595	2054.0244414679732	0.9512747072385002	12.308262820164577	12.147046683997123	29.914911032667035	38.08485570497678	543.6556661466884
partial	101	deviation_intercept[707]	0.9909191173923342	2310.1096876139422	2058.2611483142273	2310.1922797048064	2055.8220031715155	1.0786255523893933	12.302748514932828	12.157682865449367	-98.36131909889072	-90.19137442658096	544.0398820617426
partial	101	deviation_intercept[708]	0.9907746042078442	2540.676337841375	2078.1725621658525	2551.2723045112525	2073.8005795977374	1.0346096022698115	12.311802998988878	12.15385686124708	-462.2426075548962	-454.0726628825865	544.0795571143897
partial	101	deviation_intercept[709]	0.9878893330296201	2464.5839765082137	2082.81928394231	2461.730697503952	2082.2481212102616	1.2085356154089109	12.246476788099988	12.169896380342998	-1154.868883587356	-1146.6989389150465	544.8735086556707
partial	101	deviation_intercept[710]	0.9863912812337703	2266.5813646504084	2098.2817637981248	2267.2726920671366	2092.892759948238	1.3359246701166263	12.242786813446854	12.183206240509927	173.25985167434706	181.42979634665687	545.2871067254956
partial	101	deviation_intercept[711]	0.985613703883623	2636.368009331337	2068.234224696732	2639.654585082607	2068.4681407203943	1.273495521774026	12.294890333144126	12.176518813624536	-1746.8395234652623	-1738.6695787929525	545.5021602033308
partial	101	deviation_intercept[712]	0.9825221281288593	2421.4025800619706	2095.470978970947	2417.6215768968054	2090.1559703309417	1.469023642414332	12.315553681706097	12.198518354150478	1081.429017086472	1089.5989617587818	546.3597168144925
partial	101	deviation_intercept[713]	0.9798059748056367	2026.4675601821232	2087.6519664619086	2034.7461178057622	2085.3156237028597	1.7235985984278397	12.324559768516522	12.231786938263609	3879.048643040344	3887.218587712654	547.1164838491213
partial	101	deviation_intercept[714]	0.9789935427542814	2811.251998774082	2099.0882852532764	2809.4198509748157	2097.2853365531646	1.4966767479185075	12.33644511965778	12.201879398778441	134.9071856285967	143.07713030090642	547.3434530621367
partial	101	deviation_intercept[715]	0.9755816613526946	2336.1520464910645	2092.513443242068	2332.038710037767	2089.2322875926648	1.7742230047989915	12.313641157748513	12.239023116463656	904.3372010567211	912.507145729031	548.299724127795
partial	101	deviation_intercept[716]	0.9556879940115592	2640.256494075022	2034.394627778096	2605.2632332107964	2030.329935404949	2.284686820644244	12.600795140442015	12.323376706203511	757.7758619451963	765.945806617506	553.9770538564713
partial	101	deviation_intercept[717]	0.9649349216001413	2482.6592502446224	2055.089892668285	2495.249707499336	2048.3599777129452	2.066718037230671	12.389552303431865	12.284833862123998	1475.2795325203058	1483.4494771926154	551.3162955390975
partial	101	deviation_intercept[718]	0.9580564567605109	2379.130963252242	2046.1199400802764	2345.7395875794373	2045.6576246661489	2.3396287494582917	12.585528524125017	12.333680807442098	1298.6520534053602	1306.8219980776696	553.2918719328981
partial	101	deviation_intercept[719]	0.9596155570611061	2833.3132777899177	2117.1375900612443	2863.174093617103	2114.8054864908577	2.0762725952718384	12.433093012354341	12.28644486678106	4677.747213796512	4685.917158468822	552.8422188467633
partial	101	deviation_intercept[720]	0.9558835435339743	2396.8847708873313	2084.252436416017	2402.1556212034475	2081.3768636036248	2.3738162042257054	12.400303858582186	12.340211624847377	3291.519593498629	3299.6895381709382	553.9203861326675
partial	101	deviation_load[701]	0.4040511784209022	2029.6717704396237	1964.8409331576156	2021.8259332529165	1967.111556827353	0.3826014878541125	0.5157387990891601	0.4967038834445948	-23.24771514224466	-22.902486521025942	22.285072601542602
partial	101	deviation_load[702]	0.5831605033726391	2022.680997656224	2000.4026935203938	2017.9867564308065	1996.388611320597	0.2666020389847603	0.41499981740904884	0.4140138844430132	-36.33607931480035	-35.99085069358163	18.549755560764822
partial	101	deviation_load[703]	0.5510774521903495	2409.1774734569512	2286.5128133356848	2401.13413687938	2291.4222571331898	0.26091762678453195	0.40695410850631997	0.41037648237640684	-37.93360785752632	-37.58837923630759	19.082089181783143
partial	101	deviation_load[704]	0.5022307559326462	2199.3751124095475	2125.2982776846457	2201.702237862087	2124.0479706998835	0.3005490277446734	0.43032222041966006	0.43664695968142214	10.748544375270052	11.093772996488777	19.988517730934856
partial	101	deviation_load[705]	0.4593538221956366	2370.0428784099345	2189.3647086722826	2368.6243129193604	2190.3066357333632	0.3157672261318101	0.45828620009658105	0.4472580803291749	-20.90843230196056	-20.56320368074183	20.900591396991725
partial	101	deviation_load[706]	0.46221081527798513	2300.590748483199	2088.615973696877	2283.792885563041	2086.9465861660174	0.3197347684276745	0.4539259476359756	0.4500679631591874	-6.444769696938351	-6.09954107571963	20.83589645388685
partial	101	deviation_load[707]	0.41558075889283785	2258.441916775895	2173.1426058730012	2260.1083274775006	2167.9374740706703	0.35334760459618214	0.4771819582075617	0.47453701541041127	-1.1831575880503211	-0.8379289668315991	21.973767562270687
partial	101	deviation_load[708]	0.4133711816337335	2696.15181022005	2411.316697931681	2701.9461434196355	2413.869951905904	0.3246425918169159	0.45867362073932966	0.45356770359271137	-24.858435519183796	-24.513206897965077	22.032417064594277
partial	101	deviation_load[709]	0.35223166033341474	2465.2330484336994	2208.1106397403605	2470.173033038383	2195.598325718655	0.38651309995479904	0.5148946695088779	0.4997231491110148	-43.31083983236227	-42.965611211143546	23.86811090674961
partial	101	deviation_load[710]	0.3255486284001826	2081.8639826815456	2071.671108485099	2068.9382011720795	2071.878420717396	0.44825574983766014	0.5497061925346206	0.5488752741591517	-74.6203167285808	-74.27508810736208	24.82700359931432
partial	101	deviation_load[711]	0.3051834618381496	2675.393418372699	2305.488153324648	2677.4191465430663	2302.851868062459	0.4130747376940765	0.5269014834984187	0.5205397086119282	13.963671569995377	14.3089001912141	25.641991069678646
partial	101	deviation_load[712]	0.2740834384857007	2305.317892556579	2288.736368855019	2309.4112752023725	2298.4102951828945	0.4797152851626322	0.5664415659809934	0.5748544199529361	116.20232711352841	116.54755573474716	27.0576979978985
partial	101	deviation_load[713]	0.24345484307951948	2093.1053752927132	2155.400930478949	2088.199285461104	2153.0261946668343	0.5464551071896186	0.6329903954639255	0.6316201655222691	-14.47569016626494	-14.130461545046215	28.709328387514322
partial	101	deviation_load[714]	0.24300500152615895	2937.9671856849504	2955.813362708595	2959.3719252235583	2979.2562866607254	0.4595908421496816	0.5306363848148277	0.5581707547951743	-2.7177444782980205	-2.372515857079299	28.735888905911967
partial	101	deviation_load[715]	0.2084979736530339	2364.1267694725625	2245.2339833738542	2356.1019705576928	2242.399466556556	0.5686045062182898	0.6591295904851734	0.6508778178832847	-42.92924538643507	-42.58401676521634	31.02282356452531
partial	101	deviation_load[716]	0.1403785611827925	2220.866530375596	2313.418183864978	2194.7098138049837	2325.507347198925	0.7482503265556915	0.7788830728092107	0.8125327073487318	-35.51695301621163	-35.1717243949929	37.807838466099405
partial	101	deviation_load[717]	0.16130913730664473	2410.278318841681	2327.673738899003	2433.152168347303	2332.0225895879003	0.6548156922299826	0.7304663013171186	0.7274025296294977	92.98372390723773	93.32895252845647	35.269780582326966
partial	101	deviation_load[718]	0.13431897513917015	2349.2843259196165	2420.7992423419178	2349.9488554178424	2412.795327900178	0.7418452176984693	0.7898140036400256	0.8066381942003803	111.60398850720152	111.94921712842024	38.65125121550694
partial	101	deviation_load[719]	0.14737598739327712	2863.641631763083	2557.639293446409	2866.7434713259827	2563.925450517371	0.6363605404268027	0.7188540946117155	0.7108344299012629	-31.653460878446435	-31.30823225722772	36.89936379262848
partial	101	deviation_load[720]	0.13950178906187582	2350.8876102579816	2218.9512170117914	2337.4703446149333	2212.3732466512247	0.7276864438988908	0.8210767596379382	0.7936361949627642	43.62616136008488	43.971389981303595	37.92646395698235
partial	101	population_intercept_at_load0	0.9988955891772522	2179.546424756472	2065.872236752161	2191.470055095277	2063.949427692103	0.38466914330716734	12.274630090080393	12.11584870838137	5481.440050176277	5473.270105503967	541.8633699926615
partial	101	log_sigma_intercept_at_subject0	0.0	4659.225181334068	4659.225181334068	4721.135372308107	4721.135372308107	0.028086798366554058	0.028086798366554058	0.028086798366554058	-49.512061418707994	-49.512061418707994	1.9298584828114225
partial	102	population_intercept_at_mean_load	0.9996558277404202	1990.127635807681	2038.9151258437087	1996.554084508363	2038.0623600928268	0.22528088990315945	12.107420659802646	12.132829434547174	5634.622413117964	5619.201508936409	542.5964663452202
partial	102	population_load	0.8503292195204041	2176.1787427248364	1929.3929253553877	2173.195500322803	1932.545043363397	0.1274846229594562	0.3518925051359481	0.34144278936869604	57.860290568053884	58.509117661954384	15.361679175536048
partial	102	log_tau_intercept	0.0	3472.9141691111113	3472.9141691111113	3352.388798859498	3352.388798859498	0.0027827000104821663	0.0027827000104821663	0.0027827000104821663	7.81775904416486	7.81775904416486	0.16111782113794357
partial	102	log_tau_load	0.0	2045.9594720130858	2045.9594720130858	2035.3771719659446	2035.3771719659446	0.0048575678152543815	0.0048575678152543815	0.0048575678152543815	4.100511972688635	4.100511972688635	0.2191499228243549
partial	102	log_sigma_intercept	0.0	4216.784571581567	4216.784571581567	4195.428928285591	4195.428928285591	0.00023374942038804195	0.00023374942038804195	0.00023374942038804195	6.051527255072198	6.051527255072198	0.015140448031641955
partial	102	log_sigma_subj_slope	0.0	4647.942856932897	4647.942856932897	4703.977860741871	4703.977860741871	3.9580120253597875e-5	3.9580120253597875e-5	3.9580120253597875e-5	0.0781729346533416	0.0781729346533416	0.0027146243720424135
partial	102	deviation_intercept[701]	0.9908402628667732	1992.8462829293992	2027.1419213209101	1987.9912433933077	2023.9776046409997	1.1678371598258617	12.171036635852358	12.165922209452267	-4875.743880907864	-4858.704694786987	544.0615299271427
partial	102	deviation_intercept[702]	0.9956051598788	1985.5338831917056	2044.1270186025856	1993.3871785311478	2041.224941665679	0.8059015332478837	12.098842518667919	12.136527380427447	-3936.345185002813	-3919.305998881936	542.7580481526007
partial	102	deviation_intercept[703]	0.9946940218206072	2599.8796986386637	2047.6462158278746	2597.8882439533454	2045.601634288364	0.7760283458791364	12.090044921112879	12.134580321056914	-3655.9689369164716	-3638.9297507955953	543.0065739848968
partial	102	deviation_intercept[704]	0.994007934949285	2124.2755680816804	2039.9756687536922	2124.447716314423	2036.354620773372	0.912263190921129	12.081624168704868	12.144053841451932	-673.9344152339748	-656.8952291130986	543.1939393996826
partial	102	deviation_intercept[705]	0.9925284003213175	2458.8790220871424	2039.1398373194706	2461.431213580747	2036.9296341194367	0.9470901408557041	12.161053460326212	12.146719693377298	-1371.8327633902818	-1354.7935772694052	543.5986507218306
partial	102	deviation_intercept[706]	0.9923202300967902	2513.5193131363662	2038.2759455455641	2508.326960346595	2037.2074455204872	0.9512747072385002	12.150673687659816	12.147046683997123	21.045669584100615	38.08485570497678	543.6556661466884
partial	102	deviation_intercept[707]	0.9909191173923342	2310.1096876139422	2048.0576784194395	2310.1922797048064	2046.871878924961	1.0786255523893933	12.117164298092032	12.157682865449367	-107.23056054745715	-90.19137442658096	544.0398820617426
partial	102	deviation_intercept[708]	0.9907746042078442	2540.676337841375	2034.7190719263106	2551.2723045112525	2034.7525493652286	1.0346096022698115	12.181489305932129	12.15385686124708	-471.1118490034627	-454.0726628825865	544.0795571143897
partial	102	deviation_intercept[709]	0.9878893330296201	2464.5839765082137	2023.5628479556995	2461.730697503952	2023.991608415161	1.2085356154089109	12.225032675915884	12.169896380342998	-1163.738125035922	-1146.6989389150465	544.8735086556707
partial	102	deviation_intercept[710]	0.9863912812337703	2266.5813646504084	2015.67583729783	2267.2726920671366	2016.2898029573948	1.3359246701166263	12.211450851706012	12.183206240509927	164.3906102257807	181.42979634665687	545.2871067254956
partial	102	deviation_intercept[711]	0.985613703883623	2636.368009331337	2080.8746011635985	2639.654585082607	2078.152061186146	1.273495521774026	12.060442840757904	12.176518813624536	-1755.708764913829	-1738.6695787929525	545.5021602033308
partial	102	deviation_intercept[712]	0.9825221281288593	2421.4025800619706	2050.6931997793927	2417.6215768968054	2049.9231335349205	1.469023642414332	12.165521505300351	12.198518354150478	1072.5597756379057	1089.5989617587818	546.3597168144925
partial	102	deviation_intercept[713]	0.9798059748056367	2026.4675601821232	2035.8164817598108	2034.7461178057622	2033.3317737458012	1.7235985984278397	12.232332365858616	12.231786938263609	3870.179401591777	3887.218587712654	547.1164838491213
partial	102	deviation_intercept[714]	0.9789935427542814	2811.251998774082	2064.2543028432756	2809.4198509748157	2060.709418342347	1.4966767479185075	12.155617448498994	12.201879398778441	126.03794418003027	143.07713030090642	547.3434530621367
partial	102	deviation_intercept[715]	0.9755816613526946	2336.1520464910645	2075.7112961872485	2332.038710037767	2074.165255201203	1.7742230047989915	12.053186101752841	12.239023116463656	895.4679596081547	912.507145729031	548.299724127795
partial	102	deviation_intercept[716]	0.9556879940115592	2640.256494075022	2047.6577807047227	2605.2632332107964	2045.9041039761403	2.284686820644244	12.418707200287578	12.323376706203511	748.90662049663	765.945806617506	553.9770538564713
partial	102	deviation_intercept[717]	0.9649349216001413	2482.6592502446224	2037.111638364522	2495.249707499336	2034.8868243581255	2.066718037230671	12.24491262354202	12.284833862123998	1466.410291071739	1483.4494771926154	551.3162955390975
partial	102	deviation_intercept[718]	0.9580564567605109	2379.130963252242	2095.4290842408363	2345.7395875794373	2090.8700137720643	2.3396287494582917	12.078348092258812	12.333680807442098	1289.7828119567935	1306.8219980776696	553.2918719328981
partial	102	deviation_intercept[719]	0.9596155570611061	2833.3132777899177	2029.2296076942985	2863.174093617103	2027.3642111812835	2.0762725952718384	12.389714175790816	12.28644486678106	4668.877972347946	4685.917158468822	552.8422188467633
partial	102	deviation_intercept[720]	0.9558835435339743	2396.8847708873313	2059.272726255216	2402.1556212034475	2054.014670327896	2.3738162042257054	12.32736705129315	12.340211624847377	3282.6503520500623	3299.6895381709382	553.9203861326675
partial	102	deviation_load[701]	0.4040511784209022	2029.6717704396237	1995.0904478313287	2021.8259332529165	1998.1163036665241	0.3826014878541125	0.50345280855656	0.4967038834445948	-22.25365942712545	-22.902486521025942	22.285072601542602
partial	102	deviation_load[702]	0.5831605033726391	2022.680997656224	1934.3546573130268	2017.9867564308065	1935.88458888426	0.2666020389847603	0.4234537817080967	0.4140138844430132	-35.34202359968114	-35.99085069358163	18.549755560764822
partial	102	deviation_load[703]	0.5510774521903495	2409.1774734569512	2047.6325044172956	2401.13413687938	2050.5732197445677	0.26091762678453195	0.42065547090668876	0.41037648237640684	-36.93955214240709	-37.58837923630759	19.082089181783143
partial	102	deviation_load[704]	0.5022307559326462	2199.3751124095475	1963.8689884560442	2201.702237862087	1957.8192301904564	0.3005490277446734	0.44755037831338135	0.43664695968142214	11.74260009038927	11.093772996488777	19.988517730934856
partial	102	deviation_load[705]	0.4593538221956366	2370.0428784099345	2077.9337142610366	2368.6243129193604	2158.2123753885207	0.3157672261318101	0.456072019263313	0.4472580803291749	-19.914376586841335	-20.56320368074183	20.900591396991725
partial	102	deviation_load[706]	0.46221081527798513	2300.590748483199	2096.7964267311227	2283.792885563041	2101.196196292864	0.3197347684276745	0.45779320918562816	0.4500679631591874	-5.450713981819134	-6.09954107571963	20.83589645388685
partial	102	deviation_load[707]	0.41558075889283785	2258.441916775895	2208.7525559114342	2260.1083274775006	2207.873405897173	0.35334760459618214	0.471801746349428	0.47453701541041127	-0.18910187293110345	-0.8379289668315991	21.973767562270687
partial	102	deviation_load[708]	0.4133711816337335	2696.15181022005	2382.861299951457	2701.9461434196355	2387.7935952802786	0.3246425918169159	0.4580379026748153	0.45356770359271137	-23.864379804064576	-24.513206897965077	22.032417064594277
partial	102	deviation_load[709]	0.35223166033341474	2465.2330484336994	2246.8938831123805	2470.173033038383	2251.4287887415403	0.38651309995479904	0.4914893841811217	0.4997231491110148	-42.31678411724305	-42.965611211143546	23.86811090674961
partial	102	deviation_load[710]	0.3255486284001826	2081.8639826815456	1941.8622535703425	2068.9382011720795	1939.4854713088184	0.44825574983766014	0.5696283683501714	0.5488752741591517	-73.62626101346157	-74.27508810736208	24.82700359931432
partial	102	deviation_load[711]	0.3051834618381496	2675.393418372699	2368.8770536529755	2677.4191465430663	2362.0959346589807	0.4130747376940765	0.5276179901625144	0.5205397086119282	14.957727285114593	14.3089001912141	25.641991069678646
partial	102	deviation_load[712]	0.2740834384857007	2305.317892556579	2276.8268356603085	2309.4112752023725	2274.735690130147	0.4797152851626322	0.5662513630978718	0.5748544199529361	117.19638282864763	116.54755573474716	27.0576979978985
partial	102	deviation_load[713]	0.24345484307951948	2093.1053752927132	1969.0000297951606	2088.199285461104	1973.0042912622605	0.5464551071896186	0.6478855101977201	0.6316201655222691	-13.481634451145721	-14.130461545046215	28.709328387514322
partial	102	deviation_load[714]	0.24300500152615895	2937.9671856849504	2631.92249877502	2959.3719252235583	2621.4660641223263	0.4595908421496816	0.5629830423091271	0.5581707547951743	-1.7236887631788027	-2.372515857079299	28.735888905911967
partial	102	deviation_load[715]	0.2084979736530339	2364.1267694725625	2198.116262869032	2356.1019705576928	2194.2405397074904	0.5686045062182898	0.6678262472002555	0.6508778178832847	-41.93518967131585	-42.58401676521634	31.02282356452531
partial	102	deviation_load[716]	0.1403785611827925	2220.866530375596	2480.0356041687114	2194.7098138049837	2446.1440160264424	0.7482503265556915	0.7659646708504524	0.8125327073487318	-34.52289730109241	-35.1717243949929	37.807838466099405
partial	102	deviation_load[717]	0.16130913730664473	2410.278318841681	2306.2433824820837	2433.152168347303	2304.94248595972	0.6548156922299826	0.7266214097550063	0.7274025296294977	93.97777962235695	93.32895252845647	35.269780582326966
partial	102	deviation_load[718]	0.13431897513917015	2349.2843259196165	2203.284299272674	2349.9488554178424	2206.076900620257	0.7418452176984693	0.8136775891071047	0.8066381942003803	112.59804422232074	111.94921712842024	38.65125121550694
partial	102	deviation_load[719]	0.14737598739327712	2863.641631763083	2612.449206424066	2866.7434713259827	2599.3283693305666	0.6363605404268027	0.7216549564327354	0.7108344299012629	-30.659405163327225	-31.30823225722772	36.89936379262848
partial	102	deviation_load[720]	0.13950178906187582	2350.8876102579816	2271.9450032388318	2337.4703446149333	2246.3113075755114	0.7276864438988908	0.8030667323195357	0.7936361949627642	44.620217075204096	43.971389981303595	37.92646395698235
partial	102	population_intercept_at_load0	0.9988955891772522	2179.546424756472	2043.5012050057346	2191.470055095277	2040.628147186073	0.38466914330716734	12.08813252263996	12.11584870838137	5490.309291624842	5473.270105503967	541.8633699926615
partial	102	log_sigma_intercept_at_subject0	0.0	4659.225181334068	4659.225181334068	4721.135372308107	4721.135372308107	0.028086798366554058	0.028086798366554058	0.028086798366554058	-49.512061418707994	-49.512061418707994	1.9298584828114225
partial	103	population_intercept_at_mean_load	0.9996558277404202	1990.127635807681	2002.4451970345747	1996.554084508363	2000.7628803191703	0.22528088990315945	12.029677368302492	12.132829434547174	5625.164235133128	5619.201508936409	542.5964663452202
partial	103	population_load	0.8503292195204041	2176.1787427248364	1938.3671897283814	2173.195500322803	1951.7632082408877	0.1274846229594562	0.34588655971892596	0.34144278936869604	57.847335622646	58.509117661954384	15.361679175536048
partial	103	log_tau_intercept	0.0	3472.9141691111113	3472.9141691111113	3352.388798859498	3352.388798859498	0.0027827000104821663	0.0027827000104821663	0.0027827000104821663	7.81775904416486	7.81775904416486	0.16111782113794357
partial	103	log_tau_load	0.0	2045.9594720130858	2045.9594720130858	2035.3771719659446	2035.3771719659446	0.0048575678152543815	0.0048575678152543815	0.0048575678152543815	4.100511972688635	4.100511972688635	0.2191499228243549
partial	103	log_sigma_intercept	0.0	4216.784571581567	4216.784571581567	4195.428928285591	4195.428928285591	0.00023374942038804195	0.00023374942038804195	0.00023374942038804195	6.051527255072198	6.051527255072198	0.015140448031641955
partial	103	log_sigma_subj_slope	0.0	4647.942856932897	4647.942856932897	4703.977860741871	4703.977860741871	3.9580120253597875e-5	3.9580120253597875e-5	3.9580120253597875e-5	0.0781729346533416	0.0781729346533416	0.0027146243720424135
partial	103	deviation_intercept[701]	0.9908402628667732	1992.8462829293992	2015.439093784523	1987.9912433933077	2007.7325447743392	1.1678371598258617	12.022332103669225	12.165922209452267	-4866.318014696649	-4858.704694786987	544.0615299271427
partial	103	deviation_intercept[702]	0.9956051598788	1985.5338831917056	2009.9303969886969	1993.3871785311478	2005.8277348157642	0.8059015332478837	12.011899948450333	12.136527380427447	-3926.919318791598	-3919.305998881936	542.7580481526007
partial	103	deviation_intercept[703]	0.9946940218206072	2599.8796986386637	2007.9853567963642	2597.8882439533454	2002.5763882472436	0.7760283458791364	12.023661814892908	12.134580321056914	-3646.5430707052574	-3638.9297507955953	543.0065739848968
partial	103	deviation_intercept[704]	0.994007934949285	2124.2755680816804	2008.1442576301197	2124.447716314423	2005.7438203069955	0.912263190921129	11.987000584109666	12.144053841451932	-664.5085490227606	-656.8952291130986	543.1939393996826
partial	103	deviation_intercept[705]	0.9925284003213175	2458.8790220871424	2016.7882495096806	2461.431213580747	2012.3036356486139	0.9470901408557041	12.028134183519452	12.146719693377298	-1362.4068971790675	-1354.7935772694052	543.5986507218306
partial	103	deviation_intercept[706]	0.9923202300967902	2513.5193131363662	2024.5050676536507	2508.326960346595	2019.6344783908366	0.9512747072385002	11.982717319940217	12.147046683997123	30.471535795314786	38.08485570497678	543.6556661466884
partial	103	deviation_intercept[707]	0.9909191173923342	2310.1096876139422	2002.8276215854942	2310.1922797048064	2001.8178902510417	1.0786255523893933	12.019596550450121	12.157682865449367	-97.80469433624297	-90.19137442658096	544.0398820617426
partial	103	deviation_intercept[708]	0.9907746042078442	2540.676337841375	2014.5755054841397	2551.2723045112525	2010.8297243482075	1.0346096022698115	12.013363253448121	12.15385686124708	-461.68598279224847	-454.0726628825865	544.0795571143897
partial	103	deviation_intercept[709]	0.9878893330296201	2464.5839765082137	2019.2745821537405	2461.730697503952	2015.0635435306574	1.2085356154089109	12.004662531262268	12.169896380342998	-1154.3122588247084	-1146.6989389150465	544.8735086556707
partial	103	deviation_intercept[710]	0.9863912812337703	2266.5813646504084	2005.3032682647772	2267.2726920671366	1999.5743971715349	1.3359246701166263	12.163560535061842	12.183206240509927	173.81647643699486	181.42979634665687	545.2871067254956
partial	103	deviation_intercept[711]	0.985613703883623	2636.368009331337	2029.8172850009362	2639.654585082607	2025.007465184859	1.273495521774026	12.008856861353662	12.176518813624536	-1746.2828987026144	-1738.6695787929525	545.5021602033308
partial	103	deviation_intercept[712]	0.9825221281288593	2421.4025800619706	2028.923748399058	2417.6215768968054	2026.472151101177	1.469023642414332	11.988232296198044	12.198518354150478	1081.9856418491197	1089.5989617587818	546.3597168144925
partial	103	deviation_intercept[713]	0.9798059748056367	2026.4675601821232	2014.1481047354812	2034.7461178057622	2009.8047215392585	1.7235985984278397	12.08824991533516	12.231786938263609	3879.605267802992	3887.218587712654	547.1164838491213
partial	103	deviation_intercept[714]	0.9789935427542814	2811.251998774082	2038.9095916598947	2809.4198509748157	2033.1314801010808	1.4966767479185075	11.935999181856213	12.201879398778441	135.4638103912444	143.07713030090642	547.3434530621367
partial	103	deviation_intercept[715]	0.9755816613526946	2336.1520464910645	2024.054686468439	2332.038710037767	2019.3827757044355	1.7742230047989915	12.049352679649974	12.239023116463656	904.8938258193689	912.507145729031	548.299724127795
partial	103	deviation_intercept[716]	0.9556879940115592	2640.256494075022	2071.84205383085	2605.2632332107964	2070.0868350470446	2.284686820644244	12.056304580354785	12.323376706203511	758.332486707844	765.945806617506	553.9770538564713
partial	103	deviation_intercept[717]	0.9649349216001413	2482.6592502446224	1995.0820728858532	2495.249707499336	1991.3752857767877	2.066718037230671	12.159155966474595	12.284833862123998	1475.836157282953	1483.4494771926154	551.3162955390975
partial	103	deviation_intercept[718]	0.9580564567605109	2379.130963252242	2054.0767248126544	2345.7395875794373	2049.7452478302757	2.3396287494582917	12.163387805188991	12.333680807442098	1299.2086781680075	1306.8219980776696	553.2918719328981
partial	103	deviation_intercept[719]	0.9596155570611061	2833.3132777899177	2031.4249257707525	2863.174093617103	2025.2638213573655	2.0762725952718384	12.19851443402376	12.28644486678106	4678.30383855916	4685.917158468822	552.8422188467633
partial	103	deviation_intercept[720]	0.9558835435339743	2396.8847708873313	2033.3459681034963	2402.1556212034475	2027.713746021477	2.3738162042257054	12.13179251343243	12.340211624847377	3292.076218261276	3299.6895381709382	553.9203861326675
partial	103	deviation_load[701]	0.4040511784209022	2029.6717704396237	1994.888868893687	2021.8259332529165	1995.0554381400782	0.3826014878541125	0.5011687200527922	0.4967038834445948	-22.240704481717554	-22.902486521025942	22.285072601542602
partial	103	deviation_load[702]	0.5831605033726391	2022.680997656224	1961.6182987259947	2017.9867564308065	1963.1390766488846	0.2666020389847603	0.4134952455234924	0.4140138844430132	-35.32906865427324	-35.99085069358163	18.549755560764822
partial	103	deviation_load[703]	0.5510774521903495	2409.1774734569512	2243.9665126930795	2401.13413687938	2251.182201100227	0.26091762678453195	0.40286654254776766	0.41037648237640684	-36.926597196999204	-37.58837923630759	19.082089181783143
partial	103	deviation_load[704]	0.5022307559326462	2199.3751124095475	2069.185510245005	2201.702237862087	2074.2732442352835	0.3005490277446734	0.42999245120802504	0.43664695968142214	11.755555035797158	11.093772996488777	19.988517730934856
partial	103	deviation_load[705]	0.4593538221956366	2370.0428784099345	2308.806005481626	2368.6243129193604	2314.0548251592672	0.3157672261318101	0.4294213640593279	0.4472580803291749	-19.901421641433444	-20.56320368074183	20.900591396991725
partial	103	deviation_load[706]	0.46221081527798513	2300.590748483199	2210.9214446224332	2283.792885563041	2206.957906385987	0.3197347684276745	0.43845490083744637	0.4500679631591874	-5.437759036411244	-6.09954107571963	20.83589645388685
partial	103	deviation_load[707]	0.41558075889283785	2258.441916775895	2104.269316198781	2260.1083274775006	2104.6702786523583	0.35334760459618214	0.4774875653307961	0.47453701541041127	-0.17614692752321334	-0.8379289668315991	21.973767562270687
partial	103	deviation_load[708]	0.4133711816337335	2696.15181022005	2153.616182530216	2701.9461434196355	2151.279297133025	0.3246425918169159	0.46969616859738866	0.45356770359271137	-23.85142485865669	-24.513206897965077	22.032417064594277
partial	103	deviation_load[709]	0.35223166033341474	2465.2330484336994	2240.1666642914915	2470.173033038383	2246.8938775344864	0.38651309995479904	0.4960186883957519	0.4997231491110148	-42.30382917183517	-42.965611211143546	23.86811090674961
partial	103	deviation_load[710]	0.3255486284001826	2081.8639826815456	2024.0694892787294	2068.9382011720795	2027.1070896423078	0.44825574983766014	0.5425895013476043	0.5488752741591517	-73.6133060680537	-74.27508810736208	24.82700359931432
partial	103	deviation_load[711]	0.3051834618381496	2675.393418372699	2351.5496615732714	2677.4191465430663	2347.896595088302	0.4130747376940765	0.5254068522872825	0.5205397086119282	14.970682230522485	14.3089001912141	25.641991069678646
partial	103	deviation_load[712]	0.2740834384857007	2305.317892556579	2191.8570744885724	2309.4112752023725	2195.191670577091	0.4797152851626322	0.5845684925960626	0.5748544199529361	117.20933777405554	116.54755573474716	27.0576979978985
partial	103	deviation_load[713]	0.24345484307951948	2093.1053752927132	2071.9176810022454	2088.199285461104	2069.7198835721138	0.5464551071896186	0.6273559491683091	0.6316201655222691	-13.46867950573783	-14.130461545046215	28.709328387514322
partial	103	deviation_load[714]	0.24300500152615895	2937.9671856849504	2594.252401759007	2959.3719252235583	2580.9553896230354	0.4595908421496816	0.5769845264436912	0.5581707547951743	-1.7107338177709126	-2.372515857079299	28.735888905911967
partial	103	deviation_load[715]	0.2084979736530339	2364.1267694725625	2293.3774515990904	2356.1019705576928	2283.293611874493	0.5686045062182898	0.6479839229925246	0.6508778178832847	-41.92223472590797	-42.58401676521634	31.02282356452531
partial	103	deviation_load[716]	0.1403785611827925	2220.866530375596	2149.7311099330977	2194.7098138049837	2134.076048337107	0.7482503265556915	0.8132050612091395	0.8125327073487318	-34.50994235568451	-35.1717243949929	37.807838466099405
partial	103	deviation_load[717]	0.16130913730664473	2410.278318841681	2243.589805465657	2433.152168347303	2229.926657169656	0.6548156922299826	0.7596823068075967	0.7274025296294977	93.99073456776486	93.32895252845647	35.269780582326966
partial	103	deviation_load[718]	0.13431897513917015	2349.2843259196165	2488.1915269585284	2349.9488554178424	2480.0237697580865	0.7418452176984693	0.7839688801237786	0.8066381942003803	112.61099916772864	111.94921712842024	38.65125121550694
partial	103	deviation_load[719]	0.14737598739327712	2863.641631763083	2770.053590716934	2866.7434713259827	2760.2645982470303	0.6363605404268027	0.7038617227281524	0.7108344299012629	-30.646450217919334	-31.30823225722772	36.89936379262848
partial	103	deviation_load[720]	0.13950178906187582	2350.8876102579816	2269.1440123711855	2337.4703446149333	2267.8130364275266	0.7276864438988908	0.7961057894262832	0.7936361949627642	44.63317202061198	43.971389981303595	37.92646395698235
partial	103	population_intercept_at_load0	0.9988955891772522	2179.546424756472	2011.682910003965	2191.470055095277	2008.6372383224757	0.38466914330716734	11.973143284431252	12.11584870838137	5480.883425413629	5473.270105503967	541.8633699926615
partial	103	log_sigma_intercept_at_subject0	0.0	4659.225181334068	4659.225181334068	4721.135372308107	4721.135372308107	0.028086798366554058	0.028086798366554058	0.028086798366554058	-49.512061418707994	-49.512061418707994	1.9298584828114225
partial	104	population_intercept_at_mean_load	0.9996558277404202	1990.127635807681	2036.5079599525973	1996.554084508363	2002.0793639606613	0.22528088990315945	11.784217958503818	12.132829434547174	5620.429889328986	5619.201508936409	542.5964663452202
partial	104	population_load	0.8503292195204041	2176.1787427248364	2009.5633867549952	2173.195500322803	2036.084143085637	0.1274846229594562	0.3287277576434956	0.34144278936869604	57.9449270992974	58.509117661954384	15.361679175536048
partial	104	log_tau_intercept	0.0	3472.9141691111113	3472.9141691111113	3352.388798859498	3352.388798859498	0.0027827000104821663	0.0027827000104821663	0.0027827000104821663	7.81775904416486	7.81775904416486	0.16111782113794357
partial	104	log_tau_load	0.0	2045.9594720130858	2045.9594720130858	2035.3771719659446	2035.3771719659446	0.0048575678152543815	0.0048575678152543815	0.0048575678152543815	4.100511972688635	4.100511972688635	0.2191499228243549
partial	104	log_sigma_intercept	0.0	4216.784571581567	4216.784571581567	4195.428928285591	4195.428928285591	0.00023374942038804195	0.00023374942038804195	0.00023374942038804195	6.051527255072198	6.051527255072198	0.015140448031641955
partial	104	log_sigma_subj_slope	0.0	4647.942856932897	4647.942856932897	4703.977860741871	4703.977860741871	3.9580120253597875e-5	3.9580120253597875e-5	3.9580120253597875e-5	0.0781729346533416	0.0781729346533416	0.0027146243720424135
partial	104	deviation_intercept[701]	0.9908402628667732	1992.8462829293992	2043.6392896680259	1987.9912433933077	1990.4254292955573	1.1678371598258617	11.857642430652612	12.165922209452267	-4861.3402596304995	-4858.704694786987	544.0615299271427
partial	104	deviation_intercept[702]	0.9956051598788	1985.5338831917056	2033.8185544711016	1993.3871785311478	1985.4049792256758	0.8059015332478837	11.836434448598306	12.136527380427447	-3921.941563725449	-3919.305998881936	542.7580481526007
partial	104	deviation_intercept[703]	0.9946940218206072	2599.8796986386637	2015.5925470217344	2597.8882439533454	2033.417938403418	0.7760283458791364	11.71835557456114	12.134580321056914	-3641.5653156391086	-3638.9297507955953	543.0065739848968
partial	104	deviation_intercept[704]	0.994007934949285	2124.2755680816804	1989.8660681820058	2124.447716314423	1990.3247293101642	0.912263190921129	11.852592137489426	12.144053841451932	-659.5307939566111	-656.8952291130986	543.1939393996826
partial	104	deviation_intercept[705]	0.9925284003213175	2458.8790220871424	1974.8121671552997	2461.431213580747	1979.51127296828	0.9470901408557041	11.850246467914435	12.146719693377298	-1357.4291421129178	-1354.7935772694052	543.5986507218306
partial	104	deviation_intercept[706]	0.9923202300967902	2513.5193131363662	2019.841498477803	2508.326960346595	1982.847477324599	0.9512747072385002	11.89621909612668	12.147046683997123	35.44929086146441	38.08485570497678	543.6556661466884
partial	104	deviation_intercept[707]	0.9909191173923342	2310.1096876139422	2019.0896648839991	2310.1922797048064	1973.3791998481843	1.0786255523893933	11.885612011078297	12.157682865449367	-92.82693927009333	-90.19137442658096	544.0398820617426
partial	104	deviation_intercept[708]	0.9907746042078442	2540.676337841375	2035.0933950053545	2551.2723045112525	2044.5519210356147	1.0346096022698115	11.65865368528672	12.15385686124708	-456.70822772609887	-454.0726628825865	544.0795571143897
partial	104	deviation_intercept[709]	0.9878893330296201	2464.5839765082137	2008.6442278267511	2461.730697503952	1975.9496191714566	1.2085356154089109	11.874629077028326	12.169896380342998	-1149.3345037585589	-1146.6989389150465	544.8735086556707
partial	104	deviation_intercept[710]	0.9863912812337703	2266.5813646504084	1991.0959596084422	2267.2726920671366	2001.6461510994113	1.3359246701166263	11.84569780145525	12.183206240509927	178.79423150314446	181.42979634665687	545.2871067254956
partial	104	deviation_intercept[711]	0.985613703883623	2636.368009331337	2018.7841294506459	2639.654585082607	1987.093833937813	1.273495521774026	11.89452584923525	12.176518813624536	-1741.3051436364651	-1738.6695787929525	545.5021602033308
partial	104	deviation_intercept[712]	0.9825221281288593	2421.4025800619706	2036.470057295613	2417.6215768968054	2044.8767598320878	1.469023642414332	11.723717204883776	12.198518354150478	1086.9633969152696	1089.5989617587818	546.3597168144925
partial	104	deviation_intercept[713]	0.9798059748056367	2026.4675601821232	2033.7680986658643	2034.7461178057622	2049.841359434946	1.7235985984278397	11.765302314131501	12.231786938263609	3884.5830228691407	3887.218587712654	547.1164838491213
partial	104	deviation_intercept[714]	0.9789935427542814	2811.251998774082	2010.609423768363	2809.4198509748157	2010.47252136282	1.4966767479185075	11.85839491204958	12.201879398778441	140.44156545739406	143.07713030090642	547.3434530621367
partial	104	deviation_intercept[715]	0.9755816613526946	2336.1520464910645	2006.0387105396442	2332.038710037767	2014.086713173901	1.7742230047989915	11.851270401413164	12.239023116463656	909.8715808855186	912.507145729031	548.299724127795
partial	104	deviation_intercept[716]	0.9556879940115592	2640.256494075022	1979.3870552673382	2605.2632332107964	2000.986487267845	2.284686820644244	12.039535522758213	12.323376706203511	763.3102417739937	765.945806617506	553.9770538564713
partial	104	deviation_intercept[717]	0.9649349216001413	2482.6592502446224	2008.281654485098	2495.249707499336	2016.3631484413345	2.066718037230671	11.914629926564483	12.284833862123998	1480.813912349103	1483.4494771926154	551.3162955390975
partial	104	deviation_intercept[718]	0.9580564567605109	2379.130963252242	2040.6016168457759	2345.7395875794373	2040.949153870057	2.3396287494582917	11.95209029449489	12.333680807442098	1304.1864332341574	1306.8219980776696	553.2918719328981
partial	104	deviation_intercept[719]	0.9596155570611061	2833.3132777899177	2095.0450037764786	2863.174093617103	2069.1463405546856	2.0762725952718384	11.765996386586565	12.28644486678106	4683.28159362531	4685.917158468822	552.8422188467633
partial	104	deviation_intercept[720]	0.9558835435339743	2396.8847708873313	2044.2336991366165	2402.1556212034475	2041.5165573337183	2.3738162042257054	11.934447701389427	12.340211624847377	3297.0539733274263	3299.6895381709382	553.9203861326675
partial	104	deviation_load[701]	0.4040511784209022	2029.6717704396237	2063.2728907268274	2021.8259332529165	2064.0751848434843	0.3826014878541125	0.48510664821656585	0.4967038834445948	-22.338295958368967	-22.902486521025942	22.285072601542602
partial	104	deviation_load[702]	0.5831605033726391	2022.680997656224	1983.3914197215968	2017.9867564308065	1989.3410957026604	0.2666020389847603	0.405619582376456	0.4140138844430132	-35.426660130924645	-35.99085069358163	18.549755560764822
partial	104	deviation_load[703]	0.5510774521903495	2409.1774734569512	2057.907070455333	2401.13413687938	2093.5537626101077	0.26091762678453195	0.4083988342281085	0.41037648237640684	-37.02418867365061	-37.58837923630759	19.082089181783143
partial	104	deviation_load[704]	0.5022307559326462	2199.3751124095475	2133.7799056605463	2201.702237862087	2133.0467820769577	0.3005490277446734	0.42891317023219483	0.43664695968142214	11.65796355914575	11.093772996488777	19.988517730934856
partial	104	deviation_load[705]	0.4593538221956366	2370.0428784099345	2197.5541385482343	2368.6243129193604	2190.5096980522426	0.3157672261318101	0.4407935244195889	0.4472580803291749	-19.99901311808486	-20.56320368074183	20.900591396991725
partial	104	deviation_load[706]	0.46221081527798513	2300.590748483199	2148.303648146541	2283.792885563041	2147.8408061205905	0.3197347684276745	0.44056402419878876	0.4500679631591874	-5.535350513062655	-6.09954107571963	20.83589645388685
partial	104	deviation_load[707]	0.41558075889283785	2258.441916775895	2135.2417472883176	2260.1083274775006	2140.5901301048343	0.35334760459618214	0.4694876814173631	0.47453701541041127	-0.2737384041746248	-0.8379289668315991	21.973767562270687
partial	104	deviation_load[708]	0.4133711816337335	2696.15181022005	2467.2177143433764	2701.9461434196355	2469.547131281426	0.3246425918169159	0.43983777562865456	0.45356770359271137	-23.9490163353081	-24.513206897965077	22.032417064594277
partial	104	deviation_load[709]	0.35223166033341474	2465.2330484336994	2320.912852126447	2470.173033038383	2333.1885599587417	0.38651309995479904	0.4856907863914202	0.4997231491110148	-42.40142064848657	-42.965611211143546	23.86811090674961
partial	104	deviation_load[710]	0.3255486284001826	2081.8639826815456	2316.0658248535387	2068.9382011720795	2312.272541940584	0.44825574983766014	0.5177582148873207	0.5488752741591517	-73.7108975447051	-74.27508810736208	24.82700359931432
partial	104	deviation_load[711]	0.3051834618381496	2675.393418372699	2400.9327037625867	2677.4191465430663	2401.4943322589925	0.4130747376940765	0.5211814184635148	0.5205397086119282	14.87309075387107	14.3089001912141	25.641991069678646
partial	104	deviation_load[712]	0.2740834384857007	2305.317892556579	2221.765326759401	2309.4112752023725	2222.3163213308935	0.4797152851626322	0.57821964003134	0.5748544199529361	117.11174629740411	116.54755573474716	27.0576979978985
partial	104	deviation_load[713]	0.24345484307951948	2093.1053752927132	2108.7397456097538	2088.199285461104	2108.272052736779	0.5464551071896186	0.6165644379155649	0.6316201655222691	-13.56627098238924	-14.130461545046215	28.709328387514322
partial	104	deviation_load[714]	0.24300500152615895	2937.9671856849504	2797.5507241696105	2959.3719252235583	2789.225236984906	0.4595908421496816	0.540572591332954	0.5581707547951743	-1.808325294422324	-2.372515857079299	28.735888905911967
partial	104	deviation_load[715]	0.2084979736530339	2364.1267694725625	2032.0493661517305	2356.1019705576928	2043.8108897628747	0.5686045062182898	0.6802468894779816	0.6508778178832847	-42.01982620255937	-42.58401676521634	31.02282356452531
partial	104	deviation_load[716]	0.1403785611827925	2220.866530375596	2454.2463183988393	2194.7098138049837	2390.081723926344	0.7482503265556915	0.7621226286204575	0.8125327073487318	-34.607533832335925	-35.1717243949929	37.807838466099405
partial	104	deviation_load[717]	0.16130913730664473	2410.278318841681	2406.8042298553196	2433.152168347303	2397.582563663455	0.6548156922299826	0.7172404745768641	0.7274025296294977	93.89314309111346	93.32895252845647	35.269780582326966
partial	104	deviation_load[718]	0.13431897513917015	2349.2843259196165	1949.9906681986304	2349.9488554178424	1966.4075136832848	0.7418452176984693	0.8744101501701412	0.8066381942003803	112.51340769107722	111.94921712842024	38.65125121550694
partial	104	deviation_load[719]	0.14737598739327712	2863.641631763083	2593.8349374536156	2866.7434713259827	2563.6370633588476	0.6363605404268027	0.717531170482838	0.7108344299012629	-30.74404169457074	-31.30823225722772	36.89936379262848
partial	104	deviation_load[720]	0.13950178906187582	2350.8876102579816	2237.8768860882824	2337.4703446149333	2230.43363021637	0.7276864438988908	0.807050249925392	0.7936361949627642	44.53558054396058	43.971389981303595	37.92646395698235
partial	104	population_intercept_at_load0	0.9988955891772522	2179.546424756472	2019.8006397447173	2191.470055095277	1981.333896777198	0.38466914330716734	11.819243693712172	12.11584870838137	5475.905670347478	5473.270105503967	541.8633699926615
partial	104	log_sigma_intercept_at_subject0	0.0	4659.225181334068	4659.225181334068	4721.135372308107	4721.135372308107	0.028086798366554058	0.028086798366554058	0.028086798366554058	-49.512061418707994	-49.512061418707994	1.9298584828114225
partial	105	population_intercept_at_mean_load	0.9996558277404202	1990.127635807681	2166.7265417015856	1996.554084508363	2164.5266849939553	0.22528088990315945	11.778016290743507	12.132829434547174	5631.490457139568	5619.201508936409	542.5964663452202
partial	105	population_load	0.8503292195204041	2176.1787427248364	2000.3762534210657	2173.195500322803	2019.1845751182589	0.1274846229594562	0.34949474297882105	0.34144278936869604	58.295720388327055	58.509117661954384	15.361679175536048
partial	105	log_tau_intercept	0.0	3472.9141691111113	3472.9141691111113	3352.388798859498	3352.388798859498	0.0027827000104821663	0.0027827000104821663	0.0027827000104821663	7.81775904416486	7.81775904416486	0.16111782113794357
partial	105	log_tau_load	0.0	2045.9594720130858	2045.9594720130858	2035.3771719659446	2035.3771719659446	0.0048575678152543815	0.0048575678152543815	0.0048575678152543815	4.100511972688635	4.100511972688635	0.2191499228243549
partial	105	log_sigma_intercept	0.0	4216.784571581567	4216.784571581567	4195.428928285591	4195.428928285591	0.00023374942038804195	0.00023374942038804195	0.00023374942038804195	6.051527255072198	6.051527255072198	0.015140448031641955
partial	105	log_sigma_subj_slope	0.0	4647.942856932897	4647.942856932897	4703.977860741871	4703.977860741871	3.9580120253597875e-5	3.9580120253597875e-5	3.9580120253597875e-5	0.0781729346533416	0.0781729346533416	0.0027146243720424135
partial	105	deviation_intercept[701]	0.9908402628667732	1992.8462829293992	2160.538427202643	1987.9912433933077	2157.823410229187	1.1678371598258617	11.848251709686846	12.165922209452267	-4871.52589103752	-4858.704694786987	544.0615299271427
partial	105	deviation_intercept[702]	0.9956051598788	1985.5338831917056	2163.260689133407	1993.3871785311478	2161.7003264580453	0.8059015332478837	11.801318995576375	12.136527380427447	-3932.127195132469	-3919.305998881936	542.7580481526007
partial	105	deviation_intercept[703]	0.9946940218206072	2599.8796986386637	2181.3178371046433	2597.8882439533454	2179.853857205557	0.7760283458791364	11.744490999673273	12.134580321056914	-3651.7509470461273	-3638.9297507955953	543.0065739848968
partial	105	deviation_intercept[704]	0.994007934949285	2124.2755680816804	2178.3861268348664	2124.447716314423	2175.6986294175717	0.912263190921129	11.7513687145073	12.144053841451932	-669.7164253636307	-656.8952291130986	543.1939393996826
partial	105	deviation_intercept[705]	0.9925284003213175	2458.8790220871424	2174.3344612144183	2461.431213580747	2174.8608522158856	0.9470901408557041	11.77936082408409	12.146719693377298	-1367.6147735199374	-1354.7935772694052	543.5986507218306
partial	105	deviation_intercept[706]	0.9923202300967902	2513.5193131363662	2161.663535542855	2508.326960346595	2161.7353998708195	0.9512747072385002	11.809738926607084	12.147046683997123	25.263659454444642	38.08485570497678	543.6556661466884
partial	105	deviation_intercept[707]	0.9909191173923342	2310.1096876139422	2160.392760736715	2310.1922797048064	2161.379289847967	1.0786255523893933	11.844351685782733	12.157682865449367	-103.0125706771131	-90.19137442658096	544.0398820617426
partial	105	deviation_intercept[708]	0.9907746042078442	2540.676337841375	2176.690522975694	2551.2723045112525	2177.7354919619347	1.0346096022698115	11.747984221855333	12.15385686124708	-466.89385913311867	-454.0726628825865	544.0795571143897
partial	105	deviation_intercept[709]	0.9878893330296201	2464.5839765082137	2165.908786709643	2461.730697503952	2165.618622056332	1.2085356154089109	11.803206956918958	12.169896380342998	-1159.5201351655783	-1146.6989389150465	544.8735086556707
partial	105	deviation_intercept[710]	0.9863912812337703	2266.5813646504084	2176.6298011916483	2267.2726920671366	2171.0625844086235	1.3359246701166263	11.858020384434614	12.183206240509927	168.6086000961247	181.42979634665687	545.2871067254956
partial	105	deviation_intercept[711]	0.985613703883623	2636.368009331337	2169.90017407324	2639.654585082607	2166.2547897838976	1.273495521774026	11.856357098143873	12.176518813624536	-1751.4907750434847	-1738.6695787929525	545.5021602033308
partial	105	deviation_intercept[712]	0.9825221281288593	2421.4025800619706	2193.31018163711	2417.6215768968054	2190.4754382568617	1.469023642414332	11.790849434867411	12.198518354150478	1076.7777655082493	1089.5989617587818	546.3597168144925
partial	105	deviation_intercept[713]	0.9798059748056367	2026.4675601821232	2177.146178563283	2034.7461178057622	2175.0225957172106	1.7235985984278397	11.844374690006385	12.231786938263609	3874.3973914621215	3887.218587712654	547.1164838491213
partial	105	deviation_intercept[714]	0.9789935427542814	2811.251998774082	2172.3285384183555	2809.4198509748157	2168.6210057194808	1.4966767479185075	11.884267938263076	12.201879398778441	130.25593405037432	143.07713030090642	547.3434530621367
partial	105	deviation_intercept[715]	0.9755816613526946	2336.1520464910645	2168.6704219464623	2332.038710037767	2165.3843802035212	1.7742230047989915	11.891360666697253	12.239023116463656	899.6859494784989	912.507145729031	548.299724127795
partial	105	deviation_intercept[716]	0.9556879940115592	2640.256494075022	2157.8983955980198	2605.2632332107964	2150.6453519540187	2.284686820644244	12.093103326939538	12.323376706203511	753.1246103669739	765.945806617506	553.9770538564713
partial	105	deviation_intercept[717]	0.9649349216001413	2482.6592502446224	2199.92381760138	2495.249707499336	2197.9097337472404	2.066718037230671	11.892935474272411	12.284833862123998	1470.6282809420834	1483.4494771926154	551.3162955390975
partial	105	deviation_intercept[718]	0.9580564567605109	2379.130963252242	2199.590402259745	2345.7395875794373	2196.629301762298	2.3396287494582917	11.889874513136139	12.333680807442098	1294.0008018271376	1306.8219980776696	553.2918719328981
partial	105	deviation_intercept[719]	0.9596155570611061	2833.3132777899177	2174.642537555747	2863.174093617103	2170.3179999387153	2.0762725952718384	12.043873913183994	12.28644486678106	4673.09596221829	4685.917158468822	552.8422188467633
partial	105	deviation_intercept[720]	0.9558835435339743	2396.8847708873313	2173.6852791158635	2402.1556212034475	2169.525765428636	2.3738162042257054	12.001271933172854	12.340211624847377	3286.8683419204067	3299.6895381709382	553.9203861326675
partial	105	deviation_load[701]	0.4040511784209022	2029.6717704396237	2022.7968481990072	2021.8259332529165	2020.436596787576	0.3826014878541125	0.49835287566863523	0.4967038834445948	-22.689089247398613	-22.902486521025942	22.285072601542602
partial	105	deviation_load[702]	0.5831605033726391	2022.680997656224	2004.829571362913	2017.9867564308065	1997.9097660452737	0.2666020389847603	0.42203836497133757	0.4140138844430132	-35.777453419954306	-35.99085069358163	18.549755560764822
partial	105	deviation_load[703]	0.5510774521903495	2409.1774734569512	1915.360826862639	2401.13413687938	1925.9066153013744	0.26091762678453195	0.4464787711934517	0.41037648237640684	-37.37498196268026	-37.58837923630759	19.082089181783143
partial	105	deviation_load[704]	0.5022307559326462	2199.3751124095475	2135.088387182999	2201.702237862087	2132.770784738786	0.3005490277446734	0.44547128265355684	0.43664695968142214	11.307170270116098	11.093772996488777	19.988517730934856
partial	105	deviation_load[705]	0.4593538221956366	2370.0428784099345	2251.367844895084	2368.6243129193604	2265.5032764348925	0.3157672261318101	0.43574253534029334	0.4472580803291749	-20.349806407114514	-20.56320368074183	20.900591396991725
partial	105	deviation_load[706]	0.46221081527798513	2300.590748483199	2092.326846759601	2283.792885563041	2089.8597720278976	0.3197347684276745	0.4586388041128455	0.4500679631591874	-5.886143802092303	-6.09954107571963	20.83589645388685
partial	105	deviation_load[707]	0.41558075889283785	2258.441916775895	2086.12034134073	2260.1083274775006	2081.3587590865213	0.35334760459618214	0.4840630739730241	0.47453701541041127	-0.6245316932042746	-0.8379289668315991	21.973767562270687
partial	105	deviation_load[708]	0.4133711816337335	2696.15181022005	2247.608842351583	2701.9461434196355	2248.27197826089	0.3246425918169159	0.46792152345231197	0.45356770359271137	-24.299809624337744	-24.513206897965077	22.032417064594277
partial	105	deviation_load[709]	0.35223166033341474	2465.2330484336994	2243.2303941149366	2470.173033038383	2253.732553450954	0.38651309995479904	0.5022943791360419	0.4997231491110148	-42.752213937516224	-42.965611211143546	23.86811090674961
partial	105	deviation_load[710]	0.3255486284001826	2081.8639826815456	2027.1731853009514	2068.9382011720795	2042.6462977086524	0.44825574983766014	0.5540869223785373	0.5488752741591517	-74.06169083373476	-74.27508810736208	24.82700359931432
partial	105	deviation_load[711]	0.3051834618381496	2675.393418372699	2447.928694585384	2677.4191465430663	2457.8007949120774	0.4130747376940765	0.5235764132395576	0.5205397086119282	14.522297464841424	14.3089001912141	25.641991069678646
partial	105	deviation_load[712]	0.2740834384857007	2305.317892556579	2242.792118348408	2309.4112752023725	2249.8226583046617	0.4797152851626322	0.5772338997698703	0.5748544199529361	116.76095300837446	116.54755573474716	27.0576979978985
partial	105	deviation_load[713]	0.24345484307951948	2093.1053752927132	2061.0103535269523	2088.199285461104	2063.8021680946895	0.5464551071896186	0.6340920997213227	0.6316201655222691	-13.91706427141889	-14.130461545046215	28.709328387514322
partial	105	deviation_load[714]	0.24300500152615895	2937.9671856849504	2529.25533321148	2959.3719252235583	2536.7979378802115	0.4595908421496816	0.5737743726217961	0.5581707547951743	-2.1591185834519737	-2.372515857079299	28.735888905911967
partial	105	deviation_load[715]	0.2084979736530339	2364.1267694725625	2255.74397028179	2356.1019705576928	2251.204021765546	0.5686045062182898	0.6507281927535202	0.6508778178832847	-42.37061949158901	-42.58401676521634	31.02282356452531
partial	105	deviation_load[716]	0.1403785611827925	2220.866530375596	2272.024820911574	2194.7098138049837	2254.034006282956	0.7482503265556915	0.7956624569006104	0.8125327073487318	-34.95832712136557	-35.1717243949929	37.807838466099405
partial	105	deviation_load[717]	0.16130913730664473	2410.278318841681	2250.7371284629808	2433.152168347303	2259.7830249629083	0.6548156922299826	0.742060912089059	0.7274025296294977	93.54234980208379	93.32895252845647	35.269780582326966
partial	105	deviation_load[718]	0.13431897513917015	2349.2843259196165	2215.5951027252504	2349.9488554178424	2223.9828957246714	0.7418452176984693	0.8172206897664119	0.8066381942003803	112.16261440204757	111.94921712842024	38.65125121550694
partial	105	deviation_load[719]	0.14737598739327712	2863.641631763083	2619.532134172501	2866.7434713259827	2612.951661433838	0.6363605404268027	0.7271093730553785	0.7108344299012629	-31.09483498360039	-31.30823225722772	36.89936379262848
partial	105	deviation_load[720]	0.13950178906187582	2350.8876102579816	2220.458502952517	2337.4703446149333	2200.445257289161	0.7276864438988908	0.8071399993743846	0.7936361949627642	44.184787254930924	43.971389981303595	37.92646395698235
partial	105	population_intercept_at_load0	0.9988955891772522	2179.546424756472	2168.2180403852094	2191.470055095277	2167.9151305056384	0.38466914330716734	11.761477560639914	12.11584870838137	5486.091301754497	5473.270105503967	541.8633699926615
partial	105	log_sigma_intercept_at_subject0	0.0	4659.225181334068	4659.225181334068	4721.135372308107	4721.135372308107	0.028086798366554058	0.028086798366554058	0.028086798366554058	-49.512061418707994	-49.512061418707994	1.9298584828114225
partial	106	population_intercept_at_mean_load	0.9996558277404202	1990.127635807681	1850.436871600998	1996.554084508363	1845.423010995026	0.22528088990315945	12.37181367103052	12.132829434547174	5633.501982983438	5619.201508936409	542.5964663452202
partial	106	population_load	0.8503292195204041	2176.1787427248364	1874.8819509721527	2173.195500322803	1869.3682086226786	0.1274846229594562	0.3579006358529857	0.34144278936869604	58.186833077417255	58.509117661954384	15.361679175536048
partial	106	log_tau_intercept	0.0	3472.9141691111113	3472.9141691111113	3352.388798859498	3352.388798859498	0.0027827000104821663	0.0027827000104821663	0.0027827000104821663	7.81775904416486	7.81775904416486	0.16111782113794357
partial	106	log_tau_load	0.0	2045.9594720130858	2045.9594720130858	2035.3771719659446	2035.3771719659446	0.0048575678152543815	0.0048575678152543815	0.0048575678152543815	4.100511972688635	4.100511972688635	0.2191499228243549
partial	106	log_sigma_intercept	0.0	4216.784571581567	4216.784571581567	4195.428928285591	4195.428928285591	0.00023374942038804195	0.00023374942038804195	0.00023374942038804195	6.051527255072198	6.051527255072198	0.015140448031641955
partial	106	log_sigma_subj_slope	0.0	4647.942856932897	4647.942856932897	4703.977860741871	4703.977860741871	3.9580120253597875e-5	3.9580120253597875e-5	3.9580120253597875e-5	0.0781729346533416	0.0781729346533416	0.0027146243720424135
partial	106	deviation_intercept[701]	0.9908402628667732	1992.8462829293992	1869.667541059102	1987.9912433933077	1863.0216900386808	1.1678371598258617	12.355826465749775	12.165922209452267	-4873.8089998197775	-4858.704694786987	544.0615299271427
partial	106	deviation_intercept[702]	0.9956051598788	1985.5338831917056	1858.0615149185696	1993.3871785311478	1848.8958882401453	0.8059015332478837	12.345091513252633	12.136527380427447	-3934.4103039147276	-3919.305998881936	542.7580481526007
partial	106	deviation_intercept[703]	0.9946940218206072	2599.8796986386637	1868.9841391089653	2597.8882439533454	1861.8118905378508	0.7760283458791364	12.309553631561817	12.134580321056914	-3654.034055828387	-3638.9297507955953	543.0065739848968
partial	106	deviation_intercept[704]	0.994007934949285	2124.2755680816804	1891.6503915717062	2124.447716314423	1876.0703190721792	0.912263190921129	12.224298670549983	12.144053841451932	-671.9995341458898	-656.8952291130986	543.1939393996826
partial	106	deviation_intercept[705]	0.9925284003213175	2458.8790220871424	1877.6705049157986	2461.431213580747	1868.8940154809115	0.9470901408557041	12.268746948014861	12.146719693377298	-1369.8978823021964	-1354.7935772694052	543.5986507218306
partial	106	deviation_intercept[706]	0.9923202300967902	2513.5193131363662	1859.8313184565163	2508.326960346595	1854.6710261797775	0.9512747072385002	12.336538717710622	12.147046683997123	22.980550672185746	38.08485570497678	543.6556661466884
partial	106	deviation_intercept[707]	0.9909191173923342	2310.1096876139422	1873.840720244688	2310.1922797048064	1867.533577702563	1.0786255523893933	12.289551590590188	12.157682865449367	-105.29567945937201	-90.19137442658096	544.0398820617426
partial	106	deviation_intercept[708]	0.9907746042078442	2540.676337841375	1849.3579075650664	2551.2723045112525	1844.5228668226102	1.0346096022698115	12.400951827734511	12.15385686124708	-469.1769679153775	-454.0726628825865	544.0795571143897
partial	106	deviation_intercept[709]	0.9878893330296201	2464.5839765082137	1851.8684565832066	2461.730697503952	1844.8372551949808	1.2085356154089109	12.416107716943522	12.169896380342998	-1161.8032439478375	-1146.6989389150465	544.8735086556707
partial	106	deviation_intercept[710]	0.9863912812337703	2266.5813646504084	1870.1471080116398	2267.2726920671366	1862.5299163483473	1.3359246701166263	12.338779748804201	12.183206240509927	166.32549131386583	181.42979634665687	545.2871067254956
partial	106	deviation_intercept[711]	0.985613703883623	2636.368009331337	1844.7527403517167	2639.654585082607	1837.4008302479263	1.273495521774026	12.491651929268837	12.176518813624536	-1753.7738838257435	-1738.6695787929525	545.5021602033308
partial	106	deviation_intercept[712]	0.9825221281288593	2421.4025800619706	1834.9766295102947	2417.6215768968054	1821.7492088964061	1.469023642414332	12.571646723324712	12.198518354150478	1074.4946567259901	1089.5989617587818	546.3597168144925
partial	106	deviation_intercept[713]	0.9798059748056367	2026.4675601821232	1881.7669922050718	2034.7461178057622	1871.353410025301	1.7235985984278397	12.392832603009055	12.231786938263609	3872.1142826798628	3887.218587712654	547.1164838491213
partial	106	deviation_intercept[714]	0.9789935427542814	2811.251998774082	1854.0337631702687	2809.4198509748157	1850.6197361986724	1.4966767479185075	12.434838681193604	12.201879398778441	127.97282526811541	143.07713030090642	547.3434530621367
partial	106	deviation_intercept[715]	0.9755816613526946	2336.1520464910645	1843.3513852045992	2332.038710037767	1843.252475939078	1.7742230047989915	12.552393114742602	12.239023116463656	897.4028406962401	912.507145729031	548.299724127795
partial	106	deviation_intercept[716]	0.9556879940115592	2640.256494075022	1915.8643036834249	2605.2632332107964	1905.1749311217184	2.284686820644244	12.440305196140804	12.323376706203511	750.841501584715	765.945806617506	553.9770538564713
partial	106	deviation_intercept[717]	0.9649349216001413	2482.6592502446224	1841.9402251286153	2495.249707499336	1844.7743164587273	2.066718037230671	12.429334424448074	12.284833862123998	1468.3451721598244	1483.4494771926154	551.3162955390975
partial	106	deviation_intercept[718]	0.9580564567605109	2379.130963252242	1791.0541524030975	2345.7395875794373	1790.0153329260343	2.3396287494582917	12.858408288640799	12.333680807442098	1291.7176930448788	1306.8219980776696	553.2918719328981
partial	106	deviation_intercept[719]	0.9596155570611061	2833.3132777899177	1936.2812173510554	2863.174093617103	1930.4881298745104	2.0762725952718384	12.351482217452881	12.28644486678106	4670.812853436031	4685.917158468822	552.8422188467633
partial	106	deviation_intercept[720]	0.9558835435339743	2396.8847708873313	1900.514964055494	2402.1556212034475	1891.1273436869897	2.3738162042257054	12.552672131930922	12.340211624847377	3284.585233138148	3299.6895381709382	553.9203861326675
partial	106	deviation_load[701]	0.4040511784209022	2029.6717704396237	1865.5671594913745	2021.8259332529165	1863.990700180356	0.3826014878541125	0.5139574309568277	0.4967038834445948	-22.580201936488812	-22.902486521025942	22.285072601542602
partial	106	deviation_load[702]	0.5831605033726391	2022.680997656224	1928.3564640865104	2017.9867564308065	1918.0864616686238	0.2666020389847603	0.42854184745396556	0.4140138844430132	-35.66856610904449	-35.99085069358163	18.549755560764822
partial	106	deviation_load[703]	0.5510774521903495	2409.1774734569512	2197.765005503271	2401.13413687938	2199.4031489539016	0.26091762678453195	0.4104411170516134	0.41037648237640684	-37.26609465177046	-37.58837923630759	19.082089181783143
partial	106	deviation_load[704]	0.5022307559326462	2199.3751124095475	1997.4432674566824	2201.702237862087	1985.1642436563068	0.3005490277446734	0.45083320010849603	0.43664695968142214	11.416057581025907	11.093772996488777	19.988517730934856
partial	106	deviation_load[705]	0.4593538221956366	2370.0428784099345	2079.1689166077736	2368.6243129193604	2077.554707622423	0.3157672261318101	0.46358384382575657	0.4472580803291749	-20.2409190962047	-20.56320368074183	20.900591396991725
partial	106	deviation_load[706]	0.46221081527798513	2300.590748483199	2006.6573433583662	2283.792885563041	2009.6364117354497	0.3197347684276745	0.4674785883059968	0.4500679631591874	-5.777256491182498	-6.09954107571963	20.83589645388685
partial	106	deviation_load[707]	0.41558075889283785	2258.441916775895	2039.2321851981121	2260.1083274775006	2039.3705754369696	0.35334760459618214	0.47885260324290024	0.47453701541041127	-0.5156443822944673	-0.8379289668315991	21.973767562270687
partial	106	deviation_load[708]	0.4133711816337335	2696.15181022005	2257.9801057921236	2701.9461434196355	2261.2311267808554	0.3246425918169159	0.45919063370582575	0.45356770359271137	-24.19092231342794	-24.513206897965077	22.032417064594277
partial	106	deviation_load[709]	0.35223166033341474	2465.2330484336994	2142.103560218169	2470.173033038383	2127.187791768267	0.38651309995479904	0.5119428875658271	0.4997231491110148	-42.64332662660642	-42.965611211143546	23.86811090674961
partial	106	deviation_load[710]	0.3255486284001826	2081.8639826815456	2121.159026527527	2068.9382011720795	2130.286912625418	0.44825574983766014	0.5377491078053634	0.5488752741591517	-73.95280352282495	-74.27508810736208	24.82700359931432
partial	106	deviation_load[711]	0.3051834618381496	2675.393418372699	2445.5757815178404	2677.4191465430663	2432.6010134143667	0.4130747376940765	0.533620895981908	0.5205397086119282	14.63118477575123	14.3089001912141	25.641991069678646
partial	106	deviation_load[712]	0.2740834384857007	2305.317892556579	2123.2560592365235	2309.4112752023725	2143.4176542391856	0.4797152851626322	0.5875390620912868	0.5748544199529361	116.86984031928428	116.54755573474716	27.0576979978985
partial	106	deviation_load[713]	0.24345484307951948	2093.1053752927132	2041.048828367769	2088.199285461104	2042.5188244823485	0.5464551071896186	0.6502305376385797	0.6316201655222691	-13.808176960509085	-14.130461545046215	28.709328387514322
partial	106	deviation_load[714]	0.24300500152615895	2937.9671856849504	2577.4297056603455	2959.3719252235583	2581.3431815310705	0.4595908421496816	0.560418810871579	0.5581707547951743	-2.0502312725421663	-2.372515857079299	28.735888905911967
partial	106	deviation_load[715]	0.2084979736530339	2364.1267694725625	2344.911487556326	2356.1019705576928	2343.661209642737	0.5686045062182898	0.6361202099090824	0.6508778178832847	-42.2617321806792	-42.58401676521634	31.02282356452531
partial	106	deviation_load[716]	0.1403785611827925	2220.866530375596	2275.0709573268355	2194.7098138049837	2265.1200798126297	0.7482503265556915	0.7865298243941214	0.8125327073487318	-34.84943981045576	-35.1717243949929	37.807838466099405
partial	106	deviation_load[717]	0.16130913730664473	2410.278318841681	2301.3550574371957	2433.152168347303	2304.1233359125727	0.6548156922299826	0.7371969336702464	0.7274025296294977	93.65123711299361	93.32895252845647	35.269780582326966
partial	106	deviation_load[718]	0.13431897513917015	2349.2843259196165	2169.5641787869595	2349.9488554178424	2157.9245582149997	0.7418452176984693	0.8319113746080835	0.8066381942003803	112.27150171295739	111.94921712842024	38.65125121550694
partial	106	deviation_load[719]	0.14737598739327712	2863.641631763083	2834.3220531323595	2866.7434713259827	2816.8346153116677	0.6363605404268027	0.68731281034374	0.7108344299012629	-30.985947672690585	-31.30823225722772	36.89936379262848
partial	106	deviation_load[720]	0.13950178906187582	2350.8876102579816	2377.087781531456	2337.4703446149333	2367.239284637724	0.7276864438988908	0.7930175899829831	0.7936361949627642	44.29367456584073	43.971389981303595	37.92646395698235
partial	106	population_intercept_at_load0	0.9988955891772522	2179.546424756472	1858.4154130978022	2191.470055095277	1850.9830771432662	0.38466914330716734	12.322853121211436	12.11584870838137	5488.374410536757	5473.270105503967	541.8633699926615
partial	106	log_sigma_intercept_at_subject0	0.0	4659.225181334068	4659.225181334068	4721.135372308107	4721.135372308107	0.028086798366554058	0.028086798366554058	0.028086798366554058	-49.512061418707994	-49.512061418707994	1.9298584828114225
partial	107	population_intercept_at_mean_load	0.9996558277404202	1990.127635807681	1964.9628546586748	1996.554084508363	1969.6325024376204	0.22528088990315945	12.031362110876092	12.132829434547174	5627.3528135984225	5619.201508936409	542.5964663452202
partial	107	population_load	0.8503292195204041	2176.1787427248364	2015.2247383113283	2173.195500322803	2011.9489475252155	0.1274846229594562	0.3440011175253329	0.34144278936869604	58.282446387568655	58.509117661954384	15.361679175536048
partial	107	log_tau_intercept	0.0	3472.9141691111113	3472.9141691111113	3352.388798859498	3352.388798859498	0.0027827000104821663	0.0027827000104821663	0.0027827000104821663	7.81775904416486	7.81775904416486	0.16111782113794357
partial	107	log_tau_load	0.0	2045.9594720130858	2045.9594720130858	2035.3771719659446	2035.3771719659446	0.0048575678152543815	0.0048575678152543815	0.0048575678152543815	4.100511972688635	4.100511972688635	0.2191499228243549
partial	107	log_sigma_intercept	0.0	4216.784571581567	4216.784571581567	4195.428928285591	4195.428928285591	0.00023374942038804195	0.00023374942038804195	0.00023374942038804195	6.051527255072198	6.051527255072198	0.015140448031641955
partial	107	log_sigma_subj_slope	0.0	4647.942856932897	4647.942856932897	4703.977860741871	4703.977860741871	3.9580120253597875e-5	3.9580120253597875e-5	3.9580120253597875e-5	0.0781729346533416	0.0781729346533416	0.0027146243720424135
partial	107	deviation_intercept[701]	0.9908402628667732	1992.8462829293992	1963.1586246247537	1987.9912433933077	1967.8848051643367	1.1678371598258617	12.056473693400289	12.165922209452267	-4867.4213550467375	-4858.704694786987	544.0615299271427
partial	107	deviation_intercept[702]	0.9956051598788	1985.5338831917056	1952.7601009810573	1993.3871785311478	1956.7785799401506	0.8059015332478837	12.043612417322311	12.136527380427447	-3928.022659141688	-3919.305998881936	542.7580481526007
partial	107	deviation_intercept[703]	0.9946940218206072	2599.8796986386637	1982.2450714071167	2597.8882439533454	1990.065599475052	0.7760283458791364	11.958887421183928	12.134580321056914	-3647.646411055347	-3638.9297507955953	543.0065739848968
partial	107	deviation_intercept[704]	0.994007934949285	2124.2755680816804	1961.9489350254282	2124.447716314423	1968.2832727210953	0.912263190921129	12.025757085505811	12.144053841451932	-665.6118893728503	-656.8952291130986	543.1939393996826
partial	107	deviation_intercept[705]	0.9925284003213175	2458.8790220871424	1977.3628963145354	2461.431213580747	1980.0778001491503	0.9470901408557041	11.985423084300239	12.146719693377298	-1363.5102375291567	-1354.7935772694052	543.5986507218306
partial	107	deviation_intercept[706]	0.9923202300967902	2513.5193131363662	2006.7090623727454	2508.326960346595	2014.2476635468302	0.9512747072385002	11.924631527324632	12.147046683997123	29.36819544522519	38.08485570497678	543.6556661466884
partial	107	deviation_intercept[707]	0.9909191173923342	2310.1096876139422	1967.9967683208536	2310.1922797048064	1978.5023087391417	1.0786255523893933	12.038544192329343	12.157682865449367	-98.90803468633257	-90.19137442658096	544.0398820617426
partial	107	deviation_intercept[708]	0.9907746042078442	2540.676337841375	1986.6615934922945	2551.2723045112525	1992.7816039110285	1.0346096022698115	11.996338770114816	12.15385686124708	-462.78932314233816	-454.0726628825865	544.0795571143897
partial	107	deviation_intercept[709]	0.9878893330296201	2464.5839765082137	1952.248400389423	2461.730697503952	1959.642577120479	1.2085356154089109	12.14119314700946	12.169896380342998	-1155.415599174798	-1146.6989389150465	544.8735086556707
partial	107	deviation_intercept[710]	0.9863912812337703	2266.5813646504084	1945.8017753607376	2267.2726920671366	1956.2204670302083	1.3359246701166263	12.104210784703747	12.183206240509927	172.71313608690525	181.42979634665687	545.2871067254956
partial	107	deviation_intercept[711]	0.985613703883623	2636.368009331337	1958.1583516266078	2639.654585082607	1963.7828645571608	1.273495521774026	12.099313727722473	12.176518813624536	-1747.3862390527042	-1738.6695787929525	545.5021602033308
partial	107	deviation_intercept[712]	0.9825221281288593	2421.4025800619706	1970.320549682203	2417.6215768968054	1975.1648480712445	1.469023642414332	12.113425206731138	12.198518354150478	1080.88230149903	1089.5989617587818	546.3597168144925
partial	107	deviation_intercept[713]	0.9798059748056367	2026.4675601821232	1990.1552751133509	2034.7461178057622	1992.218314785383	1.7235985984278397	12.053004048696659	12.231786938263609	3878.5019274529013	3887.218587712654	547.1164838491213
partial	107	deviation_intercept[714]	0.9789935427542814	2811.251998774082	1996.418030882383	2809.4198509748157	2002.7439593776003	1.4966767479185075	12.018371707989813	12.201879398778441	134.36047004115483	143.07713030090642	547.3434530621367
partial	107	deviation_intercept[715]	0.9755816613526946	2336.1520464910645	2018.286854030955	2332.038710037767	2020.791094571556	1.7742230047989915	11.944101140435244	12.239023116463656	903.7904854692794	912.507145729031	548.299724127795
partial	107	deviation_intercept[716]	0.9556879940115592	2640.256494075022	1964.9238428340018	2605.2632332107964	1969.6336641591245	2.284686820644244	12.206875523405419	12.323376706203511	757.2291463577545	765.945806617506	553.9770538564713
partial	107	deviation_intercept[717]	0.9649349216001413	2482.6592502446224	1980.7199028647456	2495.249707499336	1982.0568831195305	2.066718037230671	12.257999779884576	12.284833862123998	1474.732816932864	1483.4494771926154	551.3162955390975
partial	107	deviation_intercept[718]	0.9580564567605109	2379.130963252242	1972.811457849659	2345.7395875794373	1977.433666916865	2.3396287494582917	12.220448450917006	12.333680807442098	1298.105337817918	1306.8219980776696	553.2918719328981
partial	107	deviation_intercept[719]	0.9596155570611061	2833.3132777899177	2021.2980419812702	2863.174093617103	2027.9505097778303	2.0762725952718384	12.057735227822008	12.28644486678106	4677.20049820907	4685.917158468822	552.8422188467633
partial	107	deviation_intercept[720]	0.9558835435339743	2396.8847708873313	1983.4149613883576	2402.1556212034475	1985.983740146376	2.3738162042257054	12.36125819661185	12.340211624847377	3290.972877911187	3299.6895381709382	553.9203861326675
partial	107	deviation_load[701]	0.4040511784209022	2029.6717704396237	1962.779200717985	2021.8259332529165	1967.4963221043943	0.3826014878541125	0.499804942126364	0.4967038834445948	-22.67581524664021	-22.902486521025942	22.285072601542602
partial	107	deviation_load[702]	0.5831605033726391	2022.680997656224	2037.7277687212754	2017.9867564308065	2035.4098796832893	0.2666020389847603	0.41314885613560515	0.4140138844430132	-35.764179419195905	-35.99085069358163	18.549755560764822
partial	107	deviation_load[703]	0.5510774521903495	2409.1774734569512	2241.090306383385	2401.13413687938	2240.5379536633095	0.26091762678453195	0.41023771825538435	0.41037648237640684	-37.36170796192186	-37.58837923630759	19.082089181783143
partial	107	deviation_load[704]	0.5022307559326462	2199.3751124095475	2141.1698204275503	2201.702237862087	2137.9227900113506	0.3005490277446734	0.4391704839818912	0.43664695968142214	11.320444270874507	11.093772996488777	19.988517730934856
partial	107	deviation_load[705]	0.4593538221956366	2370.0428784099345	2110.957469841048	2368.6243129193604	2106.686271308406	0.3157672261318101	0.45553126802997307	0.4472580803291749	-20.3365324063561	-20.56320368074183	20.900591396991725
partial	107	deviation_load[706]	0.46221081527798513	2300.590748483199	2037.0343389389966	2283.792885563041	2033.7297380391326	0.3197347684276745	0.4661421511979247	0.4500679631591874	-5.8728698013339	-6.09954107571963	20.83589645388685
partial	107	deviation_load[707]	0.41558075889283785	2258.441916775895	2012.183180717135	2260.1083274775006	2016.750635407123	0.35334760459618214	0.4888875620258337	0.47453701541041127	-0.611257692445869	-0.8379289668315991	21.973767562270687
partial	107	deviation_load[708]	0.4133711816337335	2696.15181022005	2371.4089762360204	2701.9461434196355	2361.129614394174	0.3246425918169159	0.45112684732474023	0.45356770359271137	-24.28653562357934	-24.513206897965077	22.032417064594277
partial	107	deviation_load[709]	0.35223166033341474	2465.2330484336994	2325.82936296728	2470.173033038383	2311.219825700172	0.38651309995479904	0.5055335416854904	0.4997231491110148	-42.738939936757816	-42.965611211143546	23.86811090674961
partial	107	deviation_load[710]	0.3255486284001826	2081.8639826815456	2038.0252811162368	2068.9382011720795	2038.678061215839	0.44825574983766014	0.5475868857230847	0.5488752741591517	-74.04841683297636	-74.27508810736208	24.82700359931432
partial	107	deviation_load[711]	0.3051834618381496	2675.393418372699	2429.082654826845	2677.4191465430663	2428.7069793838878	0.4130747376940765	0.5173203818970133	0.5205397086119282	14.535571465599828	14.3089001912141	25.641991069678646
partial	107	deviation_load[712]	0.2740834384857007	2305.317892556579	2163.8615575344697	2309.4112752023725	2175.2125521536705	0.4797152851626322	0.5749759820499865	0.5748544199529361	116.7742270091329	116.54755573474716	27.0576979978985
partial	107	deviation_load[713]	0.24345484307951948	2093.1053752927132	2064.1798344789113	2088.199285461104	2074.7752639117857	0.5464551071896186	0.6318990888750425	0.6316201655222691	-13.903790270660483	-14.130461545046215	28.709328387514322
partial	107	deviation_load[714]	0.24300500152615895	2937.9671856849504	2624.428862956094	2959.3719252235583	2638.628698804432	0.4595908421496816	0.5452442739743203	0.5581707547951743	-2.1458445826935684	-2.372515857079299	28.735888905911967
partial	107	deviation_load[715]	0.2084979736530339	2364.1267694725625	2250.5945157632696	2356.1019705576928	2252.675254354447	0.5686045062182898	0.6431084803778657	0.6508778178832847	-42.35734549083062	-42.58401676521634	31.02282356452531
partial	107	deviation_load[716]	0.1403785611827925	2220.866530375596	2166.1266205192414	2194.7098138049837	2123.8788894040267	0.7482503265556915	0.8254763328587593	0.8125327073487318	-34.94505312060717	-35.1717243949929	37.807838466099405
partial	107	deviation_load[717]	0.16130913730664473	2410.278318841681	2455.4653177889613	2433.152168347303	2469.670539405573	0.6548156922299826	0.7159217520156415	0.7274025296294977	93.55562380284219	93.32895252845647	35.269780582326966
partial	107	deviation_load[718]	0.13431897513917015	2349.2843259196165	2381.561622513492	2349.9488554178424	2370.575723987026	0.7418452176984693	0.78462669652579	0.8066381942003803	112.17588840280598	111.94921712842024	38.65125121550694
partial	107	deviation_load[719]	0.14737598739327712	2863.641631763083	2349.138083153212	2866.7434713259827	2356.52405509978	0.6363605404268027	0.7648774791465106	0.7108344299012629	-31.08156098284199	-31.30823225722772	36.89936379262848
partial	107	deviation_load[720]	0.13950178906187582	2350.8876102579816	2329.1513722945037	2337.4703446149333	2322.0647530159195	0.7276864438988908	0.788207842633384	0.7936361949627642	44.19806125568933	43.971389981303595	37.92646395698235
partial	107	population_intercept_at_load0	0.9988955891772522	2179.546424756472	1969.455894429874	2191.470055095277	1976.1441088623185	0.38466914330716734	11.974210522958044	12.11584870838137	5481.986765763719	5473.270105503967	541.8633699926615
partial	107	log_sigma_intercept_at_subject0	0.0	4659.225181334068	4659.225181334068	4721.135372308107	4721.135372308107	0.028086798366554058	0.028086798366554058	0.028086798366554058	-49.512061418707994	-49.512061418707994	1.9298584828114225
partial	108	population_intercept_at_mean_load	0.9996558277404202	1990.127635807681	1990.3122826932438	1996.554084508363	1995.0602987486006	0.22528088990315945	12.060694798220315	12.132829434547174	5630.796339858757	5619.201508936409	542.5964663452202
partial	108	population_load	0.8503292195204041	2176.1787427248364	1972.4121635794595	2173.195500322803	1966.6455867892357	0.1274846229594562	0.3429204642797504	0.34144278936869604	58.77210312933792	58.509117661954384	15.361679175536048
partial	108	log_tau_intercept	0.0	3472.9141691111113	3472.9141691111113	3352.388798859498	3352.388798859498	0.0027827000104821663	0.0027827000104821663	0.0027827000104821663	7.81775904416486	7.81775904416486	0.16111782113794357
partial	108	log_tau_load	0.0	2045.9594720130858	2045.9594720130858	2035.3771719659446	2035.3771719659446	0.0048575678152543815	0.0048575678152543815	0.0048575678152543815	4.100511972688635	4.100511972688635	0.2191499228243549
partial	108	log_sigma_intercept	0.0	4216.784571581567	4216.784571581567	4195.428928285591	4195.428928285591	0.00023374942038804195	0.00023374942038804195	0.00023374942038804195	6.051527255072198	6.051527255072198	0.015140448031641955
partial	108	log_sigma_subj_slope	0.0	4647.942856932897	4647.942856932897	4703.977860741871	4703.977860741871	3.9580120253597875e-5	3.9580120253597875e-5	3.9580120253597875e-5	0.0781729346533416	0.0781729346533416	0.0027146243720424135
partial	108	deviation_intercept[701]	0.9908402628667732	1992.8462829293992	2018.070569825682	1987.9912433933077	2022.7703807289065	1.1678371598258617	12.025735246841721	12.165922209452267	-4869.643596516225	-4858.704694786987	544.0615299271427
partial	108	deviation_intercept[702]	0.9956051598788	1985.5338831917056	2009.8874843012818	1993.3871785311478	2015.747415814941	0.8059015332478837	12.037775514365205	12.136527380427447	-3930.244900611175	-3919.305998881936	542.7580481526007
partial	108	deviation_intercept[703]	0.9946940218206072	2599.8796986386637	1998.8420643332613	2597.8882439533454	2006.760338128716	0.7760283458791364	12.033106069167344	12.134580321056914	-3649.8686525248345	-3638.9297507955953	543.0065739848968
partial	108	deviation_intercept[704]	0.994007934949285	2124.2755680816804	2003.0890434869093	2124.447716314423	2009.143576431947	0.912263190921129	12.01494230400879	12.144053841451932	-667.8341308423371	-656.8952291130986	543.1939393996826
partial	108	deviation_intercept[705]	0.9925284003213175	2458.8790220871424	2001.0006974285202	2461.431213580747	2004.3702829876663	0.9470901408557041	12.0425177455479	12.146719693377298	-1365.7324789986435	-1354.7935772694052	543.5986507218306
partial	108	deviation_intercept[706]	0.9923202300967902	2513.5193131363662	2014.0482469844155	2508.326960346595	2017.759265641681	0.9512747072385002	12.03959103237133	12.147046683997123	27.145953975738333	38.08485570497678	543.6556661466884
partial	108	deviation_intercept[707]	0.9909191173923342	2310.1096876139422	2010.8230453582848	2310.1922797048064	2017.7105702300828	1.0786255523893933	12.059732440608807	12.157682865449367	-101.13027615581942	-90.19137442658096	544.0398820617426
partial	108	deviation_intercept[708]	0.9907746042078442	2540.676337841375	2019.0008468031633	2551.2723045112525	2025.8506059291972	1.0346096022698115	12.000474803460499	12.15385686124708	-465.01156461182495	-454.0726628825865	544.0795571143897
partial	108	deviation_intercept[709]	0.9878893330296201	2464.5839765082137	2000.3493203184473	2461.730697503952	1998.028775926988	1.2085356154089109	12.10204856353507	12.169896380342998	-1157.6378406442848	-1146.6989389150465	544.8735086556707
partial	108	deviation_intercept[710]	0.9863912812337703	2266.5813646504084	2004.6535833938149	2267.2726920671366	2005.8511384031156	1.3359246701166263	12.10328676878073	12.183206240509927	170.49089461741838	181.42979634665687	545.2871067254956
partial	108	deviation_intercept[711]	0.985613703883623	2636.368009331337	2000.1517573654844	2639.654585082607	2001.424001651899	1.273495521774026	12.15670222452239	12.176518813624536	-1749.6084805221913	-1738.6695787929525	545.5021602033308
partial	108	deviation_intercept[712]	0.9825221281288593	2421.4025800619706	2035.603046211921	2417.6215768968054	2040.5448057842293	1.469023642414332	12.031286541940288	12.198518354150478	1078.6600600295435	1089.5989617587818	546.3597168144925
partial	108	deviation_intercept[713]	0.9798059748056367	2026.4675601821232	2020.2012576853488	2034.7461178057622	2026.0727120161969	1.7235985984278397	12.07117073631952	12.231786938263609	3876.2796859834148	3887.218587712654	547.1164838491213
partial	108	deviation_intercept[714]	0.9789935427542814	2811.251998774082	2043.6081231371604	2809.4198509748157	2044.2877283674213	1.4966767479185075	12.041598604638661	12.201879398778441	132.138228571668	143.07713030090642	547.3434530621367
partial	108	deviation_intercept[715]	0.9755816613526946	2336.1520464910645	1986.7673706675096	2332.038710037767	1987.4523540092648	1.7742230047989915	12.235472427201266	12.239023116463656	901.5682439997926	912.507145729031	548.299724127795
partial	108	deviation_intercept[716]	0.9556879940115592	2640.256494075022	2046.6305970276442	2605.2632332107964	2049.997106725044	2.284686820644244	12.254768268676997	12.323376706203511	755.0069048882676	765.945806617506	553.9770538564713
partial	108	deviation_intercept[717]	0.9649349216001413	2482.6592502446224	2017.6106690217619	2495.249707499336	2021.8001038278342	2.066718037230671	12.18638482108622	12.284833862123998	1472.5105754633769	1483.4494771926154	551.3162955390975
partial	108	deviation_intercept[718]	0.9580564567605109	2379.130963252242	2064.5199387498096	2345.7395875794373	2070.0057377407893	2.3396287494582917	12.065193926091368	12.333680807442098	1295.8830963484309	1306.8219980776696	553.2918719328981
partial	108	deviation_intercept[719]	0.9596155570611061	2833.3132777899177	2014.7432371254474	2863.174093617103	2017.8537591025618	2.0762725952718384	12.278921454250554	12.28644486678106	4674.978256739583	4685.917158468822	552.8422188467633
partial	108	deviation_intercept[720]	0.9558835435339743	2396.8847708873313	2036.0191388866865	2402.1556212034475	2043.9805198951326	2.3738162042257054	12.28063483206422	12.340211624847377	3288.7506364417	3299.6895381709382	553.9203861326675
partial	108	deviation_load[701]	0.4040511784209022	2029.6717704396237	2058.1732283707406	2021.8259332529165	2058.5727894159927	0.3826014878541125	0.4901876225371185	0.4967038834445948	-23.165471988409475	-22.902486521025942	22.285072601542602
partial	108	deviation_load[702]	0.5831605033726391	2022.680997656224	1951.6927844013026	2017.9867564308065	1962.5251980510739	0.2666020389847603	0.41344017881243617	0.4140138844430132	-36.25383616096517	-35.99085069358163	18.549755560764822
partial	108	deviation_load[703]	0.5510774521903495	2409.1774734569512	2106.297397878575	2401.13413687938	2104.119794734394	0.26091762678453195	0.4155992562682908	0.41037648237640684	-37.851364703691125	-37.58837923630759	19.082089181783143
partial	108	deviation_load[704]	0.5022307559326462	2199.3751124095475	2067.779693916931	2201.702237862087	2072.106908722768	0.3005490277446734	0.4358268290973854	0.43664695968142214	10.830787529105239	11.093772996488777	19.988517730934856
partial	108	deviation_load[705]	0.4593538221956366	2370.0428784099345	2142.014933074853	2368.6243129193604	2159.8679430504603	0.3157672261318101	0.4524223169565022	0.4472580803291749	-20.82618914812537	-20.56320368074183	20.900591396991725
partial	108	deviation_load[706]	0.46221081527798513	2300.590748483199	2194.6182216021375	2283.792885563041	2191.7764493342734	0.3197347684276745	0.4487462155389579	0.4500679631591874	-6.362526543103164	-6.09954107571963	20.83589645388685
partial	108	deviation_load[707]	0.41558075889283785	2258.441916775895	1976.590009489172	2260.1083274775006	1976.717200853894	0.35334760459618214	0.4913035895879229	0.47453701541041127	-1.1009144342151342	-0.8379289668315991	21.973767562270687
partial	108	deviation_load[708]	0.4133711816337335	2696.15181022005	2264.888800854165	2701.9461434196355	2261.069606548646	0.3246425918169159	0.4578770523001739	0.45356770359271137	-24.776192365348614	-24.513206897965077	22.032417064594277
partial	108	deviation_load[709]	0.35223166033341474	2465.2330484336994	2405.5174976206345	2470.173033038383	2383.6178158688704	0.38651309995479904	0.4845244927898324	0.4997231491110148	-43.22859667852709	-42.965611211143546	23.86811090674961
partial	108	deviation_load[710]	0.3255486284001826	2081.8639826815456	2206.4842777154327	2068.9382011720795	2200.563569394147	0.44825574983766014	0.5329116696287322	0.5488752741591517	-74.53807357474562	-74.27508810736208	24.82700359931432
partial	108	deviation_load[711]	0.3051834618381496	2675.393418372699	2189.0772349264626	2677.4191465430663	2175.056251000764	0.4130747376940765	0.555830941918269	0.5205397086119282	14.045914723830561	14.3089001912141	25.641991069678646
partial	108	deviation_load[712]	0.2740834384857007	2305.317892556579	2210.732474034014	2309.4112752023725	2225.776663391972	0.4797152851626322	0.5792194573885517	0.5748544199529361	116.2845702673636	116.54755573474716	27.0576979978985
partial	108	deviation_load[713]	0.24345484307951948	2093.1053752927132	1956.3004457161915	2088.199285461104	1952.8335713939832	0.5464551071896186	0.6486631899543738	0.6316201655222691	-14.393447012429752	-14.130461545046215	28.709328387514322
partial	108	deviation_load[714]	0.24300500152615895	2937.9671856849504	2671.4953001191816	2959.3719252235583	2666.7521851409647	0.4595908421496816	0.560289343066477	0.5581707547951743	-2.6355013244628336	-2.372515857079299	28.735888905911967
partial	108	deviation_load[715]	0.2084979736530339	2364.1267694725625	2416.6039868065386	2356.1019705576928	2417.034178492003	0.5686045062182898	0.6327387762871306	0.6508778178832847	-42.84700223259988	-42.58401676521634	31.02282356452531
partial	108	deviation_load[716]	0.1403785611827925	2220.866530375596	2374.1083080560497	2194.7098138049837	2349.639525454642	0.7482503265556915	0.7721480812954725	0.8125327073487318	-35.43470986237643	-35.1717243949929	37.807838466099405
partial	108	deviation_load[717]	0.16130913730664473	2410.278318841681	2321.339934480283	2433.152168347303	2339.1678050083697	0.6548156922299826	0.7365530526293491	0.7274025296294977	93.06596706107294	93.32895252845647	35.269780582326966
partial	108	deviation_load[718]	0.13431897513917015	2349.2843259196165	2051.419959373092	2349.9488554178424	2040.08116784786	0.7418452176984693	0.8545689064061817	0.8066381942003803	111.68623166103671	111.94921712842024	38.65125121550694
partial	108	deviation_load[719]	0.14737598739327712	2863.641631763083	2798.592044064547	2866.7434713259827	2799.924442227591	0.6363605404268027	0.7056528254534041	0.7108344299012629	-31.571217724611255	-31.30823225722772	36.89936379262848
partial	108	deviation_load[720]	0.13950178906187582	2350.8876102579816	2322.3076538670616	2337.4703446149333	2313.877477132211	0.7276864438988908	0.776666405537955	0.7936361949627642	43.708404513920065	43.971389981303595	37.92646395698235
partial	108	population_intercept_at_load0	0.9988955891772522	2179.546424756472	2010.6389601814162	2191.470055095277	2016.5949655581708	0.38466914330716734	11.98620452201548	12.11584870838137	5484.209007233205	5473.270105503967	541.8633699926615
partial	108	log_sigma_intercept_at_subject0	0.0	4659.225181334068	4659.225181334068	4721.135372308107	4721.135372308107	0.028086798366554058	0.028086798366554058	0.028086798366554058	-49.512061418707994	-49.512061418707994	1.9298584828114225
partial	109	population_intercept_at_mean_load	0.9996558277404202	1990.127635807681	1947.792996252913	1996.554084508363	1942.2373067557312	0.22528088990315945	12.220773582294996	12.132829434547174	5606.5763991964795	5619.201508936409	542.5964663452202
partial	109	population_load	0.8503292195204041	2176.1787427248364	1892.9386264708078	2173.195500322803	1877.5732030194813	0.1274846229594562	0.3491396208595463	0.34144278936869604	58.836165458279545	58.509117661954384	15.361679175536048
partial	109	log_tau_intercept	0.0	3472.9141691111113	3472.9141691111113	3352.388798859498	3352.388798859498	0.0027827000104821663	0.0027827000104821663	0.0027827000104821663	7.81775904416486	7.81775904416486	0.16111782113794357
partial	109	log_tau_load	0.0	2045.9594720130858	2045.9594720130858	2035.3771719659446	2035.3771719659446	0.0048575678152543815	0.0048575678152543815	0.0048575678152543815	4.100511972688635	4.100511972688635	0.2191499228243549
partial	109	log_sigma_intercept	0.0	4216.784571581567	4216.784571581567	4195.428928285591	4195.428928285591	0.00023374942038804195	0.00023374942038804195	0.00023374942038804195	6.051527255072198	6.051527255072198	0.015140448031641955
partial	109	log_sigma_subj_slope	0.0	4647.942856932897	4647.942856932897	4703.977860741871	4703.977860741871	3.9580120253597875e-5	3.9580120253597875e-5	3.9580120253597875e-5	0.0781729346533416	0.0781729346533416	0.0027146243720424135
partial	109	deviation_intercept[701]	0.9908402628667732	1992.8462829293992	1942.2875549878004	1987.9912433933077	1938.0100727776535	1.1678371598258617	12.2926676481172	12.165922209452267	-4845.263873824356	-4858.704694786987	544.0615299271427
partial	109	deviation_intercept[702]	0.9956051598788	1985.5338831917056	1940.3531299107756	1993.3871785311478	1937.3901841260852	0.8059015332478837	12.21977213435132	12.136527380427447	-3905.865177919306	-3919.305998881936	542.7580481526007
partial	109	deviation_intercept[703]	0.9946940218206072	2599.8796986386637	1943.3327513857603	2597.8882439533454	1939.0825276328876	0.7760283458791364	12.234607710227023	12.134580321056914	-3625.488929832965	-3638.9297507955953	543.0065739848968
partial	109	deviation_intercept[704]	0.994007934949285	2124.2755680816804	1946.9574817742612	2124.447716314423	1945.792410340905	0.912263190921129	12.20930776413473	12.144053841451932	-643.4544081504681	-656.8952291130986	543.1939393996826
partial	109	deviation_intercept[705]	0.9925284003213175	2458.8790220871424	1959.8960011691481	2461.431213580747	1954.378684269594	0.9470901408557041	12.269668027773342	12.146719693377298	-1341.3527563067744	-1354.7935772694052	543.5986507218306
partial	109	deviation_intercept[706]	0.9923202300967902	2513.5193131363662	1950.688782195329	2508.326960346595	1947.6460542546688	0.9512747072385002	12.226814022132539	12.147046683997123	51.52567666760736	38.08485570497678	543.6556661466884
partial	109	deviation_intercept[707]	0.9909191173923342	2310.1096876139422	1946.3897288587689	2310.1922797048064	1942.5470388082515	1.0786255523893933	12.244257118536623	12.157682865449367	-76.75055346395035	-90.19137442658096	544.0398820617426
partial	109	deviation_intercept[708]	0.9907746042078442	2540.676337841375	1942.2787944764625	2551.2723045112525	1937.3931361552743	1.0346096022698115	12.244447034860244	12.15385686124708	-440.6318419199559	-454.0726628825865	544.0795571143897
partial	109	deviation_intercept[709]	0.9878893330296201	2464.5839765082137	1984.750251926528	2461.730697503952	1977.2909905042477	1.2085356154089109	12.11842022297181	12.169896380342998	-1133.2581179524157	-1146.6989389150465	544.8735086556707
partial	109	deviation_intercept[710]	0.9863912812337703	2266.5813646504084	1930.0930018263105	2267.2726920671366	1926.5570161701246	1.3359246701166263	12.334934181972578	12.183206240509927	194.8706173092874	181.42979634665687	545.2871067254956
partial	109	deviation_intercept[711]	0.985613703883623	2636.368009331337	1955.8054713331753	2639.654585082607	1957.1616740823965	1.273495521774026	12.215384994281264	12.176518813624536	-1725.228757830322	-1738.6695787929525	545.5021602033308
partial	109	deviation_intercept[712]	0.9825221281288593	2421.4025800619706	1956.9610933535175	2417.6215768968054	1955.8106453913194	1.469023642414332	12.283624820512884	12.198518354150478	1103.0397827214124	1089.5989617587818	546.3597168144925
partial	109	deviation_intercept[713]	0.9798059748056367	2026.4675601821232	1936.9697513071562	2034.7461178057622	1931.7076476178188	1.7235985984278397	12.35216710056556	12.231786938263609	3900.6594086752843	3887.218587712654	547.1164838491213
partial	109	deviation_intercept[714]	0.9789935427542814	2811.251998774082	1931.2487764878304	2809.4198509748157	1931.5743697768712	1.4966767479185075	12.381680940045888	12.201879398778441	156.517951263537	143.07713030090642	547.3434530621367
partial	109	deviation_intercept[715]	0.9755816613526946	2336.1520464910645	1954.858369531558	2332.038710037767	1951.2885534313743	1.7742230047989915	12.329143777108198	12.239023116463656	925.9479666916616	912.507145729031	548.299724127795
partial	109	deviation_intercept[716]	0.9556879940115592	2640.256494075022	1947.2376775411512	2605.2632332107964	1945.1219593387634	2.284686820644244	12.286628333245062	12.323376706203511	779.3866275801367	765.945806617506	553.9770538564713
partial	109	deviation_intercept[717]	0.9649349216001413	2482.6592502446224	1939.5191152244554	2495.249707499336	1934.2710562006848	2.066718037230671	12.422691717618546	12.284833862123998	1496.8902981552458	1483.4494771926154	551.3162955390975
partial	109	deviation_intercept[718]	0.9580564567605109	2379.130963252242	1963.9593333011696	2345.7395875794373	1961.9909366005088	2.3396287494582917	12.3500618809237	12.333680807442098	1320.2628190403004	1306.8219980776696	553.2918719328981
partial	109	deviation_intercept[719]	0.9596155570611061	2833.3132777899177	1962.4250853661724	2863.174093617103	1961.78292861238	2.0762725952718384	12.495594164810436	12.28644486678106	4699.357979431454	4685.917158468822	552.8422188467633
partial	109	deviation_intercept[720]	0.9558835435339743	2396.8847708873313	1940.5255022310319	2402.1556212034475	1937.0097353798772	2.3738162042257054	12.484157051166003	12.340211624847377	3313.1303591335686	3299.6895381709382	553.9203861326675
partial	109	deviation_load[701]	0.4040511784209022	2029.6717704396237	1942.8325578644233	2021.8259332529165	1946.7952776993525	0.3826014878541125	0.5031437993063634	0.4967038834445948	-23.2295343173511	-22.902486521025942	22.285072601542602
partial	109	deviation_load[702]	0.5831605033726391	2022.680997656224	1986.3916874810589	2017.9867564308065	1987.5124023504984	0.2666020389847603	0.4081746337360183	0.4140138844430132	-36.31789848990679	-35.99085069358163	18.549755560764822
partial	109	deviation_load[703]	0.5510774521903495	2409.1774734569512	2144.0826228713363	2401.13413687938	2142.480305491537	0.26091762678453195	0.41290271646123816	0.41037648237640684	-37.915427032632756	-37.58837923630759	19.082089181783143
partial	109	deviation_load[704]	0.5022307559326462	2199.3751124095475	1971.0216878188342	2201.702237862087	1971.8187836448642	0.3005490277446734	0.4489537775763318	0.43664695968142214	10.766725200163615	11.093772996488777	19.988517730934856
partial	109	deviation_load[705]	0.4593538221956366	2370.0428784099345	2003.382209538235	2368.6243129193604	1987.710917705667	0.3157672261318101	0.47233946102653074	0.4472580803291749	-20.890251477066997	-20.56320368074183	20.900591396991725
partial	109	deviation_load[706]	0.46221081527798513	2300.590748483199	2226.907120493566	2283.792885563041	2222.3653042635347	0.3197347684276745	0.43842441848577396	0.4500679631591874	-6.426588872044789	-6.09954107571963	20.83589645388685
partial	109	deviation_load[707]	0.41558075889283785	2258.441916775895	2081.6859235535903	2260.1083274775006	2076.0051527881496	0.35334760459618214	0.4827418434293642	0.47453701541041127	-1.1649767631567594	-0.8379289668315991	21.973767562270687
partial	109	deviation_load[708]	0.4133711816337335	2696.15181022005	2456.503543727908	2701.9461434196355	2443.195526480805	0.3246425918169159	0.44752403509017713	0.45356770359271137	-24.840254694290238	-24.513206897965077	22.032417064594277
partial	109	deviation_load[709]	0.35223166033341474	2465.2330484336994	2218.8980903163533	2470.173033038383	2209.3929485301855	0.38651309995479904	0.5017674479437053	0.4997231491110148	-43.2926590074687	-42.965611211143546	23.86811090674961
partial	109	deviation_load[710]	0.3255486284001826	2081.8639826815456	1965.8221924778115	2068.9382011720795	1953.719590830827	0.44825574983766014	0.5655441049344146	0.5488752741591517	-74.60213590368724	-74.27508810736208	24.82700359931432
partial	109	deviation_load[711]	0.3051834618381496	2675.393418372699	2454.251298969036	2677.4191465430663	2460.117609297527	0.4130747376940765	0.5183134134937204	0.5205397086119282	13.981852394888937	14.3089001912141	25.641991069678646
partial	109	deviation_load[712]	0.2740834384857007	2305.317892556579	2186.8971405129723	2309.4112752023725	2195.841489858089	0.4797152851626322	0.5718868755042674	0.5748544199529361	116.220507938422	116.54755573474716	27.0576979978985
partial	109	deviation_load[713]	0.24345484307951948	2093.1053752927132	2017.1504249258141	2088.199285461104	2000.793563497169	0.5464551071896186	0.6371010462978178	0.6316201655222691	-14.457509341371377	-14.130461545046215	28.709328387514322
partial	109	deviation_load[714]	0.24300500152615895	2937.9671856849504	2740.7661801353797	2959.3719252235583	2739.1527992074016	0.4595908421496816	0.5429427429135273	0.5581707547951743	-2.699563653404459	-2.372515857079299	28.735888905911967
partial	109	deviation_load[715]	0.2084979736530339	2364.1267694725625	2287.6111884074166	2356.1019705576928	2285.1757748231007	0.5686045062182898	0.6494426322343613	0.6508778178832847	-42.9110645615415	-42.58401676521634	31.02282356452531
partial	109	deviation_load[716]	0.1403785611827925	2220.866530375596	2300.6179316622233	2194.7098138049837	2277.553018785589	0.7482503265556915	0.7881481487902907	0.8125327073487318	-35.49877219131806	-35.1717243949929	37.807838466099405
partial	109	deviation_load[717]	0.16130913730664473	2410.278318841681	2463.302842664151	2433.152168347303	2464.765530677138	0.6548156922299826	0.7048744312114589	0.7274025296294977	93.00190473213128	93.32895252845647	35.269780582326966
partial	109	deviation_load[718]	0.13431897513917015	2349.2843259196165	2245.6382227245454	2349.9488554178424	2236.5189355537896	0.7418452176984693	0.8104131017916658	0.8066381942003803	111.62216933209507	111.94921712842024	38.65125121550694
partial	109	deviation_load[719]	0.14737598739327712	2863.641631763083	2568.971858841889	2866.7434713259827	2594.575991729406	0.6363605404268027	0.7134011166593578	0.7108344299012629	-31.63528005355288	-31.30823225722772	36.89936379262848
partial	109	deviation_load[720]	0.13950178906187582	2350.8876102579816	2183.4697144872684	2337.4703446149333	2175.789570259544	0.7276864438988908	0.8182542756253852	0.7936361949627642	43.644342184978434	43.971389981303595	37.92646395698235
partial	109	population_intercept_at_load0	0.9988955891772522	2179.546424756472	1942.7412326118717	2191.470055095277	1939.4182362728957	0.38466914330716734	12.205633456803021	12.11584870838137	5459.829284541336	5473.270105503967	541.8633699926615
partial	109	log_sigma_intercept_at_subject0	0.0	4659.225181334068	4659.225181334068	4721.135372308107	4721.135372308107	0.028086798366554058	0.028086798366554058	0.028086798366554058	-49.512061418707994	-49.512061418707994	1.9298584828114225
partial	110	population_intercept_at_mean_load	0.9996558277404202	1990.127635807681	1850.626901775606	1996.554084508363	1829.3263944952612	0.22528088990315945	12.36806195484515	12.132829434547174	5617.137837418247	5619.201508936409	542.5964663452202
partial	110	population_load	0.8503292195204041	2176.1787427248364	1901.8592177026087	2173.195500322803	1904.0357865218357	0.1274846229594562	0.3544056449671669	0.34144278936869604	58.128684737270305	58.509117661954384	15.361679175536048
partial	110	log_tau_intercept	0.0	3472.9141691111113	3472.9141691111113	3352.388798859498	3352.388798859498	0.0027827000104821663	0.0027827000104821663	0.0027827000104821663	7.81775904416486	7.81775904416486	0.16111782113794357
partial	110	log_tau_load	0.0	2045.9594720130858	2045.9594720130858	2035.3771719659446	2035.3771719659446	0.0048575678152543815	0.0048575678152543815	0.0048575678152543815	4.100511972688635	4.100511972688635	0.2191499228243549
partial	110	log_sigma_intercept	0.0	4216.784571581567	4216.784571581567	4195.428928285591	4195.428928285591	0.00023374942038804195	0.00023374942038804195	0.00023374942038804195	6.051527255072198	6.051527255072198	0.015140448031641955
partial	110	log_sigma_subj_slope	0.0	4647.942856932897	4647.942856932897	4703.977860741871	4703.977860741871	3.9580120253597875e-5	3.9580120253597875e-5	3.9580120253597875e-5	0.0781729346533416	0.0781729346533416	0.0027146243720424135
partial	110	deviation_intercept[701]	0.9908402628667732	1992.8462829293992	1870.68584036687	1987.9912433933077	1856.3829923904627	1.1678371598258617	12.317727541341938	12.165922209452267	-4857.589885819305	-4858.704694786987	544.0615299271427
partial	110	deviation_intercept[702]	0.9956051598788	1985.5338831917056	1847.6420870205259	1993.3871785311478	1815.8395163890907	0.8059015332478837	12.435982120907529	12.136527380427447	-3918.1911899142538	-3919.305998881936	542.7580481526007
partial	110	deviation_intercept[703]	0.9946940218206072	2599.8796986386637	1829.4791227737664	2597.8882439533454	1810.5004322739949	0.7760283458791364	12.463183450407827	12.134580321056914	-3637.8149418279127	-3638.9297507955953	543.0065739848968
partial	110	deviation_intercept[704]	0.994007934949285	2124.2755680816804	1835.021783393182	2124.447716314423	1814.861083692162	0.912263190921129	12.463473790179181	12.144053841451932	-655.7804201454159	-656.8952291130986	543.1939393996826
partial	110	deviation_intercept[705]	0.9925284003213175	2458.8790220871424	1827.909620363511	2461.431213580747	1807.2402684626709	0.9470901408557041	12.513794679078181	12.146719693377298	-1353.6787683017226	-1354.7935772694052	543.5986507218306
partial	110	deviation_intercept[706]	0.9923202300967902	2513.5193131363662	1773.6232190375056	2508.326960346595	1757.7133148574685	0.9512747072385002	12.633801659165348	12.147046683997123	39.199664672659615	38.08485570497678	543.6556661466884
partial	110	deviation_intercept[707]	0.9909191173923342	2310.1096876139422	1898.86893917952	2310.1922797048064	1882.9116560142493	1.0786255523893933	12.294722435084484	12.157682865449367	-89.07656545889814	-90.19137442658096	544.0398820617426
partial	110	deviation_intercept[708]	0.9907746042078442	2540.676337841375	1856.7783044295363	2551.2723045112525	1836.3107079938454	1.0346096022698115	12.37738767729199	12.15385686124708	-452.9578539149037	-454.0726628825865	544.0795571143897
partial	110	deviation_intercept[709]	0.9878893330296201	2464.5839765082137	1832.3235864679232	2461.730697503952	1810.350032960185	1.2085356154089109	12.55067851043367	12.169896380342998	-1145.5841299473634	-1146.6989389150465	544.8735086556707
partial	110	deviation_intercept[710]	0.9863912812337703	2266.5813646504084	1864.1459260984632	2267.2726920671366	1845.7049760064203	1.3359246701166263	12.42449769002959	12.183206240509927	182.5446053143397	181.42979634665687	545.2871067254956
partial	110	deviation_intercept[711]	0.985613703883623	2636.368009331337	1869.717388386367	2639.654585082607	1865.6676808332427	1.273495521774026	12.31218245092922	12.176518813624536	-1737.5547698252697	-1738.6695787929525	545.5021602033308
partial	110	deviation_intercept[712]	0.9825221281288593	2421.4025800619706	1817.254479350143	2417.6215768968054	1806.0561635972933	1.469023642414332	12.539704572527945	12.198518354150478	1090.7137707264646	1089.5989617587818	546.3597168144925
partial	110	deviation_intercept[713]	0.9798059748056367	2026.4675601821232	1880.6306995804605	2034.7461178057622	1875.6459525732625	1.7235985984278397	12.335152856015215	12.231786938263609	3888.333396680336	3887.218587712654	547.1164838491213
partial	110	deviation_intercept[714]	0.9789935427542814	2811.251998774082	1857.2483297591655	2809.4198509748157	1843.4465907793624	1.4966767479185075	12.386965092766202	12.201879398778441	144.19193926858927	143.07713030090642	547.3434530621367
partial	110	deviation_intercept[715]	0.9755816613526946	2336.1520464910645	1836.4670007871307	2332.038710037767	1828.52036055124	1.7742230047989915	12.605327752449854	12.239023116463656	913.6219546967137	912.507145729031	548.299724127795
partial	110	deviation_intercept[716]	0.9556879940115592	2640.256494075022	1907.4052329494216	2605.2632332107964	1900.8477547124028	2.284686820644244	12.493992278721281	12.323376706203511	767.0606155851889	765.945806617506	553.9770538564713
partial	110	deviation_intercept[717]	0.9649349216001413	2482.6592502446224	1823.6397252256043	2495.249707499336	1807.412824567231	2.066718037230671	12.680844355148894	12.284833862123998	1484.5642861602983	1483.4494771926154	551.3162955390975
partial	110	deviation_intercept[718]	0.9580564567605109	2379.130963252242	1841.49466956157	2345.7395875794373	1824.6576087015128	2.3396287494582917	12.655634297582287	12.333680807442098	1307.9368070453525	1306.8219980776696	553.2918719328981
partial	110	deviation_intercept[719]	0.9596155570611061	2833.3132777899177	1910.2516641550396	2863.174093617103	1899.4792942022843	2.0762725952718384	12.37893715813184	12.28644486678106	4687.0319674365055	4685.917158468822	552.8422188467633
partial	110	deviation_intercept[720]	0.9558835435339743	2396.8847708873313	1833.715283638105	2402.1556212034475	1831.8024330677742	2.3738162042257054	12.528894360150902	12.340211624847377	3300.8043471386213	3299.6895381709382	553.9203861326675
partial	110	deviation_load[701]	0.4040511784209022	2029.6717704396237	1872.9527798471383	2021.8259332529165	1873.5768773032735	0.3826014878541125	0.5210632095650042	0.4967038834445948	-22.52205359634186	-22.902486521025942	22.285072601542602
partial	110	deviation_load[702]	0.5831605033726391	2022.680997656224	2039.6345193010013	2017.9867564308065	2037.4298737838194	0.2666020389847603	0.41495678715932083	0.4140138844430132	-35.61041776889755	-35.99085069358163	18.549755560764822
partial	110	deviation_load[703]	0.5510774521903495	2409.1774734569512	1953.3157868543676	2401.13413687938	1950.219645210436	0.26091762678453195	0.44228355225215904	0.41037648237640684	-37.207946311623516	-37.58837923630759	19.082089181783143
partial	110	deviation_load[704]	0.5022307559326462	2199.3751124095475	2030.3601620110694	2201.702237862087	2031.8812755690435	0.3005490277446734	0.43913445197849454	0.43664695968142214	11.474205921172855	11.093772996488777	19.988517730934856
partial	110	deviation_load[705]	0.4593538221956366	2370.0428784099345	2111.8699472455787	2368.6243129193604	2099.3153254763506	0.3157672261318101	0.45837422555579493	0.4472580803291749	-20.18277075605775	-20.56320368074183	20.900591396991725
partial	110	deviation_load[706]	0.46221081527798513	2300.590748483199	2049.577710376873	2283.792885563041	2040.0001481071115	0.3197347684276745	0.46564770352873047	0.4500679631591874	-5.719108151035547	-6.09954107571963	20.83589645388685
partial	110	deviation_load[707]	0.41558075889283785	2258.441916775895	2107.541258616032	2260.1083274775006	2105.4034157155597	0.35334760459618214	0.4865673749028149	0.47453701541041127	-0.4574960421475167	-0.8379289668315991	21.973767562270687
partial	110	deviation_load[708]	0.4133711816337335	2696.15181022005	2334.5403754298504	2701.9461434196355	2332.207273956029	0.3246425918169159	0.4624616918867207	0.45356770359271137	-24.132773973280994	-24.513206897965077	22.032417064594277
partial	110	deviation_load[709]	0.35223166033341474	2465.2330484336994	2191.186391030064	2470.173033038383	2191.5321385341217	0.38651309995479904	0.507160183293204	0.4997231491110148	-42.585178286459474	-42.965611211143546	23.86811090674961
partial	110	deviation_load[710]	0.3255486284001826	2081.8639826815456	1975.7214768967892	2068.9382011720795	1974.156770989504	0.44825574983766014	0.558852641568407	0.5488752741591517	-73.89465518267801	-74.27508810736208	24.82700359931432
partial	110	deviation_load[711]	0.3051834618381496	2675.393418372699	2295.4882307591515	2677.4191465430663	2294.93658541475	0.4130747376940765	0.5434535808561797	0.5205397086119282	14.689333115898181	14.3089001912141	25.641991069678646
partial	110	deviation_load[712]	0.2740834384857007	2305.317892556579	2203.645703479995	2309.4112752023725	2220.402075396213	0.4797152851626322	0.5752275364611827	0.5748544199529361	116.9279886594312	116.54755573474716	27.0576979978985
partial	110	deviation_load[713]	0.24345484307951948	2093.1053752927132	1946.7253702655257	2088.199285461104	1937.944362835661	0.5464551071896186	0.6565775837882705	0.6316201655222691	-13.750028620362132	-14.130461545046215	28.709328387514322
partial	110	deviation_load[714]	0.24300500152615895	2937.9671856849504	2596.0800287275433	2959.3719252235583	2583.5703195997985	0.4595908421496816	0.5599773668724356	0.5581707547951743	-1.9920829323952167	-2.372515857079299	28.735888905911967
partial	110	deviation_load[715]	0.2084979736530339	2364.1267694725625	2272.9745163691186	2356.1019705576928	2272.8277520420656	0.5686045062182898	0.6482708707210507	0.6508778178832847	-42.20358384053227	-42.58401676521634	31.02282356452531
partial	110	deviation_load[716]	0.1403785611827925	2220.866530375596	2315.521285530435	2194.7098138049837	2298.1309048226385	0.7482503265556915	0.7963931900172897	0.8125327073487318	-34.79129147030882	-35.1717243949929	37.807838466099405
partial	110	deviation_load[717]	0.16130913730664473	2410.278318841681	2278.995741893545	2433.152168347303	2284.675131206003	0.6548156922299826	0.7435652924427808	0.7274025296294977	93.70938545314054	93.32895252845647	35.269780582326966
partial	110	deviation_load[718]	0.13431897513917015	2349.2843259196165	2304.8798464779748	2349.9488554178424	2314.688621521266	0.7418452176984693	0.7998996873003928	0.8066381942003803	112.32965005310433	111.94921712842024	38.65125121550694
partial	110	deviation_load[719]	0.14737598739327712	2863.641631763083	2841.69162535651	2866.7434713259827	2851.6339608005364	0.6363605404268027	0.6908879592998137	0.7108344299012629	-30.927799332543632	-31.30823225722772	36.89936379262848
partial	110	deviation_load[720]	0.13950178906187582	2350.8876102579816	2197.953845624225	2337.4703446149333	2199.101208010839	0.7276864438988908	0.8061732645124139	0.7936361949627642	44.35182290598768	43.971389981303595	37.92646395698235
partial	110	population_intercept_at_load0	0.9988955891772522	2179.546424756472	1843.5984350537292	2191.470055095277	1824.4041475656968	0.38466914330716734	12.392194469665796	12.11584870838137	5472.155296536284	5473.270105503967	541.8633699926615
partial	110	log_sigma_intercept_at_subject0	0.0	4659.225181334068	4659.225181334068	4721.135372308107	4721.135372308107	0.028086798366554058	0.028086798366554058	0.028086798366554058	-49.512061418707994	-49.512061418707994	1.9298584828114225
partial	111	population_intercept_at_mean_load	0.9996558277404202	1990.127635807681	2006.3833426860072	1996.554084508363	2006.4545279028155	0.22528088990315945	11.867757575718459	12.132829434547174	5593.959519502679	5619.201508936409	542.5964663452202
partial	111	population_load	0.8503292195204041	2176.1787427248364	1909.0125182181694	2173.195500322803	1901.8704257737331	0.1274846229594562	0.35671431641901225	0.34144278936869604	58.73072456630107	58.509117661954384	15.361679175536048
partial	111	log_tau_intercept	0.0	3472.9141691111113	3472.9141691111113	3352.388798859498	3352.388798859498	0.0027827000104821663	0.0027827000104821663	0.0027827000104821663	7.81775904416486	7.81775904416486	0.16111782113794357
partial	111	log_tau_load	0.0	2045.9594720130858	2045.9594720130858	2035.3771719659446	2035.3771719659446	0.0048575678152543815	0.0048575678152543815	0.0048575678152543815	4.100511972688635	4.100511972688635	0.2191499228243549
partial	111	log_sigma_intercept	0.0	4216.784571581567	4216.784571581567	4195.428928285591	4195.428928285591	0.00023374942038804195	0.00023374942038804195	0.00023374942038804195	6.051527255072198	6.051527255072198	0.015140448031641955
partial	111	log_sigma_subj_slope	0.0	4647.942856932897	4647.942856932897	4703.977860741871	4703.977860741871	3.9580120253597875e-5	3.9580120253597875e-5	3.9580120253597875e-5	0.0781729346533416	0.0781729346533416	0.0027146243720424135
partial	111	deviation_intercept[701]	0.9908402628667732	1992.8462829293992	1999.2401000859352	1987.9912433933077	1998.3553191965198	1.1678371598258617	11.923654544590637	12.165922209452267	-4832.90998113088	-4858.704694786987	544.0615299271427
partial	111	deviation_intercept[702]	0.9956051598788	1985.5338831917056	2006.7400603465005	1993.3871785311478	2008.943961755957	0.8059015332478837	11.860900164083262	12.136527380427447	-3893.511285225829	-3919.305998881936	542.7580481526007
partial	111	deviation_intercept[703]	0.9946940218206072	2599.8796986386637	2013.7719297321294	2597.8882439533454	2017.2784235875554	0.7760283458791364	11.821487876814086	12.134580321056914	-3613.135037139488	-3638.9297507955953	543.0065739848968
partial	111	deviation_intercept[704]	0.994007934949285	2124.2755680816804	2002.3195171838047	2124.447716314423	2006.253661050617	0.912263190921129	11.83008024080614	12.144053841451932	-631.1005154569916	-656.8952291130986	543.1939393996826
partial	111	deviation_intercept[705]	0.9925284003213175	2458.8790220871424	2035.4827824577678	2461.431213580747	2039.0659709910608	0.9470901408557041	11.755757873819078	12.146719693377298	-1328.9988636132987	-1354.7935772694052	543.5986507218306
partial	111	deviation_intercept[706]	0.9923202300967902	2513.5193131363662	2000.5506844467109	2508.326960346595	2001.3426711632935	0.9512747072385002	11.894912746520264	12.147046683997123	63.87956936108389	38.08485570497678	543.6556661466884
partial	111	deviation_intercept[707]	0.9909191173923342	2310.1096876139422	1999.0892292361534	2310.1922797048064	1999.049718832405	1.0786255523893933	11.88710635596792	12.157682865449367	-64.39666077047384	-90.19137442658096	544.0398820617426
partial	111	deviation_intercept[708]	0.9907746042078442	2540.676337841375	2001.2850399978715	2551.2723045112525	1996.5884478244066	1.0346096022698115	11.911146767246548	12.15385686124708	-428.2779492264794	-454.0726628825865	544.0795571143897
partial	111	deviation_intercept[709]	0.9878893330296201	2464.5839765082137	2040.0514304181484	2461.730697503952	2039.4586786236055	1.2085356154089109	11.786152276159926	12.169896380342998	-1120.904225258939	-1146.6989389150465	544.8735086556707
partial	111	deviation_intercept[710]	0.9863912812337703	2266.5813646504084	2026.7438991933707	2267.2726920671366	2028.6800313919637	1.3359246701166263	11.825150548914293	12.183206240509927	207.22451000276394	181.42979634665687	545.2871067254956
partial	111	deviation_intercept[711]	0.985613703883623	2636.368009331337	2008.3100286322924	2639.654585082607	2010.856164989228	1.273495521774026	11.890191724305437	12.176518813624536	-1712.8748651368453	-1738.6695787929525	545.5021602033308
partial	111	deviation_intercept[712]	0.9825221281288593	2421.4025800619706	2021.7906157792195	2417.6215768968054	2028.2703121013342	1.469023642414332	11.882291292399925	12.198518354150478	1115.3936754148885	1089.5989617587818	546.3597168144925
partial	111	deviation_intercept[713]	0.9798059748056367	2026.4675601821232	1959.8160811811879	2034.7461178057622	1968.3078587228551	1.7235985984278397	12.046624048036774	12.231786938263609	3913.013301368761	3887.218587712654	547.1164838491213
partial	111	deviation_intercept[714]	0.9789935427542814	2811.251998774082	2005.6882209141081	2809.4198509748157	2010.010536721846	1.4966767479185075	11.959529913082859	12.201879398778441	168.8718439570135	143.07713030090642	547.3434530621367
partial	111	deviation_intercept[715]	0.9755816613526946	2336.1520464910645	1995.9339034050631	2332.038710037767	2006.06530972688	1.7742230047989915	11.991187055141483	12.239023116463656	938.301859385138	912.507145729031	548.299724127795
partial	111	deviation_intercept[716]	0.9556879940115592	2640.256494075022	1988.0119810413194	2605.2632332107964	1989.4590555559075	2.284686820644244	12.07692281116702	12.323376706203511	791.7405202736132	765.945806617506	553.9770538564713
partial	111	deviation_intercept[717]	0.9649349216001413	2482.6592502446224	1992.7274019980862	2495.249707499336	2003.6254136797247	2.066718037230671	12.075667842617742	12.284833862123998	1509.2441908487224	1483.4494771926154	551.3162955390975
partial	111	deviation_intercept[718]	0.9580564567605109	2379.130963252242	1994.8859580873045	2345.7395875794373	1995.4259888925403	2.3396287494582917	12.145298454663935	12.333680807442098	1332.6167117337766	1306.8219980776696	553.2918719328981
partial	111	deviation_intercept[719]	0.9596155570611061	2833.3132777899177	2020.8826840884212	2863.174093617103	2022.4809182016159	2.0762725952718384	12.026995884248235	12.28644486678106	4711.71187212493	4685.917158468822	552.8422188467633
partial	111	deviation_intercept[720]	0.9558835435339743	2396.8847708873313	2023.0513731545127	2402.1556212034475	2029.07836030684	2.3738162042257054	11.99237522003882	12.340211624847377	3325.4842518270452	3299.6895381709382	553.9203861326675
partial	111	deviation_load[701]	0.4040511784209022	2029.6717704396237	2022.2391808353173	2021.8259332529165	2021.0992695239036	0.3826014878541125	0.5021659840515811	0.4967038834445948	-23.124093425372624	-22.902486521025942	22.285072601542602
partial	111	deviation_load[702]	0.5831605033726391	2022.680997656224	1914.5187941527981	2017.9867564308065	1907.5557094977405	0.2666020389847603	0.4342449206135514	0.4140138844430132	-36.212457597928314	-35.99085069358163	18.549755560764822
partial	111	deviation_load[703]	0.5510774521903495	2409.1774734569512	2203.296001597435	2401.13413687938	2196.6988166605283	0.26091762678453195	0.4153614397035004	0.41037648237640684	-37.809986140654274	-37.58837923630759	19.082089181783143
partial	111	deviation_load[704]	0.5022307559326462	2199.3751124095475	1940.6916712598038	2201.702237862087	1937.6764962626169	0.3005490277446734	0.4615118506019342	0.43664695968142214	10.872166092142091	11.093772996488777	19.988517730934856
partial	111	deviation_load[705]	0.4593538221956366	2370.0428784099345	2086.5623816817174	2368.6243129193604	2073.731234960844	0.3157672261318101	0.4588552568527377	0.4472580803291749	-20.784810585088515	-20.56320368074183	20.900591396991725
partial	111	deviation_load[706]	0.46221081527798513	2300.590748483199	2043.5735149857232	2283.792885563041	2041.0670414242734	0.3197347684276745	0.4621139752485536	0.4500679631591874	-6.321147980066311	-6.09954107571963	20.83589645388685
partial	111	deviation_load[707]	0.41558075889283785	2258.441916775895	2167.059973094262	2260.1083274775006	2164.741383263154	0.35334760459618214	0.472515156032846	0.47453701541041127	-1.0595358711782814	-0.8379289668315991	21.973767562270687
partial	111	deviation_load[708]	0.4133711816337335	2696.15181022005	2376.6485758301274	2701.9461434196355	2377.9622282191976	0.3246425918169159	0.45547431954083434	0.45356770359271137	-24.734813802311756	-24.513206897965077	22.032417064594277
partial	111	deviation_load[709]	0.35223166033341474	2465.2330484336994	2262.6407180801284	2470.173033038383	2260.071868310554	0.38651309995479904	0.5012588055890006	0.4997231491110148	-43.18721811549023	-42.965611211143546	23.86811090674961
partial	111	deviation_load[710]	0.3255486284001826	2081.8639826815456	1967.8378257540062	2068.9382011720795	1955.5154138409755	0.44825574983766014	0.558161816035048	0.5488752741591517	-74.49669501170877	-74.27508810736208	24.82700359931432
partial	111	deviation_load[711]	0.3051834618381496	2675.393418372699	2348.5689404316095	2677.4191465430663	2357.498056604264	0.4130747376940765	0.5247490212051114	0.5205397086119282	14.087293286867414	14.3089001912141	25.641991069678646
partial	111	deviation_load[712]	0.2740834384857007	2305.317892556579	2164.454436032894	2309.4112752023725	2169.817541034595	0.4797152851626322	0.5774614361080396	0.5748544199529361	116.32594883040048	116.54755573474716	27.0576979978985
partial	111	deviation_load[713]	0.24345484307951948	2093.1053752927132	2080.0162405542014	2088.199285461104	2078.2990254248202	0.5464551071896186	0.6277425081242409	0.6316201655222691	-14.352068449392897	-14.130461545046215	28.709328387514322
partial	111	deviation_load[714]	0.24300500152615895	2937.9671856849504	2653.65523182949	2959.3719252235583	2655.700287218965	0.4595908421496816	0.5725995392970379	0.5581707547951743	-2.594122761425981	-2.372515857079299	28.735888905911967
partial	111	deviation_load[715]	0.2084979736530339	2364.1267694725625	2062.412601344834	2356.1019705576928	2055.8629432613398	0.5686045062182898	0.6834141459473876	0.6508778178832847	-42.80562366956301	-42.58401676521634	31.02282356452531
partial	111	deviation_load[716]	0.1403785611827925	2220.866530375596	2038.7648459201785	2194.7098138049837	2013.3226345798305	0.7482503265556915	0.8363776363845746	0.8125327073487318	-35.39333129933958	-35.1717243949929	37.807838466099405
partial	111	deviation_load[717]	0.16130913730664473	2410.278318841681	2331.5669508922524	2433.152168347303	2340.5257263253925	0.6548156922299826	0.7291977719271227	0.7274025296294977	93.10734562410978	93.32895252845647	35.269780582326966
partial	111	deviation_load[718]	0.13431897513917015	2349.2843259196165	2413.8139121330373	2349.9488554178424	2414.4128850208976	0.7418452176984693	0.7901955876862561	0.8066381942003803	111.72761022407354	111.94921712842024	38.65125121550694
partial	111	deviation_load[719]	0.14737598739327712	2863.641631763083	2119.416307367953	2866.7434713259827	2158.06604795457	0.6363605404268027	0.7919356405885384	0.7108344299012629	-31.529839161574397	-31.30823225722772	36.89936379262848
partial	111	deviation_load[720]	0.13950178906187582	2350.8876102579816	2328.8727134377623	2337.4703446149333	2327.670317932877	0.7276864438988908	0.7988071068463343	0.7936361949627642	43.74978307695691	43.971389981303595	37.92646395698235
partial	111	population_intercept_at_load0	0.9988955891772522	2179.546424756472	2005.5330373176928	2191.470055095277	2008.9455680973329	0.38466914330716734	11.819111947646448	12.11584870838137	5447.47539184786	5473.270105503967	541.8633699926615
partial	111	log_sigma_intercept_at_subject0	0.0	4659.225181334068	4659.225181334068	4721.135372308107	4721.135372308107	0.028086798366554058	0.028086798366554058	0.028086798366554058	-49.512061418707994	-49.512061418707994	1.9298584828114225
partial	112	population_intercept_at_mean_load	0.9996558277404202	1990.127635807681	1988.6033153931637	1996.554084508363	1990.2358002299522	0.22528088990315945	12.161845342454958	12.132829434547174	5624.497280936213	5619.201508936409	542.5964663452202
partial	112	population_load	0.8503292195204041	2176.1787427248364	1906.1805163534525	2173.195500322803	1903.8875772542142	0.1274846229594562	0.3479913146887032	0.34144278936869604	58.105443475090475	58.509117661954384	15.361679175536048
partial	112	log_tau_intercept	0.0	3472.9141691111113	3472.9141691111113	3352.388798859498	3352.388798859498	0.0027827000104821663	0.0027827000104821663	0.0027827000104821663	7.81775904416486	7.81775904416486	0.16111782113794357
partial	112	log_tau_load	0.0	2045.9594720130858	2045.9594720130858	2035.3771719659446	2035.3771719659446	0.0048575678152543815	0.0048575678152543815	0.0048575678152543815	4.100511972688635	4.100511972688635	0.2191499228243549
partial	112	log_sigma_intercept	0.0	4216.784571581567	4216.784571581567	4195.428928285591	4195.428928285591	0.00023374942038804195	0.00023374942038804195	0.00023374942038804195	6.051527255072198	6.051527255072198	0.015140448031641955
partial	112	log_sigma_subj_slope	0.0	4647.942856932897	4647.942856932897	4703.977860741871	4703.977860741871	3.9580120253597875e-5	3.9580120253597875e-5	3.9580120253597875e-5	0.0781729346533416	0.0781729346533416	0.0027146243720424135
partial	112	deviation_intercept[701]	0.9908402628667732	1992.8462829293992	1993.6024532197468	1987.9912433933077	1994.149010383934	1.1678371598258617	12.151116715582187	12.165922209452267	-4865.0072968839195	-4858.704694786987	544.0615299271427
partial	112	deviation_intercept[702]	0.9956051598788	1985.5338831917056	1971.2616814624553	1993.3871785311478	1971.619440867841	0.8059015332478837	12.233676620037064	12.136527380427447	-3925.608600978869	-3919.305998881936	542.7580481526007
partial	112	deviation_intercept[703]	0.9946940218206072	2599.8796986386637	1991.9239793111453	2597.8882439533454	1997.196409048707	0.7760283458791364	12.147542167577146	12.134580321056914	-3645.232352892528	-3638.9297507955953	543.0065739848968
partial	112	deviation_intercept[704]	0.994007934949285	2124.2755680816804	1982.1491634116514	2124.447716314423	1984.0383164574575	0.912263190921129	12.185577022433998	12.144053841451932	-663.1978312100313	-656.8952291130986	543.1939393996826
partial	112	deviation_intercept[705]	0.9925284003213175	2458.8790220871424	1973.5247682215763	2461.431213580747	1975.7986073553895	0.9470901408557041	12.170688576987624	12.146719693377298	-1361.0961793663378	-1354.7935772694052	543.5986507218306
partial	112	deviation_intercept[706]	0.9923202300967902	2513.5193131363662	1990.13904848828	2508.326960346595	1991.543524519872	0.9512747072385002	12.14735348811343	12.147046683997123	31.782253608044257	38.08485570497678	543.6556661466884
partial	112	deviation_intercept[707]	0.9909191173923342	2310.1096876139422	1978.9082991068672	2310.1922797048064	1981.2220819601835	1.0786255523893933	12.253515435035592	12.157682865449367	-96.49397652351348	-90.19137442658096	544.0398820617426
partial	112	deviation_intercept[708]	0.9907746042078442	2540.676337841375	1975.464583380102	2551.2723045112525	1980.124486601226	1.0346096022698115	12.227712860351254	12.15385686124708	-460.37526497951893	-454.0726628825865	544.0795571143897
partial	112	deviation_intercept[709]	0.9878893330296201	2464.5839765082137	2004.8769979159188	2461.730697503952	2004.70043602237	1.2085356154089109	12.11889600019376	12.169896380342998	-1153.0015410119788	-1146.6989389150465	544.8735086556707
partial	112	deviation_intercept[710]	0.9863912812337703	2266.5813646504084	1976.7014408225054	2267.2726920671366	1980.3871136756002	1.3359246701166263	12.241452442118495	12.183206240509927	175.1271942497243	181.42979634665687	545.2871067254956
partial	112	deviation_intercept[711]	0.985613703883623	2636.368009331337	1985.9868121481659	2639.654585082607	1988.3520271192401	1.273495521774026	12.244073908099097	12.176518813624536	-1744.972180889885	-1738.6695787929525	545.5021602033308
partial	112	deviation_intercept[712]	0.9825221281288593	2421.4025800619706	2002.6502976815764	2417.6215768968054	2005.0970427388677	1.469023642414332	12.16664012255007	12.198518354150478	1083.296359661849	1089.5989617587818	546.3597168144925
partial	112	deviation_intercept[713]	0.9798059748056367	2026.4675601821232	1997.7522224209724	2034.7461178057622	2000.4589818072939	1.7235985984278397	12.224367849781538	12.231786938263609	3880.915985615721	3887.218587712654	547.1164838491213
partial	112	deviation_intercept[714]	0.9789935427542814	2811.251998774082	1978.9951278603562	2809.4198509748157	1987.072181375236	1.4966767479185075	12.259354429256893	12.201879398778441	136.7745282039739	143.07713030090642	547.3434530621367
partial	112	deviation_intercept[715]	0.9755816613526946	2336.1520464910645	1962.7971870239521	2332.038710037767	1962.469072713323	1.7742230047989915	12.292427165994912	12.239023116463656	906.2045436320984	912.507145729031	548.299724127795
partial	112	deviation_intercept[716]	0.9556879940115592	2640.256494075022	2027.4216757247561	2605.2632332107964	2031.0808152251595	2.284686820644244	12.309195364857793	12.323376706203511	759.6432045205736	765.945806617506	553.9770538564713
partial	112	deviation_intercept[717]	0.9649349216001413	2482.6592502446224	2042.653804564616	2495.249707499336	2042.65950826036	2.066718037230671	12.19229689450826	12.284833862123998	1477.1468750956826	1483.4494771926154	551.3162955390975
partial	112	deviation_intercept[718]	0.9580564567605109	2379.130963252242	2018.5422466307798	2345.7395875794373	2022.9194380359488	2.3396287494582917	12.282106855533204	12.333680807442098	1300.519395980737	1306.8219980776696	553.2918719328981
partial	112	deviation_intercept[719]	0.9596155570611061	2833.3132777899177	1962.61337803344	2863.174093617103	1971.8876400339516	2.0762725952718384	12.40417976224709	12.28644486678106	4679.614556371889	4685.917158468822	552.8422188467633
partial	112	deviation_intercept[720]	0.9558835435339743	2396.8847708873313	2000.3461121257596	2402.1556212034475	1996.8353415975614	2.3738162042257054	12.505174136402035	12.340211624847377	3293.3869360740055	3299.6895381709382	553.9203861326675
partial	112	deviation_load[701]	0.4040511784209022	2029.6717704396237	1928.7298938286588	2021.8259332529165	1931.0379920690707	0.3826014878541125	0.4939859279219734	0.4967038834445948	-22.49881233416203	-22.902486521025942	22.285072601542602
partial	112	deviation_load[702]	0.5831605033726391	2022.680997656224	1894.3519909100817	2017.9867564308065	1894.8765723536947	0.2666020389847603	0.42336734870098125	0.4140138844430132	-35.58717650671772	-35.99085069358163	18.549755560764822
partial	112	deviation_load[703]	0.5510774521903495	2409.1774734569512	2079.988417531169	2401.13413687938	2073.5670836162167	0.26091762678453195	0.41180304270234663	0.41037648237640684	-37.18470504944368	-37.58837923630759	19.082089181783143
partial	112	deviation_load[704]	0.5022307559326462	2199.3751124095475	1994.5396450024273	2201.702237862087	1995.6920327742096	0.3005490277446734	0.44162032915276456	0.43664695968142214	11.497447183352687	11.093772996488777	19.988517730934856
partial	112	deviation_load[705]	0.4593538221956366	2370.0428784099345	2153.396968441542	2368.6243129193604	2159.8248710857047	0.3157672261318101	0.44888678571734275	0.4472580803291749	-20.15952949387792	-20.56320368074183	20.900591396991725
partial	112	deviation_load[706]	0.46221081527798513	2300.590748483199	2072.584936862198	2283.792885563041	2067.5468524276685	0.3197347684276745	0.4537615711781907	0.4500679631591874	-5.695866888855717	-6.09954107571963	20.83589645388685
partial	112	deviation_load[707]	0.41558075889283785	2258.441916775895	2143.0089242631716	2260.1083274775006	2152.568308828173	0.35334760459618214	0.46563481165452797	0.47453701541041127	-0.43425477996768735	-0.8379289668315991	21.973767562270687
partial	112	deviation_load[708]	0.4133711816337335	2696.15181022005	2221.035563259665	2701.9461434196355	2218.1800651359827	0.3246425918169159	0.469272116193927	0.45356770359271137	-24.10953271110116	-24.513206897965077	22.032417064594277
partial	112	deviation_load[709]	0.35223166033341474	2465.2330484336994	2286.38028024099	2470.173033038383	2277.4830505627033	0.38651309995479904	0.49249558791412806	0.4997231491110148	-42.561937024279636	-42.965611211143546	23.86811090674961
partial	112	deviation_load[710]	0.3255486284001826	2081.8639826815456	2046.349261404628	2068.9382011720795	2041.2606858314355	0.44825574983766014	0.5569115690433437	0.5488752741591517	-73.87141392049817	-74.27508810736208	24.82700359931432
partial	112	deviation_load[711]	0.3051834618381496	2675.393418372699	2343.3880064500772	2677.4191465430663	2350.099390602165	0.4130747376940765	0.526437311810741	0.5205397086119282	14.71257437807801	14.3089001912141	25.641991069678646
partial	112	deviation_load[712]	0.2740834384857007	2305.317892556579	2228.2009740131953	2309.4112752023725	2229.420635848757	0.4797152851626322	0.5709448652149752	0.5748544199529361	116.95122992161107	116.54755573474716	27.0576979978985
partial	112	deviation_load[713]	0.24345484307951948	2093.1053752927132	1992.8596748641357	2088.199285461104	1992.8709040210122	0.5464551071896186	0.6406582408343299	0.6316201655222691	-13.726787358182305	-14.130461545046215	28.709328387514322
partial	112	deviation_load[714]	0.24300500152615895	2937.9671856849504	2800.778392992312	2959.3719252235583	2800.5828528453185	0.4595908421496816	0.5445973436976222	0.5581707547951743	-1.9688416702153866	-2.372515857079299	28.735888905911967
partial	112	deviation_load[715]	0.2084979736530339	2364.1267694725625	2285.4263411672932	2356.1019705576928	2286.431841493592	0.5686045062182898	0.64553949036179	0.6508778178832847	-42.18034257835244	-42.58401676521634	31.02282356452531
partial	112	deviation_load[716]	0.1403785611827925	2220.866530375596	2180.392313100851	2194.7098138049837	2136.080230336901	0.7482503265556915	0.8199823384451269	0.8125327073487318	-34.76805020812899	-35.1717243949929	37.807838466099405
partial	112	deviation_load[717]	0.16130913730664473	2410.278318841681	2316.4556370887053	2433.152168347303	2337.186375579312	0.6548156922299826	0.727699610451106	0.7274025296294977	93.73262671532038	93.32895252845647	35.269780582326966
partial	112	deviation_load[718]	0.13431897513917015	2349.2843259196165	2327.8676845625373	2349.9488554178424	2320.040039062423	0.7418452176984693	0.8082707329352184	0.8066381942003803	112.35289131528417	111.94921712842024	38.65125121550694
partial	112	deviation_load[719]	0.14737598739327712	2863.641631763083	2701.3602938341196	2866.7434713259827	2707.5536445358143	0.6363605404268027	0.7071827858681303	0.7108344299012629	-30.904558070363805	-31.30823225722772	36.89936379262848
partial	112	deviation_load[720]	0.13950178906187582	2350.8876102579816	2231.120228864171	2337.4703446149333	2226.8770020269053	0.7276864438988908	0.8052459901113228	0.7936361949627642	44.37506416816751	43.971389981303595	37.92646395698235
partial	112	population_intercept_at_load0	0.9988955891772522	2179.546424756472	1980.6564531153133	2191.470055095277	1982.9927908608195	0.38466914330716734	12.161549703830778	12.11584870838137	5479.572707600899	5473.270105503967	541.8633699926615
partial	112	log_sigma_intercept_at_subject0	0.0	4659.225181334068	4659.225181334068	4721.135372308107	4721.135372308107	0.028086798366554058	0.028086798366554058	0.028086798366554058	-49.512061418707994	-49.512061418707994	1.9298584828114225
partial	113	population_intercept_at_mean_load	0.9996558277404202	1990.127635807681	1877.3353926604202	1996.554084508363	1875.3368608238954	0.22528088990315945	12.770366431086401	12.132829434547174	5614.437647401272	5619.201508936409	542.5964663452202
partial	113	population_load	0.8503292195204041	2176.1787427248364	1996.4393014978236	2173.195500322803	1994.6770211768626	0.1274846229594562	0.34408395390227814	0.34144278936869604	58.33334401907653	58.509117661954384	15.361679175536048
partial	113	log_tau_intercept	0.0	3472.9141691111113	3472.9141691111113	3352.388798859498	3352.388798859498	0.0027827000104821663	0.0027827000104821663	0.0027827000104821663	7.81775904416486	7.81775904416486	0.16111782113794357
partial	113	log_tau_load	0.0	2045.9594720130858	2045.9594720130858	2035.3771719659446	2035.3771719659446	0.0048575678152543815	0.0048575678152543815	0.0048575678152543815	4.100511972688635	4.100511972688635	0.2191499228243549
partial	113	log_sigma_intercept	0.0	4216.784571581567	4216.784571581567	4195.428928285591	4195.428928285591	0.00023374942038804195	0.00023374942038804195	0.00023374942038804195	6.051527255072198	6.051527255072198	0.015140448031641955
partial	113	log_sigma_subj_slope	0.0	4647.942856932897	4647.942856932897	4703.977860741871	4703.977860741871	3.9580120253597875e-5	3.9580120253597875e-5	3.9580120253597875e-5	0.0781729346533416	0.0781729346533416	0.0027146243720424135
partial	113	deviation_intercept[701]	0.9908402628667732	1992.8462829293992	1860.744869640937	1987.9912433933077	1858.133772831843	1.1678371598258617	12.867784306539422	12.165922209452267	-4854.379241749818	-4858.704694786987	544.0615299271427
partial	113	deviation_intercept[702]	0.9956051598788	1985.5338831917056	1865.7059228803914	1993.3871785311478	1863.1645795491431	0.8059015332478837	12.78197521565911	12.136527380427447	-3914.980545844769	-3919.305998881936	542.7580481526007
partial	113	deviation_intercept[703]	0.9946940218206072	2599.8796986386637	1870.0835093903627	2597.8882439533454	1865.0946682340286	0.7760283458791364	12.780162438979902	12.134580321056914	-3634.604297758428	-3638.9297507955953	543.0065739848968
partial	113	deviation_intercept[704]	0.994007934949285	2124.2755680816804	1890.0871216881724	2124.447716314423	1884.6615946781337	0.912263190921129	12.726687460956546	12.144053841451932	-652.569776075931	-656.8952291130986	543.1939393996826
partial	113	deviation_intercept[705]	0.9925284003213175	2458.8790220871424	1878.4354263133214	2461.431213580747	1873.8468301065197	0.9470901408557041	12.7991163720014	12.146719693377298	-1350.4681242322376	-1354.7935772694052	543.5986507218306
partial	113	deviation_intercept[706]	0.9923202300967902	2513.5193131363662	1861.910032413699	2508.326960346595	1860.052755454642	0.9512747072385002	12.829004604270114	12.147046683997123	42.41030874214446	38.08485570497678	543.6556661466884
partial	113	deviation_intercept[707]	0.9909191173923342	2310.1096876139422	1890.9097421092463	2310.1922797048064	1885.3603533225478	1.0786255523893933	12.765226756018336	12.157682865449367	-85.86592138941329	-90.19137442658096	544.0398820617426
partial	113	deviation_intercept[708]	0.9907746042078442	2540.676337841375	1879.9453782773412	2551.2723045112525	1878.7820949424026	1.0346096022698115	12.811543625178002	12.15385686124708	-449.7472098454188	-454.0726628825865	544.0795571143897
partial	113	deviation_intercept[709]	0.9878893330296201	2464.5839765082137	1895.446838293882	2461.730697503952	1888.4314325849596	1.2085356154089109	12.76752464069483	12.169896380342998	-1142.3734858778787	-1146.6989389150465	544.8735086556707
partial	113	deviation_intercept[710]	0.9863912812337703	2266.5813646504084	1856.4755662938855	2267.2726920671366	1852.7359131030423	1.3359246701166263	12.947540582965962	12.183206240509927	185.75524938382446	181.42979634665687	545.2871067254956
partial	113	deviation_intercept[711]	0.985613703883623	2636.368009331337	1899.0956293970585	2639.654585082607	1894.8571568545797	1.273495521774026	12.738462943288207	12.176518813624536	-1734.3441257557845	-1738.6695787929525	545.5021602033308
partial	113	deviation_intercept[712]	0.9825221281288593	2421.4025800619706	1877.6848493266423	2417.6215768968054	1876.016282060529	1.469023642414332	12.768843205569738	12.198518354150478	1093.9244147959491	1089.5989617587818	546.3597168144925
partial	113	deviation_intercept[713]	0.9798059748056367	2026.4675601821232	1884.1570349906417	2034.7461178057622	1883.961150314589	1.7235985984278397	12.85374631043164	12.231786938263609	3891.5440407498213	3887.218587712654	547.1164838491213
partial	113	deviation_intercept[714]	0.9789935427542814	2811.251998774082	1904.6951523809341	2809.4198509748157	1907.6279778150208	1.4966767479185075	12.796108140855647	12.201879398778441	147.40258333807412	143.07713030090642	547.3434530621367
partial	113	deviation_intercept[715]	0.9755816613526946	2336.1520464910645	1873.108476938388	2332.038710037767	1870.563766170821	1.7742230047989915	12.87534706413505	12.239023116463656	916.8325987661987	912.507145729031	548.299724127795
partial	113	deviation_intercept[716]	0.9556879940115592	2640.256494075022	1880.4795757851873	2605.2632332107964	1877.6861269940346	2.284686820644244	12.979481983569924	12.323376706203511	770.2712596546738	765.945806617506	553.9770538564713
partial	113	deviation_intercept[717]	0.9649349216001413	2482.6592502446224	1914.797511277923	2495.249707499336	1906.6363803142158	2.066718037230671	12.826102604720328	12.284833862123998	1487.774930229783	1483.4494771926154	551.3162955390975
partial	113	deviation_intercept[718]	0.9580564567605109	2379.130963252242	1924.03798565674	2345.7395875794373	1922.5754560735525	2.3396287494582917	12.873367069155218	12.333680807442098	1311.1474511148372	1306.8219980776696	553.2918719328981
partial	113	deviation_intercept[719]	0.9596155570611061	2833.3132777899177	1877.191827312884	2863.174093617103	1878.1288690323881	2.0762725952718384	12.98125500929479	12.28644486678106	4690.242611505989	4685.917158468822	552.8422188467633
partial	113	deviation_intercept[720]	0.9558835435339743	2396.8847708873313	1877.5615706183864	2402.1556212034475	1877.2736474358067	2.3738162042257054	12.897311134490511	12.340211624847377	3304.0149912081065	3299.6895381709382	553.9203861326675
partial	113	deviation_load[701]	0.4040511784209022	2029.6717704396237	2066.1505962753	2021.8259332529165	2063.764014739373	0.3826014878541125	0.48906575667200136	0.4967038834445948	-22.726712878148085	-22.902486521025942	22.285072601542602
partial	113	deviation_load[702]	0.5831605033726391	2022.680997656224	1963.6872005070254	2017.9867564308065	1964.7182939559016	0.2666020389847603	0.41601740276409355	0.4140138844430132	-35.815077050703785	-35.99085069358163	18.549755560764822
partial	113	deviation_load[703]	0.5510774521903495	2409.1774734569512	2053.7814368611735	2401.13413687938	2029.047412364473	0.26091762678453195	0.4201614815620986	0.41037648237640684	-37.41260559342974	-37.58837923630759	19.082089181783143
partial	113	deviation_load[704]	0.5022307559326462	2199.3751124095475	2088.404925688291	2201.702237862087	2091.7381971055843	0.3005490277446734	0.4326588794233715	0.43664695968142214	11.269546639366627	11.093772996488777	19.988517730934856
partial	113	deviation_load[705]	0.4593538221956366	2370.0428784099345	2060.6735356640265	2368.6243129193604	2070.1213440692877	0.3157672261318101	0.46075953986473006	0.4472580803291749	-20.38743003786398	-20.56320368074183	20.900591396991725
partial	113	deviation_load[706]	0.46221081527798513	2300.590748483199	2169.253286332118	2283.792885563041	2170.5997440403653	0.3197347684276745	0.45190490532869987	0.4500679631591874	-5.923767432841776	-6.09954107571963	20.83589645388685
partial	113	deviation_load[707]	0.41558075889283785	2258.441916775895	2270.990564769775	2260.1083274775006	2281.3609088842168	0.35334760459618214	0.45216803419885715	0.47453701541041127	-0.6621553239537457	-0.8379289668315991	21.973767562270687
partial	113	deviation_load[708]	0.4133711816337335	2696.15181022005	2243.2131166831095	2701.9461434196355	2246.399993424027	0.3246425918169159	0.46264700604632253	0.45356770359271137	-24.337433255087223	-24.513206897965077	22.032417064594277
partial	113	deviation_load[709]	0.35223166033341474	2465.2330484336994	2134.93022207489	2470.173033038383	2135.808492253318	0.38651309995479904	0.5144775953742481	0.4997231491110148	-42.7898375682657	-42.965611211143546	23.86811090674961
partial	113	deviation_load[710]	0.3255486284001826	2081.8639826815456	2055.2425091003743	2068.9382011720795	2008.3389405737391	0.44825574983766014	0.5594335304531	0.5488752741591517	-74.09931446448422	-74.27508810736208	24.82700359931432
partial	113	deviation_load[711]	0.3051834618381496	2675.393418372699	2341.5271642136595	2677.4191465430663	2343.5060218817657	0.4130747376940765	0.5271168415967863	0.5205397086119282	14.484673834091954	14.3089001912141	25.641991069678646
partial	113	deviation_load[712]	0.2740834384857007	2305.317892556579	2162.625890471414	2309.4112752023725	2165.2879853799664	0.4797152851626322	0.5736719971146264	0.5748544199529361	116.72332937762499	116.54755573474716	27.0576979978985
partial	113	deviation_load[713]	0.24345484307951948	2093.1053752927132	2015.9900249393736	2088.199285461104	2016.0837381058939	0.5464551071896186	0.6446299129842559	0.6316201655222691	-13.954687902168363	-14.130461545046215	28.709328387514322
partial	113	deviation_load[714]	0.24300500152615895	2937.9671856849504	2620.7464864939107	2959.3719252235583	2619.6402474493125	0.4595908421496816	0.5683019209018578	0.5581707547951743	-2.1967422142014454	-2.372515857079299	28.735888905911967
partial	113	deviation_load[715]	0.2084979736530339	2364.1267694725625	2421.1019545297777	2356.1019705576928	2412.6296486869187	0.5686045062182898	0.6321881424321537	0.6508778178832847	-42.40824312233849	-42.58401676521634	31.02282356452531
partial	113	deviation_load[716]	0.1403785611827925	2220.866530375596	2242.7427123994557	2194.7098138049837	2208.3026282090054	0.7482503265556915	0.8107125161747668	0.8125327073487318	-34.99595075211505	-35.1717243949929	37.807838466099405
partial	113	deviation_load[717]	0.16130913730664473	2410.278318841681	2349.6740686673406	2433.152168347303	2351.994237043611	0.6548156922299826	0.722348588449021	0.7274025296294977	93.50472617133431	93.32895252845647	35.269780582326966
partial	113	deviation_load[718]	0.13431897513917015	2349.2843259196165	2253.5944091171837	2349.9488554178424	2258.5438437524244	0.7418452176984693	0.8170409941717441	0.8066381942003803	112.12499077129812	111.94921712842024	38.65125121550694
partial	113	deviation_load[719]	0.14737598739327712	2863.641631763083	2692.140380213725	2866.7434713259827	2688.684505376069	0.6363605404268027	0.7153091115816715	0.7108344299012629	-31.13245861434986	-31.30823225722772	36.89936379262848
partial	113	deviation_load[720]	0.13950178906187582	2350.8876102579816	2310.9318845644307	2337.4703446149333	2307.554745533276	0.7276864438988908	0.7820476604563871	0.7936361949627642	44.14716362418146	43.971389981303595	37.92646395698235
partial	113	population_intercept_at_load0	0.9988955891772522	2179.546424756472	1878.05862929919	2191.470055095277	1873.2856227023478	0.38466914330716734	12.756980315541435	12.11584870838137	5468.9446524668	5473.270105503967	541.8633699926615
partial	113	log_sigma_intercept_at_subject0	0.0	4659.225181334068	4659.225181334068	4721.135372308107	4721.135372308107	0.028086798366554058	0.028086798366554058	0.028086798366554058	-49.512061418707994	-49.512061418707994	1.9298584828114225
partial	114	population_intercept_at_mean_load	0.9996558277404202	1990.127635807681	2115.287456550145	1996.554084508363	2111.452564935121	0.22528088990315945	11.747610193076438	12.132829434547174	5615.336996165095	5619.201508936409	542.5964663452202
partial	114	population_load	0.8503292195204041	2176.1787427248364	2107.180462755373	2173.195500322803	2116.593908603965	0.1274846229594562	0.3287349850198601	0.34144278936869604	58.76192487076317	58.509117661954384	15.361679175536048
partial	114	log_tau_intercept	0.0	3472.9141691111113	3472.9141691111113	3352.388798859498	3352.388798859498	0.0027827000104821663	0.0027827000104821663	0.0027827000104821663	7.81775904416486	7.81775904416486	0.16111782113794357
partial	114	log_tau_load	0.0	2045.9594720130858	2045.9594720130858	2035.3771719659446	2035.3771719659446	0.0048575678152543815	0.0048575678152543815	0.0048575678152543815	4.100511972688635	4.100511972688635	0.2191499228243549
partial	114	log_sigma_intercept	0.0	4216.784571581567	4216.784571581567	4195.428928285591	4195.428928285591	0.00023374942038804195	0.00023374942038804195	0.00023374942038804195	6.051527255072198	6.051527255072198	0.015140448031641955
partial	114	log_sigma_subj_slope	0.0	4647.942856932897	4647.942856932897	4703.977860741871	4703.977860741871	3.9580120253597875e-5	3.9580120253597875e-5	3.9580120253597875e-5	0.0781729346533416	0.0781729346533416	0.0027146243720424135
partial	114	deviation_intercept[701]	0.9908402628667732	1992.8462829293992	2124.340608113105	1987.9912433933077	2121.9219263158093	1.1678371598258617	11.77091548588468	12.165922209452267	-4854.209639080596	-4858.704694786987	544.0615299271427
partial	114	deviation_intercept[702]	0.9956051598788	1985.5338831917056	2106.5296692594025	1993.3871785311478	2106.507932456134	0.8059015332478837	11.785910408166732	12.136527380427447	-3914.810943175546	-3919.305998881936	542.7580481526007
partial	114	deviation_intercept[703]	0.9946940218206072	2599.8796986386637	2116.137771617845	2597.8882439533454	2113.991725380376	0.7760283458791364	11.771432347733843	12.134580321056914	-3634.4346950892054	-3638.9297507955953	543.0065739848968
partial	114	deviation_intercept[704]	0.994007934949285	2124.2755680816804	2101.653833087775	2124.447716314423	2100.954763093309	0.912263190921129	11.824154614517171	12.144053841451932	-652.4001734067085	-656.8952291130986	543.1939393996826
partial	114	deviation_intercept[705]	0.9925284003213175	2458.8790220871424	2116.0162374582114	2461.431213580747	2116.0126173992394	0.9470901408557041	11.786050387500428	12.146719693377298	-1350.2985215630154	-1354.7935772694052	543.5986507218306
partial	114	deviation_intercept[706]	0.9923202300967902	2513.5193131363662	2123.2273328174606	2508.326960346595	2121.730445974277	0.9512747072385002	11.780198946705841	12.147046683997123	42.57991141136685	38.08485570497678	543.6556661466884
partial	114	deviation_intercept[707]	0.9909191173923342	2310.1096876139422	2109.9468183324484	2310.1922797048064	2109.4934083032736	1.0786255523893933	11.842373778287705	12.157682865449367	-85.69631872019089	-90.19137442658096	544.0398820617426
partial	114	deviation_intercept[708]	0.9907746042078442	2540.676337841375	2106.4487147748086	2551.2723045112525	2102.211781637949	1.0346096022698115	11.793563334598092	12.15385686124708	-449.57760717619647	-454.0726628825865	544.0795571143897
partial	114	deviation_intercept[709]	0.9878893330296201	2464.5839765082137	2124.0789415187455	2461.730697503952	2121.7631161688046	1.2085356154089109	11.8321292220618	12.169896380342998	-1142.2038832086562	-1146.6989389150465	544.8735086556707
partial	114	deviation_intercept[710]	0.9863912812337703	2266.5813646504084	2122.301786507604	2267.2726920671366	2120.926391409506	1.3359246701166263	11.822446940851973	12.183206240509927	185.92485205304686	181.42979634665687	545.2871067254956
partial	114	deviation_intercept[711]	0.985613703883623	2636.368009331337	2122.0571635317506	2639.654585082607	2119.246619038911	1.273495521774026	11.833283849428467	12.176518813624536	-1734.1745230865627	-1738.6695787929525	545.5021602033308
partial	114	deviation_intercept[712]	0.9825221281288593	2421.4025800619706	2135.505199486542	2417.6215768968054	2128.623856291637	1.469023642414332	11.771330904056219	12.198518354150478	1094.0940174651714	1089.5989617587818	546.3597168144925
partial	114	deviation_intercept[713]	0.9798059748056367	2026.4675601821232	2134.998299500219	2034.7461178057622	2133.2440776532394	1.7235985984278397	11.829503857126685	12.231786938263609	3891.7136434190443	3887.218587712654	547.1164838491213
partial	114	deviation_intercept[714]	0.9789935427542814	2811.251998774082	2115.7885083054484	2809.4198509748157	2115.844765743615	1.4966767479185075	11.854078765958104	12.201879398778441	147.57218600729647	143.07713030090642	547.3434530621367
partial	114	deviation_intercept[715]	0.9755816613526946	2336.1520464910645	2066.1144893115675	2332.038710037767	2069.5866783129095	1.7742230047989915	12.061671988871785	12.239023116463656	917.0022014354211	912.507145729031	548.299724127795
partial	114	deviation_intercept[716]	0.9556879940115592	2640.256494075022	2113.8279860796633	2605.2632332107964	2112.4751956083055	2.284686820644244	11.966032980929768	12.323376706203511	770.440862323896	765.945806617506	553.9770538564713
partial	114	deviation_intercept[717]	0.9649349216001413	2482.6592502446224	2110.4796141645847	2495.249707499336	2103.780566320896	2.066718037230671	12.0266427682799	12.284833862123998	1487.9445328990053	1483.4494771926154	551.3162955390975
partial	114	deviation_intercept[718]	0.9580564567605109	2379.130963252242	2143.8781168398477	2345.7395875794373	2138.8233871866582	2.3396287494582917	11.843880556894161	12.333680807442098	1311.3170537840597	1306.8219980776696	553.2918719328981
partial	114	deviation_intercept[719]	0.9596155570611061	2833.3132777899177	2133.492811948202	2863.174093617103	2138.206674889101	2.0762725952718384	11.963384275860012	12.28644486678106	4690.412214175213	4685.917158468822	552.8422188467633
partial	114	deviation_intercept[720]	0.9558835435339743	2396.8847708873313	2129.6176136325416	2402.1556212034475	2127.2367328714345	2.3738162042257054	11.93943726388474	12.340211624847377	3304.1845938773286	3299.6895381709382	553.9203861326675
partial	114	deviation_load[701]	0.4040511784209022	2029.6717704396237	2117.879685934055	2021.8259332529165	2120.563628614096	0.3826014878541125	0.47988362452554756	0.4967038834445948	-23.155293729834725	-22.902486521025942	22.285072601542602
partial	114	deviation_load[702]	0.5831605033726391	2022.680997656224	2105.794539325026	2017.9867564308065	2100.493434478852	0.2666020389847603	0.4017047290750818	0.4140138844430132	-36.2436579023904	-35.99085069358163	18.549755560764822
partial	114	deviation_load[703]	0.5510774521903495	2409.1774734569512	2012.378724608865	2401.13413687938	2005.6774352666555	0.26091762678453195	0.42218372176151714	0.41037648237640684	-37.84118644511638	-37.58837923630759	19.082089181783143
partial	114	deviation_load[704]	0.5022307559326462	2199.3751124095475	2032.158470603762	2201.702237862087	2039.0622675823745	0.3005490277446734	0.4498575245341422	0.43664695968142214	10.840965787679993	11.093772996488777	19.988517730934856
partial	114	deviation_load[705]	0.4593538221956366	2370.0428784099345	2202.0282508215473	2368.6243129193604	2194.8450987808637	0.3157672261318101	0.4423322625711385	0.4472580803291749	-20.81601088955062	-20.56320368074183	20.900591396991725
partial	114	deviation_load[706]	0.46221081527798513	2300.590748483199	2229.565510686289	2283.792885563041	2229.733458560456	0.3197347684276745	0.44855066407614913	0.4500679631591874	-6.352348284528411	-6.09954107571963	20.83589645388685
partial	114	deviation_load[707]	0.41558075889283785	2258.441916775895	2305.0689131698214	2260.1083274775006	2308.393191155627	0.35334760459618214	0.4547928590844311	0.47453701541041127	-1.0907361756403804	-0.8379289668315991	21.973767562270687
partial	114	deviation_load[708]	0.4133711816337335	2696.15181022005	2441.589268587022	2701.9461434196355	2451.7000496924006	0.3246425918169159	0.44417866493937463	0.45356770359271137	-24.76601410677386	-24.513206897965077	22.032417064594277
partial	114	deviation_load[709]	0.35223166033341474	2465.2330484336994	2358.756925343906	2470.173033038383	2356.1882328800443	0.38651309995479904	0.48151043692032125	0.4997231491110148	-43.218418419952336	-42.965611211143546	23.86811090674961
partial	114	deviation_load[710]	0.3255486284001826	2081.8639826815456	1935.8054251284912	2068.9382011720795	1931.022434124737	0.44825574983766014	0.5587384228571937	0.5488752741591517	-74.52789531617088	-74.27508810736208	24.82700359931432
partial	114	deviation_load[711]	0.3051834618381496	2675.393418372699	2430.952233357973	2677.4191465430663	2419.531138305808	0.4130747376940765	0.5245745901234856	0.5205397086119282	14.056092982405316	14.3089001912141	25.641991069678646
partial	114	deviation_load[712]	0.2740834384857007	2305.317892556579	2263.4023096477226	2309.4112752023725	2268.817485246954	0.4797152851626322	0.5704895817377406	0.5748544199529361	116.29474852593837	116.54755573474716	27.0576979978985
partial	114	deviation_load[713]	0.24345484307951948	2093.1053752927132	2055.632236155844	2088.199285461104	2055.7213546172243	0.5464551071896186	0.6313966784781266	0.6316201655222691	-14.383268753854994	-14.130461545046215	28.709328387514322
partial	114	deviation_load[714]	0.24300500152615895	2937.9671856849504	2839.5002687055726	2959.3719252235583	2853.4033959638605	0.4595908421496816	0.5378007765724466	0.5581707547951743	-2.6253230658880797	-2.372515857079299	28.735888905911967
partial	114	deviation_load[715]	0.2084979736530339	2364.1267694725625	2313.8110373788045	2356.1019705576928	2308.1558680156127	0.5686045062182898	0.6472040902847809	0.6508778178832847	-42.836823974025116	-42.58401676521634	31.02282356452531
partial	114	deviation_load[716]	0.1403785611827925	2220.866530375596	2466.4077491115067	2194.7098138049837	2461.3295139024417	0.7482503265556915	0.7567110034615069	0.8125327073487318	-35.42453160380169	-35.1717243949929	37.807838466099405
partial	114	deviation_load[717]	0.16130913730664473	2410.278318841681	2264.1803606096137	2433.152168347303	2267.1983913583	0.6548156922299826	0.7414684125103211	0.7274025296294977	93.07614531964768	93.32895252845647	35.269780582326966
partial	114	deviation_load[718]	0.13431897513917015	2349.2843259196165	2288.514293233869	2349.9488554178424	2273.989064266289	0.7418452176984693	0.8118531246004523	0.8066381942003803	111.69640991961147	111.94921712842024	38.65125121550694
partial	114	deviation_load[719]	0.14737598739327712	2863.641631763083	2596.76362401634	2866.7434713259827	2634.367037556357	0.6363605404268027	0.7205996541493794	0.7108344299012629	-31.561039466036497	-31.30823225722772	36.89936379262848
partial	114	deviation_load[720]	0.13950178906187582	2350.8876102579816	2311.7610593139734	2337.4703446149333	2317.6368527461545	0.7276864438988908	0.7776162010251124	0.7936361949627642	43.71858277249482	43.971389981303595	37.92646395698235
partial	114	population_intercept_at_load0	0.9988955891772522	2179.546424756472	2114.3164387314273	2191.470055095277	2112.3824290221137	0.38466914330716734	11.752394905161434	12.11584870838137	5468.775049797576	5473.270105503967	541.8633699926615
partial	114	log_sigma_intercept_at_subject0	0.0	4659.225181334068	4659.225181334068	4721.135372308107	4721.135372308107	0.028086798366554058	0.028086798366554058	0.028086798366554058	-49.512061418707994	-49.512061418707994	1.9298584828114225
partial	115	population_intercept_at_mean_load	0.9996558277404202	1990.127635807681	2096.8277522663675	1996.554084508363	2103.311276451697	0.22528088990315945	11.856598623858678	12.132829434547174	5623.983279901358	5619.201508936409	542.5964663452202
partial	115	population_load	0.8503292195204041	2176.1787427248364	2060.958599758133	2173.195500322803	2047.1585228147937	0.1274846229594562	0.33889340745581803	0.34144278936869604	58.565693895208284	58.509117661954384	15.361679175536048
partial	115	log_tau_intercept	0.0	3472.9141691111113	3472.9141691111113	3352.388798859498	3352.388798859498	0.0027827000104821663	0.0027827000104821663	0.0027827000104821663	7.81775904416486	7.81775904416486	0.16111782113794357
partial	115	log_tau_load	0.0	2045.9594720130858	2045.9594720130858	2035.3771719659446	2035.3771719659446	0.0048575678152543815	0.0048575678152543815	0.0048575678152543815	4.100511972688635	4.100511972688635	0.2191499228243549
partial	115	log_sigma_intercept	0.0	4216.784571581567	4216.784571581567	4195.428928285591	4195.428928285591	0.00023374942038804195	0.00023374942038804195	0.00023374942038804195	6.051527255072198	6.051527255072198	0.015140448031641955
partial	115	log_sigma_subj_slope	0.0	4647.942856932897	4647.942856932897	4703.977860741871	4703.977860741871	3.9580120253597875e-5	3.9580120253597875e-5	3.9580120253597875e-5	0.0781729346533416	0.0781729346533416	0.0027146243720424135
partial	115	deviation_intercept[701]	0.9908402628667732	1992.8462829293992	2106.7645042909885	1987.9912433933077	2116.419716437938	1.1678371598258617	11.852431145425252	12.165922209452267	-4863.345355281473	-4858.704694786987	544.0615299271427
partial	115	deviation_intercept[702]	0.9956051598788	1985.5338831917056	2099.9326082305265	1993.3871785311478	2107.4463341636665	0.8059015332478837	11.86724378072822	12.136527380427447	-3923.9466593764228	-3919.305998881936	542.7580481526007
partial	115	deviation_intercept[703]	0.9946940218206072	2599.8796986386637	2110.7372785893417	2597.8882439533454	2112.7712140096246	0.7760283458791364	11.823213336379167	12.134580321056914	-3643.570411290081	-3638.9297507955953	543.0065739848968
partial	115	deviation_intercept[704]	0.994007934949285	2124.2755680816804	2093.7591442109992	2124.447716314423	2099.643786518242	0.912263190921129	11.89438632252528	12.144053841451932	-661.5358896075843	-656.8952291130986	543.1939393996826
partial	115	deviation_intercept[705]	0.9925284003213175	2458.8790220871424	2107.6993246144816	2461.431213580747	2114.1536399978913	0.9470901408557041	11.794517234021708	12.146719693377298	-1359.434237763891	-1354.7935772694052	543.5986507218306
partial	115	deviation_intercept[706]	0.9923202300967902	2513.5193131363662	2106.996945570047	2508.326960346595	2112.2809390173084	0.9512747072385002	11.876160244137694	12.147046683997123	33.44419521049111	38.08485570497678	543.6556661466884
partial	115	deviation_intercept[707]	0.9909191173923342	2310.1096876139422	2148.0407971996265	2310.1922797048064	2154.9039127238816	1.0786255523893933	11.774499492908257	12.157682865449367	-94.83203492106664	-90.19137442658096	544.0398820617426
partial	115	deviation_intercept[708]	0.9907746042078442	2540.676337841375	2080.130518887793	2551.2723045112525	2093.6761915512448	1.0346096022698115	11.908787429696474	12.15385686124708	-458.71332337707213	-454.0726628825865	544.0795571143897
partial	115	deviation_intercept[709]	0.9878893330296201	2464.5839765082137	2105.519741126031	2461.730697503952	2111.063061227675	1.2085356154089109	11.89829100549014	12.169896380342998	-1151.3395994095322	-1146.6989389150465	544.8735086556707
partial	115	deviation_intercept[710]	0.9863912812337703	2266.5813646504084	2079.9366772866865	2267.2726920671366	2088.0077937187884	1.3359246701166263	11.987292675984664	12.183206240509927	176.78913585217117	181.42979634665687	545.2871067254956
partial	115	deviation_intercept[711]	0.985613703883623	2636.368009331337	2095.311201590125	2639.654585082607	2101.9580211838843	1.273495521774026	11.920030861723195	12.176518813624536	-1743.3102392874384	-1738.6695787929525	545.5021602033308
partial	115	deviation_intercept[712]	0.9825221281288593	2421.4025800619706	2105.5452143166763	2417.6215768968054	2112.0096767112027	1.469023642414332	11.975400316449797	12.198518354150478	1084.9583012642959	1089.5989617587818	546.3597168144925
partial	115	deviation_intercept[713]	0.9798059748056367	2026.4675601821232	2127.0005023344443	2034.7461178057622	2129.0464353974244	1.7235985984278397	11.960405051972778	12.231786938263609	3882.5779272181685	3887.218587712654	547.1164838491213
partial	115	deviation_intercept[714]	0.9789935427542814	2811.251998774082	2117.144192133452	2809.4198509748157	2120.631455729125	1.4966767479185075	11.94187284547725	12.201879398778441	138.43646980642077	143.07713030090642	547.3434530621367
partial	115	deviation_intercept[715]	0.9755816613526946	2336.1520464910645	2097.010313876072	2332.038710037767	2101.7564770789268	1.7742230047989915	12.02304529789325	12.239023116463656	907.8664852345453	912.507145729031	548.299724127795
partial	115	deviation_intercept[716]	0.9556879940115592	2640.256494075022	2118.86268350375	2605.2632332107964	2119.9680585983087	2.284686820644244	12.062388424504375	12.323376706203511	761.3051461230204	765.945806617506	553.9770538564713
partial	115	deviation_intercept[717]	0.9649349216001413	2482.6592502446224	2124.220321339469	2495.249707499336	2128.319076701641	2.066718037230671	11.902240899106344	12.284833862123998	1478.8088166981297	1483.4494771926154	551.3162955390975
partial	115	deviation_intercept[718]	0.9580564567605109	2379.130963252242	2134.6078673798443	2345.7395875794373	2136.1961248421385	2.3396287494582917	11.976971929622351	12.333680807442098	1302.1813375831837	1306.8219980776696	553.2918719328981
partial	115	deviation_intercept[719]	0.9596155570611061	2833.3132777899177	2148.11177076031	2863.174093617103	2153.275951172665	2.0762725952718384	12.027126920885086	12.28644486678106	4681.276497974337	4685.917158468822	552.8422188467633
partial	115	deviation_intercept[720]	0.9558835435339743	2396.8847708873313	2108.830288914184	2402.1556212034475	2116.021538509502	2.3738162042257054	12.046202784683222	12.340211624847377	3295.0488776764523	3299.6895381709382	553.9203861326675
partial	115	deviation_load[701]	0.4040511784209022	2029.6717704396237	2003.1085558132738	2021.8259332529165	2008.661649794525	0.3826014878541125	0.4999687664298562	0.4967038834445948	-22.959062754279845	-22.902486521025942	22.285072601542602
partial	115	deviation_load[702]	0.5831605033726391	2022.680997656224	1966.5006923263888	2017.9867564308065	1958.2757149341887	0.2666020389847603	0.4146353849432714	0.4140138844430132	-36.047426926835534	-35.99085069358163	18.549755560764822
partial	115	deviation_load[703]	0.5510774521903495	2409.1774734569512	2125.175857005732	2401.13413687938	2138.0422479358094	0.26091762678453195	0.4081090125495907	0.41037648237640684	-37.644955469561495	-37.58837923630759	19.082089181783143
partial	115	deviation_load[704]	0.5022307559326462	2199.3751124095475	2154.2336297157017	2201.702237862087	2161.3625232493478	0.3005490277446734	0.43351432617412916	0.43664695968142214	11.037196763234867	11.093772996488777	19.988517730934856
partial	115	deviation_load[705]	0.4593538221956366	2370.0428784099345	2269.014552693012	2368.6243129193604	2262.1360908715023	0.3157672261318101	0.4351837800483706	0.4472580803291749	-20.619779913995743	-20.56320368074183	20.900591396991725
partial	115	deviation_load[706]	0.46221081527798513	2300.590748483199	2175.8388949904215	2283.792885563041	2173.5837008257176	0.3197347684276745	0.4457109227398078	0.4500679631591874	-6.156117308973535	-6.09954107571963	20.83589645388685
partial	115	deviation_load[707]	0.41558075889283785	2258.441916775895	2127.198192277462	2260.1083274775006	2110.2146682088646	0.35334760459618214	0.48716916257401527	0.47453701541041127	-0.894505200085505	-0.8379289668315991	21.973767562270687
partial	115	deviation_load[708]	0.4133711816337335	2696.15181022005	2287.601963974625	2701.9461434196355	2286.826774184043	0.3246425918169159	0.4580271796322383	0.45356770359271137	-24.56978313121898	-24.513206897965077	22.032417064594277
partial	115	deviation_load[709]	0.35223166033341474	2465.2330484336994	2221.5174169953852	2470.173033038383	2218.135798648749	0.38651309995479904	0.5011438785933428	0.4997231491110148	-43.02218744439745	-42.965611211143546	23.86811090674961
partial	115	deviation_load[710]	0.3255486284001826	2081.8639826815456	2024.0144220566915	2068.9382011720795	2013.6857812480455	0.44825574983766014	0.5632348781326781	0.5488752741591517	-74.331664340616	-74.27508810736208	24.82700359931432
partial	115	deviation_load[711]	0.3051834618381496	2675.393418372699	2180.836818947268	2677.4191465430663	2172.8539961144925	0.4130747376940765	0.5535496683775656	0.5205397086119282	14.25232395796019	14.3089001912141	25.641991069678646
partial	115	deviation_load[712]	0.2740834384857007	2305.317892556579	2312.0674068116214	2309.4112752023725	2320.7788869684573	0.4797152851626322	0.5680119642297246	0.5748544199529361	116.49097950149323	116.54755573474716	27.0576979978985
partial	115	deviation_load[713]	0.24345484307951948	2093.1053752927132	1998.1956632135127	2088.199285461104	1997.9168101585576	0.5464551071896186	0.6498087280160076	0.6316201655222691	-14.18703777830012	-14.130461545046215	28.709328387514322
partial	115	deviation_load[714]	0.24300500152615895	2937.9671856849504	2570.6809597698957	2959.3719252235583	2592.9190585063043	0.4595908421496816	0.5557219288019094	0.5581707547951743	-2.4290920903332043	-2.372515857079299	28.735888905911967
partial	115	deviation_load[715]	0.2084979736530339	2364.1267694725625	2112.721201990547	2356.1019705576928	2115.0095490256185	0.5686045062182898	0.6720347483712852	0.6508778178832847	-42.640592998470254	-42.58401676521634	31.02282356452531
partial	115	deviation_load[716]	0.1403785611827925	2220.866530375596	2413.9982627016248	2194.7098138049837	2393.0163365164312	0.7482503265556915	0.7668955556153303	0.8125327073487318	-35.228300628246814	-35.1717243949929	37.807838466099405
partial	115	deviation_load[717]	0.16130913730664473	2410.278318841681	2383.6392017798603	2433.152168347303	2397.9501890512242	0.6548156922299826	0.7271544451560384	0.7274025296294977	93.27237629520256	93.32895252845647	35.269780582326966
partial	115	deviation_load[718]	0.13431897513917015	2349.2843259196165	2113.9997024316785	2349.9488554178424	2139.0932101540734	0.7418452176984693	0.8282949610466677	0.8066381942003803	111.89264089516634	111.94921712842024	38.65125121550694
partial	115	deviation_load[719]	0.14737598739327712	2863.641631763083	2688.509607255872	2866.7434713259827	2683.8442431369504	0.6363605404268027	0.7055771941871676	0.7108344299012629	-31.36480849048162	-31.30823225722772	36.89936379262848
partial	115	deviation_load[720]	0.13950178906187582	2350.8876102579816	2313.6713894418394	2337.4703446149333	2300.2338757799366	0.7276864438988908	0.7900950398063544	0.7936361949627642	43.914813748049696	43.971389981303595	37.92646395698235
partial	115	population_intercept_at_load0	0.9988955891772522	2179.546424756472	2102.4641023383488	2191.470055095277	2110.8071200442964	0.38466914330716734	11.82891075602815	12.11584870838137	5477.910765998455	5473.270105503967	541.8633699926615
partial	115	log_sigma_intercept_at_subject0	0.0	4659.225181334068	4659.225181334068	4721.135372308107	4721.135372308107	0.028086798366554058	0.028086798366554058	0.028086798366554058	-49.512061418707994	-49.512061418707994	1.9298584828114225
partial	116	population_intercept_at_mean_load	0.9996558277404202	1990.127635807681	1914.5166872448688	1996.554084508363	1912.9422767277483	0.22528088990315945	11.964734536711918	12.132829434547174	5628.967966443283	5619.201508936409	542.5964663452202
partial	116	population_load	0.8503292195204041	2176.1787427248364	1989.6245109333488	2173.195500322803	1963.9597965258044	0.1274846229594562	0.3530882999978207	0.34144278936869604	58.01835766042426	58.509117661954384	15.361679175536048
partial	116	log_tau_intercept	0.0	3472.9141691111113	3472.9141691111113	3352.388798859498	3352.388798859498	0.0027827000104821663	0.0027827000104821663	0.0027827000104821663	7.81775904416486	7.81775904416486	0.16111782113794357
partial	116	log_tau_load	0.0	2045.9594720130858	2045.9594720130858	2035.3771719659446	2035.3771719659446	0.0048575678152543815	0.0048575678152543815	0.0048575678152543815	4.100511972688635	4.100511972688635	0.2191499228243549
partial	116	log_sigma_intercept	0.0	4216.784571581567	4216.784571581567	4195.428928285591	4195.428928285591	0.00023374942038804195	0.00023374942038804195	0.00023374942038804195	6.051527255072198	6.051527255072198	0.015140448031641955
partial	116	log_sigma_subj_slope	0.0	4647.942856932897	4647.942856932897	4703.977860741871	4703.977860741871	3.9580120253597875e-5	3.9580120253597875e-5	3.9580120253597875e-5	0.0781729346533416	0.0781729346533416	0.0027146243720424135
partial	116	deviation_intercept[701]	0.9908402628667732	1992.8462829293992	1913.8669725912428	1987.9912433933077	1915.291166515915	1.1678371598258617	12.019860946871374	12.165922209452267	-4869.695188796781	-4858.704694786987	544.0615299271427
partial	116	deviation_intercept[702]	0.9956051598788	1985.5338831917056	1922.3920421707282	1993.3871785311478	1927.08360939298	0.8059015332478837	11.917063127710755	12.136527380427447	-3930.296492891731	-3919.305998881936	542.7580481526007
partial	116	deviation_intercept[703]	0.9946940218206072	2599.8796986386637	1907.4926916451848	2597.8882439533454	1908.3196615453608	0.7760283458791364	12.038297029965854	12.134580321056914	-3649.92024480539	-3638.9297507955953	543.0065739848968
partial	116	deviation_intercept[704]	0.994007934949285	2124.2755680816804	1883.1186955588962	2124.447716314423	1886.0962759357544	0.912263190921129	12.086420362216185	12.144053841451932	-667.8857231228924	-656.8952291130986	543.1939393996826
partial	116	deviation_intercept[705]	0.9925284003213175	2458.8790220871424	1946.7142003120373	2461.431213580747	1947.5869911388536	0.9470901408557041	11.887851099964106	12.146719693377298	-1365.7840712791988	-1354.7935772694052	543.5986507218306
partial	116	deviation_intercept[706]	0.9923202300967902	2513.5193131363662	1889.9516413674064	2508.326960346595	1893.5237564984016	0.9512747072385002	12.05216644358767	12.147046683997123	27.09436169518296	38.08485570497678	543.6556661466884
partial	116	deviation_intercept[707]	0.9909191173923342	2310.1096876139422	1888.6995879008941	2310.1922797048064	1885.0160941606796	1.0786255523893933	12.100173736135055	12.157682865449367	-101.18186843637478	-90.19137442658096	544.0398820617426
partial	116	deviation_intercept[708]	0.9907746042078442	2540.676337841375	1872.0294551270508	2551.2723045112525	1868.5497647010595	1.0346096022698115	12.161368727766535	12.15385686124708	-465.06315689238033	-454.0726628825865	544.0795571143897
partial	116	deviation_intercept[709]	0.9878893330296201	2464.5839765082137	1957.3404237130678	2461.730697503952	1960.6486502722018	1.2085356154089109	11.90568899141445	12.169896380342998	-1157.68943292484	-1146.6989389150465	544.8735086556707
partial	116	deviation_intercept[710]	0.9863912812337703	2266.5813646504084	1884.1902819707077	2267.2726920671366	1878.2295435006067	1.3359246701166263	12.205259629962537	12.183206240509927	170.43930233686302	181.42979634665687	545.2871067254956
partial	116	deviation_intercept[711]	0.985613703883623	2636.368009331337	1921.3612443823029	2639.654585082607	1914.0258609270545	1.273495521774026	12.075975024032179	12.176518813624536	-1749.6600728027468	-1738.6695787929525	545.5021602033308
partial	116	deviation_intercept[712]	0.9825221281288593	2421.4025800619706	1951.406026163648	2417.6215768968054	1952.5202720782954	1.469023642414332	12.003001735791905	12.198518354150478	1078.608467748988	1089.5989617587818	546.3597168144925
partial	116	deviation_intercept[713]	0.9798059748056367	2026.4675601821232	1967.8366113365141	2034.7461178057622	1966.3941775848084	1.7235985984278397	12.001044921580062	12.231786938263609	3876.22809370286	3887.218587712654	547.1164838491213
partial	116	deviation_intercept[714]	0.9789935427542814	2811.251998774082	1902.9867644966241	2809.4198509748157	1899.7211649417281	1.4966767479185075	12.072075117114965	12.201879398778441	132.0866362911126	143.07713030090642	547.3434530621367
partial	116	deviation_intercept[715]	0.9755816613526946	2336.1520464910645	1933.650387340094	2332.038710037767	1929.5715173046212	1.7742230047989915	11.980937095556827	12.239023116463656	901.5166517192371	912.507145729031	548.299724127795
partial	116	deviation_intercept[716]	0.9556879940115592	2640.256494075022	1952.9372660446238	2605.2632332107964	1944.3350921348676	2.284686820644244	12.220567508730026	12.323376706203511	754.9553126077122	765.945806617506	553.9770538564713
partial	116	deviation_intercept[717]	0.9649349216001413	2482.6592502446224	2001.0780763827097	2495.249707499336	1997.952892525114	2.066718037230671	11.903578670927939	12.284833862123998	1472.4589831828218	1483.4494771926154	551.3162955390975
partial	116	deviation_intercept[718]	0.9580564567605109	2379.130963252242	1952.1149409979178	2345.7395875794373	1963.297155693479	2.3396287494582917	12.000881092688887	12.333680807442098	1295.8315040678756	1306.8219980776696	553.2918719328981
partial	116	deviation_intercept[719]	0.9596155570611061	2833.3132777899177	1922.151020705594	2863.174093617103	1928.8589718440994	2.0762725952718384	12.236895607667936	12.28644486678106	4674.926664459027	4685.917158468822	552.8422188467633
partial	116	deviation_intercept[720]	0.9558835435339743	2396.8847708873313	1942.8270389052716	2402.1556212034475	1949.3570337266665	2.3738162042257054	12.061581541402274	12.340211624847377	3288.6990441611447	3299.6895381709382	553.9203861326675
partial	116	deviation_load[701]	0.4040511784209022	2029.6717704396237	1864.4654223679008	2021.8259332529165	1846.5548963901015	0.3826014878541125	0.5155104649877569	0.4967038834445948	-22.411726519495808	-22.902486521025942	22.285072601542602
partial	116	deviation_load[702]	0.5831605033726391	2022.680997656224	2028.5938316052113	2017.9867564308065	2030.0072047989474	0.2666020389847603	0.4119141080427885	0.4140138844430132	-35.5000906920515	-35.99085069358163	18.549755560764822
partial	116	deviation_load[703]	0.5510774521903495	2409.1774734569512	2286.715441156301	2401.13413687938	2273.0713728430337	0.26091762678453195	0.40169275183791997	0.41037648237640684	-37.09761923477746	-37.58837923630759	19.082089181783143
partial	116	deviation_load[704]	0.5022307559326462	2199.3751124095475	2123.887046665866	2201.702237862087	2117.3406867398244	0.3005490277446734	0.4327471440404122	0.43664695968142214	11.58453299801891	11.093772996488777	19.988517730934856
partial	116	deviation_load[705]	0.4593538221956366	2370.0428784099345	2127.8177635184657	2368.6243129193604	2122.0850932867015	0.3157672261318101	0.45518732826985786	0.4472580803291749	-20.0724436792117	-20.56320368074183	20.900591396991725
partial	116	deviation_load[706]	0.46221081527798513	2300.590748483199	2104.7565257172864	2283.792885563041	2104.7379215026926	0.3197347684276745	0.45355697767044956	0.4500679631591874	-5.608781074189497	-6.09954107571963	20.83589645388685
partial	116	deviation_load[707]	0.41558075889283785	2258.441916775895	2085.9287704982094	2260.1083274775006	2107.387396291583	0.35334760459618214	0.4734486199539103	0.47453701541041127	-0.34716896530146596	-0.8379289668315991	21.973767562270687
partial	116	deviation_load[708]	0.4133711816337335	2696.15181022005	2405.8656378542314	2701.9461434196355	2408.3215601507454	0.3246425918169159	0.4549262280301349	0.45356770359271137	-24.022446896434936	-24.513206897965077	22.032417064594277
partial	116	deviation_load[709]	0.35223166033341474	2465.2330484336994	2285.5039660547013	2470.173033038383	2283.5879162488013	0.38651309995479904	0.496869708016892	0.4997231491110148	-42.47485120961342	-42.965611211143546	23.86811090674961
partial	116	deviation_load[710]	0.3255486284001826	2081.8639826815456	2112.9444764729933	2068.9382011720795	2099.872186205772	0.44825574983766014	0.5488864442251379	0.5488752741591517	-73.78432810583196	-74.27508810736208	24.82700359931432
partial	116	deviation_load[711]	0.3051834618381496	2675.393418372699	2318.9944132819705	2677.4191465430663	2317.3757400878158	0.4130747376940765	0.5287075584967602	0.5205397086119282	14.799660192744232	14.3089001912141	25.641991069678646
partial	116	deviation_load[712]	0.2740834384857007	2305.317892556579	2187.4519902639463	2309.4112752023725	2195.7545280943573	0.4797152851626322	0.5956774037950139	0.5748544199529361	117.03831573627727	116.54755573474716	27.0576979978985
partial	116	deviation_load[713]	0.24345484307951948	2093.1053752927132	1902.495421368339	2088.199285461104	1897.6934612417433	0.5464551071896186	0.6693178917686042	0.6316201655222691	-13.639701543516082	-14.130461545046215	28.709328387514322
partial	116	deviation_load[714]	0.24300500152615895	2937.9671856849504	2623.90028910065	2959.3719252235583	2617.8435107749124	0.4595908421496816	0.5670752699958475	0.5581707547951743	-1.8817558555491651	-2.372515857079299	28.735888905911967
partial	116	deviation_load[715]	0.2084979736530339	2364.1267694725625	2281.347125643108	2356.1019705576928	2281.6014653126954	0.5686045062182898	0.6472935475241754	0.6508778178832847	-42.093256763686206	-42.58401676521634	31.02282356452531
partial	116	deviation_load[716]	0.1403785611827925	2220.866530375596	2445.6356599727374	2194.7098138049837	2458.192962351042	0.7482503265556915	0.7518872435438259	0.8125327073487318	-34.680964393462766	-35.1717243949929	37.807838466099405
partial	116	deviation_load[717]	0.16130913730664473	2410.278318841681	2266.9196788700165	2433.152168347303	2259.47651812173	0.6548156922299826	0.7546017762759784	0.7274025296294977	93.8197125299866	93.32895252845647	35.269780582326966
partial	116	deviation_load[718]	0.13431897513917015	2349.2843259196165	2025.3022917903331	2349.9488554178424	2072.976270569549	0.7418452176984693	0.8523352559278424	0.8066381942003803	112.43997712995039	111.94921712842024	38.65125121550694
partial	116	deviation_load[719]	0.14737598739327712	2863.641631763083	2799.2650396322356	2866.7434713259827	2774.1714586707562	0.6363605404268027	0.6939959482911802	0.7108344299012629	-30.817472255697584	-31.30823225722772	36.89936379262848
partial	116	deviation_load[720]	0.13950178906187582	2350.8876102579816	2276.1389122154155	2337.4703446149333	2281.0625332004315	0.7276864438988908	0.8006393075111495	0.7936361949627642	44.46214998283372	43.971389981303595	37.92646395698235
partial	116	population_intercept_at_load0	0.9988955891772522	2179.546424756472	1906.6923502493607	2191.470055095277	1904.8039331572174	0.38466914330716734	12.000426901766351	12.11584870838137	5484.260599513761	5473.270105503967	541.8633699926615
partial	116	log_sigma_intercept_at_subject0	0.0	4659.225181334068	4659.225181334068	4721.135372308107	4721.135372308107	0.028086798366554058	0.028086798366554058	0.028086798366554058	-49.512061418707994	-49.512061418707994	1.9298584828114225
partial	117	population_intercept_at_mean_load	0.9996558277404202	1990.127635807681	1992.7608109388573	1996.554084508363	1996.2288841939132	0.22528088990315945	11.999339930685684	12.132829434547174	5618.128694066771	5619.201508936409	542.5964663452202
partial	117	population_load	0.8503292195204041	2176.1787427248364	2065.3981417508676	2173.195500322803	2061.6014073929837	0.1274846229594562	0.3423434677279885	0.34144278936869604	58.35627843677885	58.509117661954384	15.361679175536048
partial	117	log_tau_intercept	0.0	3472.9141691111113	3472.9141691111113	3352.388798859498	3352.388798859498	0.0027827000104821663	0.0027827000104821663	0.0027827000104821663	7.81775904416486	7.81775904416486	0.16111782113794357
partial	117	log_tau_load	0.0	2045.9594720130858	2045.9594720130858	2035.3771719659446	2035.3771719659446	0.0048575678152543815	0.0048575678152543815	0.0048575678152543815	4.100511972688635	4.100511972688635	0.2191499228243549
partial	117	log_sigma_intercept	0.0	4216.784571581567	4216.784571581567	4195.428928285591	4195.428928285591	0.00023374942038804195	0.00023374942038804195	0.00023374942038804195	6.051527255072198	6.051527255072198	0.015140448031641955
partial	117	log_sigma_subj_slope	0.0	4647.942856932897	4647.942856932897	4703.977860741871	4703.977860741871	3.9580120253597875e-5	3.9580120253597875e-5	3.9580120253597875e-5	0.0781729346533416	0.0781729346533416	0.0027146243720424135
partial	117	deviation_intercept[701]	0.9908402628667732	1992.8462829293992	1986.5915985432223	1987.9912433933077	1990.1925256433628	1.1678371598258617	11.966085724680077	12.165922209452267	-4858.013086189477	-4858.704694786987	544.0615299271427
partial	117	deviation_intercept[702]	0.9956051598788	1985.5338831917056	1992.4763322415768	1993.3871785311478	2003.2720171276671	0.8059015332478837	11.971187884428304	12.136527380427447	-3918.614390284426	-3919.305998881936	542.7580481526007
partial	117	deviation_intercept[703]	0.9946940218206072	2599.8796986386637	2014.1505968141123	2597.8882439533454	2019.8789619584782	0.7760283458791364	11.929354937350228	12.134580321056914	-3638.238142198085	-3638.9297507955953	543.0065739848968
partial	117	deviation_intercept[704]	0.994007934949285	2124.2755680816804	2001.0218288207868	2124.447716314423	2006.2437748504935	0.912263190921129	12.003505236765161	12.144053841451932	-656.2036205155879	-656.8952291130986	543.1939393996826
partial	117	deviation_intercept[705]	0.9925284003213175	2458.8790220871424	2019.8345529155831	2461.431213580747	2023.5955075458878	0.9470901408557041	11.955436156374347	12.146719693377298	-1354.1019686718944	-1354.7935772694052	543.5986507218306
partial	117	deviation_intercept[706]	0.9923202300967902	2513.5193131363662	2010.8426555389203	2508.326960346595	2016.5198196870695	0.9512747072385002	11.96548431689941	12.147046683997123	38.7764643024877	38.08485570497678	543.6556661466884
partial	117	deviation_intercept[707]	0.9909191173923342	2310.1096876139422	2013.7626202823212	2310.1922797048064	1965.4845880348182	1.0786255523893933	12.092427074033278	12.157682865449367	-89.49976582907003	-90.19137442658096	544.0398820617426
partial	117	deviation_intercept[708]	0.9907746042078442	2540.676337841375	1997.3625485795528	2551.2723045112525	2001.1422644581667	1.0346096022698115	11.979236321189099	12.15385686124708	-453.38105428507555	-454.0726628825865	544.0795571143897
partial	117	deviation_intercept[709]	0.9878893330296201	2464.5839765082137	1998.1174292865437	2461.730697503952	2003.026941824625	1.2085356154089109	12.027330173864353	12.169896380342998	-1146.0073303175352	-1146.6989389150465	544.8735086556707
partial	117	deviation_intercept[710]	0.9863912812337703	2266.5813646504084	2010.4637441566365	2267.2726920671366	2013.490164645861	1.3359246701166263	11.957037076794414	12.183206240509927	182.12140494416775	181.42979634665687	545.2871067254956
partial	117	deviation_intercept[711]	0.985613703883623	2636.368009331337	2007.2784770338599	2639.654585082607	2007.218484595184	1.273495521774026	12.033288560956027	12.176518813624536	-1737.9779701954415	-1738.6695787929525	545.5021602033308
partial	117	deviation_intercept[712]	0.9825221281288593	2421.4025800619706	1990.6277916928248	2417.6215768968054	1993.8626473222484	1.469023642414332	12.039983494364753	12.198518354150478	1090.2905703562922	1089.5989617587818	546.3597168144925
partial	117	deviation_intercept[713]	0.9798059748056367	2026.4675601821232	1912.8876236079175	2034.7461178057622	1919.081248926339	1.7235985984278397	12.356249330023035	12.231786938263609	3887.910196310165	3887.218587712654	547.1164838491213
partial	117	deviation_intercept[714]	0.9789935427542814	2811.251998774082	2024.8341008018972	2809.4198509748157	2026.5845094625247	1.4966767479185075	12.031546165686516	12.201879398778441	143.76873889841735	143.07713030090642	547.3434530621367
partial	117	deviation_intercept[715]	0.9755816613526946	2336.1520464910645	2021.8370246112052	2332.038710037767	2025.6007825981296	1.7742230047989915	12.075553074219892	12.239023116463656	913.1987543265419	912.507145729031	548.299724127795
partial	117	deviation_intercept[716]	0.9556879940115592	2640.256494075022	2054.5580175278164	2605.2632332107964	2063.8656975333056	2.284686820644244	12.052068205827434	12.323376706203511	766.6374152150171	765.945806617506	553.9770538564713
partial	117	deviation_intercept[717]	0.9649349216001413	2482.6592502446224	2020.03225407537	2495.249707499336	1969.298580232462	2.066718037230671	12.269080784757783	12.284833862123998	1484.1410857901267	1483.4494771926154	551.3162955390975
partial	117	deviation_intercept[718]	0.9580564567605109	2379.130963252242	1997.4414632804942	2345.7395875794373	2002.1758990707074	2.3396287494582917	12.226942356954439	12.333680807442098	1307.5136066751807	1306.8219980776696	553.2918719328981
partial	117	deviation_intercept[719]	0.9596155570611061	2833.3132777899177	1970.64865664985	2863.174093617103	1948.6466357129507	2.0762725952718384	12.419313278668653	12.28644486678106	4686.608767066333	4685.917158468822	552.8422188467633
partial	117	deviation_intercept[720]	0.9558835435339743	2396.8847708873313	1996.1619299745432	2402.1556212034475	2007.795825455467	2.3738162042257054	12.267289677147357	12.340211624847377	3300.3811467684495	3299.6895381709382	553.9203861326675
partial	117	deviation_load[701]	0.4040511784209022	2029.6717704396237	2041.7846914232225	2021.8259332529165	2045.1643977093213	0.3826014878541125	0.4898816860104767	0.4967038834445948	-22.74964729585041	-22.902486521025942	22.285072601542602
partial	117	deviation_load[702]	0.5831605033726391	2022.680997656224	1980.2281883826652	2017.9867564308065	1977.5151357383713	0.2666020389847603	0.42201907698255975	0.4140138844430132	-35.838011468406094	-35.99085069358163	18.549755560764822
partial	117	deviation_load[703]	0.5510774521903495	2409.1774734569512	2261.2588609757236	2401.13413687938	2259.8244338829977	0.26091762678453195	0.4031584878872738	0.41037648237640684	-37.43554001113206	-37.58837923630759	19.082089181783143
partial	117	deviation_load[704]	0.5022307559326462	2199.3751124095475	2201.5727396977845	2201.702237862087	2195.131660591202	0.3005490277446734	0.4270181829301814	0.43664695968142214	11.246612221664305	11.093772996488777	19.988517730934856
partial	117	deviation_load[705]	0.4593538221956366	2370.0428784099345	1853.5920933294967	2368.6243129193604	1877.6222396903745	0.3157672261318101	0.49371849872195933	0.4472580803291749	-20.410364455566306	-20.56320368074183	20.900591396991725
partial	117	deviation_load[706]	0.46221081527798513	2300.590748483199	2245.3531631513983	2283.792885563041	2245.077077569797	0.3197347684276745	0.44160661205213814	0.4500679631591874	-5.946701850544099	-6.09954107571963	20.83589645388685
partial	117	deviation_load[707]	0.41558075889283785	2258.441916775895	2272.689553583004	2260.1083274775006	2279.1222352188543	0.35334760459618214	0.4603434091212003	0.47453701541041127	-0.6850897416560692	-0.8379289668315991	21.973767562270687
partial	117	deviation_load[708]	0.4133711816337335	2696.15181022005	2378.279325710635	2701.9461434196355	2384.0624162335043	0.3246425918169159	0.450572394612772	0.45356770359271137	-24.360367672789543	-24.513206897965077	22.032417064594277
partial	117	deviation_load[709]	0.35223166033341474	2465.2330484336994	2316.7375251125895	2470.173033038383	2309.8408923351403	0.38651309995479904	0.5070001080988744	0.4997231491110148	-42.81277198596802	-42.965611211143546	23.86811090674961
partial	117	deviation_load[710]	0.3255486284001826	2081.8639826815456	2093.79524323734	2068.9382011720795	2091.770177804599	0.44825574983766014	0.5373807604982213	0.5488752741591517	-74.12224888218655	-74.27508810736208	24.82700359931432
partial	117	deviation_load[711]	0.3051834618381496	2675.393418372699	2353.2227796061975	2677.4191465430663	2365.584075791961	0.4130747376940765	0.5375535954439827	0.5205397086119282	14.461739416389628	14.3089001912141	25.641991069678646
partial	117	deviation_load[712]	0.2740834384857007	2305.317892556579	2092.5559584398084	2309.4112752023725	2107.298261316844	0.4797152851626322	0.5986910120133624	0.5748544199529361	116.70039495992269	116.54755573474716	27.0576979978985
partial	117	deviation_load[713]	0.24345484307951948	2093.1053752927132	2019.4112196759222	2088.199285461104	2017.309351042817	0.5464551071896186	0.6391777667421056	0.6316201655222691	-13.977622319870687	-14.130461545046215	28.709328387514322
partial	117	deviation_load[714]	0.24300500152615895	2937.9671856849504	2584.10514406711	2959.3719252235583	2596.1049395892906	0.4595908421496816	0.5667947460403299	0.5581707547951743	-2.2196766319037677	-2.372515857079299	28.735888905911967
partial	117	deviation_load[715]	0.2084979736530339	2364.1267694725625	2225.3260076385513	2356.1019705576928	2226.344688838198	0.5686045062182898	0.6555599497715123	0.6508778178832847	-42.431177540040814	-42.58401676521634	31.02282356452531
partial	117	deviation_load[716]	0.1403785611827925	2220.866530375596	2006.887415786128	2194.7098138049837	1968.9442767361352	0.7482503265556915	0.8520368645392159	0.8125327073487318	-35.018885169817366	-35.1717243949929	37.807838466099405
partial	117	deviation_load[717]	0.16130913730664473	2410.278318841681	2310.093968193564	2433.152168347303	2321.5838124090396	0.6548156922299826	0.7474170717219927	0.7274025296294977	93.48179175363198	93.32895252845647	35.269780582326966
partial	117	deviation_load[718]	0.13431897513917015	2349.2843259196165	2319.6994443826943	2349.9488554178424	2326.4156540161603	0.7418452176984693	0.8137951318234459	0.8066381942003803	112.10205635359581	111.94921712842024	38.65125121550694
partial	117	deviation_load[719]	0.14737598739327712	2863.641631763083	2521.0826263479353	2866.7434713259827	2560.5033904097263	0.6363605404268027	0.7254688440292392	0.7108344299012629	-31.155393032052185	-31.30823225722772	36.89936379262848
partial	117	deviation_load[720]	0.13950178906187582	2350.8876102579816	2329.1104999383156	2337.4703446149333	2322.4698996237935	0.7276864438988908	0.7786344834470214	0.7936361949627642	44.12422920647913	43.971389981303595	37.92646395698235
partial	117	population_intercept_at_load0	0.9988955891772522	2179.546424756472	2001.8443299123826	2191.470055095277	2010.1834282410298	0.38466914330716734	11.9224468044928	12.11584870838137	5472.578496906456	5473.270105503967	541.8633699926615
partial	117	log_sigma_intercept_at_subject0	0.0	4659.225181334068	4659.225181334068	4721.135372308107	4721.135372308107	0.028086798366554058	0.028086798366554058	0.028086798366554058	-49.512061418707994	-49.512061418707994	1.9298584828114225
partial	118	population_intercept_at_mean_load	0.9996558277404202	1990.127635807681	1757.371279524035	1996.554084508363	1764.5146938559242	0.22528088990315945	12.864712105120931	12.132829434547174	5612.629031599138	5619.201508936409	542.5964663452202
partial	118	population_load	0.8503292195204041	2176.1787427248364	1975.8507147476053	2173.195500322803	1977.149168355813	0.1274846229594562	0.34088319854928506	0.34144278936869604	58.870835769831395	58.509117661954384	15.361679175536048
partial	118	log_tau_intercept	0.0	3472.9141691111113	3472.9141691111113	3352.388798859498	3352.388798859498	0.0027827000104821663	0.0027827000104821663	0.0027827000104821663	7.81775904416486	7.81775904416486	0.16111782113794357
partial	118	log_tau_load	0.0	2045.9594720130858	2045.9594720130858	2035.3771719659446	2035.3771719659446	0.0048575678152543815	0.0048575678152543815	0.0048575678152543815	4.100511972688635	4.100511972688635	0.2191499228243549
partial	118	log_sigma_intercept	0.0	4216.784571581567	4216.784571581567	4195.428928285591	4195.428928285591	0.00023374942038804195	0.00023374942038804195	0.00023374942038804195	6.051527255072198	6.051527255072198	0.015140448031641955
partial	118	log_sigma_subj_slope	0.0	4647.942856932897	4647.942856932897	4703.977860741871	4703.977860741871	3.9580120253597875e-5	3.9580120253597875e-5	3.9580120253597875e-5	0.0781729346533416	0.0781729346533416	0.0027146243720424135
partial	118	deviation_intercept[701]	0.9908402628667732	1992.8462829293992	1762.7214132741503	1987.9912433933077	1770.4574254489319	1.1678371598258617	12.886493044649075	12.165922209452267	-4851.2300327434905	-4858.704694786987	544.0615299271427
partial	118	deviation_intercept[702]	0.9956051598788	1985.5338831917056	1740.6310395407056	1993.3871785311478	1740.4093196007602	0.8059015332478837	12.952200278508819	12.136527380427447	-3911.83133683844	-3919.305998881936	542.7580481526007
partial	118	deviation_intercept[703]	0.9946940218206072	2599.8796986386637	1726.7254629046834	2597.8882439533454	1731.1862549666753	0.7760283458791364	12.982960874946315	12.134580321056914	-3631.4550887520995	-3638.9297507955953	543.0065739848968
partial	118	deviation_intercept[704]	0.994007934949285	2124.2755680816804	1775.7263968755158	2124.447716314423	1776.3300021790403	0.912263190921129	12.852117364203496	12.144053841451932	-649.4205670696018	-656.8952291130986	543.1939393996826
partial	118	deviation_intercept[705]	0.9925284003213175	2458.8790220871424	1751.3348778900086	2461.431213580747	1753.8788682522138	0.9470901408557041	12.893460874296043	12.146719693377298	-1347.3189152259085	-1354.7935772694052	543.5986507218306
partial	118	deviation_intercept[706]	0.9923202300967902	2513.5193131363662	1780.9678471175137	2508.326960346595	1786.0537290267	0.9512747072385002	12.813178401796081	12.147046683997123	45.55951774847367	38.08485570497678	543.6556661466884
partial	118	deviation_intercept[707]	0.9909191173923342	2310.1096876139422	1771.8917367276479	2310.1922797048064	1772.7538385105186	1.0786255523893933	12.839156327278696	12.157682865449367	-82.71671238308411	-90.19137442658096	544.0398820617426
partial	118	deviation_intercept[708]	0.9907746042078442	2540.676337841375	1720.6268745827085	2551.2723045112525	1731.438673649304	1.0346096022698115	13.02039600667	12.15385686124708	-446.59800083908965	-454.0726628825865	544.0795571143897
partial	118	deviation_intercept[709]	0.9878893330296201	2464.5839765082137	1783.007255160877	2461.730697503952	1786.2872205127103	1.2085356154089109	12.791192620879606	12.169896380342998	-1139.2242768715494	-1146.6989389150465	544.8735086556707
partial	118	deviation_intercept[710]	0.9863912812337703	2266.5813646504084	1781.8826655725456	2267.2726920671366	1773.5303218289566	1.3359246701166263	12.920993516415033	12.183206240509927	188.9044583901537	181.42979634665687	545.2871067254956
partial	118	deviation_intercept[711]	0.985613703883623	2636.368009331337	1768.9065739836246	2639.654585082607	1772.2803066757383	1.273495521774026	12.878056644711668	12.176518813624536	-1731.1949167494558	-1738.6695787929525	545.5021602033308
partial	118	deviation_intercept[712]	0.9825221281288593	2421.4025800619706	1772.8876148677075	2417.6215768968054	1783.6651019166698	1.469023642414332	12.8563245163732	12.198518354150478	1097.0736238022787	1089.5989617587818	546.3597168144925
partial	118	deviation_intercept[713]	0.9798059748056367	2026.4675601821232	1788.6720604909488	2034.7461178057622	1790.1598434908906	1.7235985984278397	12.817252189625147	12.231786938263609	3894.693249756151	3887.218587712654	547.1164838491213
partial	118	deviation_intercept[714]	0.9789935427542814	2811.251998774082	1810.3211004476614	2809.4198509748157	1808.2634682694188	1.4966767479185075	12.797121958675906	12.201879398778441	150.55179234440334	143.07713030090642	547.3434530621367
partial	118	deviation_intercept[715]	0.9755816613526946	2336.1520464910645	1780.2622781854984	2332.038710037767	1776.680672442528	1.7742230047989915	13.016141280547608	12.239023116463656	919.9818077725279	912.507145729031	548.299724127795
partial	118	deviation_intercept[716]	0.9556879940115592	2640.256494075022	1745.0499711984176	2605.2632332107964	1750.5246725850732	2.284686820644244	13.179695902772993	12.323376706203511	773.4204686610028	765.945806617506	553.9770538564713
partial	118	deviation_intercept[717]	0.9649349216001413	2482.6592502446224	1727.6879920652077	2495.249707499336	1730.0592006759553	2.066718037230671	13.187973168880966	12.284833862123998	1490.9241392361123	1483.4494771926154	551.3162955390975
partial	118	deviation_intercept[718]	0.9580564567605109	2379.130963252242	1820.1071616979332	2345.7395875794373	1826.4013222885687	2.3396287494582917	12.926680742848971	12.333680807442098	1314.2966601211667	1306.8219980776696	553.2918719328981
partial	118	deviation_intercept[719]	0.9596155570611061	2833.3132777899177	1791.515921774564	2863.174093617103	1794.1977826808286	2.0762725952718384	13.003505568825611	12.28644486678106	4693.391820512319	4685.917158468822	552.8422188467633
partial	118	deviation_intercept[720]	0.9558835435339743	2396.8847708873313	1798.5295611954416	2402.1556212034475	1801.9718845299678	2.3738162042257054	13.018771235002065	12.340211624847377	3307.1642002144354	3299.6895381709382	553.9203861326675
partial	118	deviation_load[701]	0.4040511784209022	2029.6717704396237	1960.333455139529	2021.8259332529165	1959.5658544506596	0.3826014878541125	0.49993275000510523	0.4967038834445948	-23.264204628902935	-22.902486521025942	22.285072601542602
partial	118	deviation_load[702]	0.5831605033726391	2022.680997656224	1990.4723978617865	2017.9867564308065	1989.8104728149328	0.2666020389847603	0.41805940412730536	0.4140138844430132	-36.35256880145863	-35.99085069358163	18.549755560764822
partial	118	deviation_load[703]	0.5510774521903495	2409.1774734569512	2154.6735896550526	2401.13413687938	2163.963913838986	0.26091762678453195	0.4075561197286905	0.41037648237640684	-37.9500973441846	-37.58837923630759	19.082089181783143
partial	118	deviation_load[704]	0.5022307559326462	2199.3751124095475	2219.842775832459	2201.702237862087	2222.8547929570364	0.3005490277446734	0.4206027763053728	0.43664695968142214	10.732054888611778	11.093772996488777	19.988517730934856
partial	118	deviation_load[705]	0.4593538221956366	2370.0428784099345	1868.4660453124027	2368.6243129193604	1919.5875728868843	0.3157672261318101	0.4683367787910306	0.4472580803291749	-20.92492178861883	-20.56320368074183	20.900591396991725
partial	118	deviation_load[706]	0.46221081527798513	2300.590748483199	2070.134010635407	2283.792885563041	2067.1124822831143	0.3197347684276745	0.4567566287493929	0.4500679631591874	-6.461259183596627	-6.09954107571963	20.83589645388685
partial	118	deviation_load[707]	0.41558075889283785	2258.441916775895	2055.560318396588	2260.1083274775006	2061.675612076322	0.35334760459618214	0.47934726231649966	0.47453701541041127	-1.1996470747085963	-0.8379289668315991	21.973767562270687
partial	118	deviation_load[708]	0.4133711816337335	2696.15181022005	2292.948159198184	2701.9461434196355	2293.0113270840216	0.3246425918169159	0.4554188139253823	0.45356770359271137	-24.874925005842066	-24.513206897965077	22.032417064594277
partial	118	deviation_load[709]	0.35223166033341474	2465.2330484336994	2186.231197117856	2470.173033038383	2177.1576733343795	0.38651309995479904	0.5097199482996319	0.4997231491110148	-43.32732931902054	-42.965611211143546	23.86811090674961
partial	118	deviation_load[710]	0.3255486284001826	2081.8639826815456	1872.5699861219832	2068.9382011720795	1880.690069221173	0.44825574983766014	0.5651437179555592	0.5488752741591517	-74.63680621523908	-74.27508810736208	24.82700359931432
partial	118	deviation_load[711]	0.3051834618381496	2675.393418372699	2327.7313819886035	2677.4191465430663	2272.831989557881	0.4130747376940765	0.5349245720155026	0.5205397086119282	13.947182083337102	14.3089001912141	25.641991069678646
partial	118	deviation_load[712]	0.2740834384857007	2305.317892556579	2265.8454449011097	2309.4112752023725	2271.577326960278	0.4797152851626322	0.561611886177563	0.5748544199529361	116.18583762687014	116.54755573474716	27.0576979978985
partial	118	deviation_load[713]	0.24345484307951948	2093.1053752927132	1908.522393434147	2088.199285461104	1903.2956359479795	0.5464551071896186	0.6537409839455477	0.6316201655222691	-14.492179652923214	-14.130461545046215	28.709328387514322
partial	118	deviation_load[714]	0.24300500152615895	2937.9671856849504	2753.5497047047866	2959.3719252235583	2760.7479553783346	0.4595908421496816	0.5468971666813393	0.5581707547951743	-2.7342339649562963	-2.372515857079299	28.735888905911967
partial	118	deviation_load[715]	0.2084979736530339	2364.1267694725625	2018.8095003307728	2356.1019705576928	1988.6189847393418	0.5686045062182898	0.6820722707299103	0.6508778178832847	-42.94573487309333	-42.58401676521634	31.02282356452531
partial	118	deviation_load[716]	0.1403785611827925	2220.866530375596	2055.9674732113335	2194.7098138049837	2042.2347828118875	0.7482503265556915	0.848459562210853	0.8125327073487318	-35.53344250286989	-35.1717243949929	37.807838466099405
partial	118	deviation_load[717]	0.16130913730664473	2410.278318841681	2438.753415815432	2433.152168347303	2436.4344095010815	0.6548156922299826	0.7046376746120141	0.7274025296294977	92.96723442057947	93.32895252845647	35.269780582326966
partial	118	deviation_load[718]	0.13431897513917015	2349.2843259196165	2363.091116491707	2349.9488554178424	2341.0630570363087	0.7418452176984693	0.7917966615435675	0.8066381942003803	111.58749902054325	111.94921712842024	38.65125121550694
partial	118	deviation_load[719]	0.14737598739327712	2863.641631763083	2561.8564143063672	2866.7434713259827	2558.9033385480107	0.6363605404268027	0.7305898492997513	0.7108344299012629	-31.66995036510471	-31.30823225722772	36.89936379262848
partial	118	deviation_load[720]	0.13950178906187582	2350.8876102579816	2409.4724359150064	2337.4703446149333	2404.049375397912	0.7276864438988908	0.771622682870276	0.7936361949627642	43.609671873426606	43.971389981303595	37.92646395698235
partial	118	population_intercept_at_load0	0.9988955891772522	2179.546424756472	1763.9973095764417	2191.470055095277	1767.123662545859	0.38466914330716734	12.83448696009428	12.11584870838137	5465.79544346047	5473.270105503967	541.8633699926615
partial	118	log_sigma_intercept_at_subject0	0.0	4659.225181334068	4659.225181334068	4721.135372308107	4721.135372308107	0.028086798366554058	0.028086798366554058	0.028086798366554058	-49.512061418707994	-49.512061418707994	1.9298584828114225
partial	119	population_intercept_at_mean_load	0.9996558277404202	1990.127635807681	1921.3990836561406	1996.554084508363	1922.1861390119034	0.22528088990315945	12.195872392409457	12.132829434547174	5600.323166634353	5619.201508936409	542.5964663452202
partial	119	population_load	0.8503292195204041	2176.1787427248364	1970.6741448430862	2173.195500322803	1965.0539844330447	0.1274846229594562	0.3533468066677832	0.34144278936869604	58.86303037389994	58.509117661954384	15.361679175536048
partial	119	log_tau_intercept	0.0	3472.9141691111113	3472.9141691111113	3352.388798859498	3352.388798859498	0.0027827000104821663	0.0027827000104821663	0.0027827000104821663	7.81775904416486	7.81775904416486	0.16111782113794357
partial	119	log_tau_load	0.0	2045.9594720130858	2045.9594720130858	2035.3771719659446	2035.3771719659446	0.0048575678152543815	0.0048575678152543815	0.0048575678152543815	4.100511972688635	4.100511972688635	0.2191499228243549
partial	119	log_sigma_intercept	0.0	4216.784571581567	4216.784571581567	4195.428928285591	4195.428928285591	0.00023374942038804195	0.00023374942038804195	0.00023374942038804195	6.051527255072198	6.051527255072198	0.015140448031641955
partial	119	log_sigma_subj_slope	0.0	4647.942856932897	4647.942856932897	4703.977860741871	4703.977860741871	3.9580120253597875e-5	3.9580120253597875e-5	3.9580120253597875e-5	0.0781729346533416	0.0781729346533416	0.0027146243720424135
partial	119	deviation_intercept[701]	0.9908402628667732	1992.8462829293992	1912.159923132901	1987.9912433933077	1908.136977653673	1.1678371598258617	12.245484681202745	12.165922209452267	-4838.943635725379	-4858.704694786987	544.0615299271427
partial	119	deviation_intercept[702]	0.9956051598788	1985.5338831917056	1922.8399270058794	1993.3871785311478	1917.7838828592226	0.8059015332478837	12.198327226389566	12.136527380427447	-3899.5449398203286	-3919.305998881936	542.7580481526007
partial	119	deviation_intercept[703]	0.9946940218206072	2599.8796986386637	1941.4674091729814	2597.8882439533454	1939.1507089031777	0.7760283458791364	12.138410385547301	12.134580321056914	-3619.168691733988	-3638.9297507955953	543.0065739848968
partial	119	deviation_intercept[704]	0.994007934949285	2124.2755680816804	1925.4004205247616	2124.447716314423	1922.6290662037648	0.912263190921129	12.169577390794922	12.144053841451932	-637.1341700514911	-656.8952291130986	543.1939393996826
partial	119	deviation_intercept[705]	0.9925284003213175	2458.8790220871424	1923.177086821818	2461.431213580747	1921.3320872752772	0.9470901408557041	12.197678040021968	12.146719693377298	-1335.0325182077977	-1354.7935772694052	543.5986507218306
partial	119	deviation_intercept[706]	0.9923202300967902	2513.5193131363662	1906.2023950528069	2508.326960346595	1906.60213468632	0.9512747072385002	12.29034137098681	12.147046683997123	57.84591476658439	38.08485570497678	543.6556661466884
partial	119	deviation_intercept[707]	0.9909191173923342	2310.1096876139422	1908.4164419663757	2310.1922797048064	1905.7953241016548	1.0786255523893933	12.291485749447071	12.157682865449367	-70.43031536497335	-90.19137442658096	544.0398820617426
partial	119	deviation_intercept[708]	0.9907746042078442	2540.676337841375	1903.556870719974	2551.2723045112525	1903.16249664084	1.0346096022698115	12.27557958170789	12.15385686124708	-434.3116038209789	-454.0726628825865	544.0795571143897
partial	119	deviation_intercept[709]	0.9878893330296201	2464.5839765082137	1915.1945984123022	2461.730697503952	1914.1492723859913	1.2085356154089109	12.215281743993954	12.169896380342998	-1126.9378798534385	-1146.6989389150465	544.8735086556707
partial	119	deviation_intercept[710]	0.9863912812337703	2266.5813646504084	1925.217460232639	2267.2726920671366	1923.4320296137205	1.3359246701166263	12.202483485716796	12.183206240509927	201.19085540826447	181.42979634665687	545.2871067254956
partial	119	deviation_intercept[711]	0.985613703883623	2636.368009331337	1951.009297205146	2639.654585082607	1949.4173287468543	1.273495521774026	12.202896411250459	12.176518813624536	-1718.908519731345	-1738.6695787929525	545.5021602033308
partial	119	deviation_intercept[712]	0.9825221281288593	2421.4025800619706	1911.0994205184538	2417.6215768968054	1909.215097679999	1.469023642414332	12.280601360643137	12.198518354150478	1109.3600208203895	1089.5989617587818	546.3597168144925
partial	119	deviation_intercept[713]	0.9798059748056367	2026.4675601821232	1912.587848143405	2034.7461178057622	1910.395751900406	1.7235985984278397	12.290389726397311	12.231786938263609	3906.979646774261	3887.218587712654	547.1164838491213
partial	119	deviation_intercept[714]	0.9789935427542814	2811.251998774082	1945.472138312637	2809.4198509748157	1946.4283002297195	1.4966767479185075	12.235358224578473	12.201879398778441	162.83818936251402	143.07713030090642	547.3434530621367
partial	119	deviation_intercept[715]	0.9755816613526946	2336.1520464910645	1933.3596963061857	2332.038710037767	1925.4356717200503	1.7742230047989915	12.291136771196822	12.239023116463656	932.2682047906386	912.507145729031	548.299724127795
partial	119	deviation_intercept[716]	0.9556879940115592	2640.256494075022	1937.7037705106322	2605.2632332107964	1938.3730897996004	2.284686820644244	12.39864796379012	12.323376706203511	785.7068656791137	765.945806617506	553.9770538564713
partial	119	deviation_intercept[717]	0.9649349216001413	2482.6592502446224	1975.3159565256558	2495.249707499336	1975.2334656772887	2.066718037230671	12.279334768944132	12.284833862123998	1503.2105362542231	1483.4494771926154	551.3162955390975
partial	119	deviation_intercept[718]	0.9580564567605109	2379.130963252242	1971.2336348650947	2345.7395875794373	1969.2631229194897	2.3396287494582917	12.39424517978195	12.333680807442098	1326.583057139277	1306.8219980776696	553.2918719328981
partial	119	deviation_intercept[719]	0.9596155570611061	2833.3132777899177	1959.3865249494816	2863.174093617103	1964.7764367017983	2.0762725952718384	12.181303613966978	12.28644486678106	4705.67821753043	4685.917158468822	552.8422188467633
partial	119	deviation_intercept[720]	0.9558835435339743	2396.8847708873313	1898.4700793192317	2402.1556212034475	1896.6226774296701	2.3738162042257054	12.488751400394236	12.340211624847377	3319.4505972325455	3299.6895381709382	553.9203861326675
partial	119	deviation_load[701]	0.4040511784209022	2029.6717704396237	1832.7329965898132	2021.8259332529165	1833.0862754123323	0.3826014878541125	0.527530368109414	0.4967038834445948	-23.256399232971482	-22.902486521025942	22.285072601542602
partial	119	deviation_load[702]	0.5831605033726391	2022.680997656224	1985.5309301555112	2017.9867564308065	1985.3833847277633	0.2666020389847603	0.42706784499423206	0.4140138844430132	-36.34476340552716	-35.99085069358163	18.549755560764822
partial	119	deviation_load[703]	0.5510774521903495	2409.1774734569512	1846.3151237332281	2401.13413687938	1853.3172928254953	0.26091762678453195	0.4507840986546405	0.41037648237640684	-37.942291948253136	-37.58837923630759	19.082089181783143
partial	119	deviation_load[704]	0.5022307559326462	2199.3751124095475	2119.2309338701634	2201.702237862087	2128.49763474334	0.3005490277446734	0.4343919946851831	0.43664695968142214	10.739860284543228	11.093772996488777	19.988517730934856
partial	119	deviation_load[705]	0.4593538221956366	2370.0428784099345	2195.7974422342354	2368.6243129193604	2191.4983127772557	0.3157672261318101	0.45742994858825303	0.4472580803291749	-20.91711639268738	-20.56320368074183	20.900591396991725
partial	119	deviation_load[706]	0.46221081527798513	2300.590748483199	2041.3815631502032	2283.792885563041	2040.975713371642	0.3197347684276745	0.47326088950550566	0.4500679631591874	-6.453453787665172	-6.09954107571963	20.83589645388685
partial	119	deviation_load[707]	0.41558075889283785	2258.441916775895	2080.04380574702	2260.1083274775006	2085.5076785316946	0.35334760459618214	0.49108752964614505	0.47453701541041127	-1.1918416787771426	-0.8379289668315991	21.973767562270687
partial	119	deviation_load[708]	0.4133711816337335	2696.15181022005	2428.6889899919206	2701.9461434196355	2434.4332771214226	0.3246425918169159	0.4515197230444508	0.45356770359271137	-24.867119609910613	-24.513206897965077	22.032417064594277
partial	119	deviation_load[709]	0.35223166033341474	2465.2330484336994	2268.9701283044305	2470.173033038383	2270.3930458201935	0.38651309995479904	0.5088054734495776	0.4997231491110148	-43.31952392308909	-42.965611211143546	23.86811090674961
partial	119	deviation_load[710]	0.3255486284001826	2081.8639826815456	2173.5484598516086	2068.9382011720795	2168.933820158727	0.44825574983766014	0.5433049388589333	0.5488752741591517	-74.6290008193076	-74.27508810736208	24.82700359931432
partial	119	deviation_load[711]	0.3051834618381496	2675.393418372699	2332.8933113153216	2677.4191465430663	2311.74195131286	0.4130747376940765	0.5347016889730764	0.5205397086119282	13.954987479268553	14.3089001912141	25.641991069678646
partial	119	deviation_load[712]	0.2740834384857007	2305.317892556579	2245.5278577884305	2309.4112752023725	2245.0908315342663	0.4797152851626322	0.5771417706438043	0.5748544199529361	116.19364302280161	116.54755573474716	27.0576979978985
partial	119	deviation_load[713]	0.24345484307951948	2093.1053752927132	1997.5217531236908	2088.199285461104	1997.5258650060764	0.5464551071896186	0.6396771881867876	0.6316201655222691	-14.484374256991757	-14.130461545046215	28.709328387514322
partial	119	deviation_load[714]	0.24300500152615895	2937.9671856849504	2652.1707911940493	2959.3719252235583	2641.4138087388014	0.4595908421496816	0.5587443107381037	0.5581707547951743	-2.7264285690248418	-2.372515857079299	28.735888905911967
partial	119	deviation_load[715]	0.2084979736530339	2364.1267694725625	2072.6603195157068	2356.1019705576928	2048.781697668993	0.5686045062182898	0.6935205598919968	0.6508778178832847	-42.93792947716189	-42.58401676521634	31.02282356452531
partial	119	deviation_load[716]	0.1403785611827925	2220.866530375596	1903.6584200838163	2194.7098138049837	1879.3281829951852	0.7482503265556915	0.8714727069333336	0.8125327073487318	-35.52563710693845	-35.1717243949929	37.807838466099405
partial	119	deviation_load[717]	0.16130913730664473	2410.278318841681	2346.697451487761	2433.152168347303	2340.6329045100624	0.6548156922299826	0.7224111471975893	0.7274025296294977	92.97503981651093	93.32895252845647	35.269780582326966
partial	119	deviation_load[718]	0.13431897513917015	2349.2843259196165	2244.7283840868035	2349.9488554178424	2244.3998829358434	0.7418452176984693	0.8100727751517713	0.8066381942003803	111.59530441647472	111.94921712842024	38.65125121550694
partial	119	deviation_load[719]	0.14737598739327712	2863.641631763083	2552.0912216446877	2866.7434713259827	2582.3924474270975	0.6363605404268027	0.7318113232878084	0.7108344299012629	-31.662144969173255	-31.30823225722772	36.89936379262848
partial	119	deviation_load[720]	0.13950178906187582	2350.8876102579816	2254.015423649008	2337.4703446149333	2241.7748045595554	0.7276864438988908	0.8005503900727864	0.7936361949627642	43.617477269358055	43.971389981303595	37.92646395698235
partial	119	population_intercept_at_load0	0.9988955891772522	2179.546424756472	1923.6296905639022	2191.470055095277	1918.4871743803421	0.38466914330716734	12.16602432951558	12.11584870838137	5453.509046442359	5473.270105503967	541.8633699926615
partial	119	log_sigma_intercept_at_subject0	0.0	4659.225181334068	4659.225181334068	4721.135372308107	4721.135372308107	0.028086798366554058	0.028086798366554058	0.028086798366554058	-49.512061418707994	-49.512061418707994	1.9298584828114225
partial	120	population_intercept_at_mean_load	0.9996558277404202	1990.127635807681	1814.9458118001594	1996.554084508363	1816.1961188806808	0.22528088990315945	12.580138895460978	12.132829434547174	5617.325967693427	5619.201508936409	542.5964663452202
partial	120	population_load	0.8503292195204041	2176.1787427248364	1627.677649592599	2173.195500322803	1610.1345174358432	0.1274846229594562	0.379537652162336	0.34144278936869604	58.83714989679084	58.509117661954384	15.361679175536048
partial	120	log_tau_intercept	0.0	3472.9141691111113	3472.9141691111113	3352.388798859498	3352.388798859498	0.0027827000104821663	0.0027827000104821663	0.0027827000104821663	7.81775904416486	7.81775904416486	0.16111782113794357
partial	120	log_tau_load	0.0	2045.9594720130858	2045.9594720130858	2035.3771719659446	2035.3771719659446	0.0048575678152543815	0.0048575678152543815	0.0048575678152543815	4.100511972688635	4.100511972688635	0.2191499228243549
partial	120	log_sigma_intercept	0.0	4216.784571581567	4216.784571581567	4195.428928285591	4195.428928285591	0.00023374942038804195	0.00023374942038804195	0.00023374942038804195	6.051527255072198	6.051527255072198	0.015140448031641955
partial	120	log_sigma_subj_slope	0.0	4647.942856932897	4647.942856932897	4703.977860741871	4703.977860741871	3.9580120253597875e-5	3.9580120253597875e-5	3.9580120253597875e-5	0.0781729346533416	0.0781729346533416	0.0027146243720424135
partial	120	deviation_intercept[701]	0.9908402628667732	1992.8462829293992	1807.741315935499	1987.9912433933077	1806.3189511716416	1.1678371598258617	12.660246481101328	12.165922209452267	-4856.010986969056	-4858.704694786987	544.0615299271427
partial	120	deviation_intercept[702]	0.9956051598788	1985.5338831917056	1800.4851054737667	1993.3871785311478	1802.2262693986822	0.8059015332478837	12.645200553578242	12.136527380427447	-3916.612291064005	-3919.305998881936	542.7580481526007
partial	120	deviation_intercept[703]	0.9946940218206072	2599.8796986386637	1797.4085927231486	2597.8882439533454	1798.9569786942104	0.7760283458791364	12.694765231270862	12.134580321056914	-3636.2360429776645	-3638.9297507955953	543.0065739848968
partial	120	deviation_intercept[704]	0.994007934949285	2124.2755680816804	1808.5550761787838	2124.447716314423	1807.9677113939103	0.912263190921129	12.59517426948504	12.144053841451932	-654.2015212951676	-656.8952291130986	543.1939393996826
partial	120	deviation_intercept[705]	0.9925284003213175	2458.8790220871424	1796.947603049084	2461.431213580747	1793.6294324016012	0.9470901408557041	12.652347891099964	12.146719693377298	-1352.099869451474	-1354.7935772694052	543.5986507218306
partial	120	deviation_intercept[706]	0.9923202300967902	2513.5193131363662	1834.0102010867167	2508.326960346595	1828.3149976511693	0.9512747072385002	12.63733244628285	12.147046683997123	40.77856352290802	38.08485570497678	543.6556661466884
partial	120	deviation_intercept[707]	0.9909191173923342	2310.1096876139422	1798.7384223253139	2310.1922797048064	1797.0485186266092	1.0786255523893933	12.644732811849575	12.157682865449367	-87.49766660864972	-90.19137442658096	544.0398820617426
partial	120	deviation_intercept[708]	0.9907746042078442	2540.676337841375	1812.960901959785	2551.2723045112525	1807.3355382043696	1.0346096022698115	12.632939710901772	12.15385686124708	-451.37895506465526	-454.0726628825865	544.0795571143897
partial	120	deviation_intercept[709]	0.9878893330296201	2464.5839765082137	1831.5769940070297	2461.730697503952	1833.6740141384316	1.2085356154089109	12.602096172194095	12.169896380342998	-1144.0052310971153	-1146.6989389150465	544.8735086556707
partial	120	deviation_intercept[710]	0.9863912812337703	2266.5813646504084	1820.8766713408745	2267.2726920671366	1819.1936149319695	1.3359246701166263	12.593021526204877	12.183206240509927	184.1235041645881	181.42979634665687	545.2871067254956
partial	120	deviation_intercept[711]	0.985613703883623	2636.368009331337	1843.6623554635737	2639.654585082607	1846.0144248641598	1.273495521774026	12.586362414733786	12.176518813624536	-1735.9758709750213	-1738.6695787929525	545.5021602033308
partial	120	deviation_intercept[712]	0.9825221281288593	2421.4025800619706	1823.2221979164503	2417.6215768968054	1828.5116293890226	1.469023642414332	12.662261168964184	12.198518354150478	1092.2926695767128	1089.5989617587818	546.3597168144925
partial	120	deviation_intercept[713]	0.9798059748056367	2026.4675601821232	1760.7876610141923	2034.7461178057622	1763.6231599843018	1.7235985984278397	12.852793911837539	12.231786938263609	3889.9122955305847	3887.218587712654	547.1164838491213
partial	120	deviation_intercept[714]	0.9789935427542814	2811.251998774082	1827.5305970554207	2809.4198509748157	1823.6220152512608	1.4966767479185075	12.673160016398004	12.201879398778441	145.77083811883767	143.07713030090642	547.3434530621367
partial	120	deviation_intercept[715]	0.9755816613526946	2336.1520464910645	1841.1792484537477	2332.038710037767	1843.5302201918387	1.7742230047989915	12.666842298803486	12.239023116463656	915.2008535469621	912.507145729031	548.299724127795
partial	120	deviation_intercept[716]	0.9556879940115592	2640.256494075022	1844.6001708063716	2605.2632332107964	1839.6985428831483	2.284686820644244	12.713988561427481	12.323376706203511	768.6395144354374	765.945806617506	553.9770538564713
partial	120	deviation_intercept[717]	0.9649349216001413	2482.6592502446224	1826.906290369824	2495.249707499336	1826.5323163506612	2.066718037230671	12.815101807316946	12.284833862123998	1486.1431850105466	1483.4494771926154	551.3162955390975
partial	120	deviation_intercept[718]	0.9580564567605109	2379.130963252242	1818.1874961273934	2345.7395875794373	1823.818929041064	2.3396287494582917	12.774496938160054	12.333680807442098	1309.5157058956008	1306.8219980776696	553.2918719328981
partial	120	deviation_intercept[719]	0.9596155570611061	2833.3132777899177	1821.4804158875497	2863.174093617103	1815.3513135846497	2.0762725952718384	12.714825432500117	12.28644486678106	4688.610866286753	4685.917158468822	552.8422188467633
partial	120	deviation_intercept[720]	0.9558835435339743	2396.8847708873313	1815.3634827244402	2402.1556212034475	1805.7479957668886	2.3738162042257054	12.793057819125131	12.340211624847377	3302.38324598887	3299.6895381709382	553.9203861326675
partial	120	deviation_load[701]	0.4040511784209022	2029.6717704396237	2065.397971965115	2021.8259332529165	2065.7035670393857	0.3826014878541125	0.48898796889785445	0.4967038834445948	-23.230518755862395	-22.902486521025942	22.285072601542602
partial	120	deviation_load[702]	0.5831605033726391	2022.680997656224	1886.8648985080933	2017.9867564308065	1896.5222867125274	0.2666020389847603	0.42236502529249326	0.4140138844430132	-36.318882928418084	-35.99085069358163	18.549755560764822
partial	120	deviation_load[703]	0.5510774521903495	2409.1774734569512	1913.7227678861757	2401.13413687938	1903.2914725983858	0.26091762678453195	0.4322655359013669	0.41037648237640684	-37.91641147114405	-37.58837923630759	19.082089181783143
partial	120	deviation_load[704]	0.5022307559326462	2199.3751124095475	1820.3627546545795	2201.702237862087	1820.7810133833652	0.3005490277446734	0.4610275096357515	0.43664695968142214	10.765740761652319	11.093772996488777	19.988517730934856
partial	120	deviation_load[705]	0.4593538221956366	2370.0428784099345	1877.1646234730551	2368.6243129193604	1863.3971905334163	0.3157672261318101	0.48700301933308277	0.4472580803291749	-20.891235915578285	-20.56320368074183	20.900591396991725
partial	120	deviation_load[706]	0.46221081527798513	2300.590748483199	2131.555339077488	2283.792885563041	2130.3808465858465	0.3197347684276745	0.45109785164597244	0.4500679631591874	-6.427573310556085	-6.09954107571963	20.83589645388685
partial	120	deviation_load[707]	0.41558075889283785	2258.441916775895	1903.9107210961913	2260.1083274775006	1901.7044091216583	0.35334760459618214	0.5021516776115298	0.47453701541041127	-1.1659612016680545	-0.8379289668315991	21.973767562270687
partial	120	deviation_load[708]	0.4133711816337335	2696.15181022005	2273.5604510492794	2701.9461434196355	2295.084086756389	0.3246425918169159	0.45968582555452936	0.45356770359271137	-24.841239132801523	-24.513206897965077	22.032417064594277
partial	120	deviation_load[709]	0.35223166033341474	2465.2330484336994	2362.2969424078083	2470.173033038383	2351.325562417817	0.38651309995479904	0.49271486972782363	0.4997231491110148	-43.29364344598001	-42.965611211143546	23.86811090674961
partial	120	deviation_load[710]	0.3255486284001826	2081.8639826815456	1845.7155442622281	2068.9382011720795	1848.857857779499	0.44825574983766014	0.5756348166527842	0.5488752741591517	-74.60312034219854	-74.27508810736208	24.82700359931432
partial	120	deviation_load[711]	0.3051834618381496	2675.393418372699	2368.756928685235	2677.4191465430663	2313.371732542282	0.4130747376940765	0.5341998463924333	0.5205397086119282	13.980867956377645	14.3089001912141	25.641991069678646
partial	120	deviation_load[712]	0.2740834384857007	2305.317892556579	2233.7118972169314	2309.4112752023725	2239.1465912411004	0.4797152851626322	0.5661230193426691	0.5748544199529361	116.21952349991068	116.54755573474716	27.0576979978985
partial	120	deviation_load[713]	0.24345484307951948	2093.1053752927132	1975.6930355187424	2088.199285461104	1970.7638134732176	0.5464551071896186	0.6405868221205705	0.6316201655222691	-14.458493779882673	-14.130461545046215	28.709328387514322
partial	120	deviation_load[714]	0.24300500152615895	2937.9671856849504	2617.3798760595128	2959.3719252235583	2622.549161201211	0.4595908421496816	0.563130933833079	0.5581707547951743	-2.7005480919157536	-2.372515857079299	28.735888905911967
partial	120	deviation_load[715]	0.2084979736530339	2364.1267694725625	1897.2252317578798	2356.1019705576928	1887.7170601252105	0.5686045062182898	0.7197723454678242	0.6508778178832847	-42.9120490000528	-42.58401676521634	31.02282356452531
partial	120	deviation_load[716]	0.1403785611827925	2220.866530375596	2030.5704521852456	2194.7098138049837	2030.5566471591358	0.7482503265556915	0.8288711599232181	0.8125327073487318	-35.499756629829356	-35.1717243949929	37.807838466099405
partial	120	deviation_load[717]	0.16130913730664473	2410.278318841681	2279.1132983606735	2433.152168347303	2285.4054889259783	0.6548156922299826	0.7314805721306712	0.7274025296294977	93.00092029362	93.32895252845647	35.269780582326966
partial	120	deviation_load[718]	0.13431897513917015	2349.2843259196165	2284.7291544457134	2349.9488554178424	2301.3282806542393	0.7418452176984693	0.789894773524169	0.8066381942003803	111.62118489358377	111.94921712842024	38.65125121550694
partial	120	deviation_load[719]	0.14737598739327712	2863.641631763083	2717.6036013937837	2866.7434713259827	2721.1595900089515	0.6363605404268027	0.7005941816934543	0.7108344299012629	-31.63626449206417	-31.30823225722772	36.89936379262848
partial	120	deviation_load[720]	0.13950178906187582	2350.8876102579816	2348.07765447612	2337.4703446149333	2324.240935532104	0.7276864438988908	0.7814829017614907	0.7936361949627642	43.64335774646713	43.971389981303595	37.92646395698235
partial	120	population_intercept_at_load0	0.9988955891772522	2179.546424756472	1804.8596649890299	2191.470055095277	1807.526671952771	0.38466914330716734	12.599087181998042	12.11584870838137	5470.576397686036	5473.270105503967	541.8633699926615
partial	120	log_sigma_intercept_at_subject0	0.0	4659.225181334068	4659.225181334068	4721.135372308107	4721.135372308107	0.028086798366554058	0.028086798366554058	0.028086798366554058	-49.512061418707994	-49.512061418707994	1.9298584828114225
