arm	recovery_seed	parameter	conditional_noise_variance_fraction	conditional_mean_bulk_ess	recovered_bulk_ess	conditional_mean_mean_ess	recovered_mean_ess	conditional_mean_mcse	recovered_mcse	predicted_recovered_mcse	recovered_mean	conditional_mean	posterior_sd_from_total_variance
scaled_total	101	population_intercept_at_mean_load	0.9996576976501672	2161.7674328554267	2104.135987995591	2160.1371108908093	2106.3298123856102	0.21373784664239545	12.104730685044606	12.005953038530793	5629.736844034135	5619.440401042625	536.9293551383676
scaled_total	101	population_load	0.8466342977270378	2404.1992203109944	2072.9419797173973	2393.0455044922455	2073.8218455218666	0.12468249661175866	0.34321584435657065	0.3438443864394914	59.39016600174073	58.92847429599175	15.574597955710724
scaled_total	101	log_tau_intercept	0.0	96.23366761153939	96.23366761153939	97.81627374144645	97.81627374144645	0.01504419246307368	0.01504419246307368	0.01504419246307368	7.80841151662559	7.80841151662559	0.14879023787333745
scaled_total	101	log_tau_load	0.0	479.5805611042053	479.5805611042053	481.02612287290737	481.02612287290737	0.009789408362429324	0.009789408362429324	0.009789408362429324	4.114200848931364	4.114200848931364	0.21470431681313978
scaled_total	101	log_sigma_intercept	0.0	2552.5210349493077	2552.5210349493077	2540.1069702828654	2540.1069702828654	0.0003025550874056596	0.0003025550874056596	0.0003025550874056596	6.051467865673198	6.051467865673198	0.01524861723367341
scaled_total	101	log_sigma_subj_slope	0.0	2428.477437618454	2428.477437618454	2416.950416422254	2416.950416422254	5.630648910889489e-5	5.630648910889489e-5	5.630648910889489e-5	0.07817775721679605	0.07817775721679605	0.002768167203984305
scaled_total	101	deviation_intercept[701]	0.9899874864012541	2855.943872515165	2078.591575311037	2837.529549304048	2080.4545468353012	1.0116550857339712	12.193127514123901	12.024677042521082	-4866.920598367774	-4857.775690748279	538.5562943940457
scaled_total	101	deviation_intercept[702]	0.9953881431988053	2868.522810575422	2106.221688401143	2848.1534142553405	2106.6756918789106	0.6834487360191706	12.107474428853054	12.00152132603231	-3927.9267970928213	-3918.7818894733264	537.0932903907391
scaled_total	101	deviation_intercept[703]	0.9944951911100675	3112.7124013147213	2097.2646414658234	3088.299489783157	2101.091575656542	0.7173911804120212	12.15231727922538	12.003502075235172	-3646.842337922353	-3637.6974303028574	537.3343629322773
scaled_total	101	deviation_intercept[704]	0.993797444317413	2956.3858834719426	2095.5952161546984	2936.243400257857	2092.9414028925435	0.7812433433408259	12.188908597990817	12.007487377713812	-664.3190907525167	-655.1741831330214	537.5229614967965
scaled_total	101	deviation_intercept[705]	0.9921529290292962	2297.5311865747376	2093.0567565674637	2293.0302185641194	2092.025650900407	0.9951889618774102	12.161300824174056	12.023302917014309	-1360.7475647612491	-1351.602657141754	537.9682551141208
scaled_total	101	deviation_intercept[706]	0.9925253865104994	2420.390925933765	2076.8076981373165	2429.392974189594	2074.564060603183	0.9434537852982191	12.159339758958497	12.019131291796246	29.937306388769308	39.08221400826465	537.8673060072366
scaled_total	101	deviation_intercept[707]	0.9909719641337857	2495.7200321073788	2088.6534404477447	2501.5836527046467	2083.692111454349	1.0225967248331613	12.166513618041717	12.025602522372075	-97.70511259277261	-88.56020497327725	538.2887144600456
scaled_total	101	deviation_intercept[708]	0.9899164300464405	2491.6662350120832	2092.9252255805845	2486.106971116383	2096.9449535151034	1.0846607989503658	12.19807957186617	12.031039066232882	-462.5020487608805	-453.35714114138517	538.5756228743531
scaled_total	101	deviation_intercept[709]	0.9880063511911401	2623.3426408519954	2100.7606589309703	2576.1350075380437	2100.8908781560012	1.1632081722935708	12.168327029235508	12.038374691648897	-1154.7766424096922	-1145.631734790197	539.0959764074092
scaled_total	101	deviation_intercept[710]	0.9856597285749147	2314.3846458028265	2087.488450503906	2307.692365179468	2084.9904922828496	1.3454643077529833	12.203198970643	12.057349881623216	172.84559572127864	181.99050334077398	539.737324897063
scaled_total	101	deviation_intercept[711]	0.986215991931028	2942.2265111809334	2098.284164795377	2943.873608098548	2102.323179082991	1.1675839533265622	12.174110701199677	12.038798289385358	-1746.1662638496189	-1737.0213562301235	539.5850872299019
scaled_total	101	deviation_intercept[712]	0.9826836369105826	2644.729715273846	2094.861291187409	2667.2584111567903	2092.792564160711	1.377320119152409	12.175726198701147	12.060946176609203	1078.3935067829452	1087.5384144024401	540.5540136774912
scaled_total	101	deviation_intercept[713]	0.9811680916766534	2583.855397258422	2102.4988603479137	2588.173378524281	2100.5786636901335	1.4592333049966604	12.1999123148437	12.070574708888289	3878.1018146753217	3887.2467222948167	540.9713315438318
scaled_total	101	deviation_intercept[714]	0.9791998029256999	2058.2327248045594	2099.4184685101654	2073.3009860243915	2101.9966806434363	1.7151924159316563	12.212780535619324	12.104185102191375	137.60838803685678	146.75329565635212	541.5147616171037
scaled_total	101	deviation_intercept[715]	0.9741918545655674	2863.68549430064	2105.6172116058938	2852.605572491261	2103.474889435262	1.6329814343229745	12.268662788690015	12.092809447323878	902.0389908262167	911.1838984457122	542.9048377590682
scaled_total	101	deviation_intercept[716]	0.9552481608875353	2118.1217851649767	2075.314378533278	2090.1099756951194	2072.342787740177	2.5369314263350717	12.39301350210364	12.247670514280202	753.323897947456	762.4688055669511	548.2616307514148
scaled_total	101	deviation_intercept[717]	0.9641474406945357	2208.6238138250933	2091.568563589644	2200.2329698544154	2088.1279851292907	2.20292635953538	12.27087335353268	12.182868976968354	1468.928500656613	1478.073408276109	545.7254809012211
scaled_total	101	deviation_intercept[718]	0.9591162748512416	2114.1089264034576	2079.066517415507	2114.5114451399886	2072.995522210314	2.4059164319683215	12.450160396041689	12.221204762299719	1297.055824945863	1306.200732565358	547.1549447940114
scaled_total	101	deviation_intercept[719]	0.9575949978164284	3101.3179335677905	2134.1370917714007	3093.843828047583	2137.177349125211	2.027282985456834	12.31087194402677	12.152336741037294	4676.025655276647	4685.170562896142	547.5893893816238
scaled_total	101	deviation_intercept[720]	0.953648441918633	2929.632927490736	2155.071013975087	2895.5788587189304	2150.382186697	2.195413229630249	12.322196066616302	12.181512681653196	3289.0040830758267	3298.148990695322	548.7212849527856
scaled_total	101	deviation_load[701]	0.3967239880542563	2702.446325644462	2815.302398285286	2705.751722027085	2815.0186451408067	0.33973054804437586	0.4418226944826959	0.46701186537297	-23.69233719668627	-23.230645490937306	22.75205050323415
scaled_total	101	deviation_load[702]	0.6049615627350231	2874.4864806294195	2295.310490177489	2861.8425622080954	2285.746732002069	0.21646998683965069	0.38912078345817525	0.38670724369601306	-36.67345866551978	-36.21176695977081	18.424719406837628
scaled_total	101	deviation_load[703]	0.5559817483743552	3207.6091214604703	2478.683197145746	3192.4029427254527	2469.965921626197	0.22666061671705925	0.3841717517824367	0.39250257616373263	-38.36959890466268	-37.90790719891372	19.219164594496036
scaled_total	101	deviation_load[704]	0.5054963940997006	2800.2448315824777	2379.2777208313955	2791.9404243685894	2362.7702640658554	0.26824856079148174	0.4177221443672889	0.4179001405734513	9.921856385909477	10.383548091658444	20.156064646950302
scaled_total	101	deviation_load[705]	0.45892798558029935	2291.330084985958	2616.790196111708	2291.558263315845	2602.8733728751695	0.32505330537366944	0.4127940792633154	0.45644593158331154	-21.958572064596176	-21.496880358847207	21.15400012677305
scaled_total	101	deviation_load[706]	0.46923579437415763	2635.745801013077	2208.607059312886	2632.3254542518853	2205.9897235868616	0.29706413940971227	0.44986183862000545	0.4369557644062406	-6.805597399340306	-6.343905693591339	20.920362557518693
scaled_total	101	deviation_load[707]	0.4295065504928548	2514.095166483645	2339.1830829074033	2528.967572518629	2340.882904918607	0.3284230110305198	0.4559993809638671	0.45885173128033635	-2.2177756340124226	-1.7560839282634553	21.866530373009052
scaled_total	101	deviation_load[708]	0.3966193689345444	2594.1206366201386	2391.172485353598	2593.259594366859	2395.339900616997	0.3470967120736736	0.46973701549663344	0.4723974647020915	-24.955720408521287	-24.49402870277232	22.75505104069559
scaled_total	101	deviation_load[709]	0.35280652304312554	2885.835586188089	2432.8426967258906	2867.0723553851876	2435.549854161697	0.3624884803703668	0.48002892419675586	0.4838193211580402	-44.62885706927137	-44.16716536352241	24.126619247442477
scaled_total	101	deviation_load[710]	0.31515421713191605	2101.997265421484	2206.420648564082	2098.6156309019784	2202.505349366156	0.46114038034009114	0.537477204198051	0.5615458017871855	-74.71153699124498	-74.24984528549601	25.527201831290864
scaled_total	101	deviation_load[711]	0.33095113821308264	2845.3314118632875	2682.675369338986	2844.7184492978504	2679.1251425419578	0.3820252841861252	0.4904909617259451	0.49862466333114613	13.042724739693368	13.504416445442335	24.91052233145037
scaled_total	101	deviation_load[712]	0.27254674724892036	2397.203225026918	2352.9859061365482	2382.319412604372	2321.1782112252404	0.4796747105955739	0.5647280644653271	0.5768631251081635	116.21300808229641	116.67469978804537	27.450121556410895
scaled_total	101	deviation_load[713]	0.2721325477818239	3268.292993251847	2746.1634894905847	3258.9364881391093	2736.6344513145496	0.41054685651822137	0.5327754833293805	0.5207993457384543	-14.116354132034903	-13.654662426285936	27.4710038484048
scaled_total	101	deviation_load[714]	0.24983772744667157	1822.2961009231883	1904.6980808323226	1838.0474715936157	1899.5630290965607	0.5792086120223953	0.6594387648463624	0.661940974230723	-4.00686594803196	-3.5451742422829926	28.670532760910362
scaled_total	101	deviation_load[715]	0.21268456244443923	3140.1819551936173	2762.123789574981	3139.999747253003	2765.248122611721	0.49204674877373633	0.5958855061462358	0.5871909741331295	-42.04022483656998	-41.57853313082102	31.07397339269775
scaled_total	101	deviation_load[716]	0.1392811794254312	2000.2215322683096	2075.054455129636	2004.0492802434771	2082.8174617804434	0.7957836409506099	0.8429320129528676	0.8578781034210038	-34.150259337377165	-33.68856763162819	38.398879864522705
scaled_total	101	deviation_load[717]	0.16259429465401	1912.8097576244381	2149.237680370003	1910.1862970967081	2130.350229061939	0.7441186979768162	0.7816191600190936	0.810182617564288	93.75182605062432	94.21351775637328	35.539566195469845
scaled_total	101	deviation_load[718]	0.14416782555450447	1518.394380591391	1633.100255314035	1509.8564167601467	1632.6512548415158	0.8985806860936579	0.9263288117215863	0.954007592498696	113.03715159311216	113.49884329886112	37.74249441918439
scaled_total	101	deviation_load[719]	0.14601835283802136	3628.6083531298073	2994.0198732056856	3624.4643304938486	3191.058373507409	0.575656489222887	0.6718392466382227	0.6588350557681558	-31.497013412118996	-31.03532170637002	37.50257178675832
scaled_total	101	deviation_load[720]	0.1362282862519558	2359.6128497922073	2264.7803405306863	2344.4478733368137	2234.2065815327737	0.7452643128031213	0.810562052926327	0.8112349431961852	44.52285944585529	44.98455115160425	38.82675783067564
scaled_total	101	population_intercept_at_load0	0.9988412696490172	2311.067788826607	2099.3214632108443	2319.384035944067	2098.2445165881145	0.37896803438297155	12.102238048673108	11.988036900824348	5481.60796051902	5472.463052899526	536.1640853088078
scaled_total	101	log_sigma_intercept_at_subject0	0.0	2430.0018737050227	2430.0018737050227	2420.8938211954287	2420.8938211954287	0.03998562893771683	0.03998562893771683	0.03998562893771683	-49.51554857928285	-49.51554857928285	1.9673960833098256
scaled_total	102	population_intercept_at_mean_load	0.9996576976501672	2161.7674328554267	2035.499838126468	2160.1371108908093	2028.7232556022393	0.21373784664239545	12.073531299265793	12.005953038530793	5639.678244029378	5619.440401042625	536.9293551383676
scaled_total	102	population_load	0.8466342977270378	2404.1992203109944	2232.8177931036444	2393.0455044922455	2228.5501441368397	0.12468249661175866	0.32994861404999226	0.3438443864394914	58.12255558377244	58.92847429599175	15.574597955710724
scaled_total	102	log_tau_intercept	0.0	96.23366761153939	96.23366761153939	97.81627374144645	97.81627374144645	0.01504419246307368	0.01504419246307368	0.01504419246307368	7.80841151662559	7.80841151662559	0.14879023787333745
scaled_total	102	log_tau_load	0.0	479.5805611042053	479.5805611042053	481.02612287290737	481.02612287290737	0.009789408362429324	0.009789408362429324	0.009789408362429324	4.114200848931364	4.114200848931364	0.21470431681313978
scaled_total	102	log_sigma_intercept	0.0	2552.5210349493077	2552.5210349493077	2540.1069702828654	2540.1069702828654	0.0003025550874056596	0.0003025550874056596	0.0003025550874056596	6.051467865673198	6.051467865673198	0.01524861723367341
scaled_total	102	log_sigma_subj_slope	0.0	2428.477437618454	2428.477437618454	2416.950416422254	2416.950416422254	5.630648910889489e-5	5.630648910889489e-5	5.630648910889489e-5	0.07817775721679605	0.07817775721679605	0.002768167203984305
scaled_total	102	deviation_intercept[701]	0.9899874864012541	2855.943872515165	2058.0420503098426	2837.529549304048	2052.412967842219	1.0116550857339712	12.041831644761798	12.024677042521082	-4880.023628117349	-4857.775690748279	538.5562943940457
scaled_total	102	deviation_intercept[702]	0.9953881431988053	2868.522810575422	2035.9566235967138	2848.1534142553405	2029.4066817953303	0.6834487360191706	12.083652593942784	12.00152132603231	-3941.0298268423967	-3918.7818894733264	537.0932903907391
scaled_total	102	deviation_intercept[703]	0.9944951911100675	3112.7124013147213	2050.8204255104843	3088.299489783157	2042.3110315783242	0.7173911804120212	12.031997244231723	12.003502075235172	-3659.945367671927	-3637.6974303028574	537.3343629322773
scaled_total	102	deviation_intercept[704]	0.993797444317413	2956.3858834719426	2049.057807982898	2936.243400257857	2042.152747283	0.7812433433408259	12.034155721768101	12.007487377713812	-677.422120502091	-655.1741831330214	537.5229614967965
scaled_total	102	deviation_intercept[705]	0.9921529290292962	2297.5311865747376	2027.786704545978	2293.0302185641194	2021.9242411056343	0.9951889618774102	12.136776281646666	12.023302917014309	-1373.8505945108234	-1351.602657141754	537.9682551141208
scaled_total	102	deviation_intercept[706]	0.9925253865104994	2420.390925933765	2024.7542016460282	2429.392974189594	2015.6391778333189	0.9434537852982191	12.124914026621894	12.019131291796246	16.83427663919494	39.08221400826465	537.8673060072366
scaled_total	102	deviation_intercept[707]	0.9909719641337857	2495.7200321073788	2026.895404575376	2501.5836527046467	2022.2302005047604	1.0225967248331613	12.130673101549004	12.025602522372075	-110.808142342347	-88.56020497327725	538.2887144600456
scaled_total	102	deviation_intercept[708]	0.9899164300464405	2491.6662350120832	2017.5732677827893	2486.106971116383	2013.0489842003446	1.0846607989503658	12.153779118955388	12.031039066232882	-475.60507851045475	-453.35714114138517	538.5756228743531
scaled_total	102	deviation_intercept[709]	0.9880063511911401	2623.3426408519954	2029.5964118011157	2576.1350075380437	2027.8234276213377	1.1632081722935708	12.183607987785269	12.038374691648897	-1167.8796721592669	-1145.631734790197	539.0959764074092
scaled_total	102	deviation_intercept[710]	0.9856597285749147	2314.3846458028265	2010.3638001708218	2307.692365179468	2005.1981478425307	1.3454643077529833	12.167464847917408	12.057349881623216	159.74256597170424	181.99050334077398	539.737324897063
scaled_total	102	deviation_intercept[711]	0.986215991931028	2942.2265111809334	2041.830584526116	2943.873608098548	2034.280939980872	1.1675839533265622	12.120648001975836	12.038798289385358	-1759.2692935991934	-1737.0213562301235	539.5850872299019
scaled_total	102	deviation_intercept[712]	0.9826836369105826	2644.729715273846	2040.2467691612105	2667.2584111567903	2038.2306210939164	1.377320119152409	12.113657774041679	12.060946176609203	1065.2904770333707	1087.5384144024401	540.5540136774912
scaled_total	102	deviation_intercept[713]	0.9811680916766534	2583.855397258422	2042.2463947874862	2588.173378524281	2037.8715241383532	1.4592333049966604	12.175735350044672	12.070574708888289	3864.9987849257477	3887.2467222948167	540.9713315438318
scaled_total	102	deviation_intercept[714]	0.9791998029256999	2058.2327248045594	2023.941415583688	2073.3009860243915	2017.612210474557	1.7151924159316563	12.264441790210475	12.104185102191375	124.50535828728239	146.75329565635212	541.5147616171037
scaled_total	102	deviation_intercept[715]	0.9741918545655674	2863.68549430064	2045.9691419155815	2852.605572491261	2039.7088057868702	1.6329814343229745	12.199519009570812	12.092809447323878	888.9359610766423	911.1838984457122	542.9048377590682
scaled_total	102	deviation_intercept[716]	0.9552481608875353	2118.1217851649767	2038.6182366267317	2090.1099756951194	2034.8245695986918	2.5369314263350717	12.26049988487454	12.247670514280202	740.2208681978815	762.4688055669511	548.2616307514148
scaled_total	102	deviation_intercept[717]	0.9641474406945357	2208.6238138250933	2060.5266267843167	2200.2329698544154	2055.997343420334	2.20292635953538	12.2818926542359	12.182868976968354	1455.8254709070395	1478.073408276109	545.7254809012211
scaled_total	102	deviation_intercept[718]	0.9591162748512416	2114.1089264034576	2062.5723015896792	2114.5114451399886	2054.420134792715	2.4059164319683215	12.280091093831022	12.221204762299719	1283.9527951962887	1306.200732565358	547.1549447940114
scaled_total	102	deviation_intercept[719]	0.9575949978164284	3101.3179335677905	2110.375973623122	3093.843828047583	2102.8558828144046	2.027282985456834	12.061134567050871	12.152336741037294	4662.922625527072	4685.170562896142	547.5893893816238
scaled_total	102	deviation_intercept[720]	0.953648441918633	2929.632927490736	2002.9334800520733	2895.5788587189304	1993.8778626728172	2.195413229630249	12.400059352314612	12.181512681653196	3275.901053326252	3298.148990695322	548.7212849527856
scaled_total	102	deviation_load[701]	0.3967239880542563	2702.446325644462	2711.962017394537	2705.751722027085	2724.159883305567	0.33973054804437586	0.4338522677869747	0.46701186537297	-22.424726778717982	-23.230645490937306	22.75205050323415
scaled_total	102	deviation_load[702]	0.6049615627350231	2874.4864806294195	2404.078994312215	2861.8425622080954	2426.6245371690893	0.21646998683965069	0.3716650940472057	0.38670724369601306	-35.40584824755149	-36.21176695977081	18.424719406837628
scaled_total	102	deviation_load[703]	0.5559817483743552	3207.6091214604703	2585.1664284369126	3192.4029427254527	2593.5033224407703	0.22666061671705925	0.37591369397078056	0.39250257616373263	-37.10198848669439	-37.90790719891372	19.219164594496036
scaled_total	102	deviation_load[704]	0.5054963940997006	2800.2448315824777	2271.3157910754758	2791.9404243685894	2256.005863961493	0.26824856079148174	0.41538002243682437	0.4179001405734513	11.189466803877764	10.383548091658444	20.156064646950302
scaled_total	102	deviation_load[705]	0.45892798558029935	2291.330084985958	2180.0863437019457	2291.558263315845	2171.701925823531	0.32505330537366944	0.4607625556356914	0.45644593158331154	-20.690961646627887	-21.496880358847207	21.15400012677305
scaled_total	102	deviation_load[706]	0.46923579437415763	2635.745801013077	2411.516315921165	2632.3254542518853	2404.794706080192	0.29706413940971227	0.4304941652388228	0.4369557644062406	-5.537986981372017	-6.343905693591339	20.920362557518693
scaled_total	102	deviation_load[707]	0.4295065504928548	2514.095166483645	2207.3129485606023	2528.967572518629	2206.257281703109	0.3284230110305198	0.468830652721254	0.45885173128033635	-0.9501652160441328	-1.7560839282634553	21.866530373009052
scaled_total	102	deviation_load[708]	0.3966193689345444	2594.1206366201386	2364.1398394826087	2593.259594366859	2347.475306816796	0.3470967120736736	0.4680101853663522	0.4723974647020915	-23.68810999055299	-24.49402870277232	22.75505104069559
scaled_total	102	deviation_load[709]	0.35280652304312554	2885.835586188089	2431.313209033725	2867.0723553851876	2417.169046959254	0.3624884803703668	0.4864960851212348	0.4838193211580402	-43.361246651303084	-44.16716536352241	24.126619247442477
scaled_total	102	deviation_load[710]	0.31515421713191605	2101.997265421484	2097.2711622533207	2098.6156309019784	2077.798507014548	0.46114038034009114	0.5613211100165433	0.5615458017871855	-73.4439265732767	-74.24984528549601	25.527201831290864
scaled_total	102	deviation_load[711]	0.33095113821308264	2845.3314118632875	2363.822636230975	2844.7184492978504	2344.2673682805457	0.3820252841861252	0.5101479213914705	0.49862466333114613	14.310335157661656	13.504416445442335	24.91052233145037
scaled_total	102	deviation_load[712]	0.27254674724892036	2397.203225026918	2281.5415170660594	2382.319412604372	2279.6844999294294	0.4796747105955739	0.5656951866517698	0.5768631251081635	117.4806185002647	116.67469978804537	27.450121556410895
scaled_total	102	deviation_load[713]	0.2721325477818239	3268.292993251847	2750.015210139487	3258.9364881391093	2744.9687857994054	0.41054685651822137	0.5148126233985594	0.5207993457384543	-12.848743714066616	-13.654662426285936	27.4710038484048
scaled_total	102	deviation_load[714]	0.24983772744667157	1822.2961009231883	1767.6901120096013	1838.0474715936157	1769.0551055981057	0.5792086120223953	0.6898690460102057	0.661940974230723	-2.7392555300636703	-3.5451742422829926	28.670532760910362
scaled_total	102	deviation_load[715]	0.21268456244443923	3140.1819551936173	2963.533963527512	3139.999747253003	2956.039594493428	0.49204674877373633	0.5803758092610376	0.5871909741331295	-40.77261441860169	-41.57853313082102	31.07397339269775
scaled_total	102	deviation_load[716]	0.1392811794254312	2000.2215322683096	2067.7256364461723	2004.0492802434771	2067.588450356194	0.7957836409506099	0.8420138380193446	0.8578781034210038	-32.88264891940887	-33.68856763162819	38.398879864522705
scaled_total	102	deviation_load[717]	0.16259429465401	1912.8097576244381	1798.2076183027075	1910.1862970967081	1780.3935799806823	0.7441186979768162	0.8517928641551851	0.810182617564288	95.01943646859262	94.21351775637328	35.539566195469845
scaled_total	102	deviation_load[718]	0.14416782555450447	1518.394380591391	1576.8627305666007	1509.8564167601467	1556.0238694303214	0.8985806860936579	0.9596734213057195	0.954007592498696	114.30476201108044	113.49884329886112	37.74249441918439
scaled_total	102	deviation_load[719]	0.14601835283802136	3628.6083531298073	3037.5627877664388	3624.4643304938486	3065.1010414326	0.575656489222887	0.6727923422049982	0.6588350557681558	-30.2294029941507	-31.03532170637002	37.50257178675832
scaled_total	102	deviation_load[720]	0.1362282862519558	2359.6128497922073	2295.635434253936	2344.4478733368137	2283.160931582767	0.7452643128031213	0.8087335753116148	0.8112349431961852	45.79046986382358	44.98455115160425	38.82675783067564
scaled_total	102	population_intercept_at_load0	0.9988412696490172	2311.067788826607	2032.821319538847	2319.384035944067	2026.7272013990137	0.37896803438297155	12.05647210908097	11.988036900824348	5494.710990268594	5472.463052899526	536.1640853088078
scaled_total	102	log_sigma_intercept_at_subject0	0.0	2430.0018737050227	2430.0018737050227	2420.8938211954287	2420.8938211954287	0.03998562893771683	0.03998562893771683	0.03998562893771683	-49.51554857928285	-49.51554857928285	1.9673960833098256
scaled_total	103	population_intercept_at_mean_load	0.9996576976501672	2161.7674328554267	1998.9833922064402	2160.1371108908093	2000.0614436257265	0.21373784664239545	11.857405166973093	12.005953038530793	5624.256688874184	5619.440401042625	536.9293551383676
scaled_total	103	population_load	0.8466342977270378	2404.1992203109944	2024.052751119301	2393.0455044922455	2026.4171633239828	0.12468249661175866	0.3429786751413372	0.3438443864394914	58.4329267571383	58.92847429599175	15.574597955710724
scaled_total	103	log_tau_intercept	0.0	96.23366761153939	96.23366761153939	97.81627374144645	97.81627374144645	0.01504419246307368	0.01504419246307368	0.01504419246307368	7.80841151662559	7.80841151662559	0.14879023787333745
scaled_total	103	log_tau_load	0.0	479.5805611042053	479.5805611042053	481.02612287290737	481.02612287290737	0.009789408362429324	0.009789408362429324	0.009789408362429324	4.114200848931364	4.114200848931364	0.21470431681313978
scaled_total	103	log_sigma_intercept	0.0	2552.5210349493077	2552.5210349493077	2540.1069702828654	2540.1069702828654	0.0003025550874056596	0.0003025550874056596	0.0003025550874056596	6.051467865673198	6.051467865673198	0.01524861723367341
scaled_total	103	log_sigma_subj_slope	0.0	2428.477437618454	2428.477437618454	2416.950416422254	2416.950416422254	5.630648910889489e-5	5.630648910889489e-5	5.630648910889489e-5	0.07817775721679605	0.07817775721679605	0.002768167203984305
scaled_total	103	deviation_intercept[701]	0.9899874864012541	2855.943872515165	2010.2271490228745	2837.529549304048	2008.0250830097327	1.0116550857339712	11.861585520407319	12.024677042521082	-4863.827955991603	-4857.775690748279	538.5562943940457
scaled_total	103	deviation_intercept[702]	0.9953881431988053	2868.522810575422	2010.7507696927516	2848.1534142553405	2007.3134583038627	0.6834487360191706	11.793038122032849	12.00152132603231	-3924.834154716649	-3918.7818894733264	537.0932903907391
scaled_total	103	deviation_intercept[703]	0.9944951911100675	3112.7124013147213	2008.5606022622135	3088.299489783157	2004.5922657981343	0.7173911804120212	11.828486668140322	12.003502075235172	-3643.7496955461806	-3637.6974303028574	537.3343629322773
scaled_total	103	deviation_intercept[704]	0.993797444317413	2956.3858834719426	2024.9487780125128	2936.243400257857	2020.7013410810916	0.7812433433408259	11.803049451709152	12.007487377713812	-661.226448376344	-655.1741831330214	537.5229614967965
scaled_total	103	deviation_intercept[705]	0.9921529290292962	2297.5311865747376	2023.360908653912	2293.0302185641194	2019.7422670571368	0.9951889618774102	11.780689244899206	12.023302917014309	-1357.6549223850766	-1351.602657141754	537.9682551141208
scaled_total	103	deviation_intercept[706]	0.9925253865104994	2420.390925933765	2016.5729536206945	2429.392974189594	2013.1434545024267	0.9434537852982191	11.801842571379071	12.019131291796246	33.029948764941956	39.08221400826465	537.8673060072366
scaled_total	103	deviation_intercept[707]	0.9909719641337857	2495.7200321073788	2024.9942934572812	2501.5836527046467	2022.2869073404697	1.0225967248331613	11.822196896071796	12.025602522372075	-94.61247021659999	-88.56020497327725	538.2887144600456
scaled_total	103	deviation_intercept[708]	0.9899164300464405	2491.6662350120832	1996.7070183188948	2486.106971116383	1992.2802904272644	1.0846607989503658	11.897586390578963	12.031039066232882	-459.40940638470784	-453.35714114138517	538.5756228743531
scaled_total	103	deviation_intercept[709]	0.9880063511911401	2623.3426408519954	2014.6324963976774	2576.1350075380437	2012.6794888187337	1.1632081722935708	11.804138021719018	12.038374691648897	-1151.6840000335199	-1145.631734790197	539.0959764074092
scaled_total	103	deviation_intercept[710]	0.9856597285749147	2314.3846458028265	2009.5082004326503	2307.692365179468	2008.816988501359	1.3454643077529833	11.900797913467052	12.057349881623216	175.9382380974513	181.99050334077398	539.737324897063
scaled_total	103	deviation_intercept[711]	0.986215991931028	2942.2265111809334	2020.9314224395603	2943.873608098548	2020.7558994774106	1.1675839533265622	11.812969589710201	12.038798289385358	-1743.073621473446	-1737.0213562301235	539.5850872299019
scaled_total	103	deviation_intercept[712]	0.9826836369105826	2644.729715273846	2035.0018436431899	2667.2584111567903	2027.545648139439	1.377320119152409	11.85587623077049	12.060946176609203	1081.486149159117	1087.5384144024401	540.5540136774912
scaled_total	103	deviation_intercept[713]	0.9811680916766534	2583.855397258422	2039.9552442491408	2588.173378524281	2036.404339358273	1.4592333049966604	11.849603994795345	12.070574708888289	3881.1944570514947	3887.2467222948167	540.9713315438318
scaled_total	103	deviation_intercept[714]	0.9791998029256999	2058.2327248045594	1994.1895353122513	2073.3009860243915	1991.1566887791937	1.7151924159316563	11.94195686980255	12.104185102191375	140.70103041302943	146.75329565635212	541.5147616171037
scaled_total	103	deviation_intercept[715]	0.9741918545655674	2863.68549430064	2031.2699016422125	2852.605572491261	2028.1930210347489	1.6329814343229745	11.814490729800278	12.092809447323878	905.1316332023895	911.1838984457122	542.9048377590682
scaled_total	103	deviation_intercept[716]	0.9552481608875353	2118.1217851649767	2004.6441383592014	2090.1099756951194	2003.5992501990231	2.5369314263350717	12.092726639308566	12.247670514280202	756.4165403236286	762.4688055669511	548.2616307514148
scaled_total	103	deviation_intercept[717]	0.9641474406945357	2208.6238138250933	2048.37699486629	2200.2329698544154	2044.6924620379182	2.20292635953538	11.91490396841776	12.182868976968354	1472.0211430327859	1478.073408276109	545.7254809012211
scaled_total	103	deviation_intercept[718]	0.9591162748512416	2114.1089264034576	2037.3144810951183	2114.5114451399886	2035.729527066996	2.4059164319683215	12.041964906008804	12.221204762299719	1300.1484673220355	1306.200732565358	547.1549447940114
scaled_total	103	deviation_intercept[719]	0.9575949978164284	3101.3179335677905	2033.8233624880627	3093.843828047583	2032.3706253638557	2.027282985456834	12.021407655923792	12.152336741037294	4679.118297652818	4685.170562896142	547.5893893816238
scaled_total	103	deviation_intercept[720]	0.953648441918633	2929.632927490736	2074.1212432639686	2895.5788587189304	2078.7332641068374	2.195413229630249	11.897553328470702	12.181512681653196	3292.096725451999	3298.148990695322	548.7212849527856
scaled_total	103	deviation_load[701]	0.3967239880542563	2702.446325644462	2572.2440727923645	2705.751722027085	2539.5642371089634	0.33973054804437586	0.44058170183985684	0.46701186537297	-22.73509795208383	-23.230645490937306	22.75205050323415
scaled_total	103	deviation_load[702]	0.6049615627350231	2874.4864806294195	2389.853279388444	2861.8425622080954	2384.5761052358253	0.21646998683965069	0.3778204715905916	0.38670724369601306	-35.71621942091735	-36.21176695977081	18.424719406837628
scaled_total	103	deviation_load[703]	0.5559817483743552	3207.6091214604703	2453.920689357697	3192.4029427254527	2454.0442553087423	0.22666061671705925	0.391754039266924	0.39250257616373263	-37.41235966006025	-37.90790719891372	19.219164594496036
scaled_total	103	deviation_load[704]	0.5054963940997006	2800.2448315824777	2383.1720342947738	2791.9404243685894	2388.621382469699	0.26824856079148174	0.4123575851586099	0.4179001405734513	10.879095630511914	10.383548091658444	20.156064646950302
scaled_total	103	deviation_load[705]	0.45892798558029935	2291.330084985958	2437.130071913564	2291.558263315845	2446.6104552114734	0.32505330537366944	0.42390136259148775	0.45644593158331154	-21.001332819993735	-21.496880358847207	21.15400012677305
scaled_total	103	deviation_load[706]	0.46923579437415763	2635.745801013077	2221.8507066540433	2632.3254542518853	2230.3166534394304	0.29706413940971227	0.44092520869833846	0.4369557644062406	-5.848358154737865	-6.343905693591339	20.920362557518693
scaled_total	103	deviation_load[707]	0.4295065504928548	2514.095166483645	2315.573074987026	2528.967572518629	2309.962511196188	0.3284230110305198	0.45825208116072286	0.45885173128033635	-1.2605363894099828	-1.7560839282634553	21.866530373009052
scaled_total	103	deviation_load[708]	0.3966193689345444	2594.1206366201386	2365.540574490523	2593.259594366859	2360.313925048625	0.3470967120736736	0.4671420067239858	0.4723974647020915	-23.99848116391885	-24.49402870277232	22.75505104069559
scaled_total	103	deviation_load[709]	0.35280652304312554	2885.835586188089	2555.795488936561	2867.0723553851876	2558.449638606936	0.3624884803703668	0.478138070889019	0.4838193211580402	-43.67161782466892	-44.16716536352241	24.126619247442477
scaled_total	103	deviation_load[710]	0.31515421713191605	2101.997265421484	2260.1022196358026	2098.6156309019784	2259.8993771002592	0.46114038034009114	0.5430841313728976	0.5615458017871855	-73.75429774664255	-74.24984528549601	25.527201831290864
scaled_total	103	deviation_load[711]	0.33095113821308264	2845.3314118632875	2633.0557164449892	2844.7184492978504	2648.5999518623753	0.3820252841861252	0.48639396893137077	0.49862466333114613	13.999963984295805	13.504416445442335	24.91052233145037
scaled_total	103	deviation_load[712]	0.27254674724892036	2397.203225026918	2475.744816776113	2382.319412604372	2452.8579695396966	0.4796747105955739	0.544141169917027	0.5768631251081635	117.17024732689885	116.67469978804537	27.450121556410895
scaled_total	103	deviation_load[713]	0.2721325477818239	3268.292993251847	2699.466549367852	3258.9364881391093	2710.2854534933545	0.41054685651822137	0.5220082786766322	0.5207993457384543	-13.159114887432466	-13.654662426285936	27.4710038484048
scaled_total	103	deviation_load[714]	0.24983772744667157	1822.2961009231883	2285.1679054986694	1838.0474715936157	2274.1103249353237	0.5792086120223953	0.6087721351032856	0.661940974230723	-3.04962670342952	-3.5451742422829926	28.670532760910362
scaled_total	103	deviation_load[715]	0.21268456244443923	3140.1819551936173	2617.447019023795	3139.999747253003	2599.7506623559916	0.49204674877373633	0.6163153448637376	0.5871909741331295	-41.08298559196754	-41.57853313082102	31.07397339269775
scaled_total	103	deviation_load[716]	0.1392811794254312	2000.2215322683096	2004.09279176036	2004.0492802434771	1962.7639764370224	0.7957836409506099	0.8782990776203347	0.8578781034210038	-33.19302009277472	-33.68856763162819	38.398879864522705
scaled_total	103	deviation_load[717]	0.16259429465401	1912.8097576244381	1908.1582643202887	1910.1862970967081	1887.8693315611974	0.7441186979768162	0.8147032127994716	0.810182617564288	94.70906529522675	94.21351775637328	35.539566195469845
scaled_total	103	deviation_load[718]	0.14416782555450447	1518.394380591391	1680.3929199249008	1509.8564167601467	1680.55835742508	0.8985806860936579	0.9177112152646634	0.954007592498696	113.9943908377146	113.49884329886112	37.74249441918439
scaled_total	103	deviation_load[719]	0.14601835283802136	3628.6083531298073	2979.5060852338743	3624.4643304938486	2985.5863303664883	0.575656489222887	0.6816280765343237	0.6588350557681558	-30.53977416751654	-31.03532170637002	37.50257178675832
scaled_total	103	deviation_load[720]	0.1362282862519558	2359.6128497922073	2476.218950687329	2344.4478733368137	2456.29867846532	0.7452643128031213	0.7781813450669529	0.8112349431961852	45.480098690457716	44.98455115160425	38.82675783067564
scaled_total	103	population_intercept_at_load0	0.9988412696490172	2311.067788826607	2011.0165708557854	2319.384035944067	2007.990491800078	0.37896803438297155	11.776792365702697	11.988036900824348	5478.515318142848	5472.463052899526	536.1640853088078
scaled_total	103	log_sigma_intercept_at_subject0	0.0	2430.0018737050227	2430.0018737050227	2420.8938211954287	2420.8938211954287	0.03998562893771683	0.03998562893771683	0.03998562893771683	-49.51554857928285	-49.51554857928285	1.9673960833098256
scaled_total	104	population_intercept_at_mean_load	0.9996576976501672	2161.7674328554267	2015.3049104907789	2160.1371108908093	2030.1055101780362	0.21373784664239545	11.669146913646657	12.005953038530793	5622.3668619587015	5619.440401042625	536.9293551383676
scaled_total	104	population_load	0.8466342977270378	2404.1992203109944	2041.8554293332152	2393.0455044922455	2051.1852454572972	0.12468249661175866	0.339589723539035	0.3438443864394914	58.40269509787336	58.92847429599175	15.574597955710724
scaled_total	104	log_tau_intercept	0.0	96.23366761153939	96.23366761153939	97.81627374144645	97.81627374144645	0.01504419246307368	0.01504419246307368	0.01504419246307368	7.80841151662559	7.80841151662559	0.14879023787333745
scaled_total	104	log_tau_load	0.0	479.5805611042053	479.5805611042053	481.02612287290737	481.02612287290737	0.009789408362429324	0.009789408362429324	0.009789408362429324	4.114200848931364	4.114200848931364	0.21470431681313978
scaled_total	104	log_sigma_intercept	0.0	2552.5210349493077	2552.5210349493077	2540.1069702828654	2540.1069702828654	0.0003025550874056596	0.0003025550874056596	0.0003025550874056596	6.051467865673198	6.051467865673198	0.01524861723367341
scaled_total	104	log_sigma_subj_slope	0.0	2428.477437618454	2428.477437618454	2416.950416422254	2416.950416422254	5.630648910889489e-5	5.630648910889489e-5	5.630648910889489e-5	0.07817775721679605	0.07817775721679605	0.002768167203984305
scaled_total	104	deviation_intercept[701]	0.9899874864012541	2855.943872515165	2004.4169811625688	2837.529549304048	2013.439485337214	1.0116550857339712	11.715623424241958	12.024677042521082	-4862.013531827705	-4857.775690748279	538.5562943940457
scaled_total	104	deviation_intercept[702]	0.9953881431988053	2868.522810575422	1996.2927904132573	2848.1534142553405	2006.9678710545893	0.6834487360191706	11.722061737379462	12.00152132603231	-3923.0197305527536	-3918.7818894733264	537.0932903907391
scaled_total	104	deviation_intercept[703]	0.9944951911100675	3112.7124013147213	2042.7664380178103	3088.299489783157	2012.6855604235714	0.7173911804120212	11.691390994042283	12.003502075235172	-3641.9352713822846	-3637.6974303028574	537.3343629322773
scaled_total	104	deviation_intercept[704]	0.993797444317413	2956.3858834719426	2063.360109810191	2936.243400257857	2030.4135369683322	0.7812433433408259	11.709137187557667	12.007487377713812	-659.4120242124479	-655.1741831330214	537.5229614967965
scaled_total	104	deviation_intercept[705]	0.9921529290292962	2297.5311865747376	2020.2250764679163	2293.0302185641194	2033.1929723182398	0.9951889618774102	11.632448824634544	12.023302917014309	-1355.8404982211803	-1351.602657141754	537.9682551141208
scaled_total	104	deviation_intercept[706]	0.9925253865104994	2420.390925933765	2028.8068220900248	2429.392974189594	2002.7966448735297	0.9434537852982191	11.743843056434958	12.019131291796246	34.8443729288381	39.08221400826465	537.8673060072366
scaled_total	104	deviation_intercept[707]	0.9909719641337857	2495.7200321073788	2038.7623718144478	2501.5836527046467	2049.8240106458757	1.0225967248331613	11.629173533584867	12.025602522372075	-92.79804605270381	-88.56020497327725	538.2887144600456
scaled_total	104	deviation_intercept[708]	0.9899164300464405	2491.6662350120832	2020.2495826934448	2486.106971116383	2032.4206697888037	1.0846607989503658	11.661793968201392	12.031039066232882	-457.59498222081163	-453.35714114138517	538.5756228743531
scaled_total	104	deviation_intercept[709]	0.9880063511911401	2623.3426408519954	2003.3633157218019	2576.1350075380437	2021.2515650388973	1.1632081722935708	11.730583412976193	12.038374691648897	-1149.8695758696235	-1145.631734790197	539.0959764074092
scaled_total	104	deviation_intercept[710]	0.9856597285749147	2314.3846458028265	1978.6360025567483	2307.692365179468	1991.8363677597426	1.3454643077529833	11.830637341598807	12.057349881623216	177.75266226134747	181.99050334077398	539.737324897063
scaled_total	104	deviation_intercept[711]	0.986215991931028	2942.2265111809334	2046.2361654833257	2943.873608098548	2054.8646142211364	1.1675839533265622	11.678686538436635	12.038798289385358	-1741.25919730955	-1737.0213562301235	539.5850872299019
scaled_total	104	deviation_intercept[712]	0.9826836369105826	2644.729715273846	2044.023609588538	2667.2584111567903	2053.1216449228964	1.377320119152409	11.673085576392419	12.060946176609203	1083.3005733230136	1087.5384144024401	540.5540136774912
scaled_total	104	deviation_intercept[713]	0.9811680916766534	2583.855397258422	2087.377122402896	2588.173378524281	2046.7361646836548	1.4592333049966604	11.67219088971444	12.070574708888289	3883.008881215391	3887.2467222948167	540.9713315438318
scaled_total	104	deviation_intercept[714]	0.9791998029256999	2058.2327248045594	2033.7734242932588	2073.3009860243915	2058.847378946893	1.7151924159316563	11.67956747629978	12.104185102191375	142.51545457692555	146.75329565635212	541.5147616171037
scaled_total	104	deviation_intercept[715]	0.9741918545655674	2863.68549430064	2074.911336873181	2852.605572491261	2048.2599415054938	1.6329814343229745	11.764062619538354	12.092809447323878	906.9460573662855	911.1838984457122	542.9048377590682
scaled_total	104	deviation_intercept[716]	0.9552481608875353	2118.1217851649767	2009.6192599426429	2090.1099756951194	2012.151432339777	2.5369314263350717	11.8918931950878	12.247670514280202	758.2309644875247	762.4688055669511	548.2616307514148
scaled_total	104	deviation_intercept[717]	0.9641474406945357	2208.6238138250933	2044.0171482034905	2200.2329698544154	2077.301052132833	2.20292635953538	11.67792735576067	12.182868976968354	1473.8355671966826	1478.073408276109	545.7254809012211
scaled_total	104	deviation_intercept[718]	0.9591162748512416	2114.1089264034576	2046.6912487233508	2114.5114451399886	2056.1909042280317	2.4059164319683215	11.895022507592307	12.221204762299719	1301.9628914859313	1306.200732565358	547.1549447940114
scaled_total	104	deviation_intercept[719]	0.9575949978164284	3101.3179335677905	1979.4367083199686	3093.843828047583	1996.7736564336626	2.027282985456834	11.97573892648421	12.152336741037294	4680.9327218167155	4685.170562896142	547.5893893816238
scaled_total	104	deviation_intercept[720]	0.953648441918633	2929.632927490736	2123.13631780151	2895.5788587189304	2144.68654000787	2.195413229630249	11.642047833653388	12.181512681653196	3293.9111496158957	3298.148990695322	548.7212849527856
scaled_total	104	deviation_load[701]	0.3967239880542563	2702.446325644462	2460.1591132371723	2705.751722027085	2466.9185237275387	0.33973054804437586	0.4573870772627665	0.46701186537297	-22.70486629281891	-23.230645490937306	22.75205050323415
scaled_total	104	deviation_load[702]	0.6049615627350231	2874.4864806294195	2025.2830583987409	2861.8425622080954	2044.0490665319894	0.21646998683965069	0.40874269178995726	0.38670724369601306	-35.68598776165243	-36.21176695977081	18.424719406837628
scaled_total	104	deviation_load[703]	0.5559817483743552	3207.6091214604703	2412.868975736286	3192.4029427254527	2421.381680195051	0.22666061671705925	0.3913830709964015	0.39250257616373263	-37.382128000795326	-37.90790719891372	19.219164594496036
scaled_total	104	deviation_load[704]	0.5054963940997006	2800.2448315824777	2430.253987293706	2791.9404243685894	2416.4189586891166	0.26824856079148174	0.405151768057518	0.4179001405734513	10.909327289776837	10.383548091658444	20.156064646950302
scaled_total	104	deviation_load[705]	0.45892798558029935	2291.330084985958	2583.678727580395	2291.558263315845	2571.789637386537	0.32505330537366944	0.4158172569981254	0.45644593158331154	-20.97110116072881	-21.496880358847207	21.15400012677305
scaled_total	104	deviation_load[706]	0.46923579437415763	2635.745801013077	2272.542721079543	2632.3254542518853	2270.807887977669	0.29706413940971227	0.43641295914531775	0.4369557644062406	-5.818126495472945	-6.343905693591339	20.920362557518693
scaled_total	104	deviation_load[707]	0.4295065504928548	2514.095166483645	2259.7857999027074	2528.967572518629	2265.273709414122	0.3284230110305198	0.457638457192148	0.45885173128033635	-1.2303047301450616	-1.7560839282634553	21.866530373009052
scaled_total	104	deviation_load[708]	0.3966193689345444	2594.1206366201386	2095.7514263404996	2593.259594366859	2098.0722708161984	0.3470967120736736	0.49516388957179847	0.4723974647020915	-23.968249504653926	-24.49402870277232	22.75505104069559
scaled_total	104	deviation_load[709]	0.35280652304312554	2885.835586188089	2371.2351834558767	2867.0723553851876	2384.0678886034443	0.3624884803703668	0.48852036480873534	0.4838193211580402	-43.64138616540401	-44.16716536352241	24.126619247442477
scaled_total	104	deviation_load[710]	0.31515421713191605	2101.997265421484	2177.260734147897	2098.6156309019784	2184.974624125583	0.46114038034009114	0.5360712306146068	0.5615458017871855	-73.72406608737761	-74.24984528549601	25.527201831290864
scaled_total	104	deviation_load[711]	0.33095113821308264	2845.3314118632875	2603.3861742138215	2844.7184492978504	2606.3254834882027	0.3820252841861252	0.4850962104514522	0.49862466333114613	14.030195643560727	13.504416445442335	24.91052233145037
scaled_total	104	deviation_load[712]	0.27254674724892036	2397.203225026918	2360.1380352201336	2382.319412604372	2373.771998677073	0.4796747105955739	0.5597610486775518	0.5768631251081635	117.20047898616379	116.67469978804537	27.450121556410895
scaled_total	104	deviation_load[713]	0.2721325477818239	3268.292993251847	2725.8752912219675	3258.9364881391093	2726.483314431983	0.41054685651822137	0.5201678592562944	0.5207993457384543	-13.128883228167542	-13.654662426285936	27.4710038484048
scaled_total	104	deviation_load[714]	0.24983772744667157	1822.2961009231883	2153.018776227385	1838.0474715936157	2018.6786442258228	0.5792086120223953	0.6287491913804649	0.661940974230723	-3.0193950441645994	-3.5451742422829926	28.670532760910362
scaled_total	104	deviation_load[715]	0.21268456244443923	3140.1819551936173	2700.714625541906	3139.999747253003	2738.320800136812	0.49204674877373633	0.5984473521065512	0.5871909741331295	-41.05275393270263	-41.57853313082102	31.07397339269775
scaled_total	104	deviation_load[716]	0.1392811794254312	2000.2215322683096	1825.1798211233893	2004.0492802434771	1853.8889771685135	0.7957836409506099	0.8883640551574057	0.8578781034210038	-33.1627884335098	-33.68856763162819	38.398879864522705
scaled_total	104	deviation_load[717]	0.16259429465401	1912.8097576244381	2021.0915288561537	1910.1862970967081	2007.507868067711	0.7441186979768162	0.7904847689990997	0.810182617564288	94.73929695449165	94.21351775637328	35.539566195469845
scaled_total	104	deviation_load[718]	0.14416782555450447	1518.394380591391	1721.7147110984968	1509.8564167601467	1736.8920370610067	0.8985806860936579	0.9059533197199167	0.954007592498696	114.02462249697952	113.49884329886112	37.74249441918439
scaled_total	104	deviation_load[719]	0.14601835283802136	3628.6083531298073	3071.5866815304644	3624.4643304938486	3068.0241347431042	0.575656489222887	0.681820891705353	0.6588350557681558	-30.50954250825163	-31.03532170637002	37.50257178675832
scaled_total	104	deviation_load[720]	0.1362282862519558	2359.6128497922073	2298.6485477797405	2344.4478733368137	2289.9718054340865	0.7452643128031213	0.8149038424055522	0.8112349431961852	45.51033034972264	44.98455115160425	38.82675783067564
scaled_total	104	population_intercept_at_load0	0.9988412696490172	2311.067788826607	2002.9266358941088	2319.384035944067	2016.4559042115661	0.37896803438297155	11.669044476603272	11.988036900824348	5476.700893978952	5472.463052899526	536.1640853088078
scaled_total	104	log_sigma_intercept_at_subject0	0.0	2430.0018737050227	2430.0018737050227	2420.8938211954287	2420.8938211954287	0.03998562893771683	0.03998562893771683	0.03998562893771683	-49.51554857928285	-49.51554857928285	1.9673960833098256
scaled_total	105	population_intercept_at_mean_load	0.9996576976501672	2161.7674328554267	2198.2328353099383	2160.1371108908093	2197.896914121186	0.21373784664239545	11.479620940918451	12.005953038530793	5627.753414020624	5619.440401042625	536.9293551383676
scaled_total	105	population_load	0.8466342977270378	2404.1992203109944	2027.4435230804952	2393.0455044922455	2028.370618430013	0.12468249661175866	0.35024361180092595	0.3438443864394914	58.79983918279411	58.92847429599175	15.574597955710724
scaled_total	105	log_tau_intercept	0.0	96.23366761153939	96.23366761153939	97.81627374144645	97.81627374144645	0.01504419246307368	0.01504419246307368	0.01504419246307368	7.80841151662559	7.80841151662559	0.14879023787333745
scaled_total	105	log_tau_load	0.0	479.5805611042053	479.5805611042053	481.02612287290737	481.02612287290737	0.009789408362429324	0.009789408362429324	0.009789408362429324	4.114200848931364	4.114200848931364	0.21470431681313978
scaled_total	105	log_sigma_intercept	0.0	2552.5210349493077	2552.5210349493077	2540.1069702828654	2540.1069702828654	0.0003025550874056596	0.0003025550874056596	0.0003025550874056596	6.051467865673198	6.051467865673198	0.01524861723367341
scaled_total	105	log_sigma_subj_slope	0.0	2428.477437618454	2428.477437618454	2416.950416422254	2416.950416422254	5.630648910889489e-5	5.630648910889489e-5	5.630648910889489e-5	0.07817775721679605	0.07817775721679605	0.002768167203984305
scaled_total	105	deviation_intercept[701]	0.9899874864012541	2855.943872515165	2167.7299250837914	2837.529549304048	2167.0063525801347	1.0116550857339712	11.572546918937572	12.024677042521082	-4866.409540945326	-4857.775690748279	538.5562943940457
scaled_total	105	deviation_intercept[702]	0.9953881431988053	2868.522810575422	2193.627868434231	2848.1534142553405	2193.7826213997	0.6834487360191706	11.503918906582442	12.00152132603231	-3927.4157396703745	-3918.7818894733264	537.0932903907391
scaled_total	105	deviation_intercept[703]	0.9944951911100675	3112.7124013147213	2187.441197329567	3088.299489783157	2190.304682565472	0.7173911804120212	11.535067466906664	12.003502075235172	-3646.3312804999055	-3637.6974303028574	537.3343629322773
scaled_total	105	deviation_intercept[704]	0.993797444317413	2956.3858834719426	2196.603276344742	2936.243400257857	2199.6718862177463	0.7812433433408259	11.520681303254134	12.007487377713812	-663.8080333300688	-655.1741831330214	537.5229614967965
scaled_total	105	deviation_intercept[705]	0.9921529290292962	2297.5311865747376	2194.3106225333822	2293.0302185641194	2195.2112877257928	0.9951889618774102	11.508270846624681	12.023302917014309	-1360.2365073388012	-1351.602657141754	537.9682551141208
scaled_total	105	deviation_intercept[706]	0.9925253865104994	2420.390925933765	2172.2235335694936	2429.392974189594	2175.6455264489473	0.9434537852982191	11.541593801509633	12.019131291796246	30.44836381121726	39.08221400826465	537.8673060072366
scaled_total	105	deviation_intercept[707]	0.9909719641337857	2495.7200321073788	2190.3078477220424	2501.5836527046467	2194.3746851679903	1.0225967248331613	11.497945019007336	12.025602522372075	-97.19405517032466	-88.56020497327725	538.2887144600456
scaled_total	105	deviation_intercept[708]	0.9899164300464405	2491.6662350120832	2170.452540221363	2486.106971116383	2171.626244352982	1.0846607989503658	11.575988401476353	12.031039066232882	-461.99099133843265	-453.35714114138517	538.5756228743531
scaled_total	105	deviation_intercept[709]	0.9880063511911401	2623.3426408519954	2205.641271054994	2576.1350075380437	2207.1467063903838	1.1632081722935708	11.468059731741763	12.038374691648897	-1154.2655849872442	-1145.631734790197	539.0959764074092
scaled_total	105	deviation_intercept[710]	0.9856597285749147	2314.3846458028265	2216.851830702565	2307.692365179468	2219.7374943881036	1.3454643077529833	11.488026257904323	12.057349881623216	173.3566531437266	181.99050334077398	539.737324897063
scaled_total	105	deviation_intercept[711]	0.986215991931028	2942.2265111809334	2175.4196477473824	2943.873608098548	2177.2007547689927	1.1675839533265622	11.637306048204021	12.038798289385358	-1745.655206427171	-1737.0213562301235	539.5850872299019
scaled_total	105	deviation_intercept[712]	0.9826836369105826	2644.729715273846	2193.9458500956753	2667.2584111567903	2196.9598338215087	1.377320119152409	11.60243937185431	12.060946176609203	1078.9045642053927	1087.5384144024401	540.5540136774912
scaled_total	105	deviation_intercept[713]	0.9811680916766534	2583.855397258422	2184.054878513429	2588.173378524281	2184.6300236930515	1.4592333049966604	11.587601518476738	12.070574708888289	3878.612872097771	3887.2467222948167	540.9713315438318
scaled_total	105	deviation_intercept[714]	0.9791998029256999	2058.2327248045594	2223.7802112710488	2073.3009860243915	2225.580101535616	1.7151924159316563	11.500608355896466	12.104185102191375	138.1194454593047	146.75329565635212	541.5147616171037
scaled_total	105	deviation_intercept[715]	0.9741918545655674	2863.68549430064	2201.949102285601	2852.605572491261	2196.2190052499395	1.6329814343229745	11.619951544863396	12.092809447323878	902.5500482486647	911.1838984457122	542.9048377590682
scaled_total	105	deviation_intercept[716]	0.9552481608875353	2118.1217851649767	2239.4705165033643	2090.1099756951194	2247.6864531024044	2.5369314263350717	11.650372880291899	12.247670514280202	753.8349553699039	762.4688055669511	548.2616307514148
scaled_total	105	deviation_intercept[717]	0.9641474406945357	2208.6238138250933	2229.537265259572	2200.2329698544154	2235.490683448232	2.20292635953538	11.621378413153165	12.182868976968354	1469.439558079061	1478.073408276109	545.7254809012211
scaled_total	105	deviation_intercept[718]	0.9591162748512416	2114.1089264034576	2230.5488235145936	2114.5114451399886	2230.244692416239	2.4059164319683215	11.712775967674476	12.221204762299719	1297.5668823683106	1306.200732565358	547.1549447940114
scaled_total	105	deviation_intercept[719]	0.9575949978164284	3101.3179335677905	2193.407593926419	3093.843828047583	2190.3662141009804	2.027282985456834	11.711463463178278	12.152336741037294	4676.536712699094	4685.170562896142	547.5893893816238
scaled_total	105	deviation_intercept[720]	0.953648441918633	2929.632927490736	2326.5673013221763	2895.5788587189304	2323.6148404247333	2.195413229630249	11.424120263401853	12.181512681653196	3289.515140498275	3298.148990695322	548.7212849527856
scaled_total	105	deviation_load[701]	0.3967239880542563	2702.446325644462	2388.9183440809675	2705.751722027085	2382.794773375159	0.33973054804437586	0.45599320301956336	0.46701186537297	-23.102010377739656	-23.230645490937306	22.75205050323415
scaled_total	105	deviation_load[702]	0.6049615627350231	2874.4864806294195	2257.7409254896365	2861.8425622080954	2253.978961419517	0.21646998683965069	0.3919514785248528	0.38670724369601306	-36.083131846573174	-36.21176695977081	18.424719406837628
scaled_total	105	deviation_load[703]	0.5559817483743552	3207.6091214604703	2453.395311016534	3192.4029427254527	2436.926004458296	0.22666061671705925	0.3888793326400031	0.39250257616373263	-37.77927208571606	-37.90790719891372	19.219164594496036
scaled_total	105	deviation_load[704]	0.5054963940997006	2800.2448315824777	2277.636999795029	2791.9404243685894	2276.7145714788826	0.26824856079148174	0.43020935268604843	0.4179001405734513	10.512183204856091	10.383548091658444	20.156064646950302
scaled_total	105	deviation_load[705]	0.45892798558029935	2291.330084985958	2220.8808410780575	2291.558263315845	2232.105161651282	0.32505330537366944	0.4483203336219383	0.45644593158331154	-21.36824524564956	-21.496880358847207	21.15400012677305
scaled_total	105	deviation_load[706]	0.46923579437415763	2635.745801013077	2154.0341583372974	2632.3254542518853	2149.176131509879	0.29706413940971227	0.4573057751928796	0.4369557644062406	-6.215270580393692	-6.343905693591339	20.920362557518693
scaled_total	105	deviation_load[707]	0.4295065504928548	2514.095166483645	2220.9009014309854	2528.967572518629	2232.072444312982	0.3284230110305198	0.45916133749949356	0.45885173128033635	-1.6274488150658062	-1.7560839282634553	21.866530373009052
scaled_total	105	deviation_load[708]	0.3966193689345444	2594.1206366201386	2446.923958302747	2593.259594366859	2445.7128886648497	0.3470967120736736	0.46637441708770555	0.4723974647020915	-24.365393589574673	-24.49402870277232	22.75505104069559
scaled_total	105	deviation_load[709]	0.35280652304312554	2885.835586188089	2374.597197808447	2867.0723553851876	2353.6032835824158	0.3624884803703668	0.5034669310737918	0.4838193211580402	-44.038530250324754	-44.16716536352241	24.126619247442477
scaled_total	105	deviation_load[710]	0.31515421713191605	2101.997265421484	2060.2098418986625	2098.6156309019784	2055.035104759707	0.46114038034009114	0.5661146794887997	0.5615458017871855	-74.12121017229836	-74.24984528549601	25.527201831290864
scaled_total	105	deviation_load[711]	0.33095113821308264	2845.3314118632875	2299.8116476216396	2844.7184492978504	2275.1556725654305	0.3820252841861252	0.5232685178920448	0.49862466333114613	13.633051558639986	13.504416445442335	24.91052233145037
scaled_total	105	deviation_load[712]	0.27254674724892036	2397.203225026918	2416.2419159123237	2382.319412604372	2422.039498620913	0.4796747105955739	0.5534023345530183	0.5768631251081635	116.80333490124305	116.67469978804537	27.450121556410895
scaled_total	105	deviation_load[713]	0.2721325477818239	3268.292993251847	2794.5750963383207	3258.9364881391093	2796.0236352190886	0.41054685651822137	0.5318206028690794	0.5207993457384543	-13.526027313088289	-13.654662426285936	27.4710038484048
scaled_total	105	deviation_load[714]	0.24983772744667157	1822.2961009231883	2083.317191753887	1838.0474715936157	2055.4770182302314	0.5792086120223953	0.6311001784473598	0.661940974230723	-3.416539129085343	-3.5451742422829926	28.670532760910362
scaled_total	105	deviation_load[715]	0.21268456244443923	3140.1819551936173	2873.5970428997152	3139.999747253003	2855.6638392674427	0.49204674877373633	0.596790466893022	0.5871909741331295	-41.449898017623376	-41.57853313082102	31.07397339269775
scaled_total	105	deviation_load[716]	0.1392811794254312	2000.2215322683096	2068.4034887028224	2004.0492802434771	2037.1901268183178	0.7957836409506099	0.8466669271753368	0.8578781034210038	-33.55993251843054	-33.68856763162819	38.398879864522705
scaled_total	105	deviation_load[717]	0.16259429465401	1912.8097576244381	1972.37318396042	1910.1862970967081	1974.5407522076548	0.7441186979768162	0.8016576918053274	0.810182617564288	94.34215286957091	94.21351775637328	35.539566195469845
scaled_total	105	deviation_load[718]	0.14416782555450447	1518.394380591391	1500.9768775358193	1509.8564167601467	1503.1172951476879	0.8985806860936579	0.9745919863419937	0.954007592498696	113.62747841205876	113.49884329886112	37.74249441918439
scaled_total	105	deviation_load[719]	0.14601835283802136	3628.6083531298073	3108.3577063522616	3624.4643304938486	3148.030713766852	0.575656489222887	0.6718877089413696	0.6588350557681558	-30.906686593172378	-31.03532170637002	37.50257178675832
scaled_total	105	deviation_load[720]	0.1362282862519558	2359.6128497922073	2154.338556023139	2344.4478733368137	2142.6486339772428	0.7452643128031213	0.840590210406421	0.8112349431961852	45.113186264801904	44.98455115160425	38.82675783067564
scaled_total	105	population_intercept_at_load0	0.9988412696490172	2311.067788826607	2187.7358322778996	2319.384035944067	2189.8893676644116	0.37896803438297155	11.48065254016327	11.988036900824348	5481.0969030965725	5472.463052899526	536.1640853088078
scaled_total	105	log_sigma_intercept_at_subject0	0.0	2430.0018737050227	2430.0018737050227	2420.8938211954287	2420.8938211954287	0.03998562893771683	0.03998562893771683	0.03998562893771683	-49.51554857928285	-49.51554857928285	1.9673960833098256
scaled_total	106	population_intercept_at_mean_load	0.9996576976501672	2161.7674328554267	1932.373907562877	2160.1371108908093	1922.6974344370715	0.21373784664239545	12.004515222213456	12.005953038530793	5632.917787829462	5619.440401042625	536.9293551383676
scaled_total	106	population_load	0.8466342977270378	2404.1992203109944	2029.146193785648	2393.0455044922455	2023.8927774686424	0.12468249661175866	0.34789261493244167	0.3438443864394914	58.66313693480815	58.92847429599175	15.574597955710724
scaled_total	106	log_tau_intercept	0.0	96.23366761153939	96.23366761153939	97.81627374144645	97.81627374144645	0.01504419246307368	0.01504419246307368	0.01504419246307368	7.80841151662559	7.80841151662559	0.14879023787333745
scaled_total	106	log_tau_load	0.0	479.5805611042053	479.5805611042053	481.02612287290737	481.02612287290737	0.009789408362429324	0.009789408362429324	0.009789408362429324	4.114200848931364	4.114200848931364	0.21470431681313978
scaled_total	106	log_sigma_intercept	0.0	2552.5210349493077	2552.5210349493077	2540.1069702828654	2540.1069702828654	0.0003025550874056596	0.0003025550874056596	0.0003025550874056596	6.051467865673198	6.051467865673198	0.01524861723367341
scaled_total	106	log_sigma_subj_slope	0.0	2428.477437618454	2428.477437618454	2416.950416422254	2416.950416422254	5.630648910889489e-5	5.630648910889489e-5	5.630648910889489e-5	0.07817775721679605	0.07817775721679605	0.002768167203984305
scaled_total	106	deviation_intercept[701]	0.9899874864012541	2855.943872515165	1923.2391419694	2837.529549304048	1911.6144533339116	1.0116550857339712	12.072218051118245	12.024677042521082	-4871.914872739827	-4857.775690748279	538.5562943940457
scaled_total	106	deviation_intercept[702]	0.9953881431988053	2868.522810575422	1931.0730034136484	2848.1534142553405	1927.8508181399993	0.6834487360191706	11.970644169377827	12.00152132603231	-3932.9210714648757	-3918.7818894733264	537.0932903907391
scaled_total	106	deviation_intercept[703]	0.9944951911100675	3112.7124013147213	1936.0766787304678	3088.299489783157	1927.6453287552083	0.7173911804120212	11.989198612502811	12.003502075235172	-3651.8366122944058	-3637.6974303028574	537.3343629322773
scaled_total	106	deviation_intercept[704]	0.993797444317413	2956.3858834719426	1920.759797570564	2936.243400257857	1908.8426065585354	0.7812433433408259	12.030075678590382	12.007487377713812	-669.3133651245699	-655.1741831330214	537.5229614967965
scaled_total	106	deviation_intercept[705]	0.9921529290292962	2297.5311865747376	1934.1130085946397	2293.0302185641194	1927.991136589834	0.9951889618774102	12.017544769697759	12.023302917014309	-1365.7418391333022	-1351.602657141754	537.9682551141208
scaled_total	106	deviation_intercept[706]	0.9925253865104994	2420.390925933765	1925.273509186945	2429.392974189594	1922.1071215195443	0.9434537852982191	11.98766632244258	12.019131291796246	24.943032016716117	39.08221400826465	537.8673060072366
scaled_total	106	deviation_intercept[707]	0.9909719641337857	2495.7200321073788	1914.0046761687174	2501.5836527046467	1903.9528717720318	1.0225967248331613	12.088912945954203	12.025602522372075	-102.69938696482579	-88.56020497327725	538.2887144600456
scaled_total	106	deviation_intercept[708]	0.9899164300464405	2491.6662350120832	1901.8731387640078	2486.106971116383	1888.6394170788146	1.0846607989503658	12.13894549396735	12.031039066232882	-467.49632313293364	-453.35714114138517	538.5756228743531
scaled_total	106	deviation_intercept[709]	0.9880063511911401	2623.3426408519954	1932.93930909017	2576.1350075380437	1928.1804101190648	1.1632081722935708	12.013174294614146	12.038374691648897	-1159.7709167817457	-1145.631734790197	539.0959764074092
scaled_total	106	deviation_intercept[710]	0.9856597285749147	2314.3846458028265	1887.1407773396945	2307.692365179468	1882.1946094536975	1.3454643077529833	12.12846015576443	12.057349881623216	167.85132134922537	181.99050334077398	539.737324897063
scaled_total	106	deviation_intercept[711]	0.986215991931028	2942.2265111809334	1929.7865141781733	2943.873608098548	1928.3632594071128	1.1675839533265622	11.99781367765524	12.038798289385358	-1751.1605382216721	-1737.0213562301235	539.5850872299019
scaled_total	106	deviation_intercept[712]	0.9826836369105826	2644.729715273846	1883.1421008210002	2667.2584111567903	1873.937299212501	1.377320119152409	12.246032628865256	12.060946176609203	1073.399232410892	1087.5384144024401	540.5540136774912
scaled_total	106	deviation_intercept[713]	0.9811680916766534	2583.855397258422	1911.3397395851996	2588.173378524281	1910.025192481334	1.4592333049966604	12.11981888381201	12.070574708888289	3873.1075403032696	3887.2467222948167	540.9713315438318
scaled_total	106	deviation_intercept[714]	0.9791998029256999	2058.2327248045594	1867.8269364429004	2073.3009860243915	1868.0632934756354	1.7151924159316563	12.285115756993841	12.104185102191375	132.61411366480357	146.75329565635212	541.5147616171037
scaled_total	106	deviation_intercept[715]	0.9741918545655674	2863.68549430064	1897.306860537409	2852.605572491261	1894.2361133836935	1.6329814343229745	12.163279615014055	12.092809447323878	897.0447164541636	911.1838984457122	542.9048377590682
scaled_total	106	deviation_intercept[716]	0.9552481608875353	2118.1217851649767	1906.2635853148918	2090.1099756951194	1901.4048922593925	2.5369314263350717	12.276619818799928	12.247670514280202	748.3296235754029	762.4688055669511	548.2616307514148
scaled_total	106	deviation_intercept[717]	0.9641474406945357	2208.6238138250933	1925.7624069707917	2200.2329698544154	1919.4321295410773	2.20292635953538	12.181255690840265	12.182868976968354	1463.9342262845603	1478.073408276109	545.7254809012211
scaled_total	106	deviation_intercept[718]	0.9591162748512416	2114.1089264034576	1930.17477765565	2114.5114451399886	1932.174561005068	2.4059164319683215	12.28607752070912	12.221204762299719	1292.0615505738094	1306.200732565358	547.1549447940114
scaled_total	106	deviation_intercept[719]	0.9575949978164284	3101.3179335677905	1997.3047384359493	3093.843828047583	1991.1661667495225	2.027282985456834	12.027119200747222	12.152336741037294	4671.031380904595	4685.170562896142	547.5893893816238
scaled_total	106	deviation_intercept[720]	0.953648441918633	2929.632927490736	1937.038354952378	2895.5788587189304	1937.129582144524	2.195413229630249	12.191684593506467	12.181512681653196	3284.0098087037736	3298.148990695322	548.7212849527856
scaled_total	106	deviation_load[701]	0.3967239880542563	2702.446325644462	2568.3707707970884	2705.751722027085	2580.795990586657	0.33973054804437586	0.4541775637977433	0.46701186537297	-22.96530812975369	-23.230645490937306	22.75205050323415
scaled_total	106	deviation_load[702]	0.6049615627350231	2874.4864806294195	2164.7416852984093	2861.8425622080954	2144.6262065640176	0.21646998683965069	0.3984728573185033	0.38670724369601306	-35.9464295985872	-36.21176695977081	18.424719406837628
scaled_total	106	deviation_load[703]	0.5559817483743552	3207.6091214604703	2452.7621017525703	3192.4029427254527	2445.118913927272	0.22666061671705925	0.392580209795861	0.39250257616373263	-37.6425698377301	-37.90790719891372	19.219164594496036
scaled_total	106	deviation_load[704]	0.5054963940997006	2800.2448315824777	2425.2797851559135	2791.9404243685894	2409.5092607546694	0.26824856079148174	0.4060070235067512	0.4179001405734513	10.648885452842055	10.383548091658444	20.156064646950302
scaled_total	106	deviation_load[705]	0.45892798558029935	2291.330084985958	2163.69658318433	2291.558263315845	2146.9056944989966	0.32505330537366944	0.45990744415469137	0.45644593158331154	-21.231542997663592	-21.496880358847207	21.15400012677305
scaled_total	106	deviation_load[706]	0.46923579437415763	2635.745801013077	2216.7095387231593	2632.3254542518853	2223.235066414629	0.29706413940971227	0.4453526694359771	0.4369557644062406	-6.078568332407723	-6.343905693591339	20.920362557518693
scaled_total	106	deviation_load[707]	0.4295065504928548	2514.095166483645	2080.147848710025	2528.967572518629	2080.334926631419	0.3284230110305198	0.4851022551571957	0.45885173128033635	-1.4907465670798397	-1.7560839282634553	21.866530373009052
scaled_total	106	deviation_load[708]	0.3966193689345444	2594.1206366201386	2345.3174088004967	2593.259594366859	2331.320398786271	0.3470967120736736	0.4800521083415787	0.4723974647020915	-24.228691341588704	-24.49402870277232	22.75505104069559
scaled_total	106	deviation_load[709]	0.35280652304312554	2885.835586188089	2266.303006472916	2867.0723553851876	2283.050133494979	0.3624884803703668	0.500150910020782	0.4838193211580402	-43.901828002338775	-44.16716536352241	24.126619247442477
scaled_total	106	deviation_load[710]	0.31515421713191605	2101.997265421484	2079.262543973621	2098.6156309019784	2076.8397509597953	0.46114038034009114	0.561742425137152	0.5615458017871855	-73.9845079243124	-74.24984528549601	25.527201831290864
scaled_total	106	deviation_load[711]	0.33095113821308264	2845.3314118632875	2425.477087264887	2844.7184492978504	2429.789795345794	0.3820252841861252	0.5127328408817764	0.49862466333114613	13.769753806625951	13.504416445442335	24.91052233145037
scaled_total	106	deviation_load[712]	0.27254674724892036	2397.203225026918	2446.887374045494	2382.319412604372	2447.3947168775176	0.4796747105955739	0.5515427325488241	0.5768631251081635	116.94003714922897	116.67469978804537	27.450121556410895
scaled_total	106	deviation_load[713]	0.2721325477818239	3268.292993251847	2934.4364878259757	3258.9364881391093	2907.8272022594174	0.41054685651822137	0.5112740308957441	0.5207993457384543	-13.389325065102323	-13.654662426285936	27.4710038484048
scaled_total	106	deviation_load[714]	0.24983772744667157	1822.2961009231883	1797.7700140195002	1838.0474715936157	1768.1743104570771	0.5792086120223953	0.6759092143839905	0.661940974230723	-3.279836881099377	-3.5451742422829926	28.670532760910362
scaled_total	106	deviation_load[715]	0.21268456244443923	3140.1819551936173	2867.043441357201	3139.999747253003	2868.25807936444	0.49204674877373633	0.5867321383588011	0.5871909741331295	-41.31319576963741	-41.57853313082102	31.07397339269775
scaled_total	106	deviation_load[716]	0.1392811794254312	2000.2215322683096	2029.877715896006	2004.0492802434771	2022.2689880703922	0.7957836409506099	0.854701374186053	0.8578781034210038	-33.423230270444584	-33.68856763162819	38.398879864522705
scaled_total	106	deviation_load[717]	0.16259429465401	1912.8097576244381	2045.4752765539884	1910.1862970967081	2021.5914538421132	0.7441186979768162	0.7946550030863941	0.810182617564288	94.4788551175569	94.21351775637328	35.539566195469845
scaled_total	106	deviation_load[718]	0.14416782555450447	1518.394380591391	1504.9977690845708	1509.8564167601467	1507.369362745938	0.8985806860936579	0.9626400406973231	0.954007592498696	113.76418066004474	113.49884329886112	37.74249441918439
scaled_total	106	deviation_load[719]	0.14601835283802136	3628.6083531298073	3192.9819146874247	3624.4643304938486	3213.9348784956364	0.575656489222887	0.6648837371200647	0.6588350557681558	-30.76998434518641	-31.03532170637002	37.50257178675832
scaled_total	106	deviation_load[720]	0.1362282862519558	2359.6128497922073	2381.5846255125266	2344.4478733368137	2366.561305655481	0.7452643128031213	0.8089000217091968	0.8112349431961852	45.24988851278786	44.98455115160425	38.82675783067564
scaled_total	106	population_intercept_at_load0	0.9988412696490172	2311.067788826607	1927.631448811672	2319.384035944067	1915.0777508916822	0.37896803438297155	11.987034651103395	11.988036900824348	5486.602234891075	5472.463052899526	536.1640853088078
scaled_total	106	log_sigma_intercept_at_subject0	0.0	2430.0018737050227	2430.0018737050227	2420.8938211954287	2420.8938211954287	0.03998562893771683	0.03998562893771683	0.03998562893771683	-49.51554857928285	-49.51554857928285	1.9673960833098256
scaled_total	107	population_intercept_at_mean_load	0.9996576976501672	2161.7674328554267	1938.6620875474568	2160.1371108908093	1940.5235145452923	0.21373784664239545	12.022687534918264	12.005953038530793	5627.951450008976	5619.440401042625	536.9293551383676
scaled_total	107	population_load	0.8466342977270378	2404.1992203109944	2041.1856520577714	2393.0455044922455	2048.1993511409964	0.12468249661175866	0.33888958489352894	0.3438443864394914	58.69708705536728	58.92847429599175	15.574597955710724
scaled_total	107	log_tau_intercept	0.0	96.23366761153939	96.23366761153939	97.81627374144645	97.81627374144645	0.01504419246307368	0.01504419246307368	0.01504419246307368	7.80841151662559	7.80841151662559	0.14879023787333745
scaled_total	107	log_tau_load	0.0	479.5805611042053	479.5805611042053	481.02612287290737	481.02612287290737	0.009789408362429324	0.009789408362429324	0.009789408362429324	4.114200848931364	4.114200848931364	0.21470431681313978
scaled_total	107	log_sigma_intercept	0.0	2552.5210349493077	2552.5210349493077	2540.1069702828654	2540.1069702828654	0.0003025550874056596	0.0003025550874056596	0.0003025550874056596	6.051467865673198	6.051467865673198	0.01524861723367341
scaled_total	107	log_sigma_subj_slope	0.0	2428.477437618454	2428.477437618454	2416.950416422254	2416.950416422254	5.630648910889489e-5	5.630648910889489e-5	5.630648910889489e-5	0.07817775721679605	0.07817775721679605	0.002768167203984305
scaled_total	107	deviation_intercept[701]	0.9899874864012541	2855.943872515165	1957.6618936554	2837.529549304048	1955.792506072757	1.0116550857339712	12.009565331259646	12.024677042521082	-4866.863857711107	-4857.775690748279	538.5562943940457
scaled_total	107	deviation_intercept[702]	0.9953881431988053	2868.522810575422	1938.1836801970742	2848.1534142553405	1936.4066154010272	0.6834487360191706	12.03317424603039	12.00152132603231	-3927.870056436154	-3918.7818894733264	537.0932903907391
scaled_total	107	deviation_intercept[703]	0.9944951911100675	3112.7124013147213	1953.4914363288315	3088.299489783157	1953.323208992229	0.7173911804120212	11.990977481372601	12.003502075235172	-3646.785597265685	-3637.6974303028574	537.3343629322773
scaled_total	107	deviation_intercept[704]	0.993797444317413	2956.3858834719426	1952.4615311443717	2936.243400257857	1952.8710812849245	0.7812433433408259	12.006726161251052	12.007487377713812	-664.2623500958492	-655.1741831330214	537.5229614967965
scaled_total	107	deviation_intercept[705]	0.9921529290292962	2297.5311865747376	1930.7363053918202	2293.0302185641194	1928.7856573109489	0.9951889618774102	12.12035229132668	12.023302917014309	-1360.6908241045815	-1351.602657141754	537.9682551141208
scaled_total	107	deviation_intercept[706]	0.9925253865104994	2420.390925933765	1935.1611214194415	2429.392974189594	1935.5561011114853	0.9434537852982191	12.038434926830472	12.019131291796246	29.994047045436922	39.08221400826465	537.8673060072366
scaled_total	107	deviation_intercept[707]	0.9909719641337857	2495.7200321073788	1951.641258368757	2501.5836527046467	1950.7324738223374	1.0225967248331613	11.971781905009918	12.025602522372075	-97.648371936105	-88.56020497327725	538.2887144600456
scaled_total	107	deviation_intercept[708]	0.9899164300464405	2491.6662350120832	1952.654562394858	2486.106971116383	1955.472882260275	1.0846607989503658	11.978982668772183	12.031039066232882	-462.44530810421287	-453.35714114138517	538.5756228743531
scaled_total	107	deviation_intercept[709]	0.9880063511911401	2623.3426408519954	1955.9334146005267	2576.1350075380437	1954.8460237124555	1.1632081722935708	12.03799959858527	12.038374691648897	-1154.7199017530247	-1145.631734790197	539.0959764074092
scaled_total	107	deviation_intercept[710]	0.9856597285749147	2314.3846458028265	1937.2083504128977	2307.692365179468	1937.624279507691	1.3454643077529833	12.046427621712468	12.057349881623216	172.9023363779462	181.99050334077398	539.737324897063
scaled_total	107	deviation_intercept[711]	0.986215991931028	2942.2265111809334	1944.4928106124273	2943.873608098548	1949.7424073064253	1.1675839533265622	12.041059507480394	12.038798289385358	-1746.1095231929514	-1737.0213562301235	539.5850872299019
scaled_total	107	deviation_intercept[712]	0.9826836369105826	2644.729715273846	1952.3536273423915	2667.2584111567903	1953.8635187084562	1.377320119152409	12.042037104883596	12.060946176609203	1078.4502474396131	1087.5384144024401	540.5540136774912
scaled_total	107	deviation_intercept[713]	0.9811680916766534	2583.855397258422	1966.204119556586	2588.173378524281	1970.0445742627871	1.4592333049966604	12.00804405386913	12.070574708888289	3878.15855533199	3887.2467222948167	540.9713315438318
scaled_total	107	deviation_intercept[714]	0.9791998029256999	2058.2327248045594	1949.59476713934	2073.3009860243915	1944.6547948578275	1.7151924159316563	12.190241908642296	12.104185102191375	137.6651286935244	146.75329565635212	541.5147616171037
scaled_total	107	deviation_intercept[715]	0.9741918545655674	2863.68549430064	1984.1966009108976	2852.605572491261	1986.0203208123992	1.6329814343229745	11.972042463886629	12.092809447323878	902.0957314828844	911.1838984457122	542.9048377590682
scaled_total	107	deviation_intercept[716]	0.9552481608875353	2118.1217851649767	1956.428576910247	2090.1099756951194	1951.3858283794862	2.5369314263350717	12.253074341379511	12.247670514280202	753.3806386041236	762.4688055669511	548.2616307514148
scaled_total	107	deviation_intercept[717]	0.9641474406945357	2208.6238138250933	1976.5520213084849	2200.2329698544154	1974.7880682544478	2.20292635953538	12.129527764537714	12.182868976968354	1468.985241313281	1478.073408276109	545.7254809012211
scaled_total	107	deviation_intercept[718]	0.9591162748512416	2114.1089264034576	1935.6630299560013	2114.5114451399886	1933.4298931374462	2.4059164319683215	12.370299533353064	12.221204762299719	1297.1125656025306	1306.200732565358	547.1549447940114
scaled_total	107	deviation_intercept[719]	0.9575949978164284	3101.3179335677905	1967.4822725054878	3093.843828047583	1971.0319281358454	2.027282985456834	12.119570923392283	12.152336741037294	4676.082395933315	4685.170562896142	547.5893893816238
scaled_total	107	deviation_intercept[720]	0.953648441918633	2929.632927490736	1982.2374698621722	2895.5788587189304	1975.5351035955161	2.195413229630249	12.199283180458837	12.181512681653196	3289.060823732494	3298.148990695322	548.7212849527856
scaled_total	107	deviation_load[701]	0.3967239880542563	2702.446325644462	2756.103209281585	2705.751722027085	2742.5243565242645	0.33973054804437586	0.43062862276817504	0.46701186537297	-22.999258250312813	-23.230645490937306	22.75205050323415
scaled_total	107	deviation_load[702]	0.6049615627350231	2874.4864806294195	2247.4299618935247	2861.8425622080954	2252.8260838451547	0.21646998683965069	0.384793517427031	0.38670724369601306	-35.98037971914633	-36.21176695977081	18.424719406837628
scaled_total	107	deviation_load[703]	0.5559817483743552	3207.6091214604703	2607.118276479059	3192.4029427254527	2599.5290391287263	0.22666061671705925	0.3764632100384732	0.39250257616373263	-37.67651995828923	-37.90790719891372	19.219164594496036
scaled_total	107	deviation_load[704]	0.5054963940997006	2800.2448315824777	2513.353122882368	2791.9404243685894	2510.0374965681076	0.26824856079148174	0.39586882663030026	0.4179001405734513	10.61493533228293	10.383548091658444	20.156064646950302
scaled_total	107	deviation_load[705]	0.45892798558029935	2291.330084985958	2349.078298865191	2291.558263315845	2316.6441703045125	0.32505330537366944	0.43178879293360933	0.45644593158331154	-21.26549311822272	-21.496880358847207	21.15400012677305
scaled_total	107	deviation_load[706]	0.46923579437415763	2635.745801013077	2239.7346718122494	2632.3254542518853	2234.0421014334024	0.29706413940971227	0.4413574024482137	0.4369557644062406	-6.112518452966852	-6.343905693591339	20.920362557518693
scaled_total	107	deviation_load[707]	0.4295065504928548	2514.095166483645	2149.614110347336	2528.967572518629	2146.344620283723	0.3284230110305198	0.46664904440115945	0.45885173128033635	-1.5246966876389685	-1.7560839282634553	21.866530373009052
scaled_total	107	deviation_load[708]	0.3966193689345444	2594.1206366201386	2374.2826731383193	2593.259594366859	2364.915416030148	0.3470967120736736	0.4585112421981337	0.4723974647020915	-24.262641462147833	-24.49402870277232	22.75505104069559
scaled_total	107	deviation_load[709]	0.35280652304312554	2885.835586188089	2802.763065630614	2867.0723553851876	2795.673507965172	0.3624884803703668	0.4581774234416586	0.4838193211580402	-43.935778122897915	-44.16716536352241	24.126619247442477
scaled_total	107	deviation_load[710]	0.31515421713191605	2101.997265421484	2038.5693545264014	2098.6156309019784	2041.3002949107827	0.46114038034009114	0.5680947448895939	0.5615458017871855	-74.01845804487151	-74.24984528549601	25.527201831290864
scaled_total	107	deviation_load[711]	0.33095113821308264	2845.3314118632875	2406.9510199841598	2844.7184492978504	2396.472272051423	0.3820252841861252	0.4986169725709515	0.49862466333114613	13.735803686066825	13.504416445442335	24.91052233145037
scaled_total	107	deviation_load[712]	0.27254674724892036	2397.203225026918	2153.7906523407714	2382.319412604372	2140.5966014361293	0.4796747105955739	0.5884795349766976	0.5768631251081635	116.90608702866986	116.67469978804537	27.450121556410895
scaled_total	107	deviation_load[713]	0.2721325477818239	3268.292993251847	3272.4598918649194	3258.9364881391093	3244.757677189754	0.41054685651822137	0.4881195161518729	0.5207993457384543	-13.423275185661453	-13.654662426285936	27.4710038484048
scaled_total	107	deviation_load[714]	0.24983772744667157	1822.2961009231883	1945.5089550204307	1838.0474715936157	1909.1611200530494	0.5792086120223953	0.6551479277925456	0.661940974230723	-3.313787001658506	-3.5451742422829926	28.670532760910362
scaled_total	107	deviation_load[715]	0.21268456244443923	3140.1819551936173	2893.1942966454417	3139.999747253003	2893.252386815741	0.49204674877373633	0.589002849166992	0.5871909741331295	-41.347145890196536	-41.57853313082102	31.07397339269775
scaled_total	107	deviation_load[716]	0.1392811794254312	2000.2215322683096	2044.3900077475541	2004.0492802434771	2037.7539946101165	0.7957836409506099	0.8405834523050074	0.8578781034210038	-33.4571803910037	-33.68856763162819	38.398879864522705
scaled_total	107	deviation_load[717]	0.16259429465401	1912.8097576244381	1965.522197120579	1910.1862970967081	1948.4198335835113	0.7441186979768162	0.8100598789836067	0.810182617564288	94.44490499699776	94.21351775637328	35.539566195469845
scaled_total	107	deviation_load[718]	0.14416782555450447	1518.394380591391	1601.0113742025271	1509.8564167601467	1603.6076570808318	0.8985806860936579	0.9419469109459246	0.954007592498696	113.7302305394856	113.49884329886112	37.74249441918439
scaled_total	107	deviation_load[719]	0.14601835283802136	3628.6083531298073	2997.3005900583607	3624.4643304938486	3065.8260930314686	0.575656489222887	0.671563713398591	0.6588350557681558	-30.803934465745535	-31.03532170637002	37.50257178675832
scaled_total	107	deviation_load[720]	0.1362282862519558	2359.6128497922073	2425.708460386267	2344.4478733368137	2396.1223323234826	0.7452643128031213	0.7847870386698178	0.8112349431961852	45.21593839222873	44.98455115160425	38.82675783067564
scaled_total	107	population_intercept_at_load0	0.9988412696490172	2311.067788826607	1943.2420418515019	2319.384035944067	1941.450447067778	0.37896803438297155	11.999265565895934	11.988036900824348	5481.551219862353	5472.463052899526	536.1640853088078
scaled_total	107	log_sigma_intercept_at_subject0	0.0	2430.0018737050227	2430.0018737050227	2420.8938211954287	2420.8938211954287	0.03998562893771683	0.03998562893771683	0.03998562893771683	-49.51554857928285	-49.51554857928285	1.9673960833098256
scaled_total	108	population_intercept_at_mean_load	0.9996576976501672	2161.7674328554267	1998.1815363841265	2160.1371108908093	2000.443727379363	0.21373784664239545	12.025414937166545	12.005953038530793	5634.439213444134	5619.440401042625	536.9293551383676
scaled_total	108	population_load	0.8466342977270378	2404.1992203109944	1959.9800660318597	2393.0455044922455	1955.7981602039815	0.12468249661175866	0.3576864636500095	0.3438443864394914	59.05762453235181	58.92847429599175	15.574597955710724
scaled_total	108	log_tau_intercept	0.0	96.23366761153939	96.23366761153939	97.81627374144645	97.81627374144645	0.01504419246307368	0.01504419246307368	0.01504419246307368	7.80841151662559	7.80841151662559	0.14879023787333745
scaled_total	108	log_tau_load	0.0	479.5805611042053	479.5805611042053	481.02612287290737	481.02612287290737	0.009789408362429324	0.009789408362429324	0.009789408362429324	4.114200848931364	4.114200848931364	0.21470431681313978
scaled_total	108	log_sigma_intercept	0.0	2552.5210349493077	2552.5210349493077	2540.1069702828654	2540.1069702828654	0.0003025550874056596	0.0003025550874056596	0.0003025550874056596	6.051467865673198	6.051467865673198	0.01524861723367341
scaled_total	108	log_sigma_subj_slope	0.0	2428.477437618454	2428.477437618454	2416.950416422254	2416.950416422254	5.630648910889489e-5	5.630648910889489e-5	5.630648910889489e-5	0.07817775721679605	0.07817775721679605	0.002768167203984305
scaled_total	108	deviation_intercept[701]	0.9899874864012541	2855.943872515165	2038.1576515573317	2837.529549304048	2039.45551243852	1.0116550857339712	11.947475914830235	12.024677042521082	-4872.45238112849	-4857.775690748279	538.5562943940457
scaled_total	108	deviation_intercept[702]	0.9953881431988053	2868.522810575422	2013.8131451249594	2848.1534142553405	2019.1199483398461	0.6834487360191706	11.977204996395823	12.00152132603231	-3933.4585798535377	-3918.7818894733264	537.0932903907391
scaled_total	108	deviation_intercept[703]	0.9944951911100675	3112.7124013147213	2024.574409831221	3088.299489783157	2029.3827366965834	0.7173911804120212	11.962781054674217	12.003502075235172	-3652.374120683068	-3637.6974303028574	537.3343629322773
scaled_total	108	deviation_intercept[704]	0.993797444317413	2956.3858834719426	2012.4292081805818	2936.243400257857	2017.5445977172196	0.7812433433408259	12.00252992232059	12.007487377713812	-669.850873513232	-655.1741831330214	537.5229614967965
scaled_total	108	deviation_intercept[705]	0.9921529290292962	2297.5311865747376	2007.1744879921437	2293.0302185641194	2010.606734265059	0.9951889618774102	12.070810660567963	12.023302917014309	-1366.279347521964	-1351.602657141754	537.9682551141208
scaled_total	108	deviation_intercept[706]	0.9925253865104994	2420.390925933765	2019.520321913641	2429.392974189594	2024.0654329330187	0.9434537852982191	11.999422999393168	12.019131291796246	24.405523628054027	39.08221400826465	537.8673060072366
scaled_total	108	deviation_intercept[707]	0.9909719641337857	2495.7200321073788	2020.9712667354615	2501.5836527046467	2026.5589651157043	1.0225967248331613	11.984112073182517	12.025602522372075	-103.2368953534879	-88.56020497327725	538.2887144600456
scaled_total	108	deviation_intercept[708]	0.9899164300464405	2491.6662350120832	2021.7305398256724	2486.106971116383	2024.4000235512872	1.0846607989503658	11.984555991388046	12.031039066232882	-468.0338315215958	-453.35714114138517	538.5756228743531
scaled_total	108	deviation_intercept[709]	0.9880063511911401	2623.3426408519954	2022.394235570312	2576.1350075380437	2021.7922685218807	1.1632081722935708	12.001045453984615	12.038374691648897	-1160.3084251704076	-1145.631734790197	539.0959764074092
scaled_total	108	deviation_intercept[710]	0.9856597285749147	2314.3846458028265	2031.304516216116	2307.692365179468	2034.5329317108328	1.3454643077529833	12.019905448646602	12.057349881623216	167.31381296056338	181.99050334077398	539.737324897063
scaled_total	108	deviation_intercept[711]	0.986215991931028	2942.2265111809334	2023.3574348295335	2943.873608098548	2026.9307633109097	1.1675839533265622	12.04020416253105	12.038798289385358	-1751.698046610334	-1737.0213562301235	539.5850872299019
scaled_total	108	deviation_intercept[712]	0.9826836369105826	2644.729715273846	2037.6549974618579	2667.2584111567903	2041.0174115388436	1.377320119152409	11.948322972662968	12.060946176609203	1072.8617240222297	1087.5384144024401	540.5540136774912
scaled_total	108	deviation_intercept[713]	0.9811680916766534	2583.855397258422	2012.2094598504625	2588.173378524281	2014.0829880160527	1.4592333049966604	12.08613345660111	12.070574708888289	3872.5700319146067	3887.2467222948167	540.9713315438318
scaled_total	108	deviation_intercept[714]	0.9791998029256999	2058.2327248045594	2005.9499683438405	2073.3009860243915	2006.5698069430318	1.7151924159316563	12.101418285216559	12.104185102191375	132.0766052761415	146.75329565635212	541.5147616171037
scaled_total	108	deviation_intercept[715]	0.9741918545655674	2863.68549430064	2041.9461204060806	2852.605572491261	2044.3974072863748	1.6329814343229745	12.06703786359186	12.092809447323878	896.5072080655015	911.1838984457122	542.9048377590682
scaled_total	108	deviation_intercept[716]	0.9552481608875353	2118.1217851649767	2028.9815269656087	2090.1099756951194	2032.4445496899025	2.5369314263350717	12.289703941439576	12.247670514280202	747.7921151867406	762.4688055669511	548.2616307514148
scaled_total	108	deviation_intercept[717]	0.9641474406945357	2208.6238138250933	1994.2722422449015	2200.2329698544154	1998.6957047600104	2.20292635953538	12.10047280889647	12.182868976968354	1463.396717895898	1478.073408276109	545.7254809012211
scaled_total	108	deviation_intercept[718]	0.9591162748512416	2114.1089264034576	2043.4612473142697	2114.5114451399886	2049.044844852806	2.4059164319683215	12.052621482130615	12.221204762299719	1291.5240421851472	1306.200732565358	547.1549447940114
scaled_total	108	deviation_intercept[719]	0.9575949978164284	3101.3179335677905	2060.642509184056	3093.843828047583	2061.529096252643	2.027282985456834	12.065412482800376	12.152336741037294	4670.493872515932	4685.170562896142	547.5893893816238
scaled_total	108	deviation_intercept[720]	0.953648441918633	2929.632927490736	2055.897622081248	2895.5788587189304	2058.1793769329347	2.195413229630249	12.234146188723212	12.181512681653196	3283.472300315111	3298.148990695322	548.7212849527856
scaled_total	108	deviation_load[701]	0.3967239880542563	2702.446325644462	2238.6787728465993	2705.751722027085	2234.868023090982	0.33973054804437586	0.47901394920961304	0.46701186537297	-23.359795727297367	-23.230645490937306	22.75205050323415
scaled_total	108	deviation_load[702]	0.6049615627350231	2874.4864806294195	2213.9455924141957	2861.8425622080954	2219.5034559665905	0.21646998683965069	0.3977831313090972	0.38670724369601306	-36.340917196130874	-36.21176695977081	18.424719406837628
scaled_total	108	deviation_load[703]	0.5559817483743552	3207.6091214604703	2374.6218054492088	3192.4029427254527	2407.232125118489	0.22666061671705925	0.395507702700614	0.39250257616373263	-38.03705743527377	-37.90790719891372	19.219164594496036
scaled_total	108	deviation_load[704]	0.5054963940997006	2800.2448315824777	1923.3050782765167	2791.9404243685894	1920.670340801026	0.26824856079148174	0.4653279448716917	0.4179001405734513	10.254397855298382	10.383548091658444	20.156064646950302
scaled_total	108	deviation_load[705]	0.45892798558029935	2291.330084985958	2224.7178395077412	2291.558263315845	2234.1669752265893	0.32505330537366944	0.4437342944297658	0.45644593158331154	-21.626030595207272	-21.496880358847207	21.15400012677305
scaled_total	108	deviation_load[706]	0.46923579437415763	2635.745801013077	2315.8541197004834	2632.3254542518853	2313.5679651118094	0.29706413940971227	0.4406097039126423	0.4369557644062406	-6.473055929951402	-6.343905693591339	20.920362557518693
scaled_total	108	deviation_load[707]	0.4295065504928548	2514.095166483645	2057.242188155518	2528.967572518629	2055.6684548298826	0.3284230110305198	0.4785372564382538	0.45885173128033635	-1.8852341646235171	-1.7560839282634553	21.866530373009052
scaled_total	108	deviation_load[708]	0.3966193689345444	2594.1206366201386	2188.4456770196343	2593.259594366859	2200.7436278780892	0.3470967120736736	0.4854184065270121	0.4723974647020915	-24.623178939132377	-24.49402870277232	22.75505104069559
scaled_total	108	deviation_load[709]	0.35280652304312554	2885.835586188089	2527.1584886056785	2867.0723553851876	2519.549386992158	0.3624884803703668	0.47579307337145044	0.4838193211580402	-44.29631559988246	-44.16716536352241	24.126619247442477
scaled_total	108	deviation_load[710]	0.31515421713191605	2101.997265421484	2068.1880127692225	2098.6156309019784	2063.002268249592	0.46114038034009114	0.5571585062901043	0.5615458017871855	-74.37899552185607	-74.24984528549601	25.527201831290864
scaled_total	108	deviation_load[711]	0.33095113821308264	2845.3314118632875	2413.5739835082572	2844.7184492978504	2417.031484738949	0.3820252841861252	0.5091778802630287	0.49862466333114613	13.375266209082275	13.504416445442335	24.91052233145037
scaled_total	108	deviation_load[712]	0.27254674724892036	2397.203225026918	2345.9644760815727	2382.319412604372	2302.7866368082873	0.4796747105955739	0.5786689259278797	0.5768631251081635	116.54554955168531	116.67469978804537	27.450121556410895
scaled_total	108	deviation_load[713]	0.2721325477818239	3268.292993251847	2963.709002393823	3258.9364881391093	2950.1412181440883	0.41054685651822137	0.5138914036172937	0.5207993457384543	-13.783812662646	-13.654662426285936	27.4710038484048
scaled_total	108	deviation_load[714]	0.24983772744667157	1822.2961009231883	2040.5205648137185	1838.0474715936157	2023.2635638230297	0.5792086120223953	0.6414782516527804	0.661940974230723	-3.674324478643054	-3.5451742422829926	28.670532760910362
scaled_total	108	deviation_load[715]	0.21268456244443923	3140.1819551936173	2914.374898848035	3139.999747253003	2910.9670372975975	0.49204674877373633	0.577715576959192	0.5871909741331295	-41.70768336718109	-41.57853313082102	31.07397339269775
scaled_total	108	deviation_load[716]	0.1392811794254312	2000.2215322683096	2320.718521655986	2004.0492802434771	2324.1028531062507	0.7957836409506099	0.7933382500608005	0.8578781034210038	-33.817717867988264	-33.68856763162819	38.398879864522705
scaled_total	108	deviation_load[717]	0.16259429465401	1912.8097576244381	1819.8802416404683	1910.1862970967081	1802.4448260193997	0.7441186979768162	0.826076350222728	0.810182617564288	94.0843675200132	94.21351775637328	35.539566195469845
scaled_total	108	deviation_load[718]	0.14416782555450447	1518.394380591391	1360.5800995263694	1509.8564167601467	1356.1546808368034	0.8985806860936579	1.0234214950322638	0.954007592498696	113.36969306250106	113.49884329886112	37.74249441918439
scaled_total	108	deviation_load[719]	0.14601835283802136	3628.6083531298073	3075.650132794366	3624.4643304938486	3095.0357901054804	0.575656489222887	0.6740443289685041	0.6588350557681558	-31.16447194273008	-31.03532170637002	37.50257178675832
scaled_total	108	deviation_load[720]	0.1362282862519558	2359.6128497922073	2214.6159393306248	2344.4478733368137	2207.1063858668917	0.7452643128031213	0.8278383843104643	0.8112349431961852	44.85540091524419	44.98455115160425	38.82675783067564
scaled_total	108	population_intercept_at_load0	0.9988412696490172	2311.067788826607	2015.6526833978892	2319.384035944067	2020.7220063183765	0.37896803438297155	11.957789357761232	11.988036900824348	5487.139743279737	5472.463052899526	536.1640853088078
scaled_total	108	log_sigma_intercept_at_subject0	0.0	2430.0018737050227	2430.0018737050227	2420.8938211954287	2420.8938211954287	0.03998562893771683	0.03998562893771683	0.03998562893771683	-49.51554857928285	-49.51554857928285	1.9673960833098256
scaled_total	109	population_intercept_at_mean_load	0.9996576976501672	2161.7674328554267	1950.1704893006254	2160.1371108908093	1949.0597426740699	0.21373784664239545	12.143088024906444	12.005953038530793	5608.39514627105	5619.440401042625	536.9293551383676
scaled_total	109	population_load	0.8466342977270378	2404.1992203109944	1998.6638209897633	2393.0455044922455	1956.189723376582	0.12468249661175866	0.36196559616478796	0.3438443864394914	59.31808518149997	58.92847429599175	15.574597955710724
scaled_total	109	log_tau_intercept	0.0	96.23366761153939	96.23366761153939	97.81627374144645	97.81627374144645	0.01504419246307368	0.01504419246307368	0.01504419246307368	7.80841151662559	7.80841151662559	0.14879023787333745
scaled_total	109	log_tau_load	0.0	479.5805611042053	479.5805611042053	481.02612287290737	481.02612287290737	0.009789408362429324	0.009789408362429324	0.009789408362429324	4.114200848931364	4.114200848931364	0.21470431681313978
scaled_total	109	log_sigma_intercept	0.0	2552.5210349493077	2552.5210349493077	2540.1069702828654	2540.1069702828654	0.0003025550874056596	0.0003025550874056596	0.0003025550874056596	6.051467865673198	6.051467865673198	0.01524861723367341
scaled_total	109	log_sigma_subj_slope	0.0	2428.477437618454	2428.477437618454	2416.950416422254	2416.950416422254	5.630648910889489e-5	5.630648910889489e-5	5.630648910889489e-5	0.07817775721679605	0.07817775721679605	0.002768167203984305
scaled_total	109	deviation_intercept[701]	0.9899874864012541	2855.943872515165	1976.0329692490386	2837.529549304048	1974.6731269591103	1.0116550857339712	12.168840932221013	12.024677042521082	-4845.758682075999	-4857.775690748279	538.5562943940457
scaled_total	109	deviation_intercept[702]	0.9953881431988053	2868.522810575422	1954.2610895023358	2848.1534142553405	1953.4857690841725	0.6834487360191706	12.150873350086405	12.00152132603231	-3906.764880801048	-3918.7818894733264	537.0932903907391
scaled_total	109	deviation_intercept[703]	0.9944951911100675	3112.7124013147213	1951.9826941515892	3088.299489783157	1953.2888342895753	0.7173911804120212	12.138559637890774	12.003502075235172	-3625.680421630578	-3637.6974303028574	537.3343629322773
scaled_total	109	deviation_intercept[704]	0.993797444317413	2956.3858834719426	1967.5457718964394	2936.243400257857	1966.813261208431	0.7812433433408259	12.103740492262366	12.007487377713812	-643.1571744607422	-655.1741831330214	537.5229614967965
scaled_total	109	deviation_intercept[705]	0.9921529290292962	2297.5311865747376	1964.565964338319	2293.0302185641194	1964.666529649541	0.9951889618774102	12.112123033426629	12.023302917014309	-1339.5856484694746	-1351.602657141754	537.9682551141208
scaled_total	109	deviation_intercept[706]	0.9925253865104994	2420.390925933765	1966.6409891098003	2429.392974189594	1965.7179296834233	0.9434537852982191	12.117247507802315	12.019131291796246	51.09922268054381	39.08221400826465	537.8673060072366
scaled_total	109	deviation_intercept[707]	0.9909719641337857	2495.7200321073788	1952.616252325557	2501.5836527046467	1952.4898234819077	1.0225967248331613	12.165375055047315	12.025602522372075	-76.54319630099809	-88.56020497327725	538.2887144600456
scaled_total	109	deviation_intercept[708]	0.9899164300464405	2491.6662350120832	1959.5631334126485	2486.106971116383	1959.2437189555778	1.0846607989503658	12.128605257986814	12.031039066232882	-441.340132469106	-453.35714114138517	538.5756228743531
scaled_total	109	deviation_intercept[709]	0.9880063511911401	2623.3426408519954	1977.3518464640983	2576.1350075380437	1973.1550183583645	1.1632081722935708	12.173964556405734	12.038374691648897	-1133.6147261179178	-1145.631734790197	539.0959764074092
scaled_total	109	deviation_intercept[710]	0.9856597285749147	2314.3846458028265	1955.5416970891624	2307.692365179468	1953.2554403248496	1.3454643077529833	12.273254120830195	12.057349881623216	194.00751201305312	181.99050334077398	539.737324897063
scaled_total	109	deviation_intercept[711]	0.986215991931028	2942.2265111809334	1966.408541027607	2943.873608098548	1963.2174628855794	1.1675839533265622	12.191144193688794	12.038798289385358	-1725.0043475578445	-1737.0213562301235	539.5850872299019
scaled_total	109	deviation_intercept[712]	0.9826836369105826	2644.729715273846	1972.9246149074377	2667.2584111567903	1968.843605020947	1.377320119152409	12.147296808810749	12.060946176609203	1099.5554230747196	1087.5384144024401	540.5540136774912
scaled_total	109	deviation_intercept[713]	0.9811680916766534	2583.855397258422	1934.134489512628	2588.173378524281	1932.8406487226628	1.4592333049966604	12.345277966284556	12.070574708888289	3899.263730967096	3887.2467222948167	540.9713315438318
scaled_total	109	deviation_intercept[714]	0.9791998029256999	2058.2327248045594	1951.2928636181848	2073.3009860243915	1953.116010062957	1.7151924159316563	12.23025927355106	12.104185102191375	158.77030432863125	146.75329565635212	541.5147616171037
scaled_total	109	deviation_intercept[715]	0.9741918545655674	2863.68549430064	1971.187950574347	2852.605572491261	1969.0230166860918	1.6329814343229745	12.274458395583363	12.092809447323878	923.2009071179913	911.1838984457122	542.9048377590682
scaled_total	109	deviation_intercept[716]	0.9552481608875353	2118.1217851649767	1952.2972076540889	2090.1099756951194	1955.3020598293826	2.5369314263350717	12.29772346520884	12.247670514280202	774.4858142392304	762.4688055669511	548.2616307514148
scaled_total	109	deviation_intercept[717]	0.9641474406945357	2208.6238138250933	2002.8079029762664	2200.2329698544154	2001.2501825080485	2.20292635953538	12.116429880769457	12.182868976968354	1490.0904169483879	1478.073408276109	545.7254809012211
scaled_total	109	deviation_intercept[718]	0.9591162748512416	2114.1089264034576	1987.3844852231964	2114.5114451399886	1982.6973827830448	2.4059164319683215	12.19706719072053	12.221204762299719	1318.217741237637	1306.200732565358	547.1549447940114
scaled_total	109	deviation_intercept[719]	0.9575949978164284	3101.3179335677905	1958.9578117416086	3093.843828047583	1955.581657544577	2.027282985456834	12.340889532156403	12.152336741037294	4697.18757156842	4685.170562896142	547.5893893816238
scaled_total	109	deviation_intercept[720]	0.953648441918633	2929.632927490736	1964.5578368808326	2895.5788587189304	1964.7533949440551	2.195413229630249	12.355348609222867	12.181512681653196	3310.165999367601	3298.148990695322	548.7212849527856
scaled_total	109	deviation_load[701]	0.3967239880542563	2702.446325644462	2265.3719916091713	2705.751722027085	2228.8547783034733	0.33973054804437586	0.4856002755144043	0.46701186537297	-23.620256376445507	-23.230645490937306	22.75205050323415
scaled_total	109	deviation_load[702]	0.6049615627350231	2874.4864806294195	2368.0245507253376	2861.8425622080954	2351.188179349225	0.21646998683965069	0.38134836785926346	0.38670724369601306	-36.60137784527901	-36.21176695977081	18.424719406837628
scaled_total	109	deviation_load[703]	0.5559817483743552	3207.6091214604703	2325.160119699649	3192.4029427254527	2304.8506164363525	0.22666061671705925	0.4063837717673827	0.39250257616373263	-38.29751808442193	-37.90790719891372	19.219164594496036
scaled_total	109	deviation_load[704]	0.5054963940997006	2800.2448315824777	2187.0654512869287	2791.9404243685894	2145.3467412561954	0.26824856079148174	0.44488572683967004	0.4179001405734513	9.99393720615024	10.383548091658444	20.156064646950302
scaled_total	109	deviation_load[705]	0.45892798558029935	2291.330084985958	2162.8506289750912	2291.558263315845	2139.203706113191	0.32505330537366944	0.455865257877787	0.45644593158331154	-21.886491244355412	-21.496880358847207	21.15400012677305
scaled_total	109	deviation_load[706]	0.46923579437415763	2635.745801013077	2027.7320222565347	2632.3254542518853	2018.4529457333067	0.29706413940971227	0.4779698931626375	0.4369557644062406	-6.733516579099543	-6.343905693591339	20.920362557518693
scaled_total	109	deviation_load[707]	0.4295065504928548	2514.095166483645	2362.0245050231124	2528.967572518629	2357.459768654398	0.3284230110305198	0.4519888505169018	0.45885173128033635	-2.145694813771659	-1.7560839282634553	21.866530373009052
scaled_total	109	deviation_load[708]	0.3966193689345444	2594.1206366201386	2318.560425332349	2593.259594366859	2299.477999638524	0.3470967120736736	0.4741819493491961	0.4723974647020915	-24.883639588280523	-24.49402870277232	22.75505104069559
scaled_total	109	deviation_load[709]	0.35280652304312554	2885.835586188089	2583.9296153034948	2867.0723553851876	2543.9893100919376	0.3624884803703668	0.4781318766055676	0.4838193211580402	-44.556776249030605	-44.16716536352241	24.126619247442477
scaled_total	109	deviation_load[710]	0.31515421713191605	2101.997265421484	2295.419744011268	2098.6156309019784	2272.3600260613252	0.46114038034009114	0.5327815488722315	0.5615458017871855	-74.63945617100421	-74.24984528549601	25.527201831290864
scaled_total	109	deviation_load[711]	0.33095113821308264	2845.3314118632875	2457.34167501404	2844.7184492978504	2455.886212840653	0.3820252841861252	0.49984580686106667	0.49862466333114613	13.114805559934132	13.504416445442335	24.91052233145037
scaled_total	109	deviation_load[712]	0.27254674724892036	2397.203225026918	2197.4029363285117	2382.319412604372	2188.44398082125	0.4796747105955739	0.5924920546062922	0.5768631251081635	116.28508890253718	116.67469978804537	27.450121556410895
scaled_total	109	deviation_load[713]	0.2721325477818239	3268.292993251847	2477.902252596972	3258.9364881391093	2470.557875715558	0.41054685651822137	0.5516679140378349	0.5207993457384543	-14.044273311794143	-13.654662426285936	27.4710038484048
scaled_total	109	deviation_load[714]	0.24983772744667157	1822.2961009231883	2206.143319592362	1838.0474715936157	2206.2464243509503	0.5792086120223953	0.6052817571846952	0.661940974230723	-3.934785127791196	-3.5451742422829926	28.670532760910362
scaled_total	109	deviation_load[715]	0.21268456244443923	3140.1819551936173	2883.9264373017163	3139.999747253003	2856.901310923979	0.49204674877373633	0.5795307090863919	0.5871909741331295	-41.96814401632923	-41.57853313082102	31.07397339269775
scaled_total	109	deviation_load[716]	0.1392811794254312	2000.2215322683096	2262.5375976403607	2004.0492802434771	2245.107575765894	0.7957836409506099	0.8100936610593206	0.8578781034210038	-34.078178517136394	-33.68856763162819	38.398879864522705
scaled_total	109	deviation_load[717]	0.16259429465401	1912.8097576244381	1962.025148315942	1910.1862970967081	1945.2915320858815	0.7441186979768162	0.80071472001797	0.810182617564288	93.82390687086506	94.21351775637328	35.539566195469845
scaled_total	109	deviation_load[718]	0.14416782555450447	1518.394380591391	1420.5263378798734	1509.8564167601467	1426.0582184604589	0.8985806860936579	0.9869622353875751	0.954007592498696	113.10923241335291	113.49884329886112	37.74249441918439
scaled_total	109	deviation_load[719]	0.14601835283802136	3628.6083531298073	3296.141675798762	3624.4643304938486	3322.6153249990907	0.575656489222887	0.6539237745896588	0.6588350557681558	-31.424932591878225	-31.03532170637002	37.50257178675832
scaled_total	109	deviation_load[720]	0.1362282862519558	2359.6128497922073	2171.566551591708	2344.4478733368137	2158.30091197593	0.7452643128031213	0.8418049573747178	0.8112349431961852	44.594940266096046	44.98455115160425	38.82675783067564
scaled_total	109	population_intercept_at_load0	0.9988412696490172	2311.067788826607	1954.5452038533401	2319.384035944067	1955.1580040106571	0.37896803438297155	12.124576777122014	11.988036900824348	5460.446044227247	5472.463052899526	536.1640853088078
scaled_total	109	log_sigma_intercept_at_subject0	0.0	2430.0018737050227	2430.0018737050227	2420.8938211954287	2420.8938211954287	0.03998562893771683	0.03998562893771683	0.03998562893771683	-49.51554857928285	-49.51554857928285	1.9673960833098256
scaled_total	110	population_intercept_at_mean_load	0.9996576976501672	2161.7674328554267	1941.1336318409417	2160.1371108908093	1939.9834630930518	0.21373784664239545	12.033228616704257	12.005953038530793	5612.229526720526	5619.440401042625	536.9293551383676
scaled_total	110	population_load	0.8466342977270378	2404.1992203109944	1848.2417649015663	2393.0455044922455	1833.9213519596058	0.12468249661175866	0.36719828431421336	0.3438443864394914	58.796383937444425	58.92847429599175	15.574597955710724
scaled_total	110	log_tau_intercept	0.0	96.23366761153939	96.23366761153939	97.81627374144645	97.81627374144645	0.01504419246307368	0.01504419246307368	0.01504419246307368	7.80841151662559	7.80841151662559	0.14879023787333745
scaled_total	110	log_tau_load	0.0	479.5805611042053	479.5805611042053	481.02612287290737	481.02612287290737	0.009789408362429324	0.009789408362429324	0.009789408362429324	4.114200848931364	4.114200848931364	0.21470431681313978
scaled_total	110	log_sigma_intercept	0.0	2552.5210349493077	2552.5210349493077	2540.1069702828654	2540.1069702828654	0.0003025550874056596	0.0003025550874056596	0.0003025550874056596	6.051467865673198	6.051467865673198	0.01524861723367341
scaled_total	110	log_sigma_subj_slope	0.0	2428.477437618454	2428.477437618454	2416.950416422254	2416.950416422254	5.630648910889489e-5	5.630648910889489e-5	5.630648910889489e-5	0.07817775721679605	0.07817775721679605	0.002768167203984305
scaled_total	110	deviation_intercept[701]	0.9899874864012541	2855.943872515165	1935.679341374285	2837.529549304048	1932.97292109049	1.0116550857339712	12.106923184628814	12.024677042521082	-4850.894271597836	-4857.775690748279	538.5562943940457
scaled_total	110	deviation_intercept[702]	0.9953881431988053	2868.522810575422	1890.7249455777885	2848.1534142553405	1875.9434300452783	0.6834487360191706	12.235912746919128	12.00152132603231	-3911.900470322884	-3918.7818894733264	537.0932903907391
scaled_total	110	deviation_intercept[703]	0.9944951911100675	3112.7124013147213	1926.0625644136107	3088.299489783157	1914.1232288541469	0.7173911804120212	12.117040542823847	12.003502075235172	-3630.8160111524153	-3637.6974303028574	537.3343629322773
scaled_total	110	deviation_intercept[704]	0.993797444317413	2956.3858834719426	1833.003054723051	2936.243400257857	1820.0657376745662	0.7812433433408259	12.413671660619569	12.007487377713812	-648.2927639825789	-655.1741831330214	537.5229614967965
scaled_total	110	deviation_intercept[705]	0.9921529290292962	2297.5311865747376	1913.6550369028944	2293.0302185641194	1901.3540405310484	0.9951889618774102	12.235986633267446	12.023302917014309	-1344.7212379913112	-1351.602657141754	537.9682551141208
scaled_total	110	deviation_intercept[706]	0.9925253865104994	2420.390925933765	1866.4554796623	2429.392974189594	1862.6325929517227	0.9434537852982191	12.299565977658641	12.019131291796246	45.96363315870729	39.08221400826465	537.8673060072366
scaled_total	110	deviation_intercept[707]	0.9909719641337857	2495.7200321073788	1887.264522594631	2501.5836527046467	1885.4816453471115	1.0225967248331613	12.222715736126798	12.025602522372075	-81.67878582283463	-88.56020497327725	538.2887144600456
scaled_total	110	deviation_intercept[708]	0.9899164300464405	2491.6662350120832	1947.264071781532	2486.106971116383	1944.1466316548158	1.0846607989503658	12.12281909341917	12.031039066232882	-446.4757219909425	-453.35714114138517	538.5756228743531
scaled_total	110	deviation_intercept[709]	0.9880063511911401	2623.3426408519954	1934.0708242465566	2576.1350075380437	1929.666251283627	1.1632081722935708	12.093959617014434	12.038374691648897	-1138.7503156397543	-1145.631734790197	539.0959764074092
scaled_total	110	deviation_intercept[710]	0.9856597285749147	2314.3846458028265	1958.1522446205422	2307.692365179468	1956.9959712723453	1.3454643077529833	12.039119981763006	12.057349881623216	188.87192249121662	181.99050334077398	539.737324897063
scaled_total	110	deviation_intercept[711]	0.986215991931028	2942.2265111809334	1827.6849811831848	2943.873608098548	1824.462383491697	1.1675839533265622	12.423912872017853	12.038798289385358	-1730.139937079681	-1737.0213562301235	539.5850872299019
scaled_total	110	deviation_intercept[712]	0.9826836369105826	2644.729715273846	1843.953504188577	2667.2584111567903	1821.488463085276	1.377320119152409	12.515096313846138	12.060946176609203	1094.4198335528831	1087.5384144024401	540.5540136774912
scaled_total	110	deviation_intercept[713]	0.9811680916766534	2583.855397258422	1905.8076306573125	2588.173378524281	1904.8677667242123	1.4592333049966604	12.232631370005016	12.070574708888289	3894.1281414452596	3887.2467222948167	540.9713315438318
scaled_total	110	deviation_intercept[714]	0.9791998029256999	2058.2327248045594	1878.0981962159426	2073.3009860243915	1844.3356925857695	1.7151924159316563	12.524893887668714	12.104185102191375	153.6347148067947	146.75329565635212	541.5147616171037
scaled_total	110	deviation_intercept[715]	0.9741918545655674	2863.68549430064	1862.4108802764326	2852.605572491261	1846.994964123344	1.6329814343229745	12.516252799526447	12.092809447323878	918.0653175961547	911.1838984457122	542.9048377590682
scaled_total	110	deviation_intercept[716]	0.9552481608875353	2118.1217851649767	1993.9387507147367	2090.1099756951194	1980.4306718760586	2.5369314263350717	12.172510434932526	12.247670514280202	769.350224717394	762.4688055669511	548.2616307514148
scaled_total	110	deviation_intercept[717]	0.9641474406945357	2208.6238138250933	1779.8460241999994	2200.2329698544154	1768.5583259589484	2.20292635953538	12.800214264922415	12.182868976968354	1484.9548274265514	1478.073408276109	545.7254809012211
scaled_total	110	deviation_intercept[718]	0.9591162748512416	2114.1089264034576	1922.6273065922614	2114.5114451399886	1910.9923399616534	2.4059164319683215	12.258134773603068	12.221204762299719	1313.0821517158008	1306.200732565358	547.1549447940114
scaled_total	110	deviation_intercept[719]	0.9575949978164284	3101.3179335677905	2005.9744819561813	3093.843828047583	2003.4871045269326	2.027282985456834	12.087717335307913	12.152336741037294	4692.051982046585	4685.170562896142	547.5893893816238
scaled_total	110	deviation_intercept[720]	0.953648441918633	2929.632927490736	1849.909866561735	2895.5788587189304	1832.9373600609786	2.195413229630249	12.762978409340286	12.181512681653196	3305.030409845764	3298.148990695322	548.7212849527856
scaled_total	110	deviation_load[701]	0.3967239880542563	2702.446325644462	2288.975496420071	2705.751722027085	2286.195482188876	0.33973054804437586	0.48077212560342975	0.46701186537297	-23.098555132389965	-23.230645490937306	22.75205050323415
scaled_total	110	deviation_load[702]	0.6049615627350231	2874.4864806294195	2005.351016166598	2861.8425622080954	2004.586487438326	0.21646998683965069	0.4125827990197788	0.38670724369601306	-36.079676601223476	-36.21176695977081	18.424719406837628
scaled_total	110	deviation_load[703]	0.5559817483743552	3207.6091214604703	2328.707368249977	3192.4029427254527	2317.169846316762	0.22666061671705925	0.3939478353448836	0.39250257616373263	-37.77581684036637	-37.90790719891372	19.219164594496036
scaled_total	110	deviation_load[704]	0.5054963940997006	2800.2448315824777	2360.156616287131	2791.9404243685894	2364.2559838712164	0.26824856079148174	0.4131881528831293	0.4179001405734513	10.515638450205792	10.383548091658444	20.156064646950302
scaled_total	110	deviation_load[705]	0.45892798558029935	2291.330084985958	2150.5089158130954	2291.558263315845	2159.0101855194544	0.32505330537366944	0.4547984540236418	0.45644593158331154	-21.36479000029986	-21.496880358847207	21.15400012677305
scaled_total	110	deviation_load[706]	0.46923579437415763	2635.745801013077	2115.3727874444967	2632.3254542518853	2107.1976285781893	0.29706413940971227	0.46089818921377645	0.4369557644062406	-6.211815335043993	-6.343905693591339	20.920362557518693
scaled_total	110	deviation_load[707]	0.4295065504928548	2514.095166483645	1981.4007910727046	2528.967572518629	1986.806986892922	0.3284230110305198	0.49935811469451064	0.45885173128033635	-1.6239935697161085	-1.7560839282634553	21.866530373009052
scaled_total	110	deviation_load[708]	0.3966193689345444	2594.1206366201386	2266.2374241435887	2593.259594366859	2271.537162719504	0.3470967120736736	0.48005097855238144	0.4723974647020915	-24.361938344224974	-24.49402870277232	22.75505104069559
scaled_total	110	deviation_load[709]	0.35280652304312554	2885.835586188089	2290.884077899438	2867.0723553851876	2263.2634069717546	0.3624884803703668	0.5103383379263959	0.4838193211580402	-44.035075004975056	-44.16716536352241	24.126619247442477
scaled_total	110	deviation_load[710]	0.31515421713191605	2101.997265421484	1920.5339932207821	2098.6156309019784	1931.024163845565	0.46114038034009114	0.5851450808045593	0.5615458017871855	-74.11775492694866	-74.24984528549601	25.527201831290864
scaled_total	110	deviation_load[711]	0.33095113821308264	2845.3314118632875	2525.0158187876737	2844.7184492978504	2515.9997148372427	0.3820252841861252	0.5028943252207152	0.49862466333114613	13.63650680398968	13.504416445442335	24.91052233145037
scaled_total	110	deviation_load[712]	0.27254674724892036	2397.203225026918	2406.6045005839246	2382.319412604372	2404.230747533114	0.4796747105955739	0.5592432962464545	0.5768631251081635	116.80679014659272	116.67469978804537	27.450121556410895
scaled_total	110	deviation_load[713]	0.2721325477818239	3268.292993251847	2680.919983252759	3258.9364881391093	2672.9299331345564	0.41054685651822137	0.5319388577113416	0.5207993457384543	-13.52257206773859	-13.654662426285936	27.4710038484048
scaled_total	110	deviation_load[714]	0.24983772744667157	1822.2961009231883	1818.7099621981984	1838.0474715936157	1851.2474908126521	0.5792086120223953	0.6740408711323087	0.661940974230723	-3.413083883735646	-3.5451742422829926	28.670532760910362
scaled_total	110	deviation_load[715]	0.21268456244443923	3140.1819551936173	2715.078849337415	3139.999747253003	2685.993772062749	0.49204674877373633	0.6076434069301245	0.5871909741331295	-41.44644277227368	-41.57853313082102	31.07397339269775
scaled_total	110	deviation_load[716]	0.1392811794254312	2000.2215322683096	2135.7048099852836	2004.0492802434771	2122.3561149037937	0.7957836409506099	0.8272151291248705	0.8578781034210038	-33.556477273080844	-33.68856763162819	38.398879864522705
scaled_total	110	deviation_load[717]	0.16259429465401	1912.8097576244381	1945.9370285727855	1910.1862970967081	1925.6662304156973	0.7441186979768162	0.7979126780356941	0.810182617564288	94.34560811492064	94.21351775637328	35.539566195469845
scaled_total	110	deviation_load[718]	0.14416782555450447	1518.394380591391	1588.2817115405967	1509.8564167601467	1586.1795327214288	0.8985806860936579	0.9604564989867963	0.954007592498696	113.63093365740849	113.49884329886112	37.74249441918439
scaled_total	110	deviation_load[719]	0.14601835283802136	3628.6083531298073	2963.992471134709	3624.4643304938486	2968.5683917804517	0.575656489222887	0.6886675681858274	0.6588350557681558	-30.90323134782268	-31.03532170637002	37.50257178675832
scaled_total	110	deviation_load[720]	0.1362282862519558	2359.6128497922073	2321.654741392799	2344.4478733368137	2292.929271651458	0.7452643128031213	0.8097037120243877	0.8112349431961852	45.116641510151595	44.98455115160425	38.82675783067564
scaled_total	110	population_intercept_at_load0	0.9988412696490172	2311.067788826607	1905.2187287687761	2319.384035944067	1903.0207831156904	0.37896803438297155	12.133758326469568	11.988036900824348	5465.581633749084	5472.463052899526	536.1640853088078
scaled_total	110	log_sigma_intercept_at_subject0	0.0	2430.0018737050227	2430.0018737050227	2420.8938211954287	2420.8938211954287	0.03998562893771683	0.03998562893771683	0.03998562893771683	-49.51554857928285	-49.51554857928285	1.9673960833098256
scaled_total	111	population_intercept_at_mean_load	0.9996576976501672	2161.7674328554267	1934.5765920578897	2160.1371108908093	1918.2802499370298	0.21373784664239545	12.016648820224772	12.005953038530793	5594.990613721927	5619.440401042625	536.9293551383676
scaled_total	111	population_load	0.8466342977270378	2404.1992203109944	1995.376497286425	2393.0455044922455	1994.2741176788886	0.12468249661175866	0.3540040279442863	0.3438443864394914	59.217929341672544	58.92847429599175	15.574597955710724
scaled_total	111	log_tau_intercept	0.0	96.23366761153939	96.23366761153939	97.81627374144645	97.81627374144645	0.01504419246307368	0.01504419246307368	0.01504419246307368	7.80841151662559	7.80841151662559	0.14879023787333745
scaled_total	111	log_tau_load	0.0	479.5805611042053	479.5805611042053	481.02612287290737	481.02612287290737	0.009789408362429324	0.009789408362429324	0.009789408362429324	4.114200848931364	4.114200848931364	0.21470431681313978
scaled_total	111	log_sigma_intercept	0.0	2552.5210349493077	2552.5210349493077	2540.1069702828654	2540.1069702828654	0.0003025550874056596	0.0003025550874056596	0.0003025550874056596	6.051467865673198	6.051467865673198	0.01524861723367341
scaled_total	111	log_sigma_subj_slope	0.0	2428.477437618454	2428.477437618454	2416.950416422254	2416.950416422254	5.630648910889489e-5	5.630648910889489e-5	5.630648910889489e-5	0.07817775721679605	0.07817775721679605	0.002768167203984305
scaled_total	111	deviation_intercept[701]	0.9899874864012541	2855.943872515165	1923.2917983973753	2837.529549304048	1903.3864597928475	1.0116550857339712	12.059370720296416	12.024677042521082	-4832.6039547342025	-4857.775690748279	538.5562943940457
scaled_total	111	deviation_intercept[702]	0.9953881431988053	2868.522810575422	1972.8529590880314	2848.1534142553405	1963.7001446679305	0.6834487360191706	11.887277782548905	12.00152132603231	-3893.6101534592494	-3918.7818894733264	537.0932903907391
scaled_total	111	deviation_intercept[703]	0.9944951911100675	3112.7124013147213	1963.3099895505784	3088.299489783157	1943.7732070505253	0.7173911804120212	11.924221163311483	12.003502075235172	-3612.5256942887804	-3637.6974303028574	537.3343629322773
scaled_total	111	deviation_intercept[704]	0.993797444317413	2956.3858834719426	1937.2615938577546	2936.243400257857	1927.3384053962218	0.7812433433408259	11.993884074539572	12.007487377713812	-630.0024471189441	-655.1741831330214	537.5229614967965
scaled_total	111	deviation_intercept[705]	0.9921529290292962	2297.5311865747376	1922.7895291429327	2293.0302185641194	1909.6467167406865	0.9951889618774102	12.021521850087003	12.023302917014309	-1326.4309211276766	-1351.602657141754	537.9682551141208
scaled_total	111	deviation_intercept[706]	0.9925253865104994	2420.390925933765	1950.0210145879946	2429.392974189594	1935.8060880182018	0.9434537852982191	11.94786925294239	12.019131291796246	64.2539500223419	39.08221400826465	537.8673060072366
scaled_total	111	deviation_intercept[707]	0.9909719641337857	2495.7200321073788	1939.787006500504	2501.5836527046467	1931.4079213486075	1.0225967248331613	11.972359452371002	12.025602522372075	-63.38846895920002	-88.56020497327725	538.2887144600456
scaled_total	111	deviation_intercept[708]	0.9899164300464405	2491.6662350120832	1940.2152359937422	2486.106971116383	1933.0893408362563	1.0846607989503658	11.981219070627038	12.031039066232882	-428.1854051273079	-453.35714114138517	538.5756228743531
scaled_total	111	deviation_intercept[709]	0.9880063511911401	2623.3426408519954	1945.422681359026	2576.1350075380437	1933.3202690194871	1.1632081722935708	11.996808260505068	12.038374691648897	-1120.4599987761196	-1145.631734790197	539.0959764074092
scaled_total	111	deviation_intercept[710]	0.9856597285749147	2314.3846458028265	1923.1660295718136	2307.692365179468	1911.9711235023353	1.3454643077529833	12.081715900638255	12.057349881623216	207.16223935485124	181.99050334077398	539.737324897063
scaled_total	111	deviation_intercept[711]	0.986215991931028	2942.2265111809334	1953.6328848207504	2943.873608098548	1933.4569660430532	1.1675839533265622	12.003266967204686	12.038798289385358	-1711.8496202160466	-1737.0213562301235	539.5850872299019
scaled_total	111	deviation_intercept[712]	0.9826836369105826	2644.729715273846	1952.591900996935	2667.2584111567903	1940.7041990056898	1.377320119152409	12.035116225209764	12.060946176609203	1112.710150416517	1087.5384144024401	540.5540136774912
scaled_total	111	deviation_intercept[713]	0.9811680916766534	2583.855397258422	1942.1863794363242	2588.173378524281	1934.250811424973	1.4592333049966604	11.998966675330067	12.070574708888289	3912.418458308895	3887.2467222948167	540.9713315438318
scaled_total	111	deviation_intercept[714]	0.9791998029256999	2058.2327248045594	1959.49196259853	2073.3009860243915	1953.6866369020174	1.7151924159316563	12.03269151014325	12.104185102191375	171.92503167042935	146.75329565635212	541.5147616171037
scaled_total	111	deviation_intercept[715]	0.9741918545655674	2863.68549430064	1932.250283506672	2852.605572491261	1917.9999286161105	1.6329814343229745	12.013334561914506	12.092809447323878	936.3556344597894	911.1838984457122	542.9048377590682
scaled_total	111	deviation_intercept[716]	0.9552481608875353	2118.1217851649767	1971.6623372177366	2090.1099756951194	1968.064823708217	2.5369314263350717	12.099701146939346	12.247670514280202	787.6405415810286	762.4688055669511	548.2616307514148
scaled_total	111	deviation_intercept[717]	0.9641474406945357	2208.6238138250933	1944.1165771516698	2200.2329698544154	1940.4747346805225	2.20292635953538	12.200116855931888	12.182868976968354	1503.245144290186	1478.073408276109	545.7254809012211
scaled_total	111	deviation_intercept[718]	0.9591162748512416	2114.1089264034576	1875.229398720173	2114.5114451399886	1863.866864422922	2.4059164319683215	12.399314418160957	12.221204762299719	1331.3724685794352	1306.200732565358	547.1549447940114
scaled_total	111	deviation_intercept[719]	0.9575949978164284	3101.3179335677905	1966.1691435910036	3093.843828047583	1948.5190318588104	2.027282985456834	12.11738506156209	12.152336741037294	4710.342298910219	4685.170562896142	547.5893893816238
scaled_total	111	deviation_intercept[720]	0.953648441918633	2929.632927490736	1958.1591901910156	2895.5788587189304	1948.5364893835858	2.195413229630249	12.080998948808126	12.181512681653196	3323.3207267093994	3298.148990695322	548.7212849527856
scaled_total	111	deviation_load[701]	0.3967239880542563	2702.446325644462	2591.212211016104	2705.751722027085	2587.194397024599	0.33973054804437586	0.45521297192146903	0.46701186537297	-23.520100536618084	-23.230645490937306	22.75205050323415
scaled_total	111	deviation_load[702]	0.6049615627350231	2874.4864806294195	2254.8975464646724	2861.8425622080954	2269.6960050552057	0.21646998683965069	0.3928865741710955	0.38670724369601306	-36.501222005451595	-36.21176695977081	18.424719406837628
scaled_total	111	deviation_load[703]	0.5559817483743552	3207.6091214604703	2494.8139301799456	3192.4029427254527	2501.3601699229516	0.22666061671705925	0.39102604411037795	0.39250257616373263	-38.197362244594494	-37.90790719891372	19.219164594496036
scaled_total	111	deviation_load[704]	0.5054963940997006	2800.2448315824777	2263.710256604683	2791.9404243685894	2268.3415142224108	0.26824856079148174	0.4225627042373847	0.4179001405734513	10.094093045977667	10.383548091658444	20.156064646950302
scaled_total	111	deviation_load[705]	0.45892798558029935	2291.330084985958	2168.840806708747	2291.558263315845	2165.1176458208724	0.32505330537366944	0.46473553553506164	0.45644593158331154	-21.786335404527986	-21.496880358847207	21.15400012677305
scaled_total	111	deviation_load[706]	0.46923579437415763	2635.745801013077	2244.6956230936003	2632.3254542518853	2228.390224015229	0.29706413940971227	0.4467919048160917	0.4369557644062406	-6.633360739272117	-6.343905693591339	20.920362557518693
scaled_total	111	deviation_load[707]	0.4295065504928548	2514.095166483645	2274.8165817410586	2528.967572518629	2280.3414324996465	0.3284230110305198	0.46328154769356583	0.45885173128033635	-2.0455389739442325	-1.7560839282634553	21.866530373009052
scaled_total	111	deviation_load[708]	0.3966193689345444	2594.1206366201386	2412.583010351166	2593.259594366859	2409.4711126312313	0.3470967120736736	0.46370132985163764	0.4723974647020915	-24.783483748453097	-24.49402870277232	22.75505104069559
scaled_total	111	deviation_load[709]	0.35280652304312554	2885.835586188089	2438.685340743706	2867.0723553851876	2424.190914814427	0.3624884803703668	0.4933687946608356	0.4838193211580402	-44.456620409203175	-44.16716536352241	24.126619247442477
scaled_total	111	deviation_load[710]	0.31515421713191605	2101.997265421484	1835.9905932103788	2098.6156309019784	1832.3071889181704	0.46114038034009114	0.6068464038526515	0.5615458017871855	-74.53930033117678	-74.24984528549601	25.527201831290864
scaled_total	111	deviation_load[711]	0.33095113821308264	2845.3314118632875	2267.810520101019	2844.7184492978504	2274.833017466614	0.3820252841861252	0.5170031847015296	0.49862466333114613	13.214961399761556	13.504416445442335	24.91052233145037
scaled_total	111	deviation_load[712]	0.27254674724892036	2397.203225026918	2359.6115533579646	2382.319412604372	2347.991590476798	0.4796747105955739	0.5651676735334883	0.5768631251081635	116.38524474236459	116.67469978804537	27.450121556410895
scaled_total	111	deviation_load[713]	0.2721325477818239	3268.292993251847	2570.812094947992	3258.9364881391093	2551.535097545886	0.41054685651822137	0.5467103886462569	0.5207993457384543	-13.944117471966717	-13.654662426285936	27.4710038484048
scaled_total	111	deviation_load[714]	0.24983772744667157	1822.2961009231883	2065.261016518189	1838.0474715936157	2064.9777466645705	0.5792086120223953	0.6444023243827646	0.661940974230723	-3.8346292879637693	-3.5451742422829926	28.670532760910362
scaled_total	111	deviation_load[715]	0.21268456244443923	3140.1819551936173	2599.3139820586216	3139.999747253003	2587.5003543294442	0.49204674877373633	0.6112816343140166	0.5871909741331295	-41.867988176501804	-41.57853313082102	31.07397339269775
scaled_total	111	deviation_load[716]	0.1392811794254312	2000.2215322683096	1902.792305341419	2004.0492802434771	1900.2349621929275	0.7957836409506099	0.8923405857339003	0.8578781034210038	-33.978022677308964	-33.68856763162819	38.398879864522705
scaled_total	111	deviation_load[717]	0.16259429465401	1912.8097576244381	2036.3109913460557	1910.1862970967081	2023.4694031921188	0.7441186979768162	0.8015893997201142	0.810182617564288	93.92406271069248	94.21351775637328	35.539566195469845
scaled_total	111	deviation_load[718]	0.14416782555450447	1518.394380591391	1496.9030704423485	1509.8564167601467	1485.4992740904995	0.8985806860936579	0.9631516394613127	0.954007592498696	113.20938825318035	113.49884329886112	37.74249441918439
scaled_total	111	deviation_load[719]	0.14601835283802136	3628.6083531298073	3152.5997105709457	3624.4643304938486	3147.1701444211662	0.575656489222887	0.6593120779763768	0.6588350557681558	-31.3247767520508	-31.03532170637002	37.50257178675832
scaled_total	111	deviation_load[720]	0.1362282862519558	2359.6128497922073	2368.982942932975	2344.4478733368137	2381.210775621407	0.7452643128031213	0.7958950937436474	0.8112349431961852	44.695096105923454	44.98455115160425	38.82675783067564
scaled_total	111	population_intercept_at_load0	0.9988412696490172	2311.067788826607	1953.7872167486637	2319.384035944067	1936.1392090857398	0.37896803438297155	11.907896495490837	11.988036900824348	5447.291316885449	5472.463052899526	536.1640853088078
scaled_total	111	log_sigma_intercept_at_subject0	0.0	2430.0018737050227	2430.0018737050227	2420.8938211954287	2420.8938211954287	0.03998562893771683	0.03998562893771683	0.03998562893771683	-49.51554857928285	-49.51554857928285	1.9673960833098256
scaled_total	112	population_intercept_at_mean_load	0.9996576976501672	2161.7674328554267	1949.4227699520725	2160.1371108908093	1948.9170839716555	0.21373784664239545	12.068625101674968	12.005953038530793	5623.078024902713	5619.440401042625	536.9293551383676
scaled_total	112	population_load	0.8466342977270378	2404.1992203109944	2029.4961833722946	2393.0455044922455	2023.6408320131445	0.12468249661175866	0.34144217393679027	0.3438443864394914	58.57146472212784	58.92847429599175	15.574597955710724
scaled_total	112	log_tau_intercept	0.0	96.23366761153939	96.23366761153939	97.81627374144645	97.81627374144645	0.01504419246307368	0.01504419246307368	0.01504419246307368	7.80841151662559	7.80841151662559	0.14879023787333745
scaled_total	112	log_tau_load	0.0	479.5805611042053	479.5805611042053	481.02612287290737	481.02612287290737	0.009789408362429324	0.009789408362429324	0.009789408362429324	4.114200848931364	4.114200848931364	0.21470431681313978
scaled_total	112	log_sigma_intercept	0.0	2552.5210349493077	2552.5210349493077	2540.1069702828654	2540.1069702828654	0.0003025550874056596	0.0003025550874056596	0.0003025550874056596	6.051467865673198	6.051467865673198	0.01524861723367341
scaled_total	112	log_sigma_subj_slope	0.0	2428.477437618454	2428.477437618454	2416.950416422254	2416.950416422254	5.630648910889489e-5	5.630648910889489e-5	5.630648910889489e-5	0.07817775721679605	0.07817775721679605	0.002768167203984305
scaled_total	112	deviation_intercept[701]	0.9899874864012541	2855.943872515165	1945.6560248752412	2837.529549304048	1941.3891581301361	1.0116550857339712	12.146547408398892	12.024677042521082	-4862.303755453054	-4857.775690748279	538.5562943940457
scaled_total	112	deviation_intercept[702]	0.9953881431988053	2868.522810575422	1951.6915522031388	2848.1534142553405	1948.2032016503802	0.6834487360191706	12.093823513273545	12.00152132603231	-3923.3099541781007	-3918.7818894733264	537.0932903907391
scaled_total	112	deviation_intercept[703]	0.9944951911100675	3112.7124013147213	1938.2028587191676	3088.299489783157	1936.5139542886382	0.7173911804120212	12.116954062028851	12.003502075235172	-3642.2254950076313	-3637.6974303028574	537.3343629322773
scaled_total	112	deviation_intercept[704]	0.993797444317413	2956.3858834719426	1955.082959668473	2936.243400257857	1951.0681290249618	0.7812433433408259	12.06508083809624	12.007487377713812	-659.7022478377952	-655.1741831330214	537.5229614967965
scaled_total	112	deviation_intercept[705]	0.9921529290292962	2297.5311865747376	1946.7335819267573	2293.0302185641194	1942.6766922541424	0.9951889618774102	12.180208430609055	12.023302917014309	-1356.1307218465276	-1351.602657141754	537.9682551141208
scaled_total	112	deviation_intercept[706]	0.9925253865104994	2420.390925933765	1967.1310155785081	2429.392974189594	1965.295418766763	0.9434537852982191	12.046124995136605	12.019131291796246	34.5541493034908	39.08221400826465	537.8673060072366
scaled_total	112	deviation_intercept[707]	0.9909719641337857	2495.7200321073788	1939.9748300650706	2501.5836527046467	1937.8595312718408	1.0225967248331613	12.197172599056735	12.025602522372075	-93.0882696780511	-88.56020497327725	538.2887144600456
scaled_total	112	deviation_intercept[708]	0.9899164300464405	2491.6662350120832	1949.1241451757646	2486.106971116383	1943.519996403093	1.0846607989503658	12.142164991799577	12.031039066232882	-457.885205846159	-453.35714114138517	538.5756228743531
scaled_total	112	deviation_intercept[709]	0.9880063511911401	2623.3426408519954	1939.515673285656	2576.1350075380437	1938.3732171050935	1.1632081722935708	12.17572943220022	12.038374691648897	-1150.1597994949711	-1145.631734790197	539.0959764074092
scaled_total	112	deviation_intercept[710]	0.9856597285749147	2314.3846458028265	1935.8207546027675	2307.692365179468	1935.1390577836362	1.3454643077529833	12.174370896222342	12.057349881623216	177.46243863600012	181.99050334077398	539.737324897063
scaled_total	112	deviation_intercept[711]	0.986215991931028	2942.2265111809334	1950.022436766591	2943.873608098548	1951.9529869169835	1.1675839533265622	12.099854693435173	12.038798289385358	-1741.5494209348974	-1737.0213562301235	539.5850872299019
scaled_total	112	deviation_intercept[712]	0.9826836369105826	2644.729715273846	1969.1402156688146	2667.2584111567903	1964.7332234602477	1.377320119152409	12.07609245873416	12.060946176609203	1083.0103496976662	1087.5384144024401	540.5540136774912
scaled_total	112	deviation_intercept[713]	0.9811680916766534	2583.855397258422	1953.3497361824611	2588.173378524281	1947.9589851836383	1.4592333049966604	12.134368490082464	12.070574708888289	3882.7186575900428	3887.2467222948167	540.9713315438318
scaled_total	112	deviation_intercept[714]	0.9791998029256999	2058.2327248045594	1939.066371121666	2073.3009860243915	1937.671424655352	1.7151924159316563	12.155674715360274	12.104185102191375	142.22523095157823	146.75329565635212	541.5147616171037
scaled_total	112	deviation_intercept[715]	0.9741918545655674	2863.68549430064	1979.60761098173	2852.605572491261	1971.8549288098407	1.6329814343229745	12.132207525634156	12.092809447323878	906.6558337409382	911.1838984457122	542.9048377590682
scaled_total	112	deviation_intercept[716]	0.9552481608875353	2118.1217851649767	1930.7781191534255	2090.1099756951194	1932.114373992984	2.5369314263350717	12.361612645740513	12.247670514280202	757.9407408621774	762.4688055669511	548.2616307514148
scaled_total	112	deviation_intercept[717]	0.9641474406945357	2208.6238138250933	1970.4172143734347	2200.2329698544154	1969.7907786247497	2.20292635953538	12.18077176217607	12.182868976968354	1473.545343571335	1478.073408276109	545.7254809012211
scaled_total	112	deviation_intercept[718]	0.9591162748512416	2114.1089264034576	1961.1862705174385	2114.5114451399886	1955.333810951382	2.4059164319683215	12.236031770235964	12.221204762299719	1301.6726678605844	1306.200732565358	547.1549447940114
scaled_total	112	deviation_intercept[719]	0.9575949978164284	3101.3179335677905	1960.6526027031293	3093.843828047583	1958.8580897178847	2.027282985456834	12.32431696468285	12.152336741037294	4680.642498191368	4685.170562896142	547.5893893816238
scaled_total	112	deviation_intercept[720]	0.953648441918633	2929.632927490736	2049.935547874147	2895.5788587189304	2049.4729351719425	2.195413229630249	12.053150135125092	12.181512681653196	3293.620925990549	3298.148990695322	548.7212849527856
scaled_total	112	deviation_load[701]	0.3967239880542563	2702.446325644462	2651.2601727850233	2705.751722027085	2641.6933152739284	0.33973054804437586	0.4400991919322038	0.46701186537297	-22.873635917073386	-23.230645490937306	22.75205050323415
scaled_total	112	deviation_load[702]	0.6049615627350231	2874.4864806294195	2353.8286801573227	2861.8425622080954	2359.1480056706314	0.21646998683965069	0.3775868879156391	0.38670724369601306	-35.85475738590689	-36.21176695977081	18.424719406837628
scaled_total	112	deviation_load[703]	0.5559817483743552	3207.6091214604703	2403.260084326303	3192.4029427254527	2409.3913422983633	0.22666061671705925	0.3846371462876022	0.39250257616373263	-37.55089762504979	-37.90790719891372	19.219164594496036
scaled_total	112	deviation_load[704]	0.5054963940997006	2800.2448315824777	2291.1885197450183	2791.9404243685894	2290.0984635083882	0.26824856079148174	0.42021505252907415	0.4179001405734513	10.740557665522367	10.383548091658444	20.156064646950302
scaled_total	112	deviation_load[705]	0.45892798558029935	2291.330084985958	2238.504443982864	2291.558263315845	2253.6452877998768	0.32505330537366944	0.4455073383217751	0.45644593158331154	-21.13987078498329	-21.496880358847207	21.15400012677305
scaled_total	112	deviation_load[706]	0.46923579437415763	2635.745801013077	2212.044880669378	2632.3254542518853	2209.747895458577	0.29706413940971227	0.4399528040848339	0.4369557644062406	-5.986896119727418	-6.343905693591339	20.920362557518693
scaled_total	112	deviation_load[707]	0.4295065504928548	2514.095166483645	2247.718434623933	2528.967572518629	2250.270028614418	0.3284230110305198	0.4590166729197604	0.45885173128033635	-1.3990743543995336	-1.7560839282634553	21.866530373009052
scaled_total	112	deviation_load[708]	0.3966193689345444	2594.1206366201386	2392.0647712810655	2593.259594366859	2386.4698547657426	0.3470967120736736	0.47097713291596355	0.4723974647020915	-24.137019128908396	-24.49402870277232	22.75505104069559
scaled_total	112	deviation_load[709]	0.35280652304312554	2885.835586188089	2626.9092970516585	2867.0723553851876	2585.3968817534633	0.3624884803703668	0.47415268182375003	0.4838193211580402	-43.81015578965848	-44.16716536352241	24.126619247442477
scaled_total	112	deviation_load[710]	0.31515421713191605	2101.997265421484	2120.873757746936	2098.6156309019784	2117.7446004566373	0.46114038034009114	0.5570017521941437	0.5615458017871855	-73.89283571163209	-74.24984528549601	25.527201831290864
scaled_total	112	deviation_load[711]	0.33095113821308264	2845.3314118632875	2523.9185881198246	2844.7184492978504	2529.9137844380957	0.3820252841861252	0.4967068224340043	0.49862466333114613	13.86142601930626	13.504416445442335	24.91052233145037
scaled_total	112	deviation_load[712]	0.27254674724892036	2397.203225026918	2537.185195923091	2382.319412604372	2528.1041979725164	0.4796747105955739	0.5404596079427515	0.5768631251081635	117.0317093619093	116.67469978804537	27.450121556410895
scaled_total	112	deviation_load[713]	0.2721325477818239	3268.292993251847	2766.4159634979464	3258.9364881391093	2766.1522373541193	0.41054685651822137	0.5231286618673222	0.5207993457384543	-13.297652852422017	-13.654662426285936	27.4710038484048
scaled_total	112	deviation_load[714]	0.24983772744667157	1822.2961009231883	2082.5792983793685	1838.0474715936157	2097.477770502277	0.5792086120223953	0.6283809660859275	0.661940974230723	-3.18816466841907	-3.5451742422829926	28.670532760910362
scaled_total	112	deviation_load[715]	0.21268456244443923	3140.1819551936173	3081.136038135795	3139.999747253003	3103.8201954424494	0.49204674877373633	0.5574409666599206	0.5871909741331295	-41.221523556957095	-41.57853313082102	31.07397339269775
scaled_total	112	deviation_load[716]	0.1392811794254312	2000.2215322683096	2310.2180159825734	2004.0492802434771	2291.079338994081	0.7957836409506099	0.8000033327301849	0.8578781034210038	-33.331558057764276	-33.68856763162819	38.398879864522705
scaled_total	112	deviation_load[717]	0.16259429465401	1912.8097576244381	1897.3378365501474	1910.1862970967081	1895.4906876527014	0.7441186979768162	0.8160548480274462	0.810182617564288	94.5705273302372	94.21351775637328	35.539566195469845
scaled_total	112	deviation_load[718]	0.14416782555450447	1518.394380591391	1645.1715052102302	1509.8564167601467	1632.991776685132	0.8985806860936579	0.9379972377202542	0.954007592498696	113.85585287272502	113.49884329886112	37.74249441918439
scaled_total	112	deviation_load[719]	0.14601835283802136	3628.6083531298073	2946.7506621952357	3624.4643304938486	2956.3528322281245	0.575656489222887	0.6964066195339931	0.6588350557681558	-30.6783121325061	-31.03532170637002	37.50257178675832
scaled_total	112	deviation_load[720]	0.1362282862519558	2359.6128497922073	2440.565615671726	2344.4478733368137	2440.9126441832523	0.7452643128031213	0.780708780894196	0.8112349431961852	45.34156072546817	44.98455115160425	38.82675783067564
scaled_total	112	population_intercept_at_load0	0.9988412696490172	2311.067788826607	1941.490225461137	2319.384035944067	1940.3359881010786	0.37896803438297155	12.080072757667502	11.988036900824348	5476.9911176043	5472.463052899526	536.1640853088078
scaled_total	112	log_sigma_intercept_at_subject0	0.0	2430.0018737050227	2430.0018737050227	2420.8938211954287	2420.8938211954287	0.03998562893771683	0.03998562893771683	0.03998562893771683	-49.51554857928285	-49.51554857928285	1.9673960833098256
scaled_total	113	population_intercept_at_mean_load	0.9996576976501672	2161.7674328554267	1879.7968012195981	2160.1371108908093	1883.9969084487645	0.21373784664239545	12.640300325167912	12.005953038530793	5612.035402902187	5619.440401042625	536.9293551383676
scaled_total	113	population_load	0.8466342977270378	2404.1992203109944	2050.5868375469404	2393.0455044922455	2028.9333252024169	0.12468249661175866	0.34276858377257996	0.3438443864394914	58.75923566091269	58.92847429599175	15.574597955710724
scaled_total	113	log_tau_intercept	0.0	96.23366761153939	96.23366761153939	97.81627374144645	97.81627374144645	0.01504419246307368	0.01504419246307368	0.01504419246307368	7.80841151662559	7.80841151662559	0.14879023787333745
scaled_total	113	log_tau_load	0.0	479.5805611042053	479.5805611042053	481.02612287290737	481.02612287290737	0.009789408362429324	0.009789408362429324	0.009789408362429324	4.114200848931364	4.114200848931364	0.21470431681313978
scaled_total	113	log_sigma_intercept	0.0	2552.5210349493077	2552.5210349493077	2540.1069702828654	2540.1069702828654	0.0003025550874056596	0.0003025550874056596	0.0003025550874056596	6.051467865673198	6.051467865673198	0.01524861723367341
scaled_total	113	log_sigma_subj_slope	0.0	2428.477437618454	2428.477437618454	2416.950416422254	2416.950416422254	5.630648910889489e-5	5.630648910889489e-5	5.630648910889489e-5	0.07817775721679605	0.07817775721679605	0.002768167203984305
scaled_total	113	deviation_intercept[701]	0.9899874864012541	2855.943872515165	1863.9175426473075	2837.529549304048	1868.169326994191	1.0116550857339712	12.725067465452463	12.024677042521082	-4850.792801716969	-4857.775690748279	538.5562943940457
scaled_total	113	deviation_intercept[702]	0.9953881431988053	2868.522810575422	1882.9437264833082	2848.1534142553405	1886.6525705075624	0.6834487360191706	12.62146061142849	12.00152132603231	-3911.799000442016	-3918.7818894733264	537.0932903907391
scaled_total	113	deviation_intercept[703]	0.9944951911100675	3112.7124013147213	1877.0663371619737	3088.299489783157	1883.3621655243458	0.7173911804120212	12.595983815200375	12.003502075235172	-3630.714541271547	-3637.6974303028574	537.3343629322773
scaled_total	113	deviation_intercept[704]	0.993797444317413	2956.3858834719426	1884.262843919235	2936.243400257857	1891.3318992411216	0.7812433433408259	12.629801996085169	12.007487377713812	-648.1912941017109	-655.1741831330214	537.5229614967965
scaled_total	113	deviation_intercept[705]	0.9921529290292962	2297.5311865747376	1876.9751114073301	2293.0302185641194	1882.3334344302423	0.9951889618774102	12.63840865030063	12.023302917014309	-1344.6197681104434	-1351.602657141754	537.9682551141208
scaled_total	113	deviation_intercept[706]	0.9925253865104994	2420.390925933765	1865.2243911222445	2429.392974189594	1872.3105931975476	0.9434537852982191	12.67506581884099	12.019131291796246	46.06510303957519	39.08221400826465	537.8673060072366
scaled_total	113	deviation_intercept[707]	0.9909719641337857	2495.7200321073788	1869.4537320170218	2501.5836527046467	1875.78727783533	1.0225967248331613	12.65633447120214	12.025602522372075	-81.5773159419667	-88.56020497327725	538.2887144600456
scaled_total	113	deviation_intercept[708]	0.9899164300464405	2491.6662350120832	1884.4801361953603	2486.106971116383	1890.723728850817	1.0846607989503658	12.623020482229355	12.031039066232882	-446.3742521100746	-453.35714114138517	538.5756228743531
scaled_total	113	deviation_intercept[709]	0.9880063511911401	2623.3426408519954	1883.5164768109792	2576.1350075380437	1887.8957845565637	1.1632081722935708	12.67548632176386	12.038374691648897	-1138.6488457588866	-1145.631734790197	539.0959764074092
scaled_total	113	deviation_intercept[710]	0.9856597285749147	2314.3846458028265	1864.418485094401	2307.692365179468	1871.0519182436738	1.3454643077529833	12.735689399908017	12.057349881623216	188.97339237208453	181.99050334077398	539.737324897063
scaled_total	113	deviation_intercept[711]	0.986215991931028	2942.2265111809334	1893.399753329983	2943.873608098548	1896.640053538329	1.1675839533265622	12.650175069104625	12.038798289385358	-1730.038467198813	-1737.0213562301235	539.5850872299019
scaled_total	113	deviation_intercept[712]	0.9826836369105826	2644.729715273846	1902.0244405175563	2667.2584111567903	1906.5252911825817	1.377320119152409	12.622484517829779	12.060946176609203	1094.5213034337507	1087.5384144024401	540.5540136774912
scaled_total	113	deviation_intercept[713]	0.9811680916766534	2583.855397258422	1890.052800462778	2588.173378524281	1894.4936826718942	1.4592333049966604	12.638619395244223	12.070574708888289	3894.229611326128	3887.2467222948167	540.9713315438318
scaled_total	113	deviation_intercept[714]	0.9791998029256999	2058.2327248045594	1888.4146335444448	2073.3009860243915	1894.9486252185238	1.7151924159316563	12.673769063415572	12.104185102191375	153.73618468766264	146.75329565635212	541.5147616171037
scaled_total	113	deviation_intercept[715]	0.9741918545655674	2863.68549430064	1908.6219465841848	2852.605572491261	1910.5975545945842	1.6329814343229745	12.64146275261724	12.092809447323878	918.1667874770225	911.1838984457122	542.9048377590682
scaled_total	113	deviation_intercept[716]	0.9552481608875353	2118.1217851649767	1932.148714460442	2090.1099756951194	1932.1288417327505	2.5369314263350717	12.792547112106647	12.247670514280202	769.451694598262	762.4688055669511	548.2616307514148
scaled_total	113	deviation_intercept[717]	0.9641474406945357	2208.6238138250933	1870.158035394289	2200.2329698544154	1875.3838750371362	2.20292635953538	12.783602731647548	12.182868976968354	1485.056297307419	1478.073408276109	545.7254809012211
scaled_total	113	deviation_intercept[718]	0.9591162748512416	2114.1089264034576	1883.210618812479	2114.5114451399886	1889.8342849493818	2.4059164319683215	12.82902153987885	12.221204762299719	1313.1836215966684	1306.200732565358	547.1549447940114
scaled_total	113	deviation_intercept[719]	0.9575949978164284	3101.3179335677905	1893.482898913606	3093.843828047583	1896.225732182396	2.027282985456834	12.837962847874184	12.152336741037294	4692.153451927452	4685.170562896142	547.5893893816238
scaled_total	113	deviation_intercept[720]	0.953648441918633	2929.632927490736	1918.6875901545368	2895.5788587189304	1919.973728129138	2.195413229630249	12.809956170590228	12.181512681653196	3305.1318797266326	3298.148990695322	548.7212849527856
scaled_total	113	deviation_load[701]	0.3967239880542563	2702.446325644462	2393.808477657528	2705.751722027085	2393.1529838412	0.33973054804437586	0.4647215385710746	0.46701186537297	-23.061406855858223	-23.230645490937306	22.75205050323415
scaled_total	113	deviation_load[702]	0.6049615627350231	2874.4864806294195	2326.7193605462635	2861.8425622080954	2332.9436427917212	0.21646998683965069	0.38045515716353656	0.38670724369601306	-36.04252832469174	-36.21176695977081	18.424719406837628
scaled_total	113	deviation_load[703]	0.5559817483743552	3207.6091214604703	2229.5018662313796	3192.4029427254527	2223.701385590285	0.22666061671705925	0.41203215916005276	0.39250257616373263	-37.738668563834636	-37.90790719891372	19.219164594496036
scaled_total	113	deviation_load[704]	0.5054963940997006	2800.2448315824777	2308.444469629331	2791.9404243685894	2310.012110921348	0.26824856079148174	0.4223570108311105	0.4179001405734513	10.552786726737526	10.383548091658444	20.156064646950302
scaled_total	113	deviation_load[705]	0.45892798558029935	2291.330084985958	2010.0208749895248	2291.558263315845	2019.6178695016606	0.32505330537366944	0.4648755791842714	0.45644593158331154	-21.327641723768124	-21.496880358847207	21.15400012677305
scaled_total	113	deviation_load[706]	0.46923579437415763	2635.745801013077	2339.886566110995	2632.3254542518853	2337.0793975278852	0.29706413940971227	0.4392146725448351	0.4369557644062406	-6.174667058512258	-6.343905693591339	20.920362557518693
scaled_total	113	deviation_load[707]	0.4295065504928548	2514.095166483645	2040.1909077739394	2528.967572518629	2033.4764291944114	0.3284230110305198	0.4771554643466862	0.45885173128033635	-1.5868452931843726	-1.7560839282634553	21.866530373009052
scaled_total	113	deviation_load[708]	0.3966193689345444	2594.1206366201386	2425.1946797561277	2593.259594366859	2418.3550421051323	0.3470967120736736	0.4616574260090288	0.4723974647020915	-24.32479006769324	-24.49402870277232	22.75505104069559
scaled_total	113	deviation_load[709]	0.35280652304312554	2885.835586188089	2381.6897579956226	2867.0723553851876	2380.0440937347144	0.3624884803703668	0.49820534908089387	0.4838193211580402	-43.99792672844332	-44.16716536352241	24.126619247442477
scaled_total	113	deviation_load[710]	0.31515421713191605	2101.997265421484	1935.5400404218387	2098.6156309019784	1922.650809847894	0.46114038034009114	0.5864571203417571	0.5615458017871855	-74.08060665041694	-74.24984528549601	25.527201831290864
scaled_total	113	deviation_load[711]	0.33095113821308264	2845.3314118632875	2518.172325669261	2844.7184492978504	2524.340008789878	0.3820252841861252	0.4910375000739468	0.49862466333114613	13.673655080521417	13.504416445442335	24.91052233145037
scaled_total	113	deviation_load[712]	0.27254674724892036	2397.203225026918	2027.8912875427136	2382.319412604372	2017.004951487993	0.4796747105955739	0.6187474655088886	0.5768631251081635	116.84393842312447	116.67469978804537	27.450121556410895
scaled_total	113	deviation_load[713]	0.2721325477818239	3268.292993251847	2587.6550045955405	3258.9364881391093	2590.1875560503095	0.41054685651822137	0.5338756056903953	0.5207993457384543	-13.485423791206857	-13.654662426285936	27.4710038484048
scaled_total	113	deviation_load[714]	0.24983772744667157	1822.2961009231883	1803.125838061644	1838.0474715936157	1824.4625337374994	0.5792086120223953	0.6814724379586977	0.661940974230723	-3.3759356072039095	-3.5451742422829926	28.670532760910362
scaled_total	113	deviation_load[715]	0.21268456244443923	3140.1819551936173	2958.624813674489	3139.999747253003	2951.3823131705735	0.49204674877373633	0.5784357797312277	0.5871909741331295	-41.40929449574194	-41.57853313082102	31.07397339269775
scaled_total	113	deviation_load[716]	0.1392811794254312	2000.2215322683096	2196.3600331006855	2004.0492802434771	2229.991670736245	0.7957836409506099	0.805489100262837	0.8578781034210038	-33.51932899654911	-33.68856763162819	38.398879864522705
scaled_total	113	deviation_load[717]	0.16259429465401	1912.8097576244381	1853.9497910298305	1910.1862970967081	1831.7831935808942	0.7441186979768162	0.8342077636081867	0.810182617564288	94.38275639145235	94.21351775637328	35.539566195469845
scaled_total	113	deviation_load[718]	0.14416782555450447	1518.394380591391	1589.3420529348296	1509.8564167601467	1590.623882007142	0.8985806860936579	0.954983950488851	0.954007592498696	113.66808193394021	113.49884329886112	37.74249441918439
scaled_total	113	deviation_load[719]	0.14601835283802136	3628.6083531298073	2948.2210444312873	3624.4643304938486	2970.622032631921	0.575656489222887	0.691561640110549	0.6588350557681558	-30.866083071290937	-31.03532170637002	37.50257178675832
scaled_total	113	deviation_load[720]	0.1362282862519558	2359.6128497922073	2275.287008695325	2344.4478733368137	2266.3000681543544	0.7452643128031213	0.8091495699174609	0.8112349431961852	45.15378978668334	44.98455115160425	38.82675783067564
scaled_total	113	population_intercept_at_load0	0.9988412696490172	2311.067788826607	1877.4867975379782	2319.384035944067	1882.196815708727	0.37896803438297155	12.610476973389613	11.988036900824348	5465.480163868215	5472.463052899526	536.1640853088078
scaled_total	113	log_sigma_intercept_at_subject0	0.0	2430.0018737050227	2430.0018737050227	2420.8938211954287	2420.8938211954287	0.03998562893771683	0.03998562893771683	0.03998562893771683	-49.51554857928285	-49.51554857928285	1.9673960833098256
scaled_total	114	population_intercept_at_mean_load	0.9996576976501672	2161.7674328554267	2073.3316373749085	2160.1371108908093	2072.877387226629	0.21373784664239545	11.662559877162625	12.005953038530793	5615.057208857481	5619.440401042625	536.9293551383676
scaled_total	114	population_load	0.8466342977270378	2404.1992203109944	2180.921884435888	2393.0455044922455	2179.828950592321	0.12468249661175866	0.331335245140311	0.3438443864394914	59.122519511082324	58.92847429599175	15.574597955710724
scaled_total	114	log_tau_intercept	0.0	96.23366761153939	96.23366761153939	97.81627374144645	97.81627374144645	0.01504419246307368	0.01504419246307368	0.01504419246307368	7.80841151662559	7.80841151662559	0.14879023787333745
scaled_total	114	log_tau_load	0.0	479.5805611042053	479.5805611042053	481.02612287290737	481.02612287290737	0.009789408362429324	0.009789408362429324	0.009789408362429324	4.114200848931364	4.114200848931364	0.21470431681313978
scaled_total	114	log_sigma_intercept	0.0	2552.5210349493077	2552.5210349493077	2540.1069702828654	2540.1069702828654	0.0003025550874056596	0.0003025550874056596	0.0003025550874056596	6.051467865673198	6.051467865673198	0.01524861723367341
scaled_total	114	log_sigma_subj_slope	0.0	2428.477437618454	2428.477437618454	2416.950416422254	2416.950416422254	5.630648910889489e-5	5.630648910889489e-5	5.630648910889489e-5	0.07817775721679605	0.07817775721679605	0.002768167203984305
scaled_total	114	deviation_intercept[701]	0.9899874864012541	2855.943872515165	2108.5634927047554	2837.529549304048	2107.8045163240517	1.0116550857339712	11.61755750786706	12.024677042521082	-4852.908517746141	-4857.775690748279	538.5562943940457
scaled_total	114	deviation_intercept[702]	0.9953881431988053	2868.522810575422	2071.648533543562	2848.1534142553405	2070.3501988157923	0.6834487360191706	11.639475855935077	12.00152132603231	-3913.9147164711885	-3918.7818894733264	537.0932903907391
scaled_total	114	deviation_intercept[703]	0.9944951911100675	3112.7124013147213	2092.710850417447	3088.299489783157	2092.3354997039564	0.7173911804120212	11.655668513021837	12.003502075235172	-3632.8302573007195	-3637.6974303028574	537.3343629322773
scaled_total	114	deviation_intercept[704]	0.993797444317413	2956.3858834719426	2101.4355315547023	2936.243400257857	2102.1430390138157	0.7812433433408259	11.641630120091158	12.007487377713812	-650.3070101308841	-655.1741831330214	537.5229614967965
scaled_total	114	deviation_intercept[705]	0.9921529290292962	2297.5311865747376	2069.01241579058	2293.0302185641194	2067.015209903536	0.9951889618774102	11.69980264867665	12.023302917014309	-1346.7354841396161	-1351.602657141754	537.9682551141208
scaled_total	114	deviation_intercept[706]	0.9925253865104994	2420.390925933765	2092.0554174927124	2429.392974189594	2090.217771194155	0.9434537852982191	11.684531538961204	12.019131291796246	43.94938701040194	39.08221400826465	537.8673060072366
scaled_total	114	deviation_intercept[707]	0.9909719641337857	2495.7200321073788	2101.1297367366947	2501.5836527046467	2100.0974033328366	1.0225967248331613	11.650474829231927	12.025602522372075	-83.69303197113997	-88.56020497327725	538.2887144600456
scaled_total	114	deviation_intercept[708]	0.9899164300464405	2491.6662350120832	2094.9450857476845	2486.106971116383	2094.0603262529744	1.0846607989503658	11.694396433747377	12.031039066232882	-448.48996813924794	-453.35714114138517	538.5756228743531
scaled_total	114	deviation_intercept[709]	0.9880063511911401	2623.3426408519954	2083.203059993007	2576.1350075380437	2082.17491898813	1.1632081722935708	11.738535071589794	12.038374691648897	-1140.7645617880596	-1145.631734790197	539.0959764074092
scaled_total	114	deviation_intercept[710]	0.9856597285749147	2314.3846458028265	2068.958644048509	2307.692365179468	2069.717968951532	1.3454643077529833	11.761399360085933	12.057349881623216	186.85767634291125	181.99050334077398	539.737324897063
scaled_total	114	deviation_intercept[711]	0.986215991931028	2942.2265111809334	2060.5806095446	2943.873608098548	2060.695161917825	1.1675839533265622	11.839788348539392	12.038798289385358	-1732.154183227986	-1737.0213562301235	539.5850872299019
scaled_total	114	deviation_intercept[712]	0.9826836369105826	2644.729715273846	2102.154048103678	2667.2584111567903	2106.110042633392	1.377320119152409	11.736941397736656	12.060946176609203	1092.4055874045778	1087.5384144024401	540.5540136774912
scaled_total	114	deviation_intercept[713]	0.9811680916766534	2583.855397258422	2073.9091876523203	2588.173378524281	2072.026057430554	1.4592333049966604	11.778571360175178	12.070574708888289	3892.1138952969545	3887.2467222948167	540.9713315438318
scaled_total	114	deviation_intercept[714]	0.9791998029256999	2058.2327248045594	2087.720680959124	2073.3009860243915	2085.396395436732	1.7151924159316563	11.761495536527027	12.104185102191375	151.6204686584894	146.75329565635212	541.5147616171037
scaled_total	114	deviation_intercept[715]	0.9741918545655674	2863.68549430064	2093.593422362405	2852.605572491261	2101.3233884657934	1.6329814343229745	11.679237897451081	12.092809447323878	916.0510714478494	911.1838984457122	542.9048377590682
scaled_total	114	deviation_intercept[716]	0.9552481608875353	2118.1217851649767	2135.106741483787	2090.1099756951194	2134.176014847763	2.5369314263350717	11.701007241346334	12.247670514280202	767.3359785690885	762.4688055669511	548.2616307514148
scaled_total	114	deviation_intercept[717]	0.9641474406945357	2208.6238138250933	2091.3341325335055	2200.2329698544154	2093.1015777697435	2.20292635953538	11.908412202919399	12.182868976968354	1482.9405812782459	1478.073408276109	545.7254809012211
scaled_total	114	deviation_intercept[718]	0.9591162748512416	2114.1089264034576	2088.258498784411	2114.5114451399886	2090.179254852901	2.4059164319683215	11.853659949543056	12.221204762299719	1311.0679055674957	1306.200732565358	547.1549447940114
scaled_total	114	deviation_intercept[719]	0.9575949978164284	3101.3179335677905	2137.601792267834	3093.843828047583	2142.0898637529235	2.027282985456834	11.80779294292459	12.152336741037294	4690.0377358982805	4685.170562896142	547.5893893816238
scaled_total	114	deviation_intercept[720]	0.953648441918633	2929.632927490736	2128.3966593645887	2895.5788587189304	2133.613025128575	2.195413229630249	11.809919238499196	12.181512681653196	3303.0161636974594	3298.148990695322	548.7212849527856
scaled_total	114	deviation_load[701]	0.3967239880542563	2702.446325644462	2569.749659833258	2705.751722027085	2564.1310693650325	0.33973054804437586	0.4513154565372713	0.46701186537297	-23.42469070602786	-23.230645490937306	22.75205050323415
scaled_total	114	deviation_load[702]	0.6049615627350231	2874.4864806294195	2521.4631987190023	2861.8425622080954	2509.5603485487854	0.21646998683965069	0.3711718311879723	0.38670724369601306	-36.405812174861374	-36.21176695977081	18.424719406837628
scaled_total	114	deviation_load[703]	0.5559817483743552	3207.6091214604703	2706.4601189050163	3192.4029427254527	2714.9943856906953	0.22666061671705925	0.3690938568104047	0.39250257616373263	-38.10195241400429	-37.90790719891372	19.219164594496036
scaled_total	114	deviation_load[704]	0.5054963940997006	2800.2448315824777	2475.78971930511	2791.9404243685894	2478.895297281648	0.26824856079148174	0.3990320897857797	0.4179001405734513	10.18950287656788	10.383548091658444	20.156064646950302
scaled_total	114	deviation_load[705]	0.45892798558029935	2291.330084985958	2462.7685922356727	2291.558263315845	2451.3889428497246	0.32505330537366944	0.4214746174444683	0.45644593158331154	-21.69092557393777	-21.496880358847207	21.15400012677305
scaled_total	114	deviation_load[706]	0.46923579437415763	2635.745801013077	2276.5549534092515	2632.3254542518853	2279.9519718475963	0.29706413940971227	0.43457535530380226	0.4369557644062406	-6.537950908681898	-6.343905693591339	20.920362557518693
scaled_total	114	deviation_load[707]	0.4295065504928548	2514.095166483645	2242.9009820208985	2528.967572518629	2245.481882484206	0.3284230110305198	0.4600053833298297	0.45885173128033635	-1.9501291433540158	-1.7560839282634553	21.866530373009052
scaled_total	114	deviation_load[708]	0.3966193689345444	2594.1206366201386	2522.851826916959	2593.259594366859	2525.2945792768564	0.3470967120736736	0.4471097217673142	0.4723974647020915	-24.68807391786288	-24.49402870277232	22.75505104069559
scaled_total	114	deviation_load[709]	0.35280652304312554	2885.835586188089	2491.948908247944	2867.0723553851876	2495.2361607129424	0.3624884803703668	0.4746145787332551	0.4838193211580402	-44.36121057861296	-44.16716536352241	24.126619247442477
scaled_total	114	deviation_load[710]	0.31515421713191605	2101.997265421484	2119.7605652555435	2098.6156309019784	2137.7244092391934	0.46114038034009114	0.5427939191862206	0.5615458017871855	-74.44389050058656	-74.24984528549601	25.527201831290864
scaled_total	114	deviation_load[711]	0.33095113821308264	2845.3314118632875	3018.426838629438	2844.7184492978504	3001.549824664637	0.3820252841861252	0.45505117600353095	0.49862466333114613	13.310371230351777	13.504416445442335	24.91052233145037
scaled_total	114	deviation_load[712]	0.27254674724892036	2397.203225026918	2296.2154477494228	2382.319412604372	2251.2398165435093	0.4796747105955739	0.5790764887586372	0.5768631251081635	116.4806545729548	116.67469978804537	27.450121556410895
scaled_total	114	deviation_load[713]	0.2721325477818239	3268.292993251847	2663.8408963286824	3258.9364881391093	2669.087234968335	0.41054685651822137	0.5291302390889477	0.5207993457384543	-13.8487076413765	-13.654662426285936	27.4710038484048
scaled_total	114	deviation_load[714]	0.24983772744667157	1822.2961009231883	2211.0669567929317	1838.0474715936157	2214.0190187322323	0.5792086120223953	0.5974449903422224	0.661940974230723	-3.7392194573735527	-3.5451742422829926	28.670532760910362
scaled_total	114	deviation_load[715]	0.21268456244443923	3140.1819551936173	2637.415733562835	3139.999747253003	2642.1813609180635	0.49204674877373633	0.6029075204364921	0.5871909741331295	-41.772578345911576	-41.57853313082102	31.07397339269775
scaled_total	114	deviation_load[716]	0.1392811794254312	2000.2215322683096	2254.7769287285246	2004.0492802434771	2252.757427297207	0.7957836409506099	0.8151021580493736	0.8578781034210038	-33.88261284671875	-33.68856763162819	38.398879864522705
scaled_total	114	deviation_load[717]	0.16259429465401	1912.8097576244381	1645.3426227758043	1910.1862970967081	1651.9672241068552	0.7441186979768162	0.8781710976336213	0.810182617564288	94.01947254128271	94.21351775637328	35.539566195469845
scaled_total	114	deviation_load[718]	0.14416782555450447	1518.394380591391	1547.5393197164997	1509.8564167601467	1530.8052585601263	0.8985806860936579	0.9726296502171156	0.954007592498696	113.30479808377058	113.49884329886112	37.74249441918439
scaled_total	114	deviation_load[719]	0.14601835283802136	3628.6083531298073	3312.942099338399	3624.4643304938486	3315.1033945317276	0.575656489222887	0.6539883769493994	0.6588350557681558	-31.22936692146058	-31.03532170637002	37.50257178675832
scaled_total	114	deviation_load[720]	0.1362282862519558	2359.6128497922073	2301.639536154256	2344.4478733368137	2287.3403582911706	0.7452643128031213	0.80787232430744	0.8112349431961852	44.79050593651368	44.98455115160425	38.82675783067564
scaled_total	114	population_intercept_at_load0	0.9988412696490172	2311.067788826607	2080.3315244143514	2319.384035944067	2080.4063228434206	0.37896803438297155	11.643318635142858	11.988036900824348	5467.595879897389	5472.463052899526	536.1640853088078
scaled_total	114	log_sigma_intercept_at_subject0	0.0	2430.0018737050227	2430.0018737050227	2420.8938211954287	2420.8938211954287	0.03998562893771683	0.03998562893771683	0.03998562893771683	-49.51554857928285	-49.51554857928285	1.9673960833098256
scaled_total	115	population_intercept_at_mean_load	0.9996576976501672	2161.7674328554267	2072.6391933059735	2160.1371108908093	2072.8135747957963	0.21373784664239545	11.698901126416738	12.005953038530793	5623.680604577493	5619.440401042625	536.9293551383676
scaled_total	115	population_load	0.8466342977270378	2404.1992203109944	2108.6416394135053	2393.0455044922455	2105.7640248703206	0.12468249661175866	0.33999785739089355	0.3438443864394914	59.02438306304165	58.92847429599175	15.574597955710724
scaled_total	115	log_tau_intercept	0.0	96.23366761153939	96.23366761153939	97.81627374144645	97.81627374144645	0.01504419246307368	0.01504419246307368	0.01504419246307368	7.80841151662559	7.80841151662559	0.14879023787333745
scaled_total	115	log_tau_load	0.0	479.5805611042053	479.5805611042053	481.02612287290737	481.02612287290737	0.009789408362429324	0.009789408362429324	0.009789408362429324	4.114200848931364	4.114200848931364	0.21470431681313978
scaled_total	115	log_sigma_intercept	0.0	2552.5210349493077	2552.5210349493077	2540.1069702828654	2540.1069702828654	0.0003025550874056596	0.0003025550874056596	0.0003025550874056596	6.051467865673198	6.051467865673198	0.01524861723367341
scaled_total	115	log_sigma_subj_slope	0.0	2428.477437618454	2428.477437618454	2416.950416422254	2416.950416422254	5.630648910889489e-5	5.630648910889489e-5	5.630648910889489e-5	0.07817775721679605	0.07817775721679605	0.002768167203984305
scaled_total	115	deviation_intercept[701]	0.9899874864012541	2855.943872515165	2104.1064988963535	2837.529549304048	2106.6389886529064	1.0116550857339712	11.636779257463868	12.024677042521082	-4861.7766819768185	-4857.775690748279	538.5562943940457
scaled_total	115	deviation_intercept[702]	0.9953881431988053	2868.522810575422	2074.926593295333	2848.1534142553405	2077.8898624618278	0.6834487360191706	11.730725781885788	12.00152132603231	-3922.7828807018664	-3918.7818894733264	537.0932903907391
scaled_total	115	deviation_intercept[703]	0.9944951911100675	3112.7124013147213	2085.905427826503	3088.299489783157	2087.041505453562	0.7173911804120212	11.682862662774449	12.003502075235172	-3641.698421531397	-3637.6974303028574	537.3343629322773
scaled_total	115	deviation_intercept[704]	0.993797444317413	2956.3858834719426	2098.634465781243	2936.243400257857	2097.2824056632658	0.7812433433408259	11.692058943337786	12.007487377713812	-659.1751743615611	-655.1741831330214	537.5229614967965
scaled_total	115	deviation_intercept[705]	0.9921529290292962	2297.5311865747376	2102.372470937871	2293.0302185641194	2102.3023313130907	0.9951889618774102	11.68662976233861	12.023302917014309	-1355.6036483702935	-1351.602657141754	537.9682551141208
scaled_total	115	deviation_intercept[706]	0.9925253865104994	2420.390925933765	2085.631967688921	2429.392974189594	2090.966308961082	0.9434537852982191	11.702074452783856	12.019131291796246	35.081222779725	39.08221400826465	537.8673060072366
scaled_total	115	deviation_intercept[707]	0.9909719641337857	2495.7200321073788	2100.012972255714	2501.5836527046467	2100.252706216467	1.0225967248331613	11.716528515166619	12.025602522372075	-92.56119620181693	-88.56020497327725	538.2887144600456
scaled_total	115	deviation_intercept[708]	0.9899164300464405	2491.6662350120832	2094.86175592985	2486.106971116383	2091.856293434809	1.0846607989503658	11.674603394677584	12.031039066232882	-457.3581323699248	-453.35714114138517	538.5756228743531
scaled_total	115	deviation_intercept[709]	0.9880063511911401	2623.3426408519954	2079.9084467883777	2576.1350075380437	2083.921502697458	1.1632081722935708	11.751513287773532	12.038374691648897	-1149.6327260187365	-1145.631734790197	539.0959764074092
scaled_total	115	deviation_intercept[710]	0.9856597285749147	2314.3846458028265	2077.8192326506264	2307.692365179468	2082.394413747274	1.3454643077529833	11.746659839217285	12.057349881623216	177.9895121122343	181.99050334077398	539.737324897063
scaled_total	115	deviation_intercept[711]	0.986215991931028	2942.2265111809334	2095.2621348902107	2943.873608098548	2094.8785104050967	1.1675839533265622	11.753391447953302	12.038798289385358	-1741.0223474586633	-1737.0213562301235	539.5850872299019
scaled_total	115	deviation_intercept[712]	0.9826836369105826	2644.729715273846	2087.5040503927075	2667.2584111567903	2090.007676916801	1.377320119152409	11.733062781567499	12.060946176609203	1083.537423173901	1087.5384144024401	540.5540136774912
scaled_total	115	deviation_intercept[713]	0.9811680916766534	2583.855397258422	2060.8211096071473	2588.173378524281	2062.0342118393737	1.4592333049966604	11.846457133438143	12.070574708888289	3883.2457310662776	3887.2467222948167	540.9713315438318
scaled_total	115	deviation_intercept[714]	0.9791998029256999	2058.2327248045594	2046.6444831586803	2073.3009860243915	2050.480557066379	1.7151924159316563	11.90694000320389	12.104185102191375	142.75230442781245	146.75329565635212	541.5147616171037
scaled_total	115	deviation_intercept[715]	0.9741918545655674	2863.68549430064	2069.067625750988	2852.605572491261	2065.4951677246418	1.6329814343229745	11.858865164045891	12.092809447323878	907.1829072171724	911.1838984457122	542.9048377590682
scaled_total	115	deviation_intercept[716]	0.9552481608875353	2118.1217851649767	2093.0157823897794	2090.1099756951194	2100.7152850046705	2.5369314263350717	11.907775600175867	12.247670514280202	758.4678143384117	762.4688055669511	548.2616307514148
scaled_total	115	deviation_intercept[717]	0.9641474406945357	2208.6238138250933	2144.2556757528014	2200.2329698544154	2145.7209486189386	2.20292635953538	11.815816360165371	12.182868976968354	1474.0724170475692	1478.073408276109	545.7254809012211
scaled_total	115	deviation_intercept[718]	0.9591162748512416	2114.1089264034576	2084.3345124529205	2114.5114451399886	2083.707212513738	2.4059164319683215	11.84299258120032	12.221204762299719	1302.1997413368183	1306.200732565358	547.1549447940114
scaled_total	115	deviation_intercept[719]	0.9575949978164284	3101.3179335677905	2115.248076578702	3093.843828047583	2115.1552678618164	2.027282985456834	11.912974012910496	12.152336741037294	4681.169571667602	4685.170562896142	547.5893893816238
scaled_total	115	deviation_intercept[720]	0.953648441918633	2929.632927490736	2126.8627126134606	2895.5788587189304	2127.5407956960075	2.195413229630249	11.816899074547884	12.181512681653196	3294.1479994667825	3298.148990695322	548.7212849527856
scaled_total	115	deviation_load[701]	0.3967239880542563	2702.446325644462	2535.3494131835328	2705.751722027085	2545.005737053498	0.33973054804437586	0.44172287602501353	0.46701186537297	-23.32655425798719	-23.230645490937306	22.75205050323415
scaled_total	115	deviation_load[702]	0.6049615627350231	2874.4864806294195	2424.420180186544	2861.8425622080954	2430.2893284401507	0.21646998683965069	0.37281560933996594	0.38670724369601306	-36.307675726820705	-36.21176695977081	18.424719406837628
scaled_total	115	deviation_load[703]	0.5559817483743552	3207.6091214604703	2341.924633571274	3192.4029427254527	2336.717442931323	0.22666061671705925	0.3935138188293723	0.39250257616373263	-38.003815965963604	-37.90790719891372	19.219164594496036
scaled_total	115	deviation_load[704]	0.5054963940997006	2800.2448315824777	2322.392507895382	2791.9404243685894	2311.6717481942596	0.26824856079148174	0.4198046243216392	0.4179001405734513	10.287639324608557	10.383548091658444	20.156064646950302
scaled_total	115	deviation_load[705]	0.45892798558029935	2291.330084985958	2362.7453891572254	2291.558263315845	2350.98368370658	0.32505330537366944	0.431943786443949	0.45644593158331154	-21.592789125897095	-21.496880358847207	21.15400012677305
scaled_total	115	deviation_load[706]	0.46923579437415763	2635.745801013077	2290.061667216423	2632.3254542518853	2283.741043531395	0.29706413940971227	0.4450374461672155	0.4369557644062406	-6.439814460641226	-6.343905693591339	20.920362557518693
scaled_total	115	deviation_load[707]	0.4295065504928548	2514.095166483645	2309.4046046296044	2528.967572518629	2296.078314605165	0.3284230110305198	0.4663153837001445	0.45885173128033635	-1.8519926953133417	-1.7560839282634553	21.866530373009052
scaled_total	115	deviation_load[708]	0.3966193689345444	2594.1206366201386	2411.9966017150923	2593.259594366859	2400.795031208793	0.3470967120736736	0.4669214072845504	0.4723974647020915	-24.58993746982221	-24.49402870277232	22.75505104069559
scaled_total	115	deviation_load[709]	0.35280652304312554	2885.835586188089	2607.0249446080834	2867.0723553851876	2558.9719478037173	0.3624884803703668	0.4750786353566964	0.4838193211580402	-44.263074130572285	-44.16716536352241	24.126619247442477
scaled_total	115	deviation_load[710]	0.31515421713191605	2101.997265421484	2217.2369510889694	2098.6156309019784	2218.8116002934507	0.46114038034009114	0.5453203980746639	0.5615458017871855	-74.3457540525459	-74.24984528549601	25.527201831290864
scaled_total	115	deviation_load[711]	0.33095113821308264	2845.3314118632875	2598.7879419171472	2844.7184492978504	2579.4974462652704	0.3820252841861252	0.4845491766611476	0.49862466333114613	13.40850767839245	13.504416445442335	24.91052233145037
scaled_total	115	deviation_load[712]	0.27254674724892036	2397.203225026918	2236.289072880865	2382.319412604372	2195.174090620921	0.4796747105955739	0.5847033824969359	0.5768631251081635	116.57879102099548	116.67469978804537	27.450121556410895
scaled_total	115	deviation_load[713]	0.2721325477818239	3268.292993251847	2843.2428948648185	3258.9364881391093	2836.383572844761	0.41054685651822137	0.5187636314997555	0.5207993457384543	-13.750571193335825	-13.654662426285936	27.4710038484048
scaled_total	115	deviation_load[714]	0.24983772744667157	1822.2961009231883	1984.8926654716056	1838.0474715936157	1963.4507165781915	0.5792086120223953	0.6508003389567413	0.661940974230723	-3.6410830093328785	-3.5451742422829926	28.670532760910362
scaled_total	115	deviation_load[715]	0.21268456244443923	3140.1819551936173	2817.2182386288637	3139.999747253003	2807.3186573946323	0.49204674877373633	0.5904011807540916	0.5871909741331295	-41.67444189787091	-41.57853313082102	31.07397339269775
scaled_total	115	deviation_load[716]	0.1392811794254312	2000.2215322683096	2261.0807048393303	2004.0492802434771	2241.2481532702127	0.7957836409506099	0.8190778954099304	0.8578781034210038	-33.78447639867809	-33.68856763162819	38.398879864522705
scaled_total	115	deviation_load[717]	0.16259429465401	1912.8097576244381	1818.5332845076819	1910.1862970967081	1802.1262706723167	0.7441186979768162	0.8411088727108896	0.810182617564288	94.1176089893234	94.21351775637328	35.539566195469845
scaled_total	115	deviation_load[718]	0.14416782555450447	1518.394380591391	1413.0814548391081	1509.8564167601467	1402.0713798357983	0.8985806860936579	1.005040672093712	0.954007592498696	113.40293453181124	113.49884329886112	37.74249441918439
scaled_total	115	deviation_load[719]	0.14601835283802136	3628.6083531298073	3068.4978056688224	3624.4643304938486	3083.437341420956	0.575656489222887	0.6642395535989023	0.6588350557681558	-31.131230473419908	-31.03532170637002	37.50257178675832
scaled_total	115	deviation_load[720]	0.1362282862519558	2359.6128497922073	2168.1131708242137	2344.4478733368137	2168.008566596396	0.7452643128031213	0.8248357744603944	0.8112349431961852	44.88864238455436	44.98455115160425	38.82675783067564
scaled_total	115	population_intercept_at_load0	0.9988412696490172	2311.067788826607	2076.1936512477805	2319.384035944067	2078.2273765444875	0.37896803438297155	11.698079214633552	11.988036900824348	5476.464044128065	5472.463052899526	536.1640853088078
scaled_total	115	log_sigma_intercept_at_subject0	0.0	2430.0018737050227	2430.0018737050227	2420.8938211954287	2420.8938211954287	0.03998562893771683	0.03998562893771683	0.03998562893771683	-49.51554857928285	-49.51554857928285	1.9673960833098256
scaled_total	116	population_intercept_at_mean_load	0.9996576976501672	2161.7674328554267	1883.3745223458975	2160.1371108908093	1875.601662225102	0.21373784664239545	12.204106158136067	12.005953038530793	5630.935119326645	5619.440401042625	536.9293551383676
scaled_total	116	population_load	0.8466342977270378	2404.1992203109944	1744.9134965536205	2393.0455044922455	1775.9742673525734	0.12468249661175866	0.3689733015921702	0.3438443864394914	58.52103788652274	58.92847429599175	15.574597955710724
scaled_total	116	log_tau_intercept	0.0	96.23366761153939	96.23366761153939	97.81627374144645	97.81627374144645	0.01504419246307368	0.01504419246307368	0.01504419246307368	7.80841151662559	7.80841151662559	0.14879023787333745
scaled_total	116	log_tau_load	0.0	479.5805611042053	479.5805611042053	481.02612287290737	481.02612287290737	0.009789408362429324	0.009789408362429324	0.009789408362429324	4.114200848931364	4.114200848931364	0.21470431681313978
scaled_total	116	log_sigma_intercept	0.0	2552.5210349493077	2552.5210349493077	2540.1069702828654	2540.1069702828654	0.0003025550874056596	0.0003025550874056596	0.0003025550874056596	6.051467865673198	6.051467865673198	0.01524861723367341
scaled_total	116	log_sigma_subj_slope	0.0	2428.477437618454	2428.477437618454	2416.950416422254	2416.950416422254	5.630648910889489e-5	5.630648910889489e-5	5.630648910889489e-5	0.07817775721679605	0.07817775721679605	0.002768167203984305
scaled_total	116	deviation_intercept[701]	0.9899874864012541	2855.943872515165	1860.6528247386236	2837.529549304048	1876.859149310131	1.0116550857339712	12.254059890657272	12.024677042521082	-4870.286622734013	-4857.775690748279	538.5562943940457
scaled_total	116	deviation_intercept[702]	0.9953881431988053	2868.522810575422	1891.9834630447922	2848.1534142553405	1894.391306997217	0.6834487360191706	12.199050241396936	12.00152132603231	-3931.2928214590597	-3918.7818894733264	537.0932903907391
scaled_total	116	deviation_intercept[703]	0.9944951911100675	3112.7124013147213	1871.8411729385707	3088.299489783157	1878.4931024717714	0.7173911804120212	12.245738454766412	12.003502075235172	-3650.2083622885916	-3637.6974303028574	537.3343629322773
scaled_total	116	deviation_intercept[704]	0.993797444317413	2956.3858834719426	1889.4867021051903	2936.243400257857	1902.5734684155866	0.7812433433408259	12.173733925861216	12.007487377713812	-667.6851151187548	-655.1741831330214	537.5229614967965
scaled_total	116	deviation_intercept[705]	0.9921529290292962	2297.5311865747376	1879.6725686189195	2293.0302185641194	1881.7091427667042	0.9951889618774102	12.23171714869159	12.023302917014309	-1364.1135891274869	-1351.602657141754	537.9682551141208
scaled_total	116	deviation_intercept[706]	0.9925253865104994	2420.390925933765	1888.0359810850866	2429.392974189594	1883.2509140295763	0.9434537852982191	12.2430864143117	12.019131291796246	26.571282022531385	39.08221400826465	537.8673060072366
scaled_total	116	deviation_intercept[707]	0.9909719641337857	2495.7200321073788	1852.0844478958327	2501.5836527046467	1867.9903205535431	1.0225967248331613	12.326983726639194	12.025602522372075	-101.07113695901053	-88.56020497327725	538.2887144600456
scaled_total	116	deviation_intercept[708]	0.9899164300464405	2491.6662350120832	1892.978435156732	2486.106971116383	1902.315408326907	1.0846607989503658	12.233224235721686	12.031039066232882	-465.86807312711846	-453.35714114138517	538.5756228743531
scaled_total	116	deviation_intercept[709]	0.9880063511911401	2623.3426408519954	1848.8756641747323	2576.1350075380437	1856.7934266132756	1.1632081722935708	12.354218448583154	12.038374691648897	-1158.1426667759306	-1145.631734790197	539.0959764074092
scaled_total	116	deviation_intercept[710]	0.9856597285749147	2314.3846458028265	1862.799699599098	2307.692365179468	1863.957791978286	1.3454643077529833	12.324796781303041	12.057349881623216	169.47957135504066	181.99050334077398	539.737324897063
scaled_total	116	deviation_intercept[711]	0.986215991931028	2942.2265111809334	1904.4147028161976	2943.873608098548	1907.636819909338	1.1675839533265622	12.199051831922553	12.038798289385358	-1749.5322882158566	-1737.0213562301235	539.5850872299019
scaled_total	116	deviation_intercept[712]	0.9826836369105826	2644.729715273846	1888.671043700553	2667.2584111567903	1901.9501704627341	1.377320119152409	12.259774734365624	12.060946176609203	1075.027482416707	1087.5384144024401	540.5540136774912
scaled_total	116	deviation_intercept[713]	0.9811680916766534	2583.855397258422	1810.6976326328056	2588.173378524281	1810.4852381316941	1.4592333049966604	12.581886023178448	12.070574708888289	3874.7357903090847	3887.2467222948167	540.9713315438318
scaled_total	116	deviation_intercept[714]	0.9791998029256999	2058.2327248045594	1850.1037881022546	2073.3009860243915	1889.6046040133076	1.7151924159316563	12.293892744446321	12.104185102191375	134.24236367061886	146.75329565635212	541.5147616171037
scaled_total	116	deviation_intercept[715]	0.9741918545655674	2863.68549430064	1909.214277580783	2852.605572491261	1919.8479020359307	1.6329814343229745	12.183206754061343	12.092809447323878	898.6729664599789	911.1838984457122	542.9048377590682
scaled_total	116	deviation_intercept[716]	0.9552481608875353	2118.1217851649767	1954.2872804439403	2090.1099756951194	1953.150444000941	2.5369314263350717	12.256161368274606	12.247670514280202	749.9578735812181	762.4688055669511	548.2616307514148
scaled_total	116	deviation_intercept[717]	0.9641474406945357	2208.6238138250933	1755.4047284128235	2200.2329698544154	1745.5369409091163	2.20292635953538	12.946908252602544	12.182868976968354	1465.5624762903756	1478.073408276109	545.7254809012211
scaled_total	116	deviation_intercept[718]	0.9591162748512416	2114.1089264034576	1920.169021816497	2114.5114451399886	1936.4736371472775	2.4059164319683215	12.28787639159838	12.221204762299719	1293.6898005796247	1306.200732565358	547.1549447940114
scaled_total	116	deviation_intercept[719]	0.9575949978164284	3101.3179335677905	1971.654205449486	3093.843828047583	1926.4631485544064	2.027282985456834	12.39722037655986	12.152336741037294	4672.659630910409	4685.170562896142	547.5893893816238
scaled_total	116	deviation_intercept[720]	0.953648441918633	2929.632927490736	1864.8425115390753	2895.5788587189304	1863.6870710356754	2.195413229630249	12.439933458378649	12.181512681653196	3285.6380587095887	3298.148990695322	548.7212849527856
scaled_total	116	deviation_load[701]	0.3967239880542563	2702.446325644462	2134.35536414734	2705.751722027085	2115.426681707068	0.33973054804437586	0.48785889323393405	0.46701186537297	-22.82320908146828	-23.230645490937306	22.75205050323415
scaled_total	116	deviation_load[702]	0.6049615627350231	2874.4864806294195	1723.2442756228957	2861.8425622080954	1729.2936350346474	0.21646998683965069	0.450136656438375	0.38670724369601306	-35.80433055030179	-36.21176695977081	18.424719406837628
scaled_total	116	deviation_load[703]	0.5559817483743552	3207.6091214604703	2310.8182189842128	3192.4029427254527	2343.655522509543	0.22666061671705925	0.39877685616027797	0.39250257616373263	-37.50047078944469	-37.90790719891372	19.219164594496036
scaled_total	116	deviation_load[704]	0.5054963940997006	2800.2448315824777	2554.189164732115	2791.9404243685894	2560.1879534550567	0.26824856079148174	0.39605937636214344	0.4179001405734513	10.790984501127465	10.383548091658444	20.156064646950302
scaled_total	116	deviation_load[705]	0.45892798558029935	2291.330084985958	2176.236242459108	2291.558263315845	2192.397957663189	0.32505330537366944	0.44519210872365017	0.45644593158331154	-21.08944394937819	-21.496880358847207	21.15400012677305
scaled_total	116	deviation_load[706]	0.46923579437415763	2635.745801013077	2010.7864172320249	2632.3254542518853	2008.839450998892	0.29706413940971227	0.4630292633806941	0.4369557644062406	-5.936469284122316	-6.343905693591339	20.920362557518693
scaled_total	116	deviation_load[707]	0.4295065504928548	2514.095166483645	2178.64218894933	2528.967572518629	2180.018583865271	0.3284230110305198	0.47239247705802473	0.45885173128033635	-1.3486475187944318	-1.7560839282634553	21.866530373009052
scaled_total	116	deviation_load[708]	0.3966193689345444	2594.1206366201386	2306.460328239512	2593.259594366859	2309.9837393921953	0.3470967120736736	0.47779880269507585	0.4723974647020915	-24.086592293303294	-24.49402870277232	22.75505104069559
scaled_total	116	deviation_load[709]	0.35280652304312554	2885.835586188089	2200.3014419364486	2867.0723553851876	2189.8651850231977	0.3624884803703668	0.5165222636971086	0.4838193211580402	-43.75972895405338	-44.16716536352241	24.126619247442477
scaled_total	116	deviation_load[710]	0.31515421713191605	2101.997265421484	2006.4138581213697	2098.6156309019784	2015.3119477985988	0.46114038034009114	0.56453642076742	0.5615458017871855	-73.84240887602698	-74.24984528549601	25.527201831290864
scaled_total	116	deviation_load[711]	0.33095113821308264	2845.3314118632875	2434.4146888546998	2844.7184492978504	2438.631105562445	0.3820252841861252	0.501702705953149	0.49862466333114613	13.911852854911357	13.504416445442335	24.91052233145037
scaled_total	116	deviation_load[712]	0.27254674724892036	2397.203225026918	2443.198534293247	2382.319412604372	2431.75787239038	0.4796747105955739	0.55925188541599	0.5768631251081635	117.08213619751442	116.67469978804537	27.450121556410895
scaled_total	116	deviation_load[713]	0.2721325477818239	3268.292993251847	2340.4771421437367	3258.9364881391093	2360.0615044550837	0.41054685651822137	0.5658904286451729	0.5207993457384543	-13.247226016816915	-13.654662426285936	27.4710038484048
scaled_total	116	deviation_load[714]	0.24983772744667157	1822.2961009231883	2012.5755317566343	1838.0474715936157	1989.3408854647803	0.5792086120223953	0.6388168657811659	0.661940974230723	-3.1377378328139693	-3.5451742422829926	28.670532760910362
scaled_total	116	deviation_load[715]	0.21268456244443923	3140.1819551936173	2738.06676157125	3139.999747253003	2708.4314372930558	0.49204674877373633	0.5959768323044705	0.5871909741331295	-41.171096721351994	-41.57853313082102	31.07397339269775
scaled_total	116	deviation_load[716]	0.1392811794254312	2000.2215322683096	2173.193596579852	2004.0492802434771	2150.323714709102	0.7957836409506099	0.8345029883619882	0.8578781034210038	-33.28113122215917	-33.68856763162819	38.398879864522705
scaled_total	116	deviation_load[717]	0.16259429465401	1912.8097576244381	2126.576199072393	1910.1862970967081	2111.4132611929294	0.7441186979768162	0.7709208901103769	0.810182617564288	94.62095416584229	94.21351775637328	35.539566195469845
scaled_total	116	deviation_load[718]	0.14416782555450447	1518.394380591391	1481.465657457986	1509.8564167601467	1478.8023951810128	0.8985806860936579	0.9762689725968275	0.954007592498696	113.90627970833017	113.49884329886112	37.74249441918439
scaled_total	116	deviation_load[719]	0.14601835283802136	3628.6083531298073	3135.785411241746	3624.4643304938486	3152.7112861052638	0.575656489222887	0.6677800231465874	0.6588350557681558	-30.627885296900995	-31.03532170637002	37.50257178675832
scaled_total	116	deviation_load[720]	0.1362282862519558	2359.6128497922073	2313.4222958907676	2344.4478733368137	2298.68927175875	0.7452643128031213	0.8222707720759117	0.8112349431961852	45.39198756107327	44.98455115160425	38.82675783067564
scaled_total	116	population_intercept_at_load0	0.9988412696490172	2311.067788826607	1882.5501512689252	2319.384035944067	1886.1756828994935	0.37896803438297155	12.204140608634033	11.988036900824348	5484.973984885259	5472.463052899526	536.1640853088078
scaled_total	116	log_sigma_intercept_at_subject0	0.0	2430.0018737050227	2430.0018737050227	2420.8938211954287	2420.8938211954287	0.03998562893771683	0.03998562893771683	0.03998562893771683	-49.51554857928285	-49.51554857928285	1.9673960833098256
scaled_total	117	population_intercept_at_mean_load	0.9996576976501672	2161.7674328554267	2026.1589539717208	2160.1371108908093	2024.505949871084	0.21373784664239545	11.86289487644665	12.005953038530793	5614.525912155593	5619.440401042625	536.9293551383676
scaled_total	117	population_load	0.8466342977270378	2404.1992203109944	2048.4328244015724	2393.0455044922455	2046.2743330722822	0.12468249661175866	0.34755332060045135	0.3438443864394914	58.88994421888064	58.92847429599175	15.574597955710724
scaled_total	117	log_tau_intercept	0.0	96.23366761153939	96.23366761153939	97.81627374144645	97.81627374144645	0.01504419246307368	0.01504419246307368	0.01504419246307368	7.80841151662559	7.80841151662559	0.14879023787333745
scaled_total	117	log_tau_load	0.0	479.5805611042053	479.5805611042053	481.02612287290737	481.02612287290737	0.009789408362429324	0.009789408362429324	0.009789408362429324	4.114200848931364	4.114200848931364	0.21470431681313978
scaled_total	117	log_sigma_intercept	0.0	2552.5210349493077	2552.5210349493077	2540.1069702828654	2540.1069702828654	0.0003025550874056596	0.0003025550874056596	0.0003025550874056596	6.051467865673198	6.051467865673198	0.01524861723367341
scaled_total	117	log_sigma_subj_slope	0.0	2428.477437618454	2428.477437618454	2416.950416422254	2416.950416422254	5.630648910889489e-5	5.630648910889489e-5	5.630648910889489e-5	0.07817775721679605	0.07817775721679605	0.002768167203984305
scaled_total	117	deviation_intercept[701]	0.9899874864012541	2855.943872515165	2041.5073267670948	2837.529549304048	2038.3721731800422	1.0116550857339712	11.858538645676555	12.024677042521082	-4852.957302237596	-4857.775690748279	538.5562943940457
scaled_total	117	deviation_intercept[702]	0.9953881431988053	2868.522810575422	2035.3809500508787	2848.1534142553405	2033.321171175352	0.6834487360191706	11.819659569225708	12.00152132603231	-3913.963500962644	-3918.7818894733264	537.0932903907391
scaled_total	117	deviation_intercept[703]	0.9944951911100675	3112.7124013147213	2055.4785463212456	3088.299489783157	2053.824560729893	0.7173911804120212	11.801033827945616	12.003502075235172	-3632.8790417921746	-3637.6974303028574	537.3343629322773
scaled_total	117	deviation_intercept[704]	0.993797444317413	2956.3858834719426	2037.6850190324647	2936.243400257857	2037.5929426691193	0.7812433433408259	11.8145833049939	12.007487377713812	-650.3557946223392	-655.1741831330214	537.5229614967965
scaled_total	117	deviation_intercept[705]	0.9921529290292962	2297.5311865747376	2037.3304936474046	2293.0302185641194	2038.7488156699453	0.9951889618774102	11.866599215425067	12.023302917014309	-1346.7842686310714	-1351.602657141754	537.9682551141208
scaled_total	117	deviation_intercept[706]	0.9925253865104994	2420.390925933765	2037.7909938802877	2429.392974189594	2039.4058584307468	0.9434537852982191	11.86516069955104	12.019131291796246	43.90060251894705	39.08221400826465	537.8673060072366
scaled_total	117	deviation_intercept[707]	0.9909719641337857	2495.7200321073788	2012.366004042599	2501.5836527046467	2006.6119931481321	1.0225967248331613	11.949668105915233	12.025602522372075	-83.74181646259485	-88.56020497327725	538.2887144600456
scaled_total	117	deviation_intercept[708]	0.9899164300464405	2491.6662350120832	2027.0569831484818	2486.106971116383	2028.4597951662652	1.0846607989503658	11.882257768343257	12.031039066232882	-448.53875263070273	-453.35714114138517	538.5756228743531
scaled_total	117	deviation_intercept[709]	0.9880063511911401	2623.3426408519954	2050.6804996908195	2576.1350075380437	2049.601726305259	1.1632081722935708	11.816179201557135	12.038374691648897	-1140.8133462795145	-1145.631734790197	539.0959764074092
scaled_total	117	deviation_intercept[710]	0.9856597285749147	2314.3846458028265	2081.0367895066074	2307.692365179468	2065.692642319602	1.3454643077529833	11.803102857990414	12.057349881623216	186.80889185145637	181.99050334077398	539.737324897063
scaled_total	117	deviation_intercept[711]	0.986215991931028	2942.2265111809334	2018.701708753265	2943.873608098548	2016.5200590723841	1.1675839533265622	11.955288658594236	12.038798289385358	-1732.202967719441	-1737.0213562301235	539.5850872299019
scaled_total	117	deviation_intercept[712]	0.9826836369105826	2644.729715273846	2065.2710944903693	2667.2584111567903	2065.0905767379936	1.377320119152409	11.840248754244044	12.060946176609203	1092.356802913123	1087.5384144024401	540.5540136774912
scaled_total	117	deviation_intercept[713]	0.9811680916766534	2583.855397258422	2041.7686855486745	2588.173378524281	2038.8375978051324	1.4592333049966604	11.867129628477846	12.070574708888289	3892.0651108055004	3887.2467222948167	540.9713315438318
scaled_total	117	deviation_intercept[714]	0.9791998029256999	2058.2327248045594	2030.4655859442614	2073.3009860243915	2038.880987790402	1.7151924159316563	11.90834571942389	12.104185102191375	151.5716841670345	146.75329565635212	541.5147616171037
scaled_total	117	deviation_intercept[715]	0.9741918545655674	2863.68549430064	2004.9821422327936	2852.605572491261	2030.4192932735393	1.6329814343229745	11.976410462603432	12.092809447323878	916.0022869563945	911.1838984457122	542.9048377590682
scaled_total	117	deviation_intercept[716]	0.9552481608875353	2118.1217851649767	2076.1898567914745	2090.1099756951194	2078.068421438744	2.5369314263350717	12.06655925235644	12.247670514280202	767.2871940776336	762.4688055669511	548.2616307514148
scaled_total	117	deviation_intercept[717]	0.9641474406945357	2208.6238138250933	2060.58334376629	2200.2329698544154	2058.679485610253	2.20292635953538	11.820916384085285	12.182868976968354	1482.8917967867912	1478.073408276109	545.7254809012211
scaled_total	117	deviation_intercept[718]	0.9591162748512416	2114.1089264034576	2011.2068259864016	2114.5114451399886	2008.3709388347922	2.4059164319683215	12.20302237983894	12.221204762299719	1311.0191210760406	1306.200732565358	547.1549447940114
scaled_total	117	deviation_intercept[719]	0.9575949978164284	3101.3179335677905	2066.3325171200936	3093.843828047583	2061.136746172951	2.027282985456834	12.06778344037826	12.152336741037294	4689.988951406824	4685.170562896142	547.5893893816238
scaled_total	117	deviation_intercept[720]	0.953648441918633	2929.632927490736	2048.417078693864	2895.5788587189304	2046.6395612300885	2.195413229630249	12.098423985817506	12.181512681653196	3302.9673792060044	3298.148990695322	548.7212849527856
scaled_total	117	deviation_load[701]	0.3967239880542563	2702.446325644462	2242.9361076920354	2705.751722027085	2226.8392211891974	0.33973054804437586	0.4830022814967444	0.46701186537297	-23.192115413826183	-23.230645490937306	22.75205050323415
scaled_total	117	deviation_load[702]	0.6049615627350231	2874.4864806294195	2259.855613492005	2861.8425622080954	2266.997215668643	0.21646998683965069	0.3932723647942997	0.38670724369601306	-36.173236882659694	-36.21176695977081	18.424719406837628
scaled_total	117	deviation_load[703]	0.5559817483743552	3207.6091214604703	2209.249663654292	3192.4029427254527	2242.329806111072	0.22666061671705925	0.40725134337702507	0.39250257616373263	-37.86937712180259	-37.90790719891372	19.219164594496036
scaled_total	117	deviation_load[704]	0.5054963940997006	2800.2448315824777	2328.7232932092106	2791.9404243685894	2323.1580618373296	0.26824856079148174	0.4226547595862289	0.4179001405734513	10.422078168769563	10.383548091658444	20.156064646950302
scaled_total	117	deviation_load[705]	0.45892798558029935	2291.330084985958	2182.8352830795175	2291.558263315845	2210.0896802991588	0.32505330537366944	0.44532282937946677	0.45644593158331154	-21.458350281736084	-21.496880358847207	21.15400012677305
scaled_total	117	deviation_load[706]	0.46923579437415763	2635.745801013077	2334.9486964259386	2632.3254542518853	2333.085434385767	0.29706413940971227	0.4371065714954495	0.4369557644062406	-6.305375616480217	-6.343905693591339	20.920362557518693
scaled_total	117	deviation_load[707]	0.4295065504928548	2514.095166483645	2134.6740994810807	2528.967572518629	2123.0751126482737	0.3284230110305198	0.4746338395625887	0.45885173128033635	-1.7175538511523336	-1.7560839282634553	21.866530373009052
scaled_total	117	deviation_load[708]	0.3966193689345444	2594.1206366201386	2548.304488326284	2593.259594366859	2540.3559659242646	0.3470967120736736	0.4478376638575373	0.4723974647020915	-24.4554986256612	-24.49402870277232	22.75505104069559
scaled_total	117	deviation_load[709]	0.35280652304312554	2885.835586188089	2454.9818762437703	2867.0723553851876	2446.422358804365	0.3624884803703668	0.4907644357336095	0.4838193211580402	-44.128635286411274	-44.16716536352241	24.126619247442477
scaled_total	117	deviation_load[710]	0.31515421713191605	2101.997265421484	1953.9820491181447	2098.6156309019784	1941.1407104609348	0.46114038034009114	0.572997195038305	0.5615458017871855	-74.21131520838489	-74.24984528549601	25.527201831290864
scaled_total	117	deviation_load[711]	0.33095113821308264	2845.3314118632875	2657.6329017001026	2844.7184492978504	2655.9677816421013	0.3820252841861252	0.48309300027788893	0.49862466333114613	13.542946522553455	13.504416445442335	24.91052233145037
scaled_total	117	deviation_load[712]	0.27254674724892036	2397.203225026918	2251.399368595896	2382.319412604372	2240.454209859589	0.4796747105955739	0.5839928079933717	0.5768631251081635	116.71322986515649	116.67469978804537	27.450121556410895
scaled_total	117	deviation_load[713]	0.2721325477818239	3268.292993251847	2635.359415718513	3258.9364881391093	2623.131202015288	0.41054685651822137	0.5349772565567642	0.5207993457384543	-13.616132349174817	-13.654662426285936	27.4710038484048
scaled_total	117	deviation_load[714]	0.24983772744667157	1822.2961009231883	1810.6672782385654	1838.0474715936157	1772.107850199031	0.5792086120223953	0.6818042020275931	0.661940974230723	-3.5066441651718714	-3.5451742422829926	28.670532760910362
scaled_total	117	deviation_load[715]	0.21268456244443923	3140.1819551936173	2855.2327459092876	3139.999747253003	2854.3208848409304	0.49204674877373633	0.5724870719756285	0.5871909741331295	-41.540003053709896	-41.57853313082102	31.07397339269775
scaled_total	117	deviation_load[716]	0.1392811794254312	2000.2215322683096	1834.1302248003908	2004.0492802434771	1827.552460912207	0.7957836409506099	0.8993311323982333	0.8578781034210038	-33.650037554517084	-33.68856763162819	38.398879864522705
scaled_total	117	deviation_load[717]	0.16259429465401	1912.8097576244381	1945.8750360602219	1910.1862970967081	1934.03972818516	0.7441186979768162	0.8065162902395743	0.810182617564288	94.2520478334844	94.21351775637328	35.539566195469845
scaled_total	117	deviation_load[718]	0.14416782555450447	1518.394380591391	1687.9495107570406	1509.8564167601467	1712.2127759513464	0.8985806860936579	0.9195705492599239	0.954007592498696	113.53737337597221	113.49884329886112	37.74249441918439
scaled_total	117	deviation_load[719]	0.14601835283802136	3628.6083531298073	2956.175589162565	3624.4643304938486	2965.5797009386542	0.575656489222887	0.6882981216138149	0.6588350557681558	-30.9967916292589	-31.03532170637002	37.50257178675832
scaled_total	117	deviation_load[720]	0.1362282862519558	2359.6128497922073	2393.4177902876017	2344.4478733368137	2379.4823902207454	0.7452643128031213	0.805848209593104	0.8112349431961852	45.02308122871537	44.98455115160425	38.82675783067564
scaled_total	117	population_intercept_at_load0	0.9988412696490172	2311.067788826607	2042.4156439502058	2319.384035944067	2042.3315042886534	0.37896803438297155	11.783465523275318	11.988036900824348	5467.644664388843	5472.463052899526	536.1640853088078
scaled_total	117	log_sigma_intercept_at_subject0	0.0	2430.0018737050227	2430.0018737050227	2420.8938211954287	2420.8938211954287	0.03998562893771683	0.03998562893771683	0.03998562893771683	-49.51554857928285	-49.51554857928285	1.9673960833098256
scaled_total	118	population_intercept_at_mean_load	0.9996576976501672	2161.7674328554267	1719.7587962522211	2160.1371108908093	1737.22619427753	0.21373784664239545	12.953391030367138	12.005953038530793	5610.2975913932605	5619.440401042625	536.9293551383676
scaled_total	118	population_load	0.8466342977270378	2404.1992203109944	1946.3368358280127	2393.0455044922455	1955.0329755331272	0.12468249661175866	0.34855692856042514	0.3438443864394914	59.17994000170553	58.92847429599175	15.574597955710724
scaled_total	118	log_tau_intercept	0.0	96.23366761153939	96.23366761153939	97.81627374144645	97.81627374144645	0.01504419246307368	0.01504419246307368	0.01504419246307368	7.80841151662559	7.80841151662559	0.14879023787333745
scaled_total	118	log_tau_load	0.0	479.5805611042053	479.5805611042053	481.02612287290737	481.02612287290737	0.009789408362429324	0.009789408362429324	0.009789408362429324	4.114200848931364	4.114200848931364	0.21470431681313978
scaled_total	118	log_sigma_intercept	0.0	2552.5210349493077	2552.5210349493077	2540.1069702828654	2540.1069702828654	0.0003025550874056596	0.0003025550874056596	0.0003025550874056596	6.051467865673198	6.051467865673198	0.01524861723367341
scaled_total	118	log_sigma_subj_slope	0.0	2428.477437618454	2428.477437618454	2416.950416422254	2416.950416422254	5.630648910889489e-5	5.630648910889489e-5	5.630648910889489e-5	0.07817775721679605	0.07817775721679605	0.002768167203984305
scaled_total	118	deviation_intercept[701]	0.9899874864012541	2855.943872515165	1798.0589180022198	2837.529549304048	1813.4833086730873	1.0116550857339712	12.679353854302562	12.024677042521082	-4848.005684094132	-4857.775690748279	538.5562943940457
scaled_total	118	deviation_intercept[702]	0.9953881431988053	2868.522810575422	1727.0239407462159	2848.1534142553405	1745.804991287489	0.6834487360191706	12.91348645486796	12.00152132603231	-3909.011882819181	-3918.7818894733264	537.0932903907391
scaled_total	118	deviation_intercept[703]	0.9944951911100675	3112.7124013147213	1745.6242818445542	3088.299489783157	1759.296937653821	0.7173911804120212	12.876895636219546	12.003502075235172	-3627.9274236487126	-3637.6974303028574	537.3343629322773
scaled_total	118	deviation_intercept[704]	0.993797444317413	2956.3858834719426	1734.656763747896	2936.243400257857	1749.4584782969682	0.7812433433408259	12.900878205200165	12.007487377713812	-645.404176478876	-655.1741831330214	537.5229614967965
scaled_total	118	deviation_intercept[705]	0.9921529290292962	2297.5311865747376	1756.4643231018758	2293.0302185641194	1777.1464595694179	0.9951889618774102	12.824732495516795	12.023302917014309	-1341.8326504876088	-1351.602657141754	537.9682551141208
scaled_total	118	deviation_intercept[706]	0.9925253865104994	2420.390925933765	1702.428435347507	2429.392974189594	1719.3561628364307	0.9434537852982191	12.984834027196094	12.019131291796246	48.852220662410005	39.08221400826465	537.8673060072366
scaled_total	118	deviation_intercept[707]	0.9909719641337857	2495.7200321073788	1703.8715419704479	2501.5836527046467	1719.0420359681648	1.0225967248331613	13.060543451424712	12.025602522372075	-78.79019831913192	-88.56020497327725	538.2887144600456
scaled_total	118	deviation_intercept[708]	0.9899164300464405	2491.6662350120832	1738.622245630593	2486.106971116383	1759.3936521551707	1.0846607989503658	12.869443920498242	12.031039066232882	-443.5871344872398	-453.35714114138517	538.5756228743531
scaled_total	118	deviation_intercept[709]	0.9880063511911401	2623.3426408519954	1728.2670462091564	2576.1350075380437	1755.9560563708417	1.1632081722935708	12.945794008000295	12.038374691648897	-1135.8617281360516	-1145.631734790197	539.0959764074092
scaled_total	118	deviation_intercept[710]	0.9856597285749147	2314.3846458028265	1765.968369671101	2307.692365179468	1784.6728700318556	1.3454643077529833	12.816736354955173	12.057349881623216	191.76050999491932	181.99050334077398	539.737324897063
scaled_total	118	deviation_intercept[711]	0.986215991931028	2942.2265111809334	1715.6957936099866	2943.873608098548	1734.4555940725222	1.1675839533265622	12.992027378678367	12.038798289385358	-1727.2513495759783	-1737.0213562301235	539.5850872299019
scaled_total	118	deviation_intercept[712]	0.9826836369105826	2644.729715273846	1661.2708476167777	2667.2584111567903	1681.0807116876904	1.377320119152409	13.28524881082389	12.060946176609203	1097.3084210565858	1087.5384144024401	540.5540136774912
scaled_total	118	deviation_intercept[713]	0.9811680916766534	2583.855397258422	1752.6579995175762	2588.173378524281	1768.383075830261	1.4592333049966604	12.961388938666584	12.070574708888289	3897.0167289489627	3887.2467222948167	540.9713315438318
scaled_total	118	deviation_intercept[714]	0.9791998029256999	2058.2327248045594	1746.456456035075	2073.3009860243915	1759.6223231923423	1.7151924159316563	12.960183488362421	12.104185102191375	156.52330231049743	146.75329565635212	541.5147616171037
scaled_total	118	deviation_intercept[715]	0.9741918545655674	2863.68549430064	1768.802807486353	2852.605572491261	1784.5061799855368	1.6329814343229745	12.958913413136724	12.092809447323878	920.9539050998576	911.1838984457122	542.9048377590682
scaled_total	118	deviation_intercept[716]	0.9552481608875353	2118.1217851649767	1766.9533853110067	2090.1099756951194	1782.4628343546528	2.5369314263350717	13.036998360528235	12.247670514280202	772.2388122210965	762.4688055669511	548.2616307514148
scaled_total	118	deviation_intercept[717]	0.9641474406945357	2208.6238138250933	1678.894915090463	2200.2329698544154	1696.4990479987205	2.20292635953538	13.359054717242824	12.182868976968354	1487.843414930254	1478.073408276109	545.7254809012211
scaled_total	118	deviation_intercept[718]	0.9591162748512416	2114.1089264034576	1714.5079861637812	2114.5114451399886	1734.4808436394026	2.4059164319683215	13.138561597380862	12.221204762299719	1315.9707392195035	1306.200732565358	547.1549447940114
scaled_total	118	deviation_intercept[719]	0.9575949978164284	3101.3179335677905	1821.0780992768287	3093.843828047583	1836.1640285295423	2.027282985456834	12.903552226162432	12.152336741037294	4694.9405695502855	4685.170562896142	547.5893893816238
scaled_total	118	deviation_intercept[720]	0.953648441918633	2929.632927490736	1796.678107634433	2895.5788587189304	1821.5169000256815	2.195413229630249	13.02866089137034	12.181512681653196	3307.918997349467	3298.148990695322	548.7212849527856
scaled_total	118	deviation_load[701]	0.3967239880542563	2702.446325644462	2478.457308363886	2705.751722027085	2484.2436051330956	0.33973054804437586	0.455501573573033	0.46701186537297	-23.48211119665108	-23.230645490937306	22.75205050323415
scaled_total	118	deviation_load[702]	0.6049615627350231	2874.4864806294195	1943.3635820789698	2861.8425622080954	1914.5735234620793	0.21646998683965069	0.4206754078762813	0.38670724369601306	-36.46323266548458	-36.21176695977081	18.424719406837628
scaled_total	118	deviation_load[703]	0.5559817483743552	3207.6091214604703	2446.6572867261607	3192.4029427254527	2452.140750066925	0.22666061671705925	0.3850510307699202	0.39250257616373263	-38.159372904627496	-37.90790719891372	19.219164594496036
scaled_total	118	deviation_load[704]	0.5054963940997006	2800.2448315824777	2380.488779009952	2791.9404243685894	2388.308690061585	0.26824856079148174	0.4052137960881519	0.4179001405734513	10.132082385944672	10.383548091658444	20.156064646950302
scaled_total	118	deviation_load[705]	0.45892798558029935	2291.330084985958	2008.9610021856422	2291.558263315845	2018.923921531469	0.32505330537366944	0.46648535902897653	0.45644593158331154	-21.74834606456098	-21.496880358847207	21.15400012677305
scaled_total	118	deviation_load[706]	0.46923579437415763	2635.745801013077	2163.58414039195	2632.3254542518853	2166.3616901497635	0.29706413940971227	0.44595470785391944	0.4369557644062406	-6.595371399305112	-6.343905693591339	20.920362557518693
scaled_total	118	deviation_load[707]	0.4295065504928548	2514.095166483645	2281.617708417114	2528.967572518629	2265.239343491606	0.3284230110305198	0.4650088329385598	0.45885173128033635	-2.0075496339772263	-1.7560839282634553	21.866530373009052
scaled_total	118	deviation_load[708]	0.3966193689345444	2594.1206366201386	2183.505205991641	2593.259594366859	2191.274377011801	0.3470967120736736	0.48352660608893633	0.4723974647020915	-24.745494408486092	-24.49402870277232	22.75505104069559
scaled_total	118	deviation_load[709]	0.35280652304312554	2885.835586188089	2473.9766819432293	2867.0723553851876	2465.123341421263	0.3624884803703668	0.4786078250142498	0.4838193211580402	-44.41863106923617	-44.16716536352241	24.126619247442477
scaled_total	118	deviation_load[710]	0.31515421713191605	2101.997265421484	1990.1676112705777	2098.6156309019784	1988.7819115769673	0.46114038034009114	0.573302851600698	0.5615458017871855	-74.50131099120979	-74.24984528549601	25.527201831290864
scaled_total	118	deviation_load[711]	0.33095113821308264	2845.3314118632875	2309.821609666343	2844.7184492978504	2309.9777339813413	0.3820252841861252	0.5207343055022975	0.49862466333114613	13.252950739728565	13.504416445442335	24.91052233145037
scaled_total	118	deviation_load[712]	0.27254674724892036	2397.203225026918	2158.602160821597	2382.319412604372	2160.9591973709066	0.4796747105955739	0.5822484349077651	0.5768631251081635	116.4232340823316	116.67469978804537	27.450121556410895
scaled_total	118	deviation_load[713]	0.2721325477818239	3268.292993251847	2839.2111028790887	3258.9364881391093	2778.1663146985993	0.41054685651822137	0.5217841900976756	0.5207993457384543	-13.906128131999711	-13.654662426285936	27.4710038484048
scaled_total	118	deviation_load[714]	0.24983772744667157	1822.2961009231883	2121.672632633065	1838.0474715936157	2113.320153850018	0.5792086120223953	0.6297772404949452	0.661940974230723	-3.796639947996764	-3.5451742422829926	28.670532760910362
scaled_total	118	deviation_load[715]	0.21268456244443923	3140.1819551936173	3351.7742128759874	3139.999747253003	3315.9919033399715	0.49204674877373633	0.5401740300557156	0.5871909741331295	-41.8299988365348	-41.57853313082102	31.07397339269775
scaled_total	118	deviation_load[716]	0.1392811794254312	2000.2215322683096	2416.8266496977712	2004.0492802434771	2408.546971746206	0.7957836409506099	0.7701792280461679	0.8578781034210038	-33.94003333734196	-33.68856763162819	38.398879864522705
scaled_total	118	deviation_load[717]	0.16259429465401	1912.8097576244381	1868.1212692751603	1910.1862970967081	1870.594607742691	0.7441186979768162	0.8211523638798974	0.810182617564288	93.96205205065951	94.21351775637328	35.539566195469845
scaled_total	118	deviation_load[718]	0.14416782555450447	1518.394380591391	1394.9994609523687	1509.8564167601467	1389.622456333952	0.8985806860936579	1.0096593606050934	0.954007592498696	113.24737759314736	113.49884329886112	37.74249441918439
scaled_total	118	deviation_load[719]	0.14601835283802136	3628.6083531298073	3210.6475288687593	3624.4643304938486	3213.711643617883	0.575656489222887	0.6605357624752839	0.6588350557681558	-31.286787412083797	-31.03532170637002	37.50257178675832
scaled_total	118	deviation_load[720]	0.1362282862519558	2359.6128497922073	2262.4403946182706	2344.4478733368137	2236.594909708052	0.7452643128031213	0.8241133266467738	0.8112349431961852	44.73308544589048	44.98455115160425	38.82675783067564
scaled_total	118	population_intercept_at_load0	0.9988412696490172	2311.067788826607	1731.0931959934037	2319.384035944067	1751.5099117367113	0.37896803438297155	12.8580094455788	11.988036900824348	5462.693046245381	5472.463052899526	536.1640853088078
scaled_total	118	log_sigma_intercept_at_subject0	0.0	2430.0018737050227	2430.0018737050227	2420.8938211954287	2420.8938211954287	0.03998562893771683	0.03998562893771683	0.03998562893771683	-49.51554857928285	-49.51554857928285	1.9673960833098256
scaled_total	119	population_intercept_at_mean_load	0.9996576976501672	2161.7674328554267	1894.6791756638086	2160.1371108908093	1894.0238128956394	0.21373784664239545	12.2527505056759	12.005953038530793	5608.731117348775	5619.440401042625	536.9293551383676
scaled_total	119	population_load	0.8466342977270378	2404.1992203109944	1919.5843515832887	2393.0455044922455	1935.3225803623238	0.12468249661175866	0.3662190217332311	0.3438443864394914	59.27526194255993	58.92847429599175	15.574597955710724
scaled_total	119	log_tau_intercept	0.0	96.23366761153939	96.23366761153939	97.81627374144645	97.81627374144645	0.01504419246307368	0.01504419246307368	0.01504419246307368	7.80841151662559	7.80841151662559	0.14879023787333745
scaled_total	119	log_tau_load	0.0	479.5805611042053	479.5805611042053	481.02612287290737	481.02612287290737	0.009789408362429324	0.009789408362429324	0.009789408362429324	4.114200848931364	4.114200848931364	0.21470431681313978
scaled_total	119	log_sigma_intercept	0.0	2552.5210349493077	2552.5210349493077	2540.1069702828654	2540.1069702828654	0.0003025550874056596	0.0003025550874056596	0.0003025550874056596	6.051467865673198	6.051467865673198	0.01524861723367341
scaled_total	119	log_sigma_subj_slope	0.0	2428.477437618454	2428.477437618454	2416.950416422254	2416.950416422254	5.630648910889489e-5	5.630648910889489e-5	5.630648910889489e-5	0.07817775721679605	0.07817775721679605	0.002768167203984305
scaled_total	119	deviation_intercept[701]	0.9899874864012541	2855.943872515165	1906.306825440456	2837.529549304048	1900.4065646459946	1.0116550857339712	12.197096407602409	12.024677042521082	-4846.201461384779	-4857.775690748279	538.5562943940457
scaled_total	119	deviation_intercept[702]	0.9953881431988053	2868.522810575422	1907.8492919877826	2848.1534142553405	1902.8908324204635	0.6834487360191706	12.193858330732176	12.00152132603231	-3907.2076601098265	-3918.7818894733264	537.0932903907391
scaled_total	119	deviation_intercept[703]	0.9944951911100675	3112.7124013147213	1909.6020726835086	3088.299489783157	1904.0730355865203	0.7173911804120212	12.183572042419792	12.003502075235172	-3626.1232009393575	-3637.6974303028574	537.3343629322773
scaled_total	119	deviation_intercept[704]	0.993797444317413	2956.3858834719426	1897.8344504910883	2936.243400257857	1895.605562967888	0.7812433433408259	12.208344108047308	12.007487377713812	-643.5999537695214	-655.1741831330214	537.5229614967965
scaled_total	119	deviation_intercept[705]	0.9921529290292962	2297.5311865747376	1908.3153585473356	2293.0302185641194	1909.8056482985914	0.9951889618774102	12.152238290420417	12.023302917014309	-1340.028427778254	-1351.602657141754	537.9682551141208
scaled_total	119	deviation_intercept[706]	0.9925253865104994	2420.390925933765	1903.8249986144122	2429.392974189594	1899.6369269259362	0.9434537852982191	12.241839329089363	12.019131291796246	50.656443371764745	39.08221400826465	537.8673060072366
scaled_total	119	deviation_intercept[707]	0.9909719641337857	2495.7200321073788	1898.5708176510607	2501.5836527046467	1896.097495362753	1.0225967248331613	12.217403682532062	12.025602522372075	-76.98597560977717	-88.56020497327725	538.2887144600456
scaled_total	119	deviation_intercept[708]	0.9899164300464405	2491.6662350120832	1900.819824742416	2486.106971116383	1898.3728267220372	1.0846607989503658	12.227659276372643	12.031039066232882	-441.78291177788503	-453.35714114138517	538.5756228743531
scaled_total	119	deviation_intercept[709]	0.9880063511911401	2623.3426408519954	1880.2292965821002	2576.1350075380437	1880.975119692351	1.1632081722935708	12.263521814892934	12.038374691648897	-1134.057505426697	-1145.631734790197	539.0959764074092
scaled_total	119	deviation_intercept[710]	0.9856597285749147	2314.3846458028265	1931.7634065261113	2307.692365179468	1929.5057234245608	1.3454643077529833	12.191703019961441	12.057349881623216	193.56473270427406	181.99050334077398	539.737324897063
scaled_total	119	deviation_intercept[711]	0.986215991931028	2942.2265111809334	1931.9647475693387	2943.873608098548	1926.4051950565085	1.1675839533265622	12.148326250576394	12.038798289385358	-1725.4471268666232	-1737.0213562301235	539.5850872299019
scaled_total	119	deviation_intercept[712]	0.9826836369105826	2644.729715273846	1900.716284010773	2667.2584111567903	1893.5270115944866	1.377320119152409	12.316197292171521	12.060946176609203	1099.1126437659402	1087.5384144024401	540.5540136774912
scaled_total	119	deviation_intercept[713]	0.9811680916766534	2583.855397258422	1916.977470283921	2588.173378524281	1914.435311939855	1.4592333049966604	12.205621103063937	12.070574708888289	3898.820951658318	3887.2467222948167	540.9713315438318
scaled_total	119	deviation_intercept[714]	0.9791998029256999	2058.2327248045594	1927.9815490054427	2073.3009860243915	1920.986778672822	1.7151924159316563	12.2384730243053	12.104185102191375	158.3275250198522	146.75329565635212	541.5147616171037
scaled_total	119	deviation_intercept[715]	0.9741918545655674	2863.68549430064	1928.576851447094	2852.605572491261	1931.228500991704	1.6329814343229745	12.322265656844452	12.092809447323878	922.7581278092123	911.1838984457122	542.9048377590682
scaled_total	119	deviation_intercept[716]	0.9552481608875353	2118.1217851649767	1930.7295908380775	2090.1099756951194	1927.1636619332576	2.5369314263350717	12.359912623004565	12.247670514280202	774.0430349304515	762.4688055669511	548.2616307514148
scaled_total	119	deviation_intercept[717]	0.9641474406945357	2208.6238138250933	1918.3035111051597	2200.2329698544154	1913.1852570510584	2.20292635953538	12.433176992335085	12.182868976968354	1489.6476376396088	1478.073408276109	545.7254809012211
scaled_total	119	deviation_intercept[718]	0.9591162748512416	2114.1089264034576	1900.965959859126	2114.5114451399886	1896.9265021049414	2.4059164319683215	12.476509502797917	12.221204762299719	1317.7749619288581	1306.200732565358	547.1549447940114
scaled_total	119	deviation_intercept[719]	0.9575949978164284	3101.3179335677905	1896.2813077645474	3093.843828047583	1895.8975606605084	2.027282985456834	12.412597844423068	12.152336741037294	4696.744792259642	4685.170562896142	547.5893893816238
scaled_total	119	deviation_intercept[720]	0.953648441918633	2929.632927490736	1908.8118642383783	2895.5788587189304	1908.1129934593828	2.195413229630249	12.402274960214873	12.181512681653196	3309.723220058822	3298.148990695322	548.7212849527856
scaled_total	119	deviation_load[701]	0.3967239880542563	2702.446325644462	2231.401955139981	2705.751722027085	2207.801712142565	0.33973054804437586	0.4883567122395604	0.46701186537297	-23.577433137505473	-23.230645490937306	22.75205050323415
scaled_total	119	deviation_load[702]	0.6049615627350231	2874.4864806294195	2089.4864690244094	2861.8425622080954	2086.4515733727103	0.21646998683965069	0.41115859719220743	0.38670724369601306	-36.558554606338994	-36.21176695977081	18.424719406837628
scaled_total	119	deviation_load[703]	0.5559817483743552	3207.6091214604703	2191.812590265279	3192.4029427254527	2202.2471068007662	0.22666061671705925	0.4147903053555556	0.39250257616373263	-38.25469484548188	-37.90790719891372	19.219164594496036
scaled_total	119	deviation_load[704]	0.5054963940997006	2800.2448315824777	2189.5812063477874	2791.9404243685894	2179.704614497362	0.26824856079148174	0.4475152092160504	0.4179001405734513	10.036760445090273	10.383548091658444	20.156064646950302
scaled_total	119	deviation_load[705]	0.45892798558029935	2291.330084985958	1965.366430712855	2291.558263315845	1963.7388292624591	0.32505330537366944	0.47964320550636724	0.45644593158331154	-21.843668005415378	-21.496880358847207	21.15400012677305
scaled_total	119	deviation_load[706]	0.46923579437415763	2635.745801013077	2301.765855034735	2632.3254542518853	2296.3491142060775	0.29706413940971227	0.4419401686444298	0.4369557644062406	-6.690693340159508	-6.343905693591339	20.920362557518693
scaled_total	119	deviation_load[707]	0.4295065504928548	2514.095166483645	1999.862363696222	2528.967572518629	1996.8386358277435	0.3284230110305198	0.4824975580856373	0.45885173128033635	-2.1028715748316236	-1.7560839282634553	21.866530373009052
scaled_total	119	deviation_load[708]	0.3966193689345444	2594.1206366201386	2182.2336943021337	2593.259594366859	2156.060374919191	0.3470967120736736	0.4951324018048109	0.4723974647020915	-24.84081634934049	-24.49402870277232	22.75505104069559
scaled_total	119	deviation_load[709]	0.35280652304312554	2885.835586188089	2485.222764566762	2867.0723553851876	2453.9102849360947	0.3624884803703668	0.49498113685805073	0.4838193211580402	-44.51395301009057	-44.16716536352241	24.126619247442477
scaled_total	119	deviation_load[710]	0.31515421713191605	2101.997265421484	1965.8245817356392	2098.6156309019784	1976.5461187282895	0.46114038034009114	0.5741480491476394	0.5615458017871855	-74.59663293206417	-74.24984528549601	25.527201831290864
scaled_total	119	deviation_load[711]	0.33095113821308264	2845.3314118632875	2273.6608360681753	2844.7184492978504	2283.875006779769	0.3820252841861252	0.5375592516783683	0.49862466333114613	13.157628798874168	13.504416445442335	24.91052233145037
scaled_total	119	deviation_load[712]	0.27254674724892036	2397.203225026918	2312.7065869342127	2382.319412604372	2314.49979589256	0.4796747105955739	0.5689778164581354	0.5768631251081635	116.32791214147723	116.67469978804537	27.450121556410895
scaled_total	119	deviation_load[713]	0.2721325477818239	3268.292993251847	2856.2713144033073	3258.9364881391093	2854.396170770249	0.41054685651822137	0.5188281774251435	0.5207993457384543	-14.001450072854107	-13.654662426285936	27.4710038484048
scaled_total	119	deviation_load[714]	0.24983772744667157	1822.2961009231883	1713.0525609427805	1838.0474715936157	1701.0211194057292	0.5792086120223953	0.7085348583741551	0.661940974230723	-3.891961888851161	-3.5451742422829926	28.670532760910362
scaled_total	119	deviation_load[715]	0.21268456244443923	3140.1819551936173	2607.99471048744	3139.999747253003	2581.6080925054735	0.49204674877373633	0.6155250761050677	0.5871909741331295	-41.92532077738919	-41.57853313082102	31.07397339269775
scaled_total	119	deviation_load[716]	0.1392811794254312	2000.2215322683096	2036.6908209040826	2004.0492802434771	2050.3668381994576	0.7957836409506099	0.8586509804342439	0.8578781034210038	-34.03535527819635	-33.68856763162819	38.398879864522705
scaled_total	119	deviation_load[717]	0.16259429465401	1912.8097576244381	2006.7267918400603	1910.1862970967081	1987.7004493061959	0.7441186979768162	0.790977858281931	0.810182617564288	93.86673010980509	94.21351775637328	35.539566195469845
scaled_total	119	deviation_load[718]	0.14416782555450447	1518.394380591391	1633.465321170172	1509.8564167601467	1633.6733792902294	0.8985806860936579	0.9339967662848905	0.954007592498696	113.15205565229296	113.49884329886112	37.74249441918439
scaled_total	119	deviation_load[719]	0.14601835283802136	3628.6083531298073	2962.8185948554556	3624.4643304938486	2959.23478791795	0.575656489222887	0.6993803724419257	0.6588350557681558	-31.382109352938194	-31.03532170637002	37.50257178675832
scaled_total	119	deviation_load[720]	0.1362282862519558	2359.6128497922073	2468.1586237450615	2344.4478733368137	2458.1771673052926	0.7452643128031213	0.785939150363631	0.8112349431961852	44.637763505036084	44.98455115160425	38.82675783067564
scaled_total	119	population_intercept_at_load0	0.9988412696490172	2311.067788826607	1892.1993975479202	2319.384035944067	1889.2468684338749	0.37896803438297155	12.215714287174725	11.988036900824348	5460.8888235360255	5472.463052899526	536.1640853088078
scaled_total	119	log_sigma_intercept_at_subject0	0.0	2430.0018737050227	2430.0018737050227	2420.8938211954287	2420.8938211954287	0.03998562893771683	0.03998562893771683	0.03998562893771683	-49.51554857928285	-49.51554857928285	1.9673960833098256
scaled_total	120	population_intercept_at_mean_load	0.9996576976501672	2161.7674328554267	1832.524825938334	2160.1371108908093	1821.9387223080662	0.21373784664239545	12.570653240112872	12.005953038530793	5614.21307380926	5619.440401042625	536.9293551383676
scaled_total	120	population_load	0.8466342977270378	2404.1992203109944	1821.5778089523394	2393.0455044922455	1807.1656559943303	0.12468249661175866	0.3615631322706889	0.3438443864394914	59.139747677272474	58.92847429599175	15.574597955710724
scaled_total	120	log_tau_intercept	0.0	96.23366761153939	96.23366761153939	97.81627374144645	97.81627374144645	0.01504419246307368	0.01504419246307368	0.01504419246307368	7.80841151662559	7.80841151662559	0.14879023787333745
scaled_total	120	log_tau_load	0.0	479.5805611042053	479.5805611042053	481.02612287290737	481.02612287290737	0.009789408362429324	0.009789408362429324	0.009789408362429324	4.114200848931364	4.114200848931364	0.21470431681313978
scaled_total	120	log_sigma_intercept	0.0	2552.5210349493077	2552.5210349493077	2540.1069702828654	2540.1069702828654	0.0003025550874056596	0.0003025550874056596	0.0003025550874056596	6.051467865673198	6.051467865673198	0.01524861723367341
scaled_total	120	log_sigma_subj_slope	0.0	2428.477437618454	2428.477437618454	2416.950416422254	2416.950416422254	5.630648910889489e-5	5.630648910889489e-5	5.630648910889489e-5	0.07817775721679605	0.07817775721679605	0.002768167203984305
scaled_total	120	deviation_intercept[701]	0.9899874864012541	2855.943872515165	1838.9751849268455	2837.529549304048	1828.0543488029562	1.0116550857339712	12.607679403613933	12.024677042521082	-4852.021412805857	-4857.775690748279	538.5562943940457
scaled_total	120	deviation_intercept[702]	0.9953881431988053	2868.522810575422	1831.9503001917517	2848.1534142553405	1817.85821322413	0.6834487360191706	12.604808469360957	12.00152132603231	-3913.027611530905	-3918.7818894733264	537.0932903907391
scaled_total	120	deviation_intercept[703]	0.9944951911100675	3112.7124013147213	1815.4177197796	3088.299489783157	1804.8203311964835	0.7173911804120212	12.651691931435881	12.003502075235172	-3631.9431523604367	-3637.6974303028574	537.3343629322773
scaled_total	120	deviation_intercept[704]	0.993797444317413	2956.3858834719426	1821.7253051751425	2936.243400257857	1804.3725736046522	0.7812433433408259	12.612990374586827	12.007487377713812	-649.4199051905998	-655.1741831330214	537.5229614967965
scaled_total	120	deviation_intercept[705]	0.9921529290292962	2297.5311865747376	1810.5882967208704	2293.0302185641194	1804.8307506940964	0.9951889618774102	12.649067047335679	12.023302917014309	-1345.8483791993322	-1351.602657141754	537.9682551141208
scaled_total	120	deviation_intercept[706]	0.9925253865104994	2420.390925933765	1828.5687293072913	2429.392974189594	1819.2330180783727	0.9434537852982191	12.577053355946097	12.019131291796246	44.836491950686266	39.08221400826465	537.8673060072366
scaled_total	120	deviation_intercept[707]	0.9909719641337857	2495.7200321073788	1837.449573455911	2501.5836527046467	1832.4011833049142	1.0225967248331613	12.57749549755817	12.025602522372075	-82.80592703085564	-88.56020497327725	538.2887144600456
scaled_total	120	deviation_intercept[708]	0.9899164300464405	2491.6662350120832	1797.191567239146	2486.106971116383	1784.0527262456553	1.0846607989503658	12.736342462287773	12.031039066232882	-447.6028631989636	-453.35714114138517	538.5756228743531
scaled_total	120	deviation_intercept[709]	0.9880063511911401	2623.3426408519954	1812.251118357151	2576.1350075380437	1800.9442782764443	1.1632081722935708	12.65603941050722	12.038374691648897	-1139.8774568477752	-1145.631734790197	539.0959764074092
scaled_total	120	deviation_intercept[710]	0.9856597285749147	2314.3846458028265	1802.5626007151664	2307.692365179468	1795.915509547788	1.3454643077529833	12.737364296447273	12.057349881623216	187.7447812831956	181.99050334077398	539.737324897063
scaled_total	120	deviation_intercept[711]	0.986215991931028	2942.2265111809334	1807.1056169890567	2943.873608098548	1795.9585486824144	1.1675839533265622	12.748021246652195	12.038798289385358	-1731.2670782877017	-1737.0213562301235	539.5850872299019
scaled_total	120	deviation_intercept[712]	0.9826836369105826	2644.729715273846	1806.3112226461017	2667.2584111567903	1797.9612718381668	1.377320119152409	12.700645608446596	12.060946176609203	1093.292692344862	1087.5384144024401	540.5540136774912
scaled_total	120	deviation_intercept[713]	0.9811680916766534	2583.855397258422	1821.6791674681392	2588.173378524281	1811.1443280016883	1.4592333049966604	12.694366954500543	12.070574708888289	3893.0010002372396	3887.2467222948167	540.9713315438318
scaled_total	120	deviation_intercept[714]	0.9791998029256999	2058.2327248045594	1836.549516719214	2073.3009860243915	1827.0604980490027	1.7151924159316563	12.684610181126942	12.104185102191375	152.50757359877372	146.75329565635212	541.5147616171037
scaled_total	120	deviation_intercept[715]	0.9741918545655674	2863.68549430064	1862.5130445632196	2852.605572491261	1848.4573435579655	1.6329814343229745	12.590108034855673	12.092809447323878	916.9381763881338	911.1838984457122	542.9048377590682
scaled_total	120	deviation_intercept[716]	0.9552481608875353	2118.1217851649767	1804.4107732861783	2090.1099756951194	1799.8332993039512	2.5369314263350717	12.852975397487869	12.247670514280202	768.2230835093729	762.4688055669511	548.2616307514148
scaled_total	120	deviation_intercept[717]	0.9641474406945357	2208.6238138250933	1836.4437551966957	2200.2329698544154	1824.2538427515033	2.20292635953538	12.74244744397233	12.182868976968354	1483.8276862185305	1478.073408276109	545.7254809012211
scaled_total	120	deviation_intercept[718]	0.9591162748512416	2114.1089264034576	1931.066751369824	2114.5114451399886	1910.593900964805	2.4059164319683215	12.504875894915502	12.221204762299719	1311.9550105077797	1306.200732565358	547.1549447940114
scaled_total	120	deviation_intercept[719]	0.9575949978164284	3101.3179335677905	1908.2324305412078	3093.843828047583	1911.4845612467093	2.027282985456834	12.518412053387815	12.152336741037294	4690.924840838564	4685.170562896142	547.5893893816238
scaled_total	120	deviation_intercept[720]	0.953648441918633	2929.632927490736	1899.536327046169	2895.5788587189304	1889.2284069486086	2.195413229630249	12.608521478007262	12.181512681653196	3303.9032686377436	3298.148990695322	548.7212849527856
scaled_total	120	deviation_load[701]	0.3967239880542563	2702.446325644462	2119.1829314279425	2705.751722027085	2105.617355026896	0.33973054804437586	0.49149734065261325	0.46701186537297	-23.441918872218025	-23.230645490937306	22.75205050323415
scaled_total	120	deviation_load[702]	0.6049615627350231	2874.4864806294195	2123.093734898259	2861.8425622080954	2096.414911809311	0.21646998683965069	0.39960464009446567	0.38670724369601306	-36.42304034105153	-36.21176695977081	18.424719406837628
scaled_total	120	deviation_load[703]	0.5559817483743552	3207.6091214604703	2282.5884874391995	3192.4029427254527	2261.7405519641547	0.22666061671705925	0.4024803793499511	0.39250257616373263	-38.11918058019444	-37.90790719891372	19.219164594496036
scaled_total	120	deviation_load[704]	0.5054963940997006	2800.2448315824777	2318.769081177621	2791.9404243685894	2299.354958316501	0.26824856079148174	0.41841315326969736	0.4179001405734513	10.172274710377726	10.383548091658444	20.156064646950302
scaled_total	120	deviation_load[705]	0.45892798558029935	2291.330084985958	1980.9694978188236	2291.558263315845	1991.2756614305356	0.32505330537366944	0.48236016618801736	0.45644593158331154	-21.708153740127923	-21.496880358847207	21.15400012677305
scaled_total	120	deviation_load[706]	0.46923579437415763	2635.745801013077	2034.4231441249808	2632.3254542518853	2025.6629665656155	0.29706413940971227	0.45257025994444644	0.4369557644062406	-6.555179074872056	-6.343905693591339	20.920362557518693
scaled_total	120	deviation_load[707]	0.4295065504928548	2514.095166483645	2217.829113981966	2528.967572518629	2197.497747115473	0.3284230110305198	0.4643134085263663	0.45885173128033635	-1.9673573095441734	-1.7560839282634553	21.866530373009052
scaled_total	120	deviation_load[708]	0.3966193689345444	2594.1206366201386	2406.9577159756254	2593.259594366859	2360.450045648739	0.3470967120736736	0.46658050417168895	0.4723974647020915	-24.705302084053038	-24.49402870277232	22.75505104069559
scaled_total	120	deviation_load[709]	0.35280652304312554	2885.835586188089	2482.5202588422508	2867.0723553851876	2461.9394677756186	0.3624884803703668	0.48808916464245344	0.4838193211580402	-44.37843874480311	-44.16716536352241	24.126619247442477
scaled_total	120	deviation_load[710]	0.31515421713191605	2101.997265421484	2065.914331364849	2098.6156309019784	2038.0969021378253	0.46114038034009114	0.5555689499545267	0.5615458017871855	-74.46111866677671	-74.24984528549601	25.527201831290864
scaled_total	120	deviation_load[711]	0.33095113821308264	2845.3314118632875	2180.3761719627487	2844.7184492978504	2165.1100381264882	0.3820252841861252	0.5354846637765086	0.49862466333114613	13.293143064161617	13.504416445442335	24.91052233145037
scaled_total	120	deviation_load[712]	0.27254674724892036	2397.203225026918	1862.9481891206472	2382.319412604372	1956.7852989075618	0.4796747105955739	0.6129804981448859	0.5768631251081635	116.46342640676467	116.67469978804537	27.450121556410895
scaled_total	120	deviation_load[713]	0.2721325477818239	3268.292993251847	2482.310739929807	3258.9364881391093	2472.4819758195094	0.41054685651822137	0.5560719220789699	0.5207993457384543	-13.865935807566656	-13.654662426285936	27.4710038484048
scaled_total	120	deviation_load[714]	0.24983772744667157	1822.2961009231883	2093.4302582995524	1838.0474715936157	2088.2496582508625	0.5792086120223953	0.6265122267924161	0.661940974230723	-3.75644762356371	-3.5451742422829926	28.670532760910362
scaled_total	120	deviation_load[715]	0.21268456244443923	3140.1819551936173	2896.955756842176	3139.999747253003	2900.6131972043268	0.49204674877373633	0.5798742211593667	0.5871909741331295	-41.78980651210174	-41.57853313082102	31.07397339269775
scaled_total	120	deviation_load[716]	0.1392811794254312	2000.2215322683096	1861.8142770712225	2004.0492802434771	1905.59780635688	0.7957836409506099	0.8668622142392731	0.8578781034210038	-33.899841012908915	-33.68856763162819	38.398879864522705
scaled_total	120	deviation_load[717]	0.16259429465401	1912.8097576244381	1877.7314922783908	1910.1862970967081	1865.5388318819364	0.7441186979768162	0.8120404397136809	0.810182617564288	94.00224437509254	94.21351775637328	35.539566195469845
scaled_total	120	deviation_load[718]	0.14416782555450447	1518.394380591391	1532.931036776267	1509.8564167601467	1531.659709954262	0.8985806860936579	0.9560999935826775	0.954007592498696	113.2875699175804	113.49884329886112	37.74249441918439
scaled_total	120	deviation_load[719]	0.14601835283802136	3628.6083531298073	3012.210458555526	3624.4643304938486	3018.9687628463566	0.575656489222887	0.6828244575372292	0.6588350557681558	-31.24659508765074	-31.03532170637002	37.50257178675832
scaled_total	120	deviation_load[720]	0.1362282862519558	2359.6128497922073	2091.405554196881	2344.4478733368137	2069.083551150536	0.7452643128031213	0.8540913771989274	0.8112349431961852	44.773277770323524	44.98455115160425	38.82675783067564
scaled_total	120	population_intercept_at_load0	0.9988412696490172	2311.067788826607	1817.9533090201105	2319.384035944067	1805.35299413302	0.37896803438297155	12.616484613141884	11.988036900824348	5466.708774957104	5472.463052899526	536.1640853088078
scaled_total	120	log_sigma_intercept_at_subject0	0.0	2430.0018737050227	2430.0018737050227	2420.8938211954287	2420.8938211954287	0.03998562893771683	0.03998562893771683	0.03998562893771683	-49.51554857928285	-49.51554857928285	1.9673960833098256
