coordinate	candidate	loss
1	0.0	0.001093746963848263
1	0.01	0.0005613228680143158
1	0.02	1.996739224395701e-5
1	0.03	-0.0005305893964673859
1	0.04	-0.0010906285855320041
1	0.05	-0.0016604429955152011
1	0.06	-0.0022403377951674196
1	0.07	-0.002830631155445658
1	0.08	-0.003431654945385519
1	0.09	-0.004043755473030964
1	0.1	-0.00466729427479832
1	0.11	-0.005302648957014827
1	0.12	-0.005950214093693015
1	0.13	-0.006610402184968502
1	0.14	-0.007283644680963467
1	0.15	-0.007970393076413989
1	0.16	-0.00867112008171798
1	0.17	-0.009386320876770732
1	0.18	-0.010116514454370859
1	0.19	-0.010862245060807199
1	0.2	-0.011624083741836476
1	0.21	-0.012402630003138185
1	0.22	-0.01319851359521089
1	0.23	-0.014012396433676718
1	0.24	-0.014844974667068469
1	0.25	-0.01569698090543617
1	0.26	-0.0165691866244403
1	0.27	-0.017462404761229944
1	0.28	-0.018377492520064247
1	0.29	-0.019315354407607437
1	0.3	-0.020276945520030072
1	0.31	-0.021263275106427674
1	0.32	-0.022275410435948596
1	0.33	-0.023314480998984553
1	0.34	-0.024381683076412607
1	0.35	-0.02547828471476864
1	0.36	-0.02660563114977218
1	0.37	-0.027765150725690486
1	0.38	-0.02895836136382299
1	0.39	-0.0301868776400367
1	0.4	-0.03145241853866356
1	0.41	-0.03275681595883464
1	0.42	-0.03410202405896315
1	0.43	-0.03549012953648011
1	0.44	-0.03692336295274611
1	0.45	-0.03840411122798434
1	0.46	-0.03993493144819992
1	0.47	-0.04151856614582974
1	0.48	-0.04315796023876061
1	0.49	-0.044856279838965216
1	0.5	-0.046616933172799524
1	0.51	-0.048443593891026406
1	0.52	-0.05034022708855555
1	0.53	-0.05231111840299888
1	0.54	-0.05436090661868036
1	0.55	-0.05649462027036795
1	0.56	-0.05871771882065518
1	0.57	-0.061036139078889565
1	0.58	-0.063456347640786
1	0.59	-0.06598540025969338
1	0.6	-0.06863100921717015
1	0.61	-0.07140161994707664
1	0.62	-0.07430649838999119
1	0.63	-0.07735583082088265
1	0.64	-0.08056083821158282
1	0.65	-0.0839339075717953
1	0.66	-0.08748874317108384
1	0.67	-0.09124054109546947
1	0.68	-0.09520619125434213
1	0.69	-0.09940451174822121
1	0.7	-0.1038565214601437
1	0.71	-0.10858575787028558
1	0.72	-0.11361864844280703
1	0.73	-0.11898494552094759
1	0.74	-0.1247182365068164
1	0.75	-0.13085654318934806
1	0.76	-0.1374430263659994
1	0.77	-0.14452681424410185
1	0.78	-0.15216397521434002
1	0.79	-0.16041865689283794
1	0.8	-0.1693644127746729
1	0.81	-0.17908573352850576
1	0.82	-0.18967978852328768
1	0.83	-0.2012583587302871
1	0.84	-0.21394989450399057
1	0.85	-0.22790154345657176
1	0.86	-0.24328083512175663
1	0.87	-0.26027643108284826
1	0.88	-0.27909687189908605
1	0.89	-0.29996545236286
1	0.9	-0.3231080613947522
1	0.91	-0.3487288371806577
1	0.92	-0.3769657337419008
1	0.93	-0.4078150389662182
1	0.94	-0.441012577123999
1	0.95	-0.47586532818881827
1	0.96	-0.5110514515858747
1	0.97	-0.5444620918413974
1	0.98	-0.5732383287030418
1	0.99	-0.5941916681644742
1	1.0	-0.6046497863615545
2	0.0	-0.013049625520970384
2	0.01	-0.01342728190706087
2	0.02	-0.013812102478905321
2	0.03	-0.014204304563087048
2	0.04	-0.01460411448685948
2	0.05	-0.015011768047483689
2	0.06	-0.015427511011206306
2	0.07	-0.015851599644032724
2	0.08	-0.016284301276743803
2	0.09	-0.016725894906676524
2	0.1	-0.017176671839157935
2	0.11	-0.017636936371620286
2	0.12	-0.01810700652379024
2	0.13	-0.018587214817506203
2	0.14	-0.01907790911027639
2	0.15	-0.019579453486818697
2	0.16	-0.020092229213374696
2	0.17	-0.020616635760048543
2	0.18	-0.0211530918967762
2	0.19	-0.021702036869273533
2	0.2	-0.022263931661797288
2	0.21	-0.022839260354231953
2	0.22	-0.023428531581892023
2	0.23	-0.02403228010708823
2	0.24	-0.02465106851266548
2	0.25	-0.025285489028521308
2	0.26	-0.025936165503567907
2	0.27	-0.026603755536647743
2	0.28	-0.027288952781585815
2	0.29	-0.027992489443150307
2	0.3	-0.02871513898250836
2	0.31	-0.029457719052966798
2	0.32	-0.030221094689057402
2	0.33	-0.031006181774795243
2	0.34	-0.031813950819876265
2	0.35	-0.03264543107611047
2	0.36	-0.033501715030195306
2	0.37	-0.034383963313446834
2	0.38	-0.03529341007411783
2	0.39	-0.03623136886371775
2	0.4	-0.03719923909535516
2	0.41	-0.038198513139674456
2	0.42	-0.039230784132680385
2	0.43	-0.040297754579688816
2	0.44	-0.04140124585120535
2	0.45	-0.04254320867986675
2	0.46	-0.04372573478295583
2	0.47	-0.04495106975293279
2	0.48	-0.04622162737926049
2	0.49	-0.04754000558908611
2	0.5	-0.048909004222745696
2	0.51	-0.050331644893321884
2	0.52	-0.051811193218656404
2	0.53	-0.05335118376026753
2	0.54	-0.054955448058112415
2	0.55	-0.056628146214660016
2	0.56	-0.05837380255846663
2	0.57	-0.06019734600883026
2	0.58	-0.062104155872439365
2	0.59	-0.06410011393400973
2	0.6	-0.06619166386068781
2	0.61	-0.06838587913038269
2	0.62	-0.0706905409249365
2	0.63	-0.07311422770938528
2	0.64	-0.07566641856055577
2	0.65	-0.07835761272681327
2	0.66	-0.08119946841493934
2	0.67	-0.08420496443386381
2	0.68	-0.0873885891089442
2	0.69	-0.09076656185351857
2	0.7	-0.09435709399619788
2	0.71	-0.09818069697586213
2	0.72	-0.10226054791198043
2	0.73	-0.10662292493737022
2	0.74	-0.11129772767181935
2	0.75	-0.11631910197713849
2	0.76	-0.12172619286068621
2	0.77	-0.1275640553126218
2	0.78	-0.1338847602223834
2	0.79	-0.14074874156223244
2	0.8	-0.14822644190021267
2	0.81	-0.15640032589777936
2	0.82	-0.16536734501934003
2	0.83	-0.17524194913393148
2	0.84	-0.1861597471000342
2	0.85	-0.1982819081369501
2	0.86	-0.2118003466742571
2	0.87	-0.22694360058664773
2	0.88	-0.24398300683715232
2	0.89	-0.2632381239124999
2	0.9	-0.2850790088799336
2	0.91	-0.3099202994973629
2	0.92	-0.3381969855530714
2	0.93	-0.3703026496866092
2	0.94	-0.4064563565444841
2	0.95	-0.4464466792183934
2	0.96	-0.48919875702912635
2	0.97	-0.5321813382825749
2	0.98	-0.5709223026193108
2	0.99	-0.5993342071832417
2	1.0	-0.6116124024771215
3	0.0	-0.02350616330714447
3	0.01	-0.023897297795695962
3	0.02	-0.02429590295512565
3	0.03	-0.02470221050113214
3	0.04	-0.025116461708544084
3	0.05	-0.025538907908487403
3	0.06	-0.025969811016835355
3	0.07	-0.026409444096267883
3	0.08	-0.026858091954447733
3	0.09	-0.027316051781039588
3	0.1	-0.027783633826567195
3	0.11	-0.028261162126289093
3	0.12	-0.02874897527266391
3	0.13	-0.02924742724017205
3	0.14	-0.029756888266768006
3	0.15	-0.03027774579643692
3	0.16	-0.03081040548787837
3	0.17	-0.03135529229481946
3	0.18	-0.031912851623857076
3	0.19	-0.03248355057646447
3	0.2	-0.03306787928230731
3	0.21	-0.033666352331766215
3	0.22	-0.03427951031640539
3	0.23	-0.03490792148690028
3	0.24	-0.03555218353903304
3	0.25	-0.036212925539314884
3	0.26	-0.03689081000317205
3	0.27	-0.0375865351399009
3	0.28	-0.03830083728008938
3	0.29	-0.03903449350306691
3	0.3	-0.03978832448370673
3	0.31	-0.04056319758019283
3	0.32	-0.04136003018676569
3	0.33	-0.04217979337818334
3	0.34	-0.043023515875840725
3	0.35	-0.04389228836896319
3	0.36	-0.04478726822829592
3	0.37	-0.045709684654296354
3	0.38	-0.04666084430699347
3	0.39	-0.04764213747058718
3	0.4	-0.04865504481261145
3	0.41	-0.04970114480521056
3	0.42	-0.050782121884869955
3	0.43	-0.05189977543722121
3	0.44	-0.05305602970507963
3	0.45	-0.054252944731498706
3	0.46	-0.05549272846512151
3	0.47	-0.056777750173201254
3	0.48	-0.05811055532859446
3	0.49	-0.05949388216141444
3	0.5	-0.06093068009442234
3	0.51	-0.06242413031448828
3	0.52	-0.06397766877130942
3	0.53	-0.06559501194031545
3	0.54	-0.06728018574044581
3	0.55	-0.0690375580610571
3	0.56	-0.07087187542730965
3	0.57	-0.07278830442266195
3	0.58	-0.07479247859318221
3	0.59	-0.07689055168507777
3	0.6	-0.07908925821835501
3	0.61	-0.08139598258134217
3	0.62	-0.08381883804956634
3	0.63	-0.08636675739636146
3	0.64	-0.08904959708190166
3	0.65	-0.0918782573945596
3	0.66	-0.09486482138942336
3	0.67	-0.09802271604271008
3	0.68	-0.10136689974177125
3	0.69	-0.10491408108793815
3	0.7	-0.10868297503981544
3	0.71	-0.1126946037118426
3	0.72	-0.11697265071955334
3	0.73	-0.12154387989046939
3	0.74	-0.1264386315069088
3	0.75	-0.1316914120862381
3	0.76	-0.1373415970997134
3	0.77	-0.14343427001802408
3	0.78	-0.15002122561113293
3	0.79	-0.15716217032643473
3	0.8	-0.16492615731311028
3	0.81	-0.17339329713916474
3	0.82	-0.18265678521220288
3	0.83	-0.1928252790054913
3	0.84	-0.20402563415740665
3	0.85	-0.21640595298618204
3	0.86	-0.2301387836437477
3	0.87	-0.24542408149809333
3	0.88	-0.26249111394603364
3	0.89	-0.28159769375195465
3	0.9	-0.3030236921197026
3	0.91	-0.3270532902977389
3	0.92	-0.35393634020738834
3	0.93	-0.38381319918400125
3	0.94	-0.4165806287523885
3	0.95	-0.4516748337387821
3	0.96	-0.4877689662652011
3	0.97	-0.5224598537830638
3	0.98	-0.5521761294247203
3	0.99	-0.5726870040889774
3	1.0	-0.5804128907839599
4	0.0	-0.1749245699726159
4	0.01	-0.17656486427294482
4	0.02	-0.17823243153298968
4	0.03	-0.1799279407987279
4	0.04	-0.18165208115992612
4	0.05	-0.18340556239955846
4	0.06	-0.18518911566085705
4	0.07	-0.18700349413212286
4	0.08	-0.18884947374871053
4	0.09	-0.19072785391210775
4	0.1	-0.1926394582251945
4	0.11	-0.194585135243238
4	0.12	-0.19656575923945244
4	0.13	-0.1985822309842077
4	0.14	-0.20063547853603772
4	0.15	-0.20272645804327846
4	0.16	-0.20485615455373626
4	0.17	-0.20702558283015238
4	0.18	-0.20923578816868688
4	0.19	-0.21148784721670413
4	0.2	-0.2137828687860538
4	0.21	-0.216121994657435
4	0.22	-0.21850640036997054
4	0.23	-0.22093729599041617
4	0.24	-0.22341592685451467
4	0.25	-0.2259435742724765
4	0.26	-0.22852155618939146
4	0.27	-0.23115122778974181
4	0.28	-0.23383398203391517
4	0.29	-0.23657125011314867
4	0.3	-0.23936450180677699
4	0.31	-0.24221524572434577
4	0.32	-0.24512502941224273
4	0.33	-0.24809543930192252
4	0.34	-0.25112810047405504
4	0.35	-0.2542246762093145
4	0.36	-0.25738686729297794
4	0.37	-0.26061641103633576
4	0.38	-0.2639150799732011
4	0.39	-0.26728468018483476
4	0.4	-0.2707270492007513
4	0.41	-0.2742440534166765
4	0.42	-0.2778375849638826
4	0.43	-0.28150955795650584
4	0.44	-0.2852619040349455
4	0.45	-0.2890965671141437
4	0.46	-0.2930154972356516
4	0.47	-0.2970206434110883
4	0.48	-0.3011139453329393
4	0.49	-0.3052973238157709
4	0.5	-0.30957266981726167
4	0.51	-0.31394183187392527
4	0.52	-0.3184066017713226
4	0.53	-0.32296869825266666
4	0.54	-0.3276297485535628
4	0.55	-0.33239126753469417
4	0.56	-0.337254634168283
4	0.57	-0.3422210651194478
4	0.58	-0.347291585150416
4	0.59	-0.3524669940648999
4	0.6	-0.35774782990306125
4	0.61	-0.36313432809563695
4	0.62	-0.36862637629066214
4	0.63	-0.37422346458012845
4	0.64	-0.3799246308787691
4	0.65	-0.38572840124632646
4	0.66	-0.3916327250011136
4	0.67	-0.3976349045500859
4	0.68	-0.4037315199633275
4	0.69	-0.4099183484529338
4	0.7	-0.41619027908254413
4	0.71	-0.42254122323865845
4	0.72	-0.4289640216427208
4	0.73	-0.4354503489771064
4	0.74	-0.44199061754087005
4	0.75	-0.4485738817425897
4	0.76	-0.45518774567508913
4	0.77	-0.4618182764937822
4	0.78	-0.4684499268253975
4	0.79	-0.4750654699491356
4	0.8	-0.4816459519935432
4	0.81	-0.4881706658464895
4	0.82	-0.49461715184199
4	0.83	-0.5009612305170478
4	0.84	-0.5071770727687918
4	0.85	-0.5132373125274061
4	0.86	-0.5191132065344528
4	0.87	-0.524774844926023
4	0.88	-0.5301914150259965
4	0.89	-0.5353315190388835
4	0.9	-0.5401635442074315
4	0.91	-0.5446560815196635
4	0.92	-0.5487783863103091
4	0.93	-0.5525008712464801
4	0.94	-0.5557956194037625
4	0.95	-0.5586369026460688
4	0.96	-0.5610016885555489
4	0.97	-0.5628701179442979
4	0.98	-0.5642259347092445
4	0.99	-0.5650568505942956
4	1.0	-0.5653548293424453
5	0.0	-0.14664827666777644
5	0.01	-0.1478234378313546
5	0.02	-0.1490201272727665
5	0.03	-0.1502389546940107
5	0.04	-0.1514805521950378
5	0.05	-0.15274557527680083
5	0.06	-0.15403470389640686
5	0.07	-0.1553486435772428
5	0.08	-0.1566881265773582
5	0.09	-0.15805391311936845
5	0.1	-0.15944679268551962
5	0.11	-0.1608675853815568
5	0.12	-0.16231714337357955
5	0.13	-0.16379635240187626
5	0.14	-0.16530613337642738
5	0.15	-0.16684744405857896
5	0.16	-0.1684212808340696
5	0.17	-0.17002868058254453
5	0.18	-0.17167072264913022
5	0.19	-0.17334853092392566
5	0.2	-0.1750632760355562
5	0.21	-0.17681617766516994
5	0.22	-0.1786085069877171
5	0.23	-0.18044158924746198
5	0.24	-0.1823168064751804
5	0.25	-0.18423560035464104
5	0.26	-0.18619947524624167
5	0.27	-0.18821000137601335
5	0.28	-0.19026881819839192
5	0.29	-0.19237763794113244
5	0.3	-0.19453824934118755
5	0.31	-0.19675252157999462
5	0.32	-0.19902240842685803
5	0.33	-0.20134995259861682
5	0.34	-0.20373729034353544
5	0.35	-0.2061866562567896
5	0.36	-0.20870038833385418
5	0.37	-0.21128093326712774
5	0.38	-0.21393085198940523
5	0.39	-0.21665282546589137
5	0.4	-0.21944966073359976
5	0.41	-0.22232429718388208
5	0.42	-0.22527981307946515
5	0.43	-0.22831943229209853
5	0.44	-0.23144653124060438
5	0.45	-0.23466464600082435
5	0.46	-0.23797747954931114
5	0.47	-0.24138890909037272
5	0.48	-0.2449029934014628
5	0.49	-0.24852398011384008
5	0.5	-0.25225631282377503
5	0.51	-0.25610463790305793
5	0.52	-0.26007381084579584
5	0.53	-0.26416890194988923
5	0.54	-0.2683952010852851
5	0.55	-0.2727582212454064
5	0.56	-0.2772637005112418
5	0.57	-0.2819176019775761
5	0.58	-0.2867261110952249
5	0.59	-0.29169562976904995
5	0.6	-0.29683276641609163
5	0.61	-0.30214432102754724
5	0.62	-0.3076372640886243
5	0.63	-0.31331870798739414
5	0.64	-0.31919586928285526
5	0.65	-0.3252760198991947
5	0.66	-0.33156642496307365
5	0.67	-0.33807426460067735
5	0.68	-0.3448065365587187
5	0.69	-0.3517699360099315
5	0.7	-0.35897070835339284
5	0.71	-0.3664144702351592
5	0.72	-0.37410599341591205
5	0.73	-0.382048945534363
5	0.74	-0.3902455813110932
5	0.75	-0.39869637738567537
5	0.76	-0.4073996038915672
5	0.77	-0.41635082620117053
5	0.78	-0.4255423312211282
5	0.79	-0.4349624744471813
5	0.8	-0.4445949470226567
5	0.81	-0.4544179666664065
5	0.82	-0.4644034029646042
5	0.83	-0.4745158565720793
5	0.84	-0.484711723678285
5	0.85	-0.49493829179478877
5	0.86	-0.5051329302749838
5	0.87	-0.5152224581438609
5	0.88	-0.5251227911055907
5	0.89	-0.5347389862361857
5	0.9	-0.543965812885742
5	0.91	-0.5526889766747585
5	0.92	-0.5607871046191943
5	0.93	-0.5681345583749958
5	0.94	-0.5746050765761587
5	0.95	-0.580076157647698
5	0.96	-0.5844339886506198
5	0.97	-0.5875786177182983
5	0.98	-0.589428977139942
5	0.99	-0.5899273129367776
5	1.0	-0.5890425832803252
6	0.0	-0.4976499132662114
6	0.01	-0.49889941346680133
6	0.02	-0.5001425732149224
6	0.03	-0.5013792543444764
6	0.04	-0.5026093179268605
6	0.05	-0.5038326242965943
6	0.06	-0.5050490330775691
6	0.07	-0.5062584032104402
6	0.08	-0.5074605929807042
6	0.09	-0.5086554600476549
6	0.1	-0.5098428614742988
6	0.11	-0.5110226537579685
6	0.12	-0.5121946928621346
6	0.13	-0.5133588342486235
6	0.14	-0.5145149329111105
6	0.15	-0.5156628434092605
6	0.16	-0.516802419903772
6	0.17	-0.5179335161923522
6	0.18	-0.5190559857463318
6	0.19	-0.5201696817485452
6	0.2	-0.5212744571314865
6	0.21	-0.5223701646168135
6	0.22	-0.5234566567552887
6	0.23	-0.5245337859679048
6	0.24	-0.5256014045873469
6	0.25	-0.5266593649007392
6	0.26	-0.5277075191928174
6	0.27	-0.528745719790005
6	0.28	-0.52977381910524
6	0.29	-0.5307916696834272
6	0.3	-0.5317991242478912
6	0.31	-0.5327960357470664
6	0.32	-0.5337822574023577
6	0.33	-0.5347576427562597
6	0.34	-0.5357220457213808
6	0.35	-0.5366753206299585
6	0.36	-0.5376173222839818
6	0.37	-0.5385479060058761
6	0.38	-0.5394669276897731
6	0.39	-0.5403742438531921
6	0.4	-0.5412697116893863
6	0.41	-0.5421531891198921
6	0.42	-0.543024534847761
6	0.43	-0.5438836084109968
6	0.44	-0.5447302702364669
6	0.45	-0.5455643816940556
6	0.46	-0.5463858051512336
6	0.47	-0.5471944040277448
6	0.48	-0.5479900428505874
6	0.49	-0.5487725873092508
6	0.5	-0.5495419043109407
6	0.51	-0.5502978620360651
6	0.52	-0.5510403299937042
6	0.53	-0.5517691790771357
6	0.54	-0.552484281619377
6	0.55	-0.5531855114486162
6	0.56	-0.5538727439436105
6	0.57	-0.5545458560888923
6	0.58	-0.5552047265298634
6	0.59	-0.5558492356275722
6	0.6	-0.5564792655133171
6	0.61	-0.557094700142871
6	0.62	-0.5576954253503792
6	0.63	-0.5582813289018348
6	0.64	-0.558852300548115
6	0.65	-0.5594082320775262
6	0.66	-0.5599490173677841
6	0.67	-0.5604745524374402
6	0.68	-0.5609847354966463
6	0.69	-0.561479466997253
6	0.7	-0.561958649682175
6	0.71	-0.5624221886339942
6	0.72	-0.562869991322739
6	0.73	-0.5633019676528076
6	0.74	-0.5637180300089761
6	0.75	-0.564118093301465
6	0.76	-0.5645020750100155
6	0.77	-0.5648698952269112
6	0.78	-0.5652214766989364
6	0.79	-0.5655567448682157
6	0.8	-0.5658756279118687
6	0.81	-0.5661780567804903
6	0.82	-0.5664639652353802
6	0.83	-0.5667332898844829
6	0.84	-0.5669859702170269
6	0.85	-0.5672219486368028
6	0.86	-0.5674411704940637
6	0.87	-0.5676435841159924
6	0.88	-0.5678291408357299
6	0.89	-0.5679977950199113
6	0.9	-0.5681495040946977
6	0.91	-0.5682842285702594
6	0.92	-0.5684019320636969
6	0.93	-0.5685025813203715
6	0.94	-0.5685861462336176
6	0.95	-0.5686525998628175
6	0.96	-0.5687019184498245
6	0.97	-0.5687340814337062
6	0.98	-0.568749071463798
6	0.99	-0.5687468744110477
6	1.0	-0.5687274793776459
7	0.0	-0.45547826159720345
7	0.01	-0.4574583098353407
7	0.02	-0.4594399462375816
7	0.03	-0.46142292334441815
7	0.04	-0.4634069864108123
7	0.05	-0.4653918733021052
7	0.06	-0.46737731439262
7	0.07	-0.469363032467086
7	0.08	-0.47134874262552606
7	0.09	-0.47333415219139735
7	0.1	-0.4753189606237794
7	0.11	-0.4773028594334954
7	0.12	-0.4792855321040483
7	0.13	-0.48126665401703855
7	0.14	-0.48324589238312743
7	0.15	-0.48522290617822805
7	0.16	-0.4871973460858602
7	0.17	-0.48916885444570635
7	0.18	-0.49113706520902733
7	0.19	-0.493101603900992
7	0.2	-0.49506208759053005
7	0.21	-0.49701812486850866
7	0.22	-0.4989693158336804
7	0.23	-0.5009152520879011
7	0.24	-0.5028555167403038
7	0.25	-0.5047896844212784
7	0.26	-0.5067173213065195
7	0.27	-0.5086379851515445
7	0.28	-0.5105512253373117
7	0.29	-0.5124565829272599
7	0.3	-0.5143535907361243
7	0.31	-0.5162417734111825
7	0.32	-0.5181206475261763
7	0.33	-0.519989721688437
7	0.34	-0.5218484966596141
7	0.35	-0.5236964654903788
7	0.36	-0.5255331136694853
7	0.37	-0.5273579192877091
7	0.38	-0.5291703532168814
7	0.39	-0.5309698793043786
7	0.4	-0.532755954583467
7	0.41	-0.5345280294998443
7	0.42	-0.5362855481545178
7	0.43	-0.5380279485633189
7	0.44	-0.5397546629334204
7	0.45	-0.5414651179568903
7	0.46	-0.5431587351214898
7	0.47	-0.5448349310388712
7	0.48	-0.5464931177902403
7	0.49	-0.5481327032895263
7	0.5	-0.5497530916640608
7	0.51	-0.5513536836527624
7	0.52	-0.5529338770216813
7	0.53	-0.5544930669967901
7	0.54	-0.5560306467138304
7	0.55	-0.5575460076849885
7	0.56	-0.5590385402820574
7	0.57	-0.5605076342357811
7	0.58	-0.5619526791509051
7	0.59	-0.5633730650365334
7	0.6	-0.56476818285118
7	0.61	-0.5661374250619803
7	0.62	-0.5674801862173818
7	0.63	-0.5687958635325651
7	0.64	-0.5700838574868786
7	0.65	-0.5713435724323788
7	0.66	-0.5725744172125942
7	0.67	-0.5737758057905674
7	0.68	-0.5749471578851112
7	0.69	-0.5760878996142128
7	0.7	-0.5771974641444572
7	0.71	-0.5782752923452512
7	0.72	-0.5793208334466158
7	0.73	-0.5803335456992567
7	0.74	-0.5813128970355532
7	0.75	-0.5822583657301067
7	0.76	-0.5831694410584223
7	0.77	-0.5840456239522434
7	0.78	-0.5848864276501056
7	0.79	-0.585691378341555
7	0.8	-0.5864600158035334
7	0.81	-0.5871918940273724
7	0.82	-0.5878865818348702
7	0.83	-0.5885436634818603
7	0.84	-0.5891627392477643
7	0.85	-0.5897434260095649
7	0.86	-0.5902853577986843
7	0.87	-0.5907881863392627
7	0.88	-0.5912515815663671
7	0.89	-0.5916752321226941
7	0.9	-0.5920588458323601
7	0.91	-0.5924021501504406
7	0.92	-0.5927048925869569
7	0.93	-0.5929668411040694
7	0.94	-0.5931877844853173
7	0.95	-0.5933675326757895
7	0.96	-0.5935059170922172
7	0.97	-0.593602790902033
7	0.98	-0.5936580292705445
7	0.99	-0.5936715295754574
7	1.0	-0.5936432115880684
8	0.0	-0.32311694890661746
8	0.01	-0.3252383174378618
8	0.02	-0.32738435666257387
8	0.03	-0.32955537633908266
8	0.04	-0.33175168513772035
8	0.05	-0.33397359016154304
8	0.06	-0.3362213964278304
8	0.07	-0.338495406308167
8	0.08	-0.3407959189241656
8	0.09	-0.34312322949603896
8	0.1	-0.34547762864118553
8	0.11	-0.34785940161932566
8	0.12	-0.35026882752132726
8	0.13	-0.35270617839780705
8	0.14	-0.35517171832402256
8	0.15	-0.3576657023976186
8	0.16	-0.36018837566457584
8	0.17	-0.36273997196976776
8	0.18	-0.3653207127276251
8	0.19	-0.36793080560841196
8	0.2	-0.370570443135531
8	0.21	-0.37323980118897426
8	0.22	-0.3759390374102445
8	0.23	-0.378668289503285
8	0.24	-0.38142767342654715
8	0.25	-0.38421728147094336
8	0.26	-0.3870371802179702
8	0.27	-0.38988740837306807
8	0.28	-0.39276797446844336
8	0.29	-0.3956788544300779
8	0.3	-0.3986199890037914
8	0.31	-0.40159128103479297
8	0.32	-0.4045925925960489
8	0.33	-0.40762374196048284
8	0.34	-0.4106845004127037
8	0.35	-0.41377458889619345
8	0.36	-0.416893674492523
8	0.37	-0.4200413667296709
8	0.38	-0.4232172137173859
8	0.39	-0.42642069810854927
8	0.4	-0.42965123288608187
8	0.41	-0.4329081569768972
8	0.42	-0.4361907306950965
8	0.43	-0.4394981310186963
8	0.44	-0.4428294467058557
8	0.45	-0.44618367325857744
8	0.46	-0.44955970774432213
8	0.47	-0.4529563434885185
8	0.48	-0.4563722646536924
8	0.49	-0.45980604072441683
8	0.5	-0.463256120920464
8	0.51	-0.46672082856445046
8	0.52	-0.4701983554344092
8	0.53	-0.47368675613609396
8	0.54	-0.47718394253447133
8	0.55	-0.48068767828898434
8	0.56	-0.484195573542356
8	0.57	-0.48770507981814654
8	0.58	-0.491213485188047
8	0.59	-0.4947179097755905
8	0.6	-0.4982153016687545
8	0.61	-0.501702433319879
8	0.62	-0.5051758985166749
8	0.63	-0.5086321100137313
8	0.64	-0.512067297918643
8	0.65	-0.5154775089313783
8	0.66	-0.5188586065390208
8	0.67	-0.5222062722707304
8	0.68	-0.5255160081192117
8	0.69	-0.5287831402351714
8	0.7	-0.5320028239997008
8	0.71	-0.5351700505762319
8	0.72	-0.5382796550383692
8	0.73	-0.5413263261622325
8	0.74	-0.5443046179618508
8	0.75	-0.5472089630334216
8	0.76	-0.5500336877587791
8	0.77	-0.5527730294000907
8	0.78	-0.5554211550966898
8	0.79	-0.557972182751087
8	0.8	-0.5604202037646363
8	0.81	-0.5627593075545836
8	0.82	-0.5649836077532647
8	0.83	-0.5670872699578694
8	0.84	-0.5690645408657181
8	0.85	-0.5709097785963
8	0.86	-0.5726174839679159
8	0.87	-0.5741823324647354
8	0.88	-0.5755992066000839
8	0.89	-0.5768632283549031
8	0.9	-0.5779697913474079
8	0.91	-0.5789145923719728
8	0.92	-0.579693661932989
8	0.93	-0.5803033933936295
8	0.94	-0.5807405703607117
8	0.95	-0.5810023919356117
8	0.96	-0.5810864954776317
8	0.97	-0.5809909765504471
8	0.98	-0.5807144057539231
8	0.99	-0.580255842182286
8	1.0	-0.5796148432946415
9	0.0	-0.1596534270602292
9	0.01	-0.1611515204277212
9	0.02	-0.16267576520483615
9	0.03	-0.16422682861578755
9	0.04	-0.16580539931909763
9	0.05	-0.16741218819125048
9	0.06	-0.1690479291391937
9	0.07	-0.17071337994228025
9	0.08	-0.17240932312451102
9	0.09	-0.1741365668575798
9	0.1	-0.17589594589528715
9	0.11	-0.17768832253978126
9	0.12	-0.17951458764010556
9	0.13	-0.18137566162312116
9	0.14	-0.18327249555691613
9	0.15	-0.1852060722467955
9	0.16	-0.18717740736320593
9	0.17	-0.1891875506013386
9	0.18	-0.19123758687129744
9	0.19	-0.19332863751778231
9	0.2	-0.19546186156754558
9	0.21	-0.19763845700261
9	0.22	-0.19985966205655495
9	0.23	-0.20212675653044507
9	0.24	-0.20444106312475732
9	0.25	-0.2068039487820397
9	0.26	-0.20921682603456926
9	0.27	-0.2116811543502406
9	0.28	-0.21419844146813194
9	0.29	-0.2167702447142601
9	0.3	-0.21939817228587521
9	0.31	-0.22208388449115912
9	0.32	-0.2248290949285862
9	0.33	-0.2276355715878473
9	0.34	-0.23050513785142046
9	0.35	-0.23343967337241062
9	0.36	-0.23644111480070168
9	0.37	-0.2395114563250819
9	0.38	-0.24265274999413627
9	0.39	-0.24586710577349427
9	0.4	-0.24915669129027204
9	0.41	-0.2525237312090554
9	0.42	-0.2559705061754084
9	0.43	-0.2594993512540462
9	0.44	-0.26311265377872395
9	0.45	-0.2668128505193747
9	0.46	-0.2706024240592928
9	0.47	-0.2744838982609076
9	0.48	-0.27845983268264013
9	0.49	-0.28253281579152895
9	0.5	-0.2867054567966981
9	0.51	-0.2909803759069047
9	0.52	-0.2953601927915086
9	0.53	-0.2998475129980683
9	0.54	-0.3044449120515143
9	0.55	-0.3091549169292184
9	0.56	-0.313979984573944
9	0.57	-0.31892247707236804
9	0.58	-0.3239846330915244
9	0.59	-0.32916853512948396
9	0.6	-0.33447607210121444
9	0.61	-0.3399088967467081
9	0.62	-0.3454683773184548
9	0.63	-0.35115554298108176
9	0.64	-0.3569710223408167
9	0.65	-0.3629149745198797
9	0.66	-0.36898701220601526
9	0.67	-0.37518611614559827
9	0.68	-0.3815105406173557
9	0.69	-0.38795770953072517
9	0.7	-0.39452410294786383
9	0.71	-0.4012051340420258
9	0.72	-0.4079950167892447
9	0.73	-0.41488662505726787
9	0.74	-0.42187134421803957
9	0.75	-0.4289389169788412
9	0.76	-0.4360772858114372
9	0.77	-0.443272435162617
9	0.78	-0.450508237550947
9	0.79	-0.4577663086809273
9	0.8	-0.4650258778114042
9	0.81	-0.47226368075704944
9	0.82	-0.47945388401646843
9	0.83	-0.4865680495208047
9	0.84	-0.4935751502706926
9	0.85	-0.5004416475415155
9	0.86	-0.5071316402334279
9	0.87	-0.5136070961613832
9	0.88	-0.519828173467054
9	0.89	-0.5257536377640207
9	0.9	-0.5313413770309474
9	0.91	-0.5365490116612942
9	0.92	-0.5413345915916542
9	0.93	-0.5456573663265759
9	0.94	-0.5494786073567898
9	0.95	-0.5527624564558401
9	0.96	-0.5554767682479695
9	0.97	-0.5575939119001658
9	0.98	-0.5590914953740027
9	0.99	-0.5599529767960886
9	1.0	-0.5601681313509015
10	0.0	-0.5692066716032712
10	0.01	-0.5696360060908742
10	0.02	-0.5700607239756057
10	0.03	-0.5704808146664196
10	0.04	-0.570896267670773
10	0.05	-0.5713070725950907
10	0.06	-0.5717132191450661
10	0.07	-0.5721146971262536
10	0.08	-0.5725114964443447
10	0.09	-0.5729036071055852
10	0.1	-0.573291019217275
10	0.11	-0.5736737229880269
10	0.12	-0.5740517087283568
10	0.13	-0.574424966850821
10	0.14	-0.5747934878705846
10	0.15	-0.5751572624058283
10	0.16	-0.5755162811780266
10	0.17	-0.5758705350122794
10	0.18	-0.57622001483783
10	0.19	-0.5765647116883332
10	0.2	-0.5769046167023106
10	0.21	-0.5772397211233331
10	0.22	-0.5775700163005448
10	0.23	-0.5778954936889388
10	0.24	-0.578216144849706
10	0.25	-0.5785319614505937
10	0.26	-0.5788429352662028
10	0.27	-0.5791490581783579
10	0.28	-0.5794503221764173
10	0.29	-0.5797467193576105
10	0.3	-0.5800382419273121
10	0.31	-0.5803248821993979
10	0.32	-0.580606632596548
10	0.33	-0.5808834856505174
10	0.34	-0.5811554340024926
10	0.35	-0.5814224704033059
10	0.36	-0.5816845877137908
10	0.37	-0.5819417789050508
10	0.38	-0.5821940370587528
10	0.39	-0.5824413553673083
10	0.4	-0.5826837271342997
10	0.41	-0.5829211457746081
10	0.42	-0.5831536048147867
10	0.43	-0.5833810978931889
10	0.44	-0.5836036187603331
10	0.45	-0.5838211612791036
10	0.46	-0.5840337194249801
10	0.47	-0.5842412872862875
10	0.48	-0.5844438590644501
10	0.49	-0.5846414290741528
10	0.5	-0.5848339917436453
10	0.51	-0.585021541614892
10	0.52	-0.5852040733438096
10	0.53	-0.5853815817004916
10	0.54	-0.5855540615693772
10	0.55	-0.5857215079494595
10	0.56	-0.5858839159544876
10	0.57	-0.5860412808131417
10	0.58	-0.586193597869218
10	0.59	-0.5863408625818017
10	0.6	-0.5864830705254486
10	0.61	-0.5866202173903344
10	0.62	-0.5867522989824394
10	0.63	-0.5868793112236773
10	0.64	-0.5870012501520696
10	0.65	-0.5871181119218782
10	0.66	-0.587229892803754
10	0.67	-0.5873365891848648
10	0.68	-0.5874381975690334
10	0.69	-0.5875347145768601
10	0.7	-0.5876261369458421
10	0.71	-0.587712461530493
10	0.72	-0.5877936853024492
10	0.73	-0.5878698053505764
10	0.74	-0.5879408188810696
10	0.75	-0.5880067232175518
10	0.76	-0.5880675158011567
10	0.77	-0.5881231941906183
10	0.78	-0.5881737560623536
10	0.79	-0.588219199210529
10	0.8	-0.5882595215471363
10	0.81	-0.5882947211020577
10	0.82	-0.5883247960231183
10	0.83	-0.588349744576149
10	0.84	-0.5883695651450289
10	0.85	-0.5883842562317348
10	0.86	-0.5883938164563757
10	0.87	-0.5883982445572291
10	0.88	-0.5883975393907712
10	0.89	-0.5883916999316966
10	0.9	-0.5883807252729433
10	0.91	-0.5883646146257001
10	0.92	-0.5883433673194207
10	0.93	-0.5883169828018245
10	0.94	-0.5882854606388968
10	0.95	-0.5882488005148802
10	0.96	-0.5882070022322684
10	0.97	-0.5881600657117844
10	0.98	-0.588107990992364
10	0.99	-0.588050778231127
10	1.0	-0.5879884277033471
11	0.0	-0.12144705117656038
11	0.01	-0.12275413165269453
11	0.02	-0.12408475805268167
11	0.03	-0.12543958395598637
11	0.04	-0.12681928662290703
11	0.05	-0.12822456803083637
11	0.06	-0.12965615596240776
11	0.07	-0.13111480514839918
11	0.08	-0.13260129846824711
11	0.09	-0.13411644821152177
11	0.1	-0.13566109740334914
11	0.11	-0.1372361211975078
11	0.12	-0.13884242834068503
11	0.13	-0.14048096271175295
11	0.14	-0.14215270494008825
11	0.15	-0.14385867410704425
11	0.16	-0.14559992953509385
11	0.17	-0.14737757266908527
11	0.18	-0.14919274905438656
11	0.19	-0.1510466504169786
11	0.2	-0.15294051685043897
11	0.21	-0.15487563911525118
11	0.22	-0.1568533610557776
11	0.23	-0.15887508214049656
11	0.24	-0.16094226013119095
11	0.25	-0.16305641388663195
11	0.26	-0.16521912630680208
11	0.27	-0.1674320474229763
11	0.28	-0.16969689763949986
11	0.29	-0.17201547113239812
11	0.3	-0.174389639409985
11	0.31	-0.17682135503984958
11	0.32	-0.17931265554629644
11	0.33	-0.1818656674810966
11	0.34	-0.18448261066971608
11	0.35	-0.18716580263341503
11	0.36	-0.18991766318618641
11	0.37	-0.19274071920313313
11	0.38	-0.19563760955423018
11	0.39	-0.19861109019419199
11	0.4	-0.20166403939502148
11	0.41	-0.20479946310296385
11	0.42	-0.20802050039566775
11	0.43	-0.2113304290081157
11	0.44	-0.21473267088717657
11	0.45	-0.21823079772442303
11	0.46	-0.22182853640416364
11	0.47	-0.22552977428890997
11	0.48	-0.22933856424657467
11	0.49	-0.2332591293026071
11	0.5	-0.23729586677491116
11	0.51	-0.24145335171961094
11	0.52	-0.24573633948006546
11	0.53	-0.2501497670896545
11	0.54	-0.2546987532292374
11	0.55	-0.2593885963817501
11	0.56	-0.26422477075778017
11	0.57	-0.2692129194853937
11	0.58	-0.2743588444634634
11	0.59	-0.27966849216805484
11	0.6	-0.2851479345743317
11	0.61	-0.2908033442095479
11	0.62	-0.29664096218409414
11	0.63	-0.3026670578552613
11	0.64	-0.30888787856084354
11	0.65	-0.3153095876160709
11	0.66	-0.3219381884980794
11	0.67	-0.3287794328491166
11	0.68	-0.3358387096178315
11	0.69	-0.34312091233570685
11	0.7	-0.3506302812065779
11	0.71	-0.35837021639201255
11	0.72	-0.36634305863412486
11	0.73	-0.37454983321229357
11	0.74	-0.38298995323866947
11	0.75	-0.39166087853531256
11	0.76	-0.400557726901324
11	0.77	-0.4096728355937943
11	0.78	-0.4189952724596462
11	0.79	-0.4285102985370217
11	0.8	-0.4381987872804108
11	0.81	-0.4480366100378158
11	0.82	-0.4579940031769778
11	0.83	-0.4680349394059225
11	0.84	-0.4781165343148968
11	0.85	-0.4881885287270261
11	0.86	-0.49819289752903495
11	0.87	-0.5080636453143935
11	0.88	-0.5177268570013428
11	0.89	-0.5271010757061929
11	0.9	-0.5360980782965535
11	0.91	-0.5446241088234153
11	0.92	-0.5525816093371568
11	0.93	-0.5598714552437046
11	0.94	-0.5663956587947173
11	0.95	-0.5720604522550894
11	0.96	-0.5767796071092324
11	0.97	-0.5804777951136725
11	0.98	-0.5830937602407309
11	0.99	-0.5845830564031004
11	1.0	-0.5849201205808117
12	0.0	-0.27827131012869494
12	0.01	-0.28034116257512254
12	0.02	-0.2824366811651199
12	0.03	-0.2845582385684955
12	0.04	-0.28670620949978165
12	0.05	-0.2888809703804101
12	0.06	-0.2910828989672289
12	0.07	-0.29331237394502047
12	0.08	-0.29556977448024063
12	0.09	-0.29785547973326576
12	0.1	-0.3001698683262133
12	0.11	-0.302513317763191
12	0.12	-0.3048862037995618
12	0.13	-0.307288899756806
12	0.14	-0.30972177577918886
12	0.15	-0.3121851980283841
12	0.16	-0.31467952781167224
12	0.17	-0.3172051206396399
12	0.18	-0.3197623252085142
12	0.19	-0.32235148230237337
12	0.2	-0.3249729236101687
12	0.21	-0.32762697045221006
12	0.22	-0.3303139324104279
12	0.23	-0.3330341058568268
12	0.24	-0.33578777237376617
12	0.25	-0.33857519706013317
12	0.26	-0.3413966267165932
12	0.27	-0.3442522879032803
12	0.28	-0.347142384863203
12	0.29	-0.35006709730400243
12	0.3	-0.3530265780310664
12	0.31	-0.35602095042453813
12	0.32	-0.3590503057529292
12	0.33	-0.3621147003159042
12	0.34	-0.3652141524088626
12	0.35	-0.3683486391021472
12	0.36	-0.3715180928278292
12	0.37	-0.3747223977673116
12	0.38	-0.37796138603346746
12	0.39	-0.3812348336415233
12	0.4	-0.38454245626349987
12	0.41	-0.387883904762002
12	0.42	-0.3912587605000154
12	0.43	-0.39466653042466765
12	0.44	-0.39810664192424233
12	0.45	-0.40157843745966276
12	0.46	-0.4050811689731684
12	0.47	-0.408613992079664
12	0.48	-0.4121759600483484
12	0.49	-0.41576601758546544
12	0.5	-0.4193829944320283
12	0.51	-0.42302559879429275
12	0.52	-0.42669241062861346
12	0.53	-0.43038187480699236
12	0.54	-0.43409229419450446
12	0.55	-0.43782182267522174
12	0.56	-0.44156845816908424
12	0.57	-0.44533003568854357
12	0.58	-0.4491042204904
12	0.59	-0.4528885013854894
12	0.6	-0.45668018427622525
12	0.61	-0.4604763859998223
12	0.62	-0.4642740285628024
12	0.63	-0.4680698338605737
12	0.64	-0.47186031898364394
12	0.65	-0.47564179221991576
12	0.66	-0.4794103498698106
12	0.67	-0.4831618739977954
12	0.68	-0.48689203124980185
12	0.69	-0.4905962728709015
12	0.7	-0.4942698360610857
12	0.71	-0.4979077468087516
12	0.72	-0.5015048243412727
12	0.73	-0.5050556873294569
12	0.74	-0.5085547619773564
12	0.75	-0.5119962921206622
12	0.76	-0.5153743514452509
12	0.77	-0.5186828579222619
12	0.78	-0.5219155905371188
12	0.79	-0.5250662083669526
12	0.8	-0.528128272034029
12	0.81	-0.5310952675319419
12	0.82	-0.5339606323868012
12	0.83	-0.5367177840777015
12	0.84	-0.5393601505998423
12	0.85	-0.5418812030105181
12	0.86	-0.5442744897534546
12	0.87	-0.5465336725117466
12	0.88	-0.5486525632948577
12	0.89	-0.5506251624221677
12	0.9	-0.5524456970254843
12	0.91	-0.5541086596573055
12	0.92	-0.5556088465616108
12	0.93	-0.5569413951409401
12	0.94	-0.5581018201386665
12	0.95	-0.5590860480496355
12	0.96	-0.55989044927661
12	0.97	-0.5605118675646704
12	0.98	-0.560947646271113
12	0.99	-0.5611956510643465
12	1.0	-0.5612542886912669
13	0.0	-0.04028683445784683
13	0.01	-0.041206899281764006
13	0.02	-0.04214408305352155
13	0.03	-0.043098891380786826
13	0.04	-0.04407185004824818
13	0.05	-0.04506350602037799
13	0.06	-0.04607442850377697
13	0.07	-0.04710521007327436
13	0.08	-0.04815646786611905
13	0.09	-0.049228844849157426
13	0.1	-0.050323011164076926
13	0.11	-0.05143966555634083
13	0.12	-0.05257953689382528
13	0.13	-0.05374338578168118
13	0.14	-0.054932006280503404
13	0.15	-0.05614622773540048
13	0.16	-0.057386916724303016
13	0.17	-0.058654979134447456
13	0.18	-0.059951362376802195
13	0.19	-0.061277057748996715
13	0.2	-0.06263310295823231
13	0.21	-0.06402058481671821
13	0.22	-0.06544064212307864
13	0.23	-0.06689446874471655
13	0.24	-0.0683833169169917
13	0.25	-0.06990850077694158
13	0.26	-0.0714714001505398
13	0.27	-0.07307346461441531
13	0.28	-0.07471621785474218
13	0.29	-0.07640126234820244
13	0.3	-0.07813028439216174
13	0.31	-0.07990505951373285
13	0.32	-0.08172745829026722
13	0.33	-0.08359945261673127
13	0.34	-0.08552312245892049
13	0.35	-0.08750066313511523
13	0.36	-0.08953439317280357
13	0.37	-0.09162676279161258
13	0.38	-0.09378036306848349
13	0.39	-0.09599793584645293
13	0.4	-0.09828238445430833
13	0.41	-0.10063678531085317
13	0.42	-0.10306440049444472
13	0.43	-0.10556869136621312
13	0.44	-0.10815333334358515
13	0.45	-0.11082223192977285
13	0.46	-0.11357954011448287
13	0.47	-0.11642967727152702
13	0.48	-0.11937734968989036
13	0.49	-0.12242757288643806
13	0.5	-0.12558569586038537
13	0.51	-0.1288574274618543
13	0.52	-0.13224886505903288
13	0.53	-0.13576652570005235
13	0.54	-0.1394173799762481
13	0.55	-0.1432088888020007
13	0.56	-0.14714904333174278
13	0.57	-0.1512464082353084
13	0.58	-0.15551016854640798
13	0.59	-0.159950180282685
13	0.6	-0.164577025005612
13	0.61	-0.1694020684389557
13	0.62	-0.17443752318883837
13	0.63	-0.17969651549683088
13	0.64	-0.18519315579777554
13	0.65	-0.19094261262937764
13	0.66	-0.19696118912926272
13	0.67	-0.20326640092825088
13	0.68	-0.2098770536682043
13	0.69	-0.2168133175893577
13	0.7	-0.22409679558095982
13	0.71	-0.23175057968671844
13	0.72	-0.23979928919562293
13	0.73	-0.24826908099240794
13	0.74	-0.25718761961947073
13	0.75	-0.26658399030262797
13	0.76	-0.2764885327657568
13	0.77	-0.2869325667163071
13	0.78	-0.29794797111821325
13	0.79	-0.3095665684952771
13	0.8	-0.32181925234126835
13	0.81	-0.33473478031176523
13	0.82	-0.3483381387843278
13	0.83	-0.3626483670265861
13	0.84	-0.37767571451238335
13	0.85	-0.39341799810303846
13	0.86	-0.4098560354983653
13	0.87	-0.4269480707655433
13	0.88	-0.44462319543595036
13	0.89	-0.46277392794490807
13	0.9	-0.4812483693978056
13	0.91	-0.4998427205736469
13	0.92	-0.5182954130764823
13	0.93	-0.5362846128877685
13	0.94	-0.5534312516812506
13	0.95	-0.5693097910270993
13	0.96	-0.5834683328453587
13	0.97	-0.5954582283362836
13	0.98	-0.6048710449361024
13	0.99	-0.6113781174487392
13	1.0	-0.6147658799533442
14	0.0	-0.5674913695979042
14	0.01	-0.5680949961726716
14	0.02	-0.5686937985383601
14	0.03	-0.5692877630756888
14	0.04	-0.5698768762669184
14	0.05	-0.5704611246963242
14	0.06	-0.5710404950508463
14	0.07	-0.5716149741205647
14	0.08	-0.5721845487992302
14	0.09	-0.5727492060848927
14	0.1	-0.5733089330803219
14	0.11	-0.5738637169936158
14	0.12	-0.5744135451387232
14	0.13	-0.5749584049359368
14	0.14	-0.5754982839125257
14	0.15	-0.5760331697030641
14	0.16	-0.5765630500501746
14	0.17	-0.5770879128048422
14	0.18	-0.5776077459271223
14	0.19	-0.5781225374864917
14	0.2	-0.5786322756624525
14	0.21	-0.579136948745
14	0.22	-0.5796365451351425
14	0.23	-0.5801310533453922
14	0.24	-0.5806204620002171
14	0.25	-0.5811047598366315
14	0.26	-0.5815839357046192
14	0.27	-0.5820579785676322
14	0.28	-0.5825268775030323
14	0.29	-0.5829906217026652
14	0.3	-0.5834492004732267
14	0.31	-0.5839026032368169
14	0.32	-0.5843508195313589
14	0.33	-0.5847938390110887
14	0.34	-0.5852316514469923
14	0.35	-0.5856642467272657
14	0.36	-0.5860916148577943
14	0.37	-0.5865137459625602
14	0.38	-0.586930630284101
14	0.39	-0.5873422581839677
14	0.4	-0.5877486201431257
14	0.41	-0.5881497067623958
14	0.42	-0.5885455087629056
14	0.43	-0.5889360169864662
14	0.44	-0.589321222396032
14	0.45	-0.5897011160760973
14	0.46	-0.5900756892330741
14	0.47	-0.5904449331957562
14	0.48	-0.5908088394156693
14	0.49	-0.5911673994674819
14	0.5	-0.5915206050493902
14	0.51	-0.5918684479835082
14	0.52	-0.5922109202162572
14	0.53	-0.5925480138187088
14	0.54	-0.5928797209869879
14	0.55	-0.593206034042623
14	0.56	-0.5935269454329107
14	0.57	-0.5938424477312586
14	0.58	-0.5941525336375616
14	0.59	-0.5944571959785137
14	0.6	-0.5947564277079824
14	0.61	-0.595050221907312
14	0.62	-0.5953385717856748
14	0.63	-0.5956214706803851
14	0.64	-0.5958989120572216
14	0.65	-0.596170889510742
14	0.66	-0.5964373967645885
14	0.67	-0.5966984276717918
14	0.68	-0.5969539762150712
14	0.69	-0.597204036507124
14	0.7	-0.5974486027909098
14	0.71	-0.5976876694399416
14	0.72	-0.5979212309585481
14	0.73	-0.5981492819821571
14	0.74	-0.5983718172775472
14	0.75	-0.5985888317431179
14	0.76	-0.598800320409136
14	0.77	-0.5990062784379867
14	0.78	-0.5992067011244144
14	0.79	-0.5994015838957588
14	0.8	-0.5995909223121861
14	0.81	-0.5997747120669145
14	0.82	-0.59995294898643
14	0.83	-0.6001256290307045
14	0.84	-0.6002927482934002
14	0.85	-0.6004543030020737
14	0.86	-0.6006102895183666
14	0.87	-0.6007607043382027
14	0.88	-0.6009055440919675
14	0.89	-0.6010448055446868
14	0.9	-0.6011784855962012
14	0.91	-0.6013065812813293
14	0.92	-0.6014290897700315
14	0.93	-0.6015460083675628
14	0.94	-0.6016573345146218
14	0.95	-0.6017630657874927
14	0.96	-0.6018631998981834
14	0.97	-0.6019577346945536
14	0.98	-0.6020466681604436
14	0.99	-0.6021299984157887
14	1.0	-0.6022077237167345
15	0.0	-0.40159103641096283
15	0.01	-0.403982850101104
15	0.02	-0.4063906313285461
15	0.03	-0.40881430853956074
15	0.04	-0.4112537981558452
15	0.05	-0.4137090039890157
15	0.06	-0.41617981663525777
15	0.07	-0.4186661128497066
15	0.08	-0.4211677549006228
15	0.09	-0.42368458990296864
15	0.1	-0.42621644913160317
15	0.11	-0.4287631473138008
15	0.12	-0.43132448190140077
15	0.13	-0.43390023232245767
15	0.14	-0.43649015921291767
15	0.15	-0.4390940036282322
15	0.16	-0.44171148623580786
15	0.17	-0.4443423064881572
15	0.18	-0.4469861417780739
15	0.19	-0.449642646575957
15	0.2	-0.45231145155061986
15	0.21	-0.4549921626743298
15	0.22	-0.4576843603133994
15	0.23	-0.46038759830555687
15	0.24	-0.4631014030259134
15	0.25	-0.4658252724428111
15	0.26	-0.4685586751658421
15	0.27	-0.47130104948798446
15	0.28	-0.47405180242432626
15	0.29	-0.4768103087498818
15	0.3	-0.47957591003941497
15	0.31	-0.48234791371234875
15	0.32	-0.48512559208617784
15	0.33	-0.4879081814420337
15	0.34	-0.49069488110633513
15	0.35	-0.49348485255282726
15	0.36	-0.496277218529522
15	0.37	-0.49907106221549014
15	0.38	-0.501865426412606
15	0.39	-0.5046593127778903
15	0.4	-0.5074516811021265
15	0.41	-0.5102414486410162
15	0.42	-0.5130274895053589
15	0.43	-0.5158086341169269
15	0.44	-0.5185836687371959
15	0.45	-0.5213513350761974
15	0.46	-0.524110329989174
15	0.47	-0.5268593052688239
15	0.48	-0.5295968675411471
15	0.49	-0.5323215782732464
15	0.5	-0.5350319539012439
15	0.51	-0.5377264660869346
15	0.52	-0.5404035421115373
15	0.53	-0.5430615654150949
15	0.54	-0.545698876289876
15	0.55	-0.5483137727360529
15	0.56	-0.5509045114876873
15	0.57	-0.5534693092167733
15	0.58	-0.5560063439226949
15	0.59	-0.5585137565140067
15	0.6	-0.56098965258886
15	0.61	-0.5634321044197631
15	0.62	-0.5658391531475725
15	0.63	-0.5682088111887623
15	0.64	-0.5705390648590475
15	0.65	-0.5728278772153536
15	0.66	-0.5750731911169357
15	0.67	-0.577272932505168
15	0.68	-0.5794250139001469
15	0.69	-0.5815273381107576
15	0.7	-0.5835778021532887
15	0.71	-0.5855743013720525
15	0.72	-0.5875147337537343
15	0.73	-0.5893970044254554
15	0.74	-0.5912190303247115
15	0.75	-0.5929787450275293
15	0.76	-0.5946741037193678
15	0.77	-0.5963030882914415
15	0.78	-0.5978637125434189
15	0.79	-0.5993540274716614
15	0.8	-0.6007721266205923
15	0.81	-0.6021161514732102
15	0.82	-0.6033842968553668
15	0.83	-0.6045748163271958
15	0.84	-0.6056860275339706
15	0.85	-0.6067163174878144
15	0.86	-0.6076641477510197
15	0.87	-0.6085280594913034
15	0.88	-0.6093066783791703
15	0.89	-0.6099987192976347
15	0.9	-0.6106029908349376
15	0.91	-0.611118399531559
15	0.92	-0.6115439538537494
15	0.93	-0.6118787678670705
15	0.94	-0.6121220645849066
15	0.95	-0.6122731789687283
15	0.96	-0.6123315605589094
15	0.97	-0.6122967757171854
15	0.98	-0.6121685094643489
15	0.99	-0.6119465668994466
15	1.0	-0.6116308741896287
16	0.0	-0.4902598158734962
16	0.01	-0.4922470746042925
16	0.02	-0.49423344544803105
16	0.03	-0.49621866980317497
16	0.04	-0.4982024830320118
16	0.05	-0.500184614412295
16	0.06	-0.5021647870923222
16	0.07	-0.5041427180495853
16	0.08	-0.5061181180531379
16	0.09	-0.5080906916301965
16	0.1	-0.5100601370367868
16	0.11	-0.5120261462329797
16	0.12	-0.513988404862869
16	0.13	-0.515946592239426
16	0.14	-0.5179003813346263
16	0.15	-0.5198494387749767
16	0.16	-0.521793424842765
16	0.17	-0.5237319934832106
16	0.18	-0.5256647923178335
16	0.19	-0.5275914626642836
16	0.2	-0.5295116395627921
16	0.21	-0.5314249518097015
16	0.22	-0.5333310219980095
16	0.23	-0.5352294665655745
16	0.24	-0.5371198958508837
16	0.25	-0.5390019141567842
16	0.26	-0.5408751198224571
16	0.27	-0.5427391053037858
16	0.28	-0.5445934572624137
16	0.29	-0.546437756663688
16	0.3	-0.5482715788836781
16	0.31	-0.5500944938255946
16	0.32	-0.5519060660456948
16	0.33	-0.5537058548889506
16	0.34	-0.5554934146345889
16	0.35	-0.55726829465176
16	0.36	-0.5590300395654442
16	0.37	-0.5607781894327213
16	0.38	-0.5625122799296508
16	0.39	-0.5642318425486496
16	0.4	-0.5659364048067704
16	0.41	-0.5676254904646635
16	0.42	-0.569298619756505
16	0.43	-0.5709553096307768
16	0.44	-0.572595074002034
16	0.45	-0.5742174240135373
16	0.46	-0.5758218683108466
16	0.47	-0.5774079133262079
16	0.48	-0.5789750635737239
16	0.49	-0.5805228219551749
16	0.5	-0.5820506900763484
16	0.51	-0.5835581685737364
16	0.52	-0.5850447574513934
16	0.53	-0.5865099564277133
16	0.54	-0.5879532652919089
16	0.55	-0.5893741842698864
16	0.56	-0.5907722143991851
16	0.57	-0.592146857912669
16	0.58	-0.5934976186305463
16	0.59	-0.594824002360347
16	0.6	-0.5961255173043654
16	0.61	-0.5974016744741252
16	0.62	-0.5986519881113472
16	0.63	-0.5998759761148512
16	0.64	-0.6010731604728712
16	0.65	-0.6022430677001155
16	0.66	-0.6033852292789923
16	0.67	-0.6044991821042989
16	0.68	-0.6055844689307137
16	0.69	-0.6066406388223463
16	0.7	-0.6076672476036256
16	0.71	-0.6086638583107465
16	0.72	-0.6096300416428975
16	0.73	-0.6105653764124466
16	0.74	-0.611469449993282
16	0.75	-0.6123418587664471
16	0.76	-0.6131822085622255
16	0.77	-0.6139901150978042
16	0.78	-0.6147652044096482
16	0.79	-0.6155071132796959
16	0.8	-0.6162154896544989
16	0.81	-0.6168899930564229
16	0.82	-0.6175302949860145
16	0.83	-0.6181360793146772
16	0.84	-0.6187070426667656
16	0.85	-0.6192428947902601
16	0.86	-0.6197433589151647
16	0.87	-0.6202081720988077
16	0.88	-0.6206370855572361
16	0.89	-0.6210298649819268
16	0.9	-0.621386290841051
16	0.91	-0.6217061586645694
16	0.92	-0.6219892793124574
16	0.93	-0.6222354792254097
16	0.94	-0.6224446006573856
16	0.95	-0.6226165018894294
16	0.96	-0.6227510574242051
16	0.97	-0.622848158160766
16	0.98	-0.6229077115490962
16	0.99	-0.6229296417240267
16	1.0	-0.6229138896181746
17	0.0	-0.31798703648022997
17	0.01	-0.32028017610523346
17	0.02	-0.32260063615962115
17	0.03	-0.32494878891297074
17	0.04	-0.3273250071493946
17	0.05	-0.3297296637163427
17	0.06	-0.3321631310330569
17	0.07	-0.33462578055590975
17	0.08	-0.3371179821977331
17	0.09	-0.33964010369782016
17	0.1	-0.34219250993950984
17	0.11	-0.344775562211639
17	0.12	-0.34738961741027746
17	0.13	-0.3500350271768396
17	0.14	-0.35271213696836246
17	0.15	-0.35542128505580667
17	0.16	-0.35816280144558654
17	0.17	-0.3609370067198145
17	0.18	-0.36374421079016084
17	0.19	-0.36658471156007255
17	0.2	-0.36945879348999283
17	0.21	-0.37236672605997395
17	0.22	-0.3753087621236467
17	0.23	-0.37828513614763
17	0.24	-0.3812960623300813
17	0.25	-0.38434173259181775
17	0.26	-0.3874223144335978
17	0.27	-0.39053794865256236
17	0.28	-0.3936887469112161
17	0.29	-0.3968747891518307
17	0.3	-0.4000961208493942
17	0.31	-0.4033527500961543
17	0.32	-0.40664464451085996
17	0.33	-0.4099717279660297
17	0.34	-0.41333387712669356
17	0.35	-0.4167309177945644
17	0.36	-0.4201626210517815
17	0.37	-0.42362869919911417
17	0.38	-0.4271288014841028
17	0.39	-0.4306625096155404
17	0.4	-0.4342293330614595
17	0.41	-0.4378287041294466
17	0.42	-0.44145997282895166
17	0.43	-0.44512240151739163
17	0.44	-0.4488151593334156
17	0.45	-0.4525373164230682
17	0.46	-0.45628783796687367
17	0.47	-0.4600655780188958
17	0.48	-0.46386927317168486
17	0.49	-0.4676975360647529
17	0.5	-0.47154884875798975
17	0.51	-0.47542155599570546
17	0.52	-0.4793138583917079
17	0.53	-0.48322380557096695
17	0.54	-0.4871492893087923
17	0.55	-0.49108803671457074
17	0.56	-0.49503760351324894
17	0.57	-0.4989953674845518
17	0.58	-0.5029585221268229
17	0.59	-0.5069240706196737
17	0.6	-0.510888820167062
17	0.61	-0.5148493768098954
17	0.62	-0.518802140804811
17	0.63	-0.5227433026730693
17	0.64	-0.5266688400305134
17	0.65	-0.5305745153160574
17	0.66	-0.5344558745419072
17	0.67	-0.5383082471935429
17	0.68	-0.5421267474110577
17	0.69	-0.5459062765855762
17	0.7	-0.5496415275047224
17	0.71	-0.5533269901793476
17	0.72	-0.5569569594795063
17	0.73	-0.5605255447007478
17	0.74	-0.5640266811719075
17	0.75	-0.5674541440023977
17	0.76	-0.5708015640504076
17	0.77	-0.574062446173163
17	0.78	-0.5772301897964637
17	0.79	-0.580298111813099
17	0.8	-0.5832594717885116
17	0.81	-0.5861074994175444
17	0.82	-0.5888354241385607
17	0.83	-0.5914365067712158
17	0.84	-0.593904073002356
17	0.85	-0.5962315485016001
17	0.86	-0.598412495405243
17	0.87	-0.6004406498650533
17	0.88	-0.6023099603185991
17	0.89	-0.6040146261010685
17	0.9	-0.6055491359864396
17	0.91	-0.6069083062194567
17	0.92	-0.6080873175804281
17	0.93	-0.6090817510133519
17	0.94	-0.6098876213452354
17	0.95	-0.6105014086313209
17	0.96	-0.6109200866777417
17	0.97	-0.6111411483199454
17	0.98	-0.6111626270719086
17	0.99	-0.6109831148071634
17	1.0	-0.6106017751871087
18	0.0	-0.31467505688287783
18	0.01	-0.31734024768410135
18	0.02	-0.32003047989889155
18	0.03	-0.3227459289129448
18	0.04	-0.3254867628690995
18	0.05	-0.3282531420092799
18	0.06	-0.3310452179793837
18	0.07	-0.33386313309555454
18	0.08	-0.33670701957006377
18	0.09	-0.3395769986953536
18	0.1	-0.34247317998430704
18	0.11	-0.3453956602652378
18	0.12	-0.3483445227297919
18	0.13	-0.35131983593203703
18	0.14	-0.35432165273705224
18	0.15	-0.3573500092172747
18	0.16	-0.36040492349498404
18	0.17	-0.36348639452919607
18	0.18	-0.36659440084548195
18	0.19	-0.36972889920705077
18	0.2	-0.3728898232258046
18	0.21	-0.3760770819118863
18	0.22	-0.3792905581605469
18	0.23	-0.382530107175354
18	0.24	-0.38579555482667166
18	0.25	-0.3890866959448079
18	0.26	-0.39240329254736855
18	0.27	-0.39574507200052716
18	0.28	-0.399111725114347
18	0.29	-0.40250290417258716
18	0.3	-0.4059182208977207
18	0.31	-0.40935724435241316
18	0.32	-0.41281949877916774
18	0.33	-0.41630446138025495
18	0.34	-0.4198115600407771
18	0.35	-0.42334017099815624
18	0.36	-0.4268896164621784
18	0.37	-0.430459162190363
18	0.38	-0.4340480150242422
18	0.39	-0.4376553203930951
18	0.4	-0.4412801597923709
18	0.41	-0.4449215482453566
18	0.42	-0.4485784317574259
18	0.43	-0.45224968477340954
18	0.44	-0.4559341076499
18	0.45	-0.45963042415538474
18	0.46	-0.46333727901249117
18	0.47	-0.46705323549793376
18	0.48	-0.47077677311712207
18	0.49	-0.47450628537180417
18	0.5	-0.478240077640508
18	0.51	-0.48197636519304865
18	0.52	-0.4857132713616888
18	0.53	-0.4894488258929983
18	0.54	-0.49318096350577945
18	0.55	-0.4969075226817158
18	0.56	-0.5006262447165317
18	0.57	-0.5043347730605625
18	0.58	-0.5080306529785235
18	0.59	-0.5117113315589528
18	0.6	-0.5153741581043495
18	0.61	-0.5190163849332686
18	0.62	-0.522635168625567
18	0.63	-0.5262275717416832
18	0.64	-0.5297905650460513
18	0.65	-0.5333210302636583
18	0.66	-0.5368157633971852
18	0.67	-0.5402714786301371
18	0.68	-0.5436848128388375
18	0.69	-0.5470523307331536
18	0.7	-0.5503705306421838
18	0.71	-0.5536358509570628
18	0.72	-0.5568446772383251
18	0.73	-0.5599933499900493
18	0.74	-0.5630781730972699
18	0.75	-0.5660954229168699
18	0.76	-0.5690413580054869
18	0.77	-0.5719122294608481
18	0.78	-0.5747042918455177
18	0.79	-0.5774138146543772
18	0.8	-0.5800370942792973
18	0.81	-0.58257046641662
18	0.82	-0.5850103188552461
18	0.83	-0.5873531045755654
18	0.84	-0.5895953550822042
18	0.85	-0.5917336938868267
18	0.86	-0.5937648500511312
18	0.87	-0.5956856716948126
18	0.88	-0.5974931393688987
18	0.89	-0.5991843791914667
18	0.9	-0.600756675640585
18	0.91	-0.6022074838983962
18	0.92	-0.6035344416406916
18	0.93	-0.6047353801681933
18	0.94	-0.6058083347790334
18	0.95	-0.6067515542866992
18	0.96	-0.6075635095938484
18	0.97	-0.6082429012399777
18	0.98	-0.6087886658497246
18	0.99	-0.609199981418575
18	1.0	-0.609476271383776
19	0.0	-0.09334264233325038
19	0.01	-0.09447005690435882
19	0.02	-0.095619466101279
19	0.03	-0.09679150786118827
19	0.04	-0.09798684475591926
19	0.05	-0.0992061651674137
19	0.06	-0.10045018452939916
19	0.07	-0.10171964663963233
19	0.08	-0.10301532504720061
19	0.09	-0.10433802451984425
19	0.1	-0.10568858259650207
19	0.11	-0.1070678712307391
19	0.12	-0.108476798531074
19	0.13	-0.10991631060471459
19	0.14	-0.11138739351162982
19	0.15	-0.1128910753364112
19	0.16	-0.11442842838599679
19	0.17	-0.11600057152178495
19	0.18	-0.11760867263543641
19	0.19	-0.11925395127828149
19	0.2	-0.12093768145496368
19	0.21	-0.12266119459283539
19	0.22	-0.1244258826993273
19	0.23	-0.12623320172058428
19	0.24	-0.1280846751155152
19	0.25	-0.12998189766048587
19	0.26	-0.13192653950101121
19	0.27	-0.13392035046799722
19	0.28	-0.13596516467729597
19	0.29	-0.13806290543276709
19	0.3	-0.1402155904543258
19	0.31	-0.14242533745411123
19	0.32	-0.14469437008532784
19	0.33	-0.1470250242900239
19	0.34	-0.1494197550737519
19	0.35	-0.15188114373673986
19	0.36	-0.15441190559298426
19	0.37	-0.15701489821044468
19	0.38	-0.15969313020714285
19	0.39	-0.16244977063969257
19	0.4	-0.16528815902216007
19	0.41	-0.168211816014448
19	0.42	-0.17122445482030269
19	0.43	-0.17432999333544805
19	0.44	-0.1775325670862121
19	0.45	-0.18083654299799118
19	0.46	-0.18424653403071628
19	0.47	-0.18776741471498629
19	0.48	-0.19140433761706377
19	0.49	-0.19516275075310546
19	0.5	-0.1990484159621537
19	0.51	-0.20306742823260548
19	0.52	-0.20722623595723277
19	0.53	-0.21153166206590457
19	0.54	-0.21599092595144165
19	0.55	-0.22061166606045268
19	0.56	-0.22540196296514622
19	0.57	-0.23037036266076086
19	0.58	-0.23552589974272917
19	0.59	-0.2408781200031348
19	0.6	-0.24643710184167586
19	0.61	-0.25221347570504055
19	0.62	-0.25821844054156445
19	0.63	-0.26446377597465487
19	0.64	-0.27096184854582545
19	0.65	-0.27772560994090545
19	0.66	-0.28476858457271076
19	0.67	-0.29210484322881447
19	0.68	-0.2997489586794557
19	0.69	-0.3077159381505034
19	0.7	-0.31602112637026514
19	0.71	-0.3246800714666672
19	0.72	-0.3337083442957045
19	0.73	-0.34312129980366013
19	0.74	-0.35293376676136073
19	0.75	-0.3631596496847411
19	0.76	-0.3738114240467662
19	0.77	-0.38489950314145716
19	0.78	-0.3964314524458249
19	0.79	-0.40841102546885333
19	0.8	-0.4208369945362435
19	0.81	-0.4337017516961733
19	0.82	-0.44698966028432224
19	0.83	-0.46067514843004737
19	0.84	-0.47472055412665215
19	0.85	-0.48907375994359154
19	0.86	-0.5036656965142798
19	0.87	-0.5184078493765412
19	0.88	-0.5331899735372463
19	0.89	-0.5478783007954583
19	0.9	-0.5623146074663228
19	0.91	-0.5763165784556895
19	0.92	-0.5896799332936896
19	0.93	-0.602182740117274
19	0.94	-0.61359220388503
19	0.95	-0.6236739555257371
19	0.96	-0.6322034953885813
19	0.97	-0.6389790028260217
19	0.98	-0.6438343027516082
19	0.99	-0.6466504972087799
19	1.0	-0.6473647372058866
20	0.0	-0.1671437467056428
20	0.01	-0.168737002364499
20	0.02	-0.1703585699718108
20	0.03	-0.17200919503216347
20	0.04	-0.17368964819975383
20	0.05	-0.17540072627311135
20	0.06	-0.17714325323234595
20	0.07	-0.17891808132068518
20	0.08	-0.18072609217195748
20	0.09	-0.1825681979858724
20	0.1	-0.18444534275284963
20	0.11	-0.18635850353015757
20	0.12	-0.18830869177122012
20	0.13	-0.19029695470980904
20	0.14	-0.19232437680087056
20	0.15	-0.19439208121969148
20	0.16	-0.19650123142096187
20	0.17	-0.19865303275926316
20	0.18	-0.20084873417230836
20	0.19	-0.2030896299280774
20	0.2	-0.20537706143685494
20	0.21	-0.20771241912870508
20	0.22	-0.21009714439676921
20	0.23	-0.2125327316062204
20	0.24	-0.21502073016821982
20	0.25	-0.21756274667766035
20	0.26	-0.22016044711262855
20	0.27	-0.2228155590927905
20	0.28	-0.22552987419277662
20	0.29	-0.22830525030543855
20	0.3	-0.2311436140484494
20	0.31	-0.23404696320602153
20	0.32	-0.23701736919553995
20	0.33	-0.2400569795466339
20	0.34	-0.24316802037753793
20	0.35	-0.24635279885039374
20	0.36	-0.24961370558367546
20	0.37	-0.2529532169955298
20	0.38	-0.25637389754705886
20	0.39	-0.2598784018489029
20	0.4	-0.26346947658786013
20	0.41	-0.2671499622228271
20	0.42	-0.2709227943905425
20	0.43	-0.27479100495159536
20	0.44	-0.27875772259559667
20	0.45	-0.28282617291106404
20	0.46	-0.2869996778103705
20	0.47	-0.2912816541825507
20	0.48	-0.2956756116267811
20	0.49	-0.30018514909650224
20	0.5	-0.30481395025808566
20	0.51	-0.30956577733841195
20	0.52	-0.31444446320216246
20	0.53	-0.31945390136177554
20	0.54	-0.3245980335803836
20	0.55	-0.3298808346802707
20	0.56	-0.33530629411614116
20	0.57	-0.34087839381342755
20	0.58	-0.3466010817068982
20	0.59	-0.3524782403439213
20	0.6	-0.35851364984017897
20	0.61	-0.3647109443940781
20	0.62	-0.371073561480625
20	0.63	-0.3776046827579837
20	0.64	-0.38430716563290307
20	0.65	-0.3911834643485004
20	0.66	-0.3982355393846807
20	0.67	-0.405464753904769
20	0.68	-0.4128717559508382
20	0.69	-0.4204563450966408
20	0.7	-0.4282173223257919
20	0.71	-0.43615232203251153
20	0.72	-0.4442576252651604
20	0.73	-0.45252795367564075
20	0.74	-0.4609562441310859
20	0.75	-0.46953340462230514
20	0.76	-0.47824805300254625
20	0.77	-0.48708624124642846
20	0.78	-0.496031169365141
20	0.79	-0.5050628948735042
20	0.8	-0.5141580457845941
20	0.81	-0.5232895474897848
20	0.82	-0.5324263765104084
20	0.83	-0.5415333568760138
20	0.84	-0.5505710176242726
20	0.85	-0.5594955323858818
20	0.86	-0.5682587638914028
20	0.87	-0.5768084371173622
20	0.88	-0.5850884642205619
20	0.89	-0.593039441918111
20	0.9	-0.6005993371237408
20	0.91	-0.6077043691412927
20	0.92	-0.6142900864606531
20	0.93	-0.6202926234430084
20	0.94	-0.6256501075729382
20	0.95	-0.6303041725925024
20	0.96	-0.6342015182241315
20	0.97	-0.6372954451213128
20	0.98	-0.6395472859997254
20	0.99	-0.6409276521949288
20	1.0	-0.6414174202025301
21	0.0	-0.46813860068759744
21	0.01	-0.4696552039634522
21	0.02	-0.47116447858919946
21	0.03	-0.4726662581641804
21	0.04	-0.47416037557314333
21	0.05	-0.4756466630175536
21	0.06	-0.47712495204777755
21	0.07	-0.4785950735961391
21	0.08	-0.4800568580108498
21	0.09	-0.4815101350908104
21	0.1	-0.48295473412128365
21	0.11	-0.48439048391043543
21	0.12	-0.48581721282674084
21	0.13	-0.48723474883724993
21	0.14	-0.48864291954671113
21	0.15	-0.4900415522375457
21	0.16	-0.4914304739106635
21	0.17	-0.49280951132711714
21	0.18	-0.4941784910505851
21	0.19	-0.49553723949067013
21	0.2	-0.49688558294701085
21	0.21	-0.498223347654187
21	0.22	-0.49955035982741286
21	0.23	-0.5008664457090001
21	0.24	-0.5021714316155824
21	0.25	-0.5034651439860804
21	0.26	-0.5047474094303958
21	0.27	-0.5060180547788132
21	0.28	-0.5072769071320982
21	0.29	-0.508523793912264
21	0.3	-0.5097585429139935
21	0.31	-0.5109809823566936
21	0.32	-0.5121909409371574
21	0.33	-0.5133882478828152
21	0.34	-0.5145727330055464
21	0.35	-0.5157442267560299
21	0.36	-0.5169025602786043
21	0.37	-0.5180475654666136
21	0.38	-0.5191790750182095
21	0.39	-0.520296922492577
21	0.4	-0.5214009423665608
21	0.41	-0.522490970091655
21	0.42	-0.5235668421513288
21	0.43	-0.5246283961186508
21	0.44	-0.5256754707141812
21	0.45	-0.526707905864098
21	0.46	-0.5277255427585207
21	0.47	-0.528728223909992
21	0.48	-0.5297157932120867
21	0.49	-0.5306880959981052
21	0.5	-0.5316449790998166
21	0.51	-0.5325862909062069
21	0.52	-0.5335118814221993
21	0.53	-0.5344216023273013
21	0.54	-0.5353153070341379
21	0.55	-0.5361928507468334
21	0.56	-0.5370540905191943
21	0.57	-0.5378988853126521
21	0.58	-0.5387270960539284
21	0.59	-0.5395385856923709
21	0.6	-0.5403332192569219
21	0.61	-0.5411108639126753
21	0.62	-0.5418713890169742
21	0.63	-0.54261466617501
21	0.64	-0.5433405692948763
21	0.65	-0.5440489746420298
21	0.66	-0.5447397608931223
21	0.67	-0.5454128091891485
21	0.68	-0.5460680031878782
21	0.69	-0.546705229115515
21	0.7	-0.547324375817549
21	0.71	-0.5479253348087562
21	0.72	-0.5485080003222975
21	0.73	-0.5490722693578818
21	0.74	-0.5496180417289435
21	0.75	-0.5501452201088015
21	0.76	-0.5506537100757499
21	0.77	-0.5511434201570434
21	0.78	-0.5516142618717419
21	0.79	-0.552066149772366
21	0.8	-0.5524990014853352
21	0.81	-0.552912737750145
21	0.82	-0.5533072824572486
21	0.83	-0.5536825626846079
21	0.84	-0.5540385087328803
21	0.85	-0.5543750541592071
21	0.86	-0.5546921358095709
21	0.87	-0.5549896938496927
21	0.88	-0.55526767179444
21	0.89	-0.5555260165357119
21	0.9	-0.5557646783687848
21	0.91	-0.5559836110170815
21	0.92	-0.5561827716553478
21	0.93	-0.5563621209312102
21	0.94	-0.5565216229850957
21	0.95	-0.5566612454684926
21	0.96	-0.5567809595605344
21	0.97	-0.5568807399828903
21	0.98	-0.5569605650129502
21	0.99	-0.557020416495287
21	1.0	-0.5570602798513854
22	0.0	-0.4137410186423973
22	0.01	-0.4154386110731657
22	0.02	-0.41713096972955643
22	0.03	-0.4188179184623867
22	0.04	-0.420499279822678
22	0.05	-0.4221748750848134
22	0.06	-0.4238445242707253
22	0.07	-0.4255080461751317
22	0.08	-0.42716525839182506
22	0.09	-0.4288159773410309
22	0.1	-0.4304600182978442
22	0.11	-0.43209719542175584
22	0.12	-0.43372732178727313
22	0.13	-0.43535020941565095
22	0.14	-0.4369656693077347
22	0.15	-0.43857351147792545
22	0.16	-0.44017354498927336
22	0.17	-0.4417655779897048
22	0.18	-0.4433494177493867
22	0.19	-0.4449248706992341
22	0.2	-0.44649174247056156
22	0.21	-0.4480498379358828
22	0.22	-0.44959896125085647
22	0.23	-0.4511389158973805
22	0.24	-0.4526695047278324
22	0.25	-0.4541905300104553
22	0.26	-0.45570179347588186
22	0.27	-0.45720309636479756
22	0.28	-0.4586942394767323
22	0.29	-0.46017502321997716
22	0.3	-0.46164524766261483
22	0.31	-0.46310471258465846
22	0.32	-0.4645532175312839
22	0.33	-0.46599056186714516
22	0.34	-0.4674165448317613
22	0.35	-0.46883096559595666
22	0.36	-0.47023362331934176
22	0.37	-0.47162431720881304
22	0.38	-0.4730028465780588
22	0.39	-0.47436901090804334
22	0.4	-0.4757226099084552
22	0.41	-0.4770634435800881
22	0.42	-0.47839131227813947
22	0.43	-0.4797060167763893
22	0.44	-0.4810073583322426
22	0.45	-0.4822951387525968
22	0.46	-0.48356916046051046
22	0.47	-0.48482922656263716
22	0.48	-0.4860751409173921
22	0.49	-0.4873067082038179
22	0.5	-0.4885237339911082
22	0.51	-0.48972602480875915
22	0.52	-0.49091338821729924
22	0.53	-0.4920856328795673
22	0.54	-0.49324256863248855
22	0.55	-0.4943840065593054
22	0.56	-0.4955097590622272
22	0.57	-0.49661963993543873
22	0.58	-0.49771346443843106
22	0.59	-0.4987910493696029
22	0.6	-0.4998522131400784
22	0.61	-0.5008967758476951
22	0.62	-0.5019245593511121
22	0.63	-0.5029353873439737
22	0.64	-0.5039290854290889
22	0.65	-0.5049054811925606
22	0.66	-0.505864404277814
22	0.67	-0.5068056864594647
22	0.68	-0.5077291617169682
22	0.69	-0.5086346663079969
22	0.7	-0.5095220388414773
22	0.71	-0.5103911203502361
22	0.72	-0.5112417543631894
22	0.73	-0.5120737869770171
22	0.74	-0.5128870669272572
22	0.75	-0.5136814456587661
22	0.76	-0.5144567773954766
22	0.77	-0.5152129192093952
22	0.78	-0.5159497310887741
22	0.79	-0.5166670760054015
22	0.8	-0.5173648199809435
22	0.81	-0.5180428321522784
22	0.82	-0.5187009848357628
22	0.83	-0.5193391535903683
22	0.84	-0.5199572172796296
22	0.85	-0.5205550581323427
22	0.86	-0.5211325618019559
22	0.87	-0.5216896174245961
22	0.88	-0.5222261176756723
22	0.89	-0.5227419588249979
22	0.9	-0.5232370407903835
22	0.91	-0.5237112671896368
22	0.92	-0.5241645453909258
22	0.93	-0.5245967865614456
22	0.94	-0.5250079057143482
22	0.95	-0.5253978217538745
22	0.96	-0.525766457518656
22	0.97	-0.5261137398231248
22	0.98	-0.5264395994970049
22	0.99	-0.526743971422828
22	1.0	-0.5270267945714433
23	0.0	-0.46414670779436235
23	0.01	-0.465749824066953
23	0.02	-0.4673454271843529
23	0.03	-0.46893335478902076
23	0.04	-0.47051344403146034
23	0.05	-0.4720855315992199
23	0.06	-0.47364945374653655
23	0.07	-0.4752050463246284
23	0.08	-0.4767521448126241
23	0.09	-0.4782905843491357
23	0.1	-0.4798201997644627
23	0.11	-0.48134082561343106
23	0.12	-0.48285229620885606
23	0.13	-0.48435444565562713
23	0.14	-0.4858471078854075
23	0.15	-0.48733011669194526
23	0.16	-0.488803305766982
23	0.17	-0.4902665087367592
23	0.18	-0.49171955919910965
23	0.19	-0.49316229076112483
23	0.2	-0.4945945370773931
23	0.21	-0.49601613188879107
23	0.22	-0.4974269090618262
23	0.23	-0.4988267026285112
23	0.24	-0.5002153468267655
23	0.25	-0.5015926761413235
23	0.26	-0.5029585253451443
23	0.27	-0.5043127295413021
23	0.28	-0.5056551242053468
23	0.29	-0.5069855452281173
23	0.3	-0.5083038289589933
23	0.31	-0.5096098122495702
23	0.32	-0.5109033324977319
23	0.33	-0.5121842276921169
23	0.34	-0.5134523364569467
23	0.35	-0.5147074980972055
23	0.36	-0.5159495526441485
23	0.37	-0.5171783409011166
23	0.38	-0.5183937044896392
23	0.39	-0.5195954858958053
23	0.4	-0.5207835285168747
23	0.41	-0.5219576767081113
23	0.42	-0.5231177758298154
23	0.43	-0.5242636722945272
23	0.44	-0.5253952136143816
23	0.45	-0.5265122484485856
23	0.46	-0.527614626650996
23	0.47	-0.5287021993177695
23	0.48	-0.5297748188350588
23	0.49	-0.5308323389267283
23	0.5	-0.5318746147020633
23	0.51	-0.5329015027034442
23	0.52	-0.533912860953952
23	0.53	-0.5349085490048902
23	0.54	-0.5358884279831797
23	0.55	-0.5368523606386068
23	0.56	-0.5378002113908887
23	0.57	-0.538731846376535
23	0.58	-0.5396471334954657
23	0.59	-0.5405459424573629
23	0.6	-0.5414281448277221
23	0.61	-0.5422936140735738
23	0.62	-0.5431422256088454
23	0.63	-0.5439738568393333
23	0.64	-0.544788387207248
23	0.65	-0.5455856982353149
23	0.66	-0.5463656735703861
23	0.67	-0.54712819902654
23	0.68	-0.5478731626276382
23	0.69	-0.5486004546493047
23	0.7	-0.5493099676603039
23	0.71	-0.5500015965632797
23	0.72	-0.5506752386348317
23	0.73	-0.5513307935648948
23	0.74	-0.5519681634953983
23	0.75	-0.5525872530581677
23	0.76	-0.5531879694120467
23	0.77	-0.5537702222792089
23	0.78	-0.5543339239806314
23	0.79	-0.5548789894707032
23	0.8	-0.5554053363709408
23	0.81	-0.5559128850027858
23	0.82	-0.5564015584194587
23	0.83	-0.5568712824368408
23	0.84	-0.5573219856633647
23	0.85	-0.5577535995288849
23	0.86	-0.5581660583125095
23	0.87	-0.5585592991693645
23	0.88	-0.5589332621562767
23	0.89	-0.5592878902563491
23	0.9	-0.5596231294024077
23	0.91	-0.5599389284993065
23	0.92	-0.5602352394450663
23	0.93	-0.5605120171508322
23	0.94	-0.5607692195596342
23	0.95	-0.561006807663933
23	0.96	-0.5612247455219397
23	0.97	-0.5614230002726892
23	0.98	-0.5616015421498648
23	0.99	-0.5617603444943537
23	1.0	-0.5618993837655235
24	0.0	-0.3808742000633624
24	0.01	-0.38336763690851755
24	0.02	-0.3858736914532433
24	0.03	-0.38839219492413374
24	0.04	-0.3909229660697118
24	0.05	-0.3934658106921585
24	0.06	-0.39602052116870806
24	0.07	-0.39858687596295966
24	0.08	-0.4011646391263888
24	0.09	-0.40375355979041566
24	0.1	-0.4063533716494296
24	0.11	-0.4089637924352359
24	0.12	-0.41158452338345564
24	0.13	-0.4142152486924803
24	0.14	-0.4168556349756491
24	0.15	-0.419505330707409
24	0.16	-0.4221639656642831
24	0.17	-0.42483115036157126
24	0.18	-0.4275064754867976
24	0.19	-0.4301895113310094
24	0.2	-0.4328798072191341
24	0.21	-0.4355768909407157
24	0.22	-0.43828026818244376
24	0.23	-0.44098942196401536
24	0.24	-0.4437038120789851
24	0.25	-0.4464228745423703
24	0.26	-0.44914602104691836
24	0.27	-0.45187263843005626
24	0.28	-0.4546020881536805
24	0.29	-0.4573337057990775
24	0.3	-0.4600668005793974
24	0.31	-0.46280065487223593
24	0.32	-0.4655345237750225
24	0.33	-0.46826763468603727
24	0.34	-0.4709991869140236
24	0.35	-0.47372835131948254
24	0.36	-0.4764542699908732
24	0.37	-0.4791760559590557
24	0.38	-0.48189279295344
24	0.39	-0.4846035352034032
24	0.4	-0.48730730728864335
24	0.41	-0.4900031040422312
24	0.42	-0.49268989051018586
24	0.43	-0.49536660197147936
24	0.44	-0.49803214402241675
24	0.45	-0.50068539272936
24	0.46	-0.5033251948537955
24	0.47	-0.5059503681537116
24	0.48	-0.5085597017652389
24	0.49	-0.5111519566684296
24	0.5	-0.513725866240977
24	0.51	-0.5162801369035608
24	0.52	-0.5188134488603448
24	0.53	-0.5213244569379851
24	0.54	-0.5238117915262925
24	0.55	-0.5262740596234284
24	0.56	-0.5287098459882473
24	0.57	-0.5311177144020471
24	0.58	-0.5334962090416495
24	0.59	-0.5358438559653048
24	0.6	-0.5381591647124844
24	0.61	-0.5404406300181359
24	0.62	-0.5426867336414549
24	0.63	-0.5448959463086613
24	0.64	-0.5470667297686798
24	0.65	-0.549197538959988
24	0.66	-0.5512868242862363
24	0.67	-0.5533330339975584
24	0.68	-0.5553346166737646
24	0.69	-0.5572900238048982
24	0.7	-0.5591977124638658
24	0.71	-0.561056148065105
24	0.72	-0.5628638072024955
24	0.73	-0.5646191805589479
24	0.74	-0.5663207758793687
24	0.75	-0.5679671209979549
24	0.76	-0.5695567669100794
24	0.77	-0.5710882908783323
24	0.78	-0.5725602995616662
24	0.79	-0.5739714321559888
24	0.8	-0.575320363534028
24	0.81	-0.5766058073718113
24	0.82	-0.5778265192487101
24	0.83	-0.5789812997076861
24	0.84	-0.5800689972621141
24	0.85	-0.5810885113354439
24	0.86	-0.582038795119885
24	0.87	-0.5829188583403548
24	0.88	-0.5837277699100919
24	0.89	-0.5844646604645679
24	0.9	-0.5851287247607196
24	0.91	-0.5857192239289679
24	0.92	-0.5862354875660815
24	0.93	-0.5866769156575958
24	0.94	-0.58704298031929
24	0.95	-0.5873332273480772
24	0.96	-0.5875472775736162
24	0.97	-0.5876848280029897
24	0.98	-0.5877456527518873
24	0.99	-0.5877296037568984
24	1.0	-0.587636611264738
25	0.0	-0.453049730588416
25	0.01	-0.4549362499665678
25	0.02	-0.45681704080359303
25	0.03	-0.45869187438129766
25	0.04	-0.4605605197730431
25	0.05	-0.46242274387692683
25	0.06	-0.46427831145102316
25	0.07	-0.46612698515071427
25	0.08	-0.46796852556814733
25	0.09	-0.46980269127384583
25	0.1	-0.47162923886050623
25	0.11	-0.47344792298900984
25	0.12	-0.4752584964366718
25	0.13	-0.4770607101477562
25	0.14	-0.47885431328628014
25	0.15	-0.48063905329112394
25	0.16	-0.4824146759334708
25	0.17	-0.48418092537659196
25	0.18	-0.4859375442379902
25	0.19	-0.48768427365391626
25	0.2	-0.48942085334626717
25	0.21	-0.4911470216918736
25	0.22	-0.49286251579418133
25	0.23	-0.49456707155733115
25	0.24	-0.49626042376263024
25	0.25	-0.4979423061474193
25	0.26	-0.49961245148632183
25	0.27	-0.50127059167487
25	0.28	-0.5029164578154912
25	0.29	-0.5045497803058407
25	0.3	-0.5061702889294593
25	0.31	-0.5077777129487324
25	0.32	-0.5093717812001268
25	0.33	-0.5109522221916684
25	0.34	-0.5125187642026311
25	0.35	-0.5140711353854022
25	0.36	-0.5156090638694704
25	0.37	-0.5171322778675064
25	0.38	-0.5186405057834724
25	0.39	-0.5201334763227168
25	0.4	-0.5216109186039924
25	0.41	-0.5230725622733349
25	0.42	-0.5245181376197411
25	0.43	-0.5259473756925723
25	0.44	-0.5273600084206133
25	0.45	-0.5287557687327055
25	0.46	-0.5301343906798771
25	0.47	-0.531495609558882
25	0.48	-0.5328391620370554
25	0.49	-0.5341647862784009
25	0.5	-0.5354722220708049
25	0.51	-0.5367612109542783
25	0.52	-0.5380314963501245
25	0.53	-0.5392828236909255
25	0.54	-0.5405149405512276
25	0.55	-0.5417275967788251
25	0.56	-0.5429205446265073
25	0.57	-0.5440935388841668
25	0.58	-0.5452463370111261
25	0.59	-0.546378699268571
25	0.6	-0.5474903888519516
25	0.61	-0.5485811720232254
25	0.62	-0.5496508182428029
25	0.63	-0.5506991003010648
25	0.64	-0.5517257944493085
25	0.65	-0.5527306805299878
25	0.66	-0.5537135421060997
25	0.67	-0.554674166589584
25	0.68	-0.5556123453685828
25	0.69	-0.5565278739334238
25	0.7	-0.5574205520011792
25	0.71	-0.5582901836386545
25	0.72	-0.559136577383666
25	0.73	-0.5599595463644607
25	0.74	-0.5607589084171327
25	0.75	-0.5615344862009
25	0.76	-0.5622861073110886
25	0.77	-0.5630136043896968
25	0.78	-0.5637168152333903
25	0.79	-0.5643955828987971
25	0.8	-0.5650497558049656
25	0.81	-0.565679187832855
25	0.82	-0.5662837384217265
25	0.83	-0.5668632726623141
25	0.84	-0.567417661386646
25	0.85	-0.5679467812544033
25	0.86	-0.5684505148356951
25	0.87	-0.5689287506901445
25	0.88	-0.5693813834421747
25	0.89	-0.5698083138523947
25	0.9	-0.5702094488849868
25	0.91	-0.5705847017710031
25	0.92	-0.5709339920674863
25	0.93	-0.5712572457123295
25	0.94	-0.5715543950748028
25	0.95	-0.5718253790016744
25	0.96	-0.5720701428588617
25	0.97	-0.572288638568557
25	0.98	-0.5724808246417743
25	0.99	-0.5726466662062704
25	1.0	-0.5727861350298057
26	0.0	-0.4095955144369547
26	0.01	-0.41196863783989823
26	0.02	-0.4143442226846443
26	0.03	-0.41672197704270936
26	0.04	-0.4191016009797042
26	0.05	-0.42148278646040344
26	0.06	-0.4238652172575544
26	0.07	-0.42624856886474616
26	0.08	-0.4286325084136491
26	0.09	-0.4310166945959705
26	0.1	-0.4334007775904526
26	0.11	-0.43578439899527976
26	0.12	-0.43816719176623875
26	0.13	-0.4405487801610145
26	0.14	-0.44292877968998806
26	0.15	-0.4453067970739274
26	0.16	-0.4476824302089581
26	0.17	-0.4500552681392157
26	0.18	-0.4524248910375833
26	0.19	-0.4547908701949219
26	0.2	-0.4571527680182098
26	0.21	-0.4595101380380077
26	0.22	-0.46186252492566887
26	0.23	-0.4642094645207184
26	0.24	-0.4665504838688212
26	0.25	-0.4688851012707625
26	0.26	-0.47121282634285866
26	0.27	-0.47353316008921936
26	0.28	-0.47584559498626616
26	0.29	-0.4781496150799194
26	0.3	-0.4804446960958524
26	0.31	-0.48273030556319524
26	0.32	-0.48500590295207535
26	0.33	-0.4872709398253548
26	0.34	-0.4895248600049193
26	0.35	-0.49176709975285054
26	0.36	-0.4939970879678035
26	0.37	-0.4962142463968798
26	0.38	-0.49841798986327884
26	0.39	-0.5006077265099708
26	0.4	-0.5027828580596172
26	0.41	-0.5049427800909396
26	0.42	-0.5070868823316937
26	0.43	-0.5092145489683885
26	0.44	-0.5113251589728438
26	0.45	-0.5134180864456496
26	0.46	-0.5154927009765492
26	0.47	-0.5175483680217279
26	0.48	-0.5195844492979446
26	0.49	-0.5216003031934013
26	0.5	-0.5235952851952
26	0.51	-0.5255687483331833
26	0.52	-0.5275200436399096
26	0.53	-0.5294485206264654
26	0.54	-0.5313535277737557
26	0.55	-0.533234413038867
26	0.56	-0.5350905243760444
26	0.57	-0.5369212102717619
26	0.58	-0.5387258202933143
26	0.59	-0.540503705650303
26	0.6	-0.5422542197683287
26	0.61	-0.543976718874148
26	0.62	-0.5456705625915009
26	0.63	-0.5473351145467517
26	0.64	-0.5489697429834366
26	0.65	-0.5505738213847617
26	0.66	-0.552146729103034
26	0.67	-0.5536878519949654
26	0.68	-0.5551965830617402
26	0.69	-0.5566723230926901
26	0.7	-0.5581144813113781
26	0.71	-0.5595224760228501
26	0.72	-0.5608957352607838
26	0.73	-0.5622336974332219
26	0.74	-0.563535811965553
26	0.75	-0.5648015399393763
26	0.76	-0.5660303547258649
26	0.77	-0.5672217426122257
26	0.78	-0.5683752034198445
26	0.79	-0.5694902511126878
26	0.8	-0.57056641439455
26	0.81	-0.5716032372937183
26	0.82	-0.5726002797336408
26	0.83	-0.5735571180882122
26	0.84	-0.5744733457202857
26	0.85	-0.5753485735020679
26	0.86	-0.5761824303160664
26	0.87	-0.5769745635353113
26	0.88	-0.577724639481593
26	0.89	-0.5784323438605294
26	0.9	-0.5790973821723083
26	0.91	-0.579719480097013
26	0.92	-0.5802983838535064
26	0.93	-0.5808338605309065
26	0.94	-0.5813256983917637
26	0.95	-0.5817737071461166
26	0.96	-0.5821777181956945
26	0.97	-0.5825375848475957
26	0.98	-0.58285318249688
26	0.99	-0.5831244087775825
26	1.0	-0.5833511836817454
27	0.0	-0.40911822787529156
27	0.01	-0.4113008475382013
27	0.02	-0.41348468380960623
27	0.03	-0.4156694614127607
27	0.04	-0.41785489779404944
27	0.05	-0.4200407030399366
27	0.06	-0.42222657979739275
27	0.07	-0.42441222319807365
27	0.08	-0.42659732078654683
27	0.09	-0.42878155245286226
27	0.1	-0.43096459036977536
27	0.11	-0.4331460989349364
27	0.12	-0.435325734718374
27	0.13	-0.4375031464155999
27	0.14	-0.439677974806677
27	0.15	-0.44184985272159505
27	0.16	-0.4440184050123055
27	0.17	-0.44618324853177765
27	0.18	-0.44834399212043224
27	0.19	-0.45050023660032945
27	0.2	-0.4526515747774762
27	0.21	-0.4547975914526335
27	0.22	-0.4569378634409965
27	0.23	-0.45907195960113256
27	0.24	-0.46119944087355136
27	0.25	-0.46331986032929173
27	0.26	-0.4654327632288965
27	0.27	-0.4675376870921595
27	0.28	-0.46963416177900635
27	0.29	-0.47172170958187976
27	0.3	-0.4737998453299897
27	0.31	-0.47586807650577656
27	0.32	-0.47792590337392815
27	0.33	-0.47997281912328543
27	0.34	-0.4820083100219516
27	0.35	-0.4840318555859048
27	0.36	-0.4860429287614103
27	0.37	-0.4880409961214928
27	0.38	-0.490025518076723
27	0.39	-0.4919959491005469
27	0.4	-0.4939517379693615
27	0.41	-0.4958923280175157
27	0.42	-0.4978171574073935
27	0.43	-0.49972565941469743
27	0.44	-0.5016172627290296
27	0.45	-0.5034913917698268
27	0.46	-0.5053474670176806
27	0.47	-0.5071849053610237
27	0.48	-0.5090031204581417
27	0.49	-0.5108015231144144
27	0.5	-0.5125795216746618
27	0.51	-0.5143365224304159
27	0.52	-0.5160719300419052
27	0.53	-0.5177851479744833
27	0.54	-0.5194755789491952
27	0.55	-0.5211426254071188
27	0.56	-0.5227856899870721
27	0.57	-0.5244041760162331
27	0.58	-0.5259974880131565
27	0.59	-0.5275650322026335
27	0.6	-0.5291062170417808
27	0.61	-0.530620453756698
27	0.62	-0.5321071568889764
27	0.63	-0.5335657448513049
27	0.64	-0.534995640491351
27	0.65	-0.5363962716630554
27	0.66	-0.5377670718044417
27	0.67	-0.5391074805209677
27	0.68	-0.540416944173436
27	0.69	-0.5416949164694088
27	0.7	-0.5429408590570494
27	0.71	-0.5441542421202703
27	0.72	-0.5453345449740326
27	0.73	-0.5464812566586066
27	0.74	-0.5475938765315851
27	0.75	-0.5486719148563993
27	0.76	-0.5497148933860851
27	0.77	-0.5507223459410163
27	0.78	-0.5516938189793115
27	0.79	-0.5526288721586186
27	0.8	-0.5535270788879684
27	0.81	-0.5543880268683945
27	0.82	-0.5552113186210214
27	0.83	-0.555996572001331
27	0.84	-0.5567434206983344
27	0.85	-0.5574515147173954
27	0.86	-0.5581205208454797
27	0.87	-0.5587501230976267
27	0.88	-0.5593400231434896
27	0.89	-0.5598899407128121
27	0.9	-0.5603996139787703
27	0.91	-0.5608687999181499
27	0.92	-0.5612972746473839
27	0.93	-0.5616848337335348
27	0.94	-0.5620312924793707
27	0.95	-0.5623364861817448
27	0.96	-0.5626002703625661
27	0.97	-0.5628225209717108
27	0.98	-0.5630031345613138
27	0.99	-0.5631420284309486
27	1.0	-0.5632391407432865
28	0.0	-0.4850419047637067
28	0.01	-0.48677254955537913
28	0.02	-0.48849457505874694
28	0.03	-0.49020778552154354
28	0.04	-0.4919119844302799
28	0.05	-0.4936069745465944
28	0.06	-0.4952925579445877
28	0.07	-0.4969685360491473
28	0.08	-0.49863470967526136
28	0.09	-0.5002908790683187
28	0.1	-0.501936843945396
28	0.11	-0.5035724035375267
28	0.12	-0.5051973566329576
28	0.13	-0.5068115016213706
28	0.14	-0.508414636539088
28	0.15	-0.5100065591152355
28	0.16	-0.5115870668188658
28	0.17	-0.5131559569070354
28	0.18	-0.5147130264738196
28	0.19	-0.5162580725002597
28	0.2	-0.5177908919052331
28	0.21	-0.5193112815972294
28	0.22	-0.5208190385270226
28	0.23	-0.5223139597412243
28	0.24	-0.5237958424367016
28	0.25	-0.5252644840158451
28	0.26	-0.5267196821426676
28	0.27	-0.5281612347997142
28	0.28	-0.5295889403457678
28	0.29	-0.5310025975743226
28	0.3	-0.5324020057728092
28	0.31	-0.5337869647825432
28	0.32	-0.5351572750593792
28	0.33	-0.5365127377350343
28	0.34	-0.5378531546790645
28	0.35	-0.5391783285614602
28	0.36	-0.540488062915833
28	0.37	-0.5417821622031623
28	0.38	-0.543060431876074
28	0.39	-0.5443226784436125
28	0.4	-0.545568709536479
28	0.41	-0.5467983339726952
28	0.42	-0.5480113618236618
28	0.43	-0.5492076044805712
28	0.44	-0.5503868747211373
28	0.45	-0.5515489867766048
28	0.46	-0.5526937563989961
28	0.47	-0.5538210009285566
28	0.48	-0.554930539361354
28	0.49	-0.5560221924169937
28	0.5	-0.5570957826063994
28	0.51	-0.5581511342996223
28	0.52	-0.5591880737936288
28	0.53	-0.5602064293800191
28	0.54	-0.5612060314126381
28	0.55	-0.5621867123750224
28	0.56	-0.5631483069476391
28	0.57	-0.5640906520748695
28	0.58	-0.5650135870316871
28	0.59	-0.5659169534899785
28	0.6	-0.5668005955844613
28	0.61	-0.5676643599781463
28	0.62	-0.5685080959272938
28	0.63	-0.5693316553458115
28	0.64	-0.5701348928690508
28	0.65	-0.5709176659169366
28	0.66	-0.5716798347563954
28	0.67	-0.572421262563017
28	0.68	-0.5731418154819083
28	0.69	-0.5738413626876847
28	0.7	-0.5745197764435445
28	0.71	-0.5751769321593859
28	0.72	-0.5758127084489066
28	0.73	-0.5764269871856431
28	0.74	-0.5770196535578953
28	0.75	-0.5775905961224932
28	0.76	-0.5781397068573544
28	0.77	-0.5786668812127861
28	0.78	-0.5791720181614846
28	0.79	-0.5796550202471871
28	0.8	-0.5801157936319321
28	0.81	-0.580554248141883
28	0.82	-0.5809702973116712
28	0.83	-0.581363858427221
28	0.84	-0.5817348525670132
28	0.85	-0.582083204641744
28	0.86	-0.5824088434323522
28	0.87	-0.582711701626365
28	0.88	-0.5829917158525373
28	0.89	-0.5832488267137438
28	0.9	-0.5834829788180973
28	0.91	-0.5836941208082557
28	0.92	-0.5838822053888973
28	0.93	-0.584047189352327
28	0.94	-0.5841890336021951
28	0.95	-0.5843077031753016
28	0.96	-0.5844031672614629
28	0.97	-0.5844753992214242
28	0.98	-0.5845243766027927
28	0.99	-0.584550081153981
28	1.0	-0.5845524988361438
29	0.0	-0.5301995433450817
29	0.01	-0.5314139962762751
29	0.02	-0.5326196900958606
29	0.03	-0.5338165442122002
29	0.04	-0.5350044784288286
29	0.05	-0.5361834129543883
29	0.06	-0.5373532684125467
29	0.07	-0.5385139658518957
29	0.08	-0.5396654267558357
29	0.09	-0.540807573052435
29	0.1	-0.541940327124269
29	0.11	-0.5430636118182365
29	0.12	-0.5441773504553439
29	0.13	-0.5452814668404685
29	0.14	-0.5463758852720835
29	0.15	-0.5474605305519559
29	0.16	-0.5485353279948085
29	0.17	-0.5496002034379448
29	0.18	-0.5506550832508353
29	0.19	-0.5516998943446662
29	0.2	-0.552734564181841
29	0.21	-0.553759020785442
29	0.22	-0.5547731927486435
29	0.23	-0.5557770092440764
29	0.24	-0.5567704000331435
29	0.25	-0.5577532954752823
29	0.26	-0.5587256265371726
29	0.27	-0.5596873248018901
29	0.28	-0.560638322477998
29	0.29	-0.5615785524085832
29	0.3	-0.562507948080226
29	0.31	-0.5634264436319102
29	0.32	-0.5643339738638611
29	0.33	-0.5652304742463232
29	0.34	-0.5661158809282616
29	0.35	-0.5669901307459952
29	0.36	-0.567853161231755
29	0.37	-0.5687049106221673
29	0.38	-0.5695453178666587
29	0.39	-0.5703743226357836
29	0.4	-0.5711918653294676
29	0.41	-0.5719978870851719
29	0.42	-0.5727923297859692
29	0.43	-0.5735751360685343
29	0.44	-0.5743462493310472
29	0.45	-0.5751056137410044
29	0.46	-0.5758531742429407
29	0.47	-0.5765888765660527
29	0.48	-0.577312667231733
29	0.49	-0.5780244935610006
29	0.5	-0.578724303681839
29	0.51	-0.5794120465364281
29	0.52	-0.5800876718882763
29	0.53	-0.5807511303292513
29	0.54	-0.5814023732864996
29	0.55	-0.5820413530292637
29	0.56	-0.5826680226755893
29	0.57	-0.583282336198922
29	0.58	-0.5838842484345912
29	0.59	-0.5844737150861841
29	0.6	-0.5850506927318015
29	0.61	-0.5856151388301987
29	0.62	-0.5861670117268096
29	0.63	-0.5867062706596514
29	0.64	-0.5872328757651076
29	0.65	-0.5877467880835928
29	0.66	-0.5882479695650875
29	0.67	-0.5887363830745582
29	0.68	-0.5892119923972446
29	0.69	-0.5896747622438223
29	0.7	-0.5901246582554364
29	0.71	-0.5905616470086105
29	0.72	-0.5909856960200163
29	0.73	-0.5913967737511228
29	0.74	-0.5917948496127032
29	0.75	-0.5921798939692151
29	0.76	-0.5925518781430409
29	0.77	-0.5929107744185972
29	0.78	-0.5932565560463041
29	0.79	-0.5935891972464185
29	0.8	-0.5939086732127281
29	0.81	-0.5942149601161095
29	0.82	-0.59450803510794
29	0.83	-0.5947878763233745
29	0.84	-0.5950544628844774
29	0.85	-0.595307774903213
29	0.86	-0.5955477934842937
29	0.87	-0.5957745007278832
29	0.88	-0.595987879732156
29	0.89	-0.5961879145957119
29	0.9	-0.5963745904198456
29	0.91	-0.5965478933106687
29	0.92	-0.5967078103810882
29	0.93	-0.5968543297526349
29	0.94	-0.5969874405571467
29	0.95	-0.5971071329383031
29	0.96	-0.5972133980530131
29	0.97	-0.5973062280726533
29	0.98	-0.5973856161841584
29	0.99	-0.5974515565909619
29	1.0	-0.5975040445137908
30	0.0	-0.540575441317726
30	0.01	-0.5414973072525089
30	0.02	-0.5424104864536212
30	0.03	-0.543314920540257
30	0.04	-0.5442105514771756
30	0.05	-0.545097321580905
30	0.06	-0.5459751735259338
30	0.07	-0.5468440503508954
30	0.08	-0.5477038954647411
30	0.09	-0.5485546526529008
30	0.1	-0.5493962660834328
30	0.11	-0.5502286803131596
30	0.12	-0.5510518402937892
30	0.13	-0.5518656913780209
30	0.14	-0.5526701793256379
30	0.15	-0.5534652503095776
30	0.16	-0.5542508509219889
30	0.17	-0.5550269281802673
30	0.18	-0.5557934295330741
30	0.19	-0.5565503028663289
30	0.2	-0.5572974965091856
30	0.21	-0.5580349592399836
30	0.22	-0.5587626402921754
30	0.23	-0.5594804893602291
30	0.24	-0.5601884566055082
30	0.25	-0.5608864926621197
30	0.26	-0.5615745486427403
30	0.27	-0.562252576144411
30	0.28	-0.5629205272543027
30	0.29	-0.5635783545554519
30	0.3	-0.5642260111324644
30	0.31	-0.5648634505771898
30	0.32	-0.5654906269943576
30	0.33	-0.5661074950071828
30	0.34	-0.5667140097629364
30	0.35	-0.5673101269384779
30	0.36	-0.567895802745753
30	0.37	-0.5684709939372498
30	0.38	-0.5690356578114203
30	0.39	-0.5695897522180604
30	0.4	-0.570133235563646
30	0.41	-0.5706660668166336
30	0.42	-0.5711882055127112
30	0.43	-0.5716996117600108
30	0.44	-0.572200246244274
30	0.45	-0.5726900702339708
30	0.46	-0.5731690455853752
30	0.47	-0.5736371347475906
30	0.48	-0.5740943007675275
30	0.49	-0.5745405072948324
30	0.5	-0.5749757185867664
30	0.51	-0.57539989951303
30	0.52	-0.5758130155605422
30	0.53	-0.5762150328381589
30	0.54	-0.5766059180813424
30	0.55	-0.5769856386567749
30	0.56	-0.5773541625669157
30	0.57	-0.5777114584545019
30	0.58	-0.5780574956069924
30	0.59	-0.5783922439609528
30	0.6	-0.5787156741063809
30	0.61	-0.579027757290973
30	0.62	-0.579328465424328
30	0.63	-0.5796177710820908
30	0.64	-0.5798956475100323
30	0.65	-0.5801620686280659
30	0.66	-0.5804170090342
30	0.67	-0.5806604440084251
30	0.68	-0.5808923495165349
30	0.69	-0.5811127022138806
30	0.7	-0.5813214794490563
30	0.71	-0.5815186592675197
30	0.72	-0.5817042204151389
30	0.73	-0.5818781423416717
30	0.74	-0.582040405204175
30	0.75	-0.5821909898703396
30	0.76	-0.5823298779217567
30	0.77	-0.5824570516571068
30	0.78	-0.5825724940952807
30	0.79	-0.5826761889784179
30	0.8	-0.5827681207748793
30	0.81	-0.5828482746821366
30	0.82	-0.5829166366295883
30	0.83	-0.5829731932812977
30	0.84	-0.5830179320386544
30	0.85	-0.5830508410429538
30	0.86	-0.5830719091779023
30	0.87	-0.5830811260720371
30	0.88	-0.5830784821010717
30	0.89	-0.5830639683901522
30	0.9	-0.5830375768160418
30	0.91	-0.5829993000092157
30	0.92	-0.5829491313558729
30	0.93	-0.582887064999871
30	0.94	-0.5828130958445709
30	0.95	-0.5827272195545992
30	0.96	-0.5826294325575266
30	0.97	-0.5825197320454585
30	0.98	-0.5823981159765418
30	0.99	-0.5822645830763827
30	1.0	-0.5821191328393813
31	0.0	-0.4620398325361049
31	0.01	-0.46428578293753675
31	0.02	-0.4665282812957375
31	0.03	-0.4687669531759175
31	0.04	-0.47100141680687807
31	0.05	-0.47323128308154727
31	0.06	-0.47545615556454385
31	0.07	-0.4776756305070839
31	0.08	-0.4798892968695265
31	0.09	-0.4820967363518694
31	0.1	-0.48429752343249954
31	0.11	-0.4864912254155005
31	0.12	-0.4886774024868257
31	0.13	-0.4908556077796316
31	0.14	-0.4930253874490763
31	0.15	-0.49518628075686827
31	0.16	-0.49733782016586064
31	0.17	-0.4994795314449674
31	0.18	-0.5016109337846757
31	0.19	-0.5037315399234228
31	0.2	-0.5058408562850881
31	0.21	-0.5079383831278459
31	0.22	-0.5100236147046125
31	0.23	-0.5120960394353004
31	0.24	-0.5141551400910872
31	0.25	-0.5162003939908807
31	0.26	-0.5182312732101544
31	0.27	-0.5202472448022946
31	0.28	-0.522247771032595
31	0.29	-0.5242323096250014
31	0.3	-0.5262003140216892
31	0.31	-0.5281512336555352
31	0.32	-0.530084514235511
31	0.33	-0.531999598045009
31	0.34	-0.533895924253069
31	0.35	-0.5357729292384583
31	0.36	-0.5376300469265133
31	0.37	-0.5394667091386279
31	0.38	-0.5412823459542366
31	0.39	-0.5430763860851007
31	0.4	-0.5448482572616822
31	0.41	-0.5465973866313395
31	0.42	-0.5483232011680517
31	0.43	-0.5500251280933328
31	0.44	-0.5517025953079704
31	0.45	-0.5533550318341645
31	0.46	-0.554981868267624
31	0.47	-0.5565825372391262
31	0.48	-0.5581564738850036
31	0.49	-0.5597031163259972
31	0.5	-0.5612219061538548
31	0.51	-0.5627122889250373
31	0.52	-0.5641737146608369
31	0.53	-0.5656056383531918
31	0.54	-0.567007520475432
31	0.55	-0.5683788274971663
31	0.56	-0.5697190324024807
31	0.57	-0.5710276152105866
31	0.58	-0.5723040634980365
31	0.59	-0.573547872921579
31	0.6	-0.5747585477407176
31	0.61	-0.575935601339005
31	0.62	-0.5770785567430825
31	0.63	-0.578186947138455
31	0.64	-0.579260316380989
31	0.65	-0.5802982195030882
31	0.66	-0.5813002232135094
31	0.67	-0.5822659063897669
31	0.68	-0.5831948605620704
31	0.69	-0.5840866903877459
31	0.7	-0.5849410141150917
31	0.71	-0.5857574640356296
31	0.72	-0.5865356869237197
31	0.73	-0.5872753444625316
31	0.74	-0.5879761136553702
31	0.75	-0.5886376872213923
31	0.76	-0.5892597739747633
31	0.77	-0.5898420991863439
31	0.78	-0.5903844049270192
31	0.79	-0.5908864503918348
31	0.8	-0.5913480122041315
31	0.81	-0.5917688846989156
31	0.82	-0.5921488801847633
31	0.83	-0.5924878291835844
31	0.84	-0.5927855806476446
31	0.85	-0.5930420021532866
31	0.86	-0.5932569800708559
31	0.87	-0.5934304197103909
31	0.88	-0.5935622454427073
31	0.89	-0.5936524007955566
31	0.9	-0.5937008485246172
31	0.91	-0.5937075706591338
31	0.92	-0.5936725685220873
31	0.93	-0.5935958627248494
31	0.94	-0.5934774931363365
31	0.95	-0.593317518826752
31	0.96	-0.5931160179860664
31	0.97	-0.5928730878174506
31	0.98	-0.5925888444059526
31	0.99	-0.5922634225627541
31	1.0	-0.591896975645424
32	0.0	-0.32119434692539583
32	0.01	-0.3245595566483273
32	0.02	-0.3279598271884169
32	0.03	-0.3313952450225826
32	0.04	-0.3348658689485886
32	0.05	-0.3383717279275386
32	0.06	-0.3419128188112162
32	0.07	-0.3454891039508538
32	0.08	-0.3491005086841314
32	0.09	-0.3527469186974874
32	0.1	-0.3564281772611645
32	0.11	-0.36014408233482387
32	0.12	-0.3638943835420503
32	0.13	-0.367678779012633
32	0.14	-0.3714969120921873
32	0.15	-0.3753483679194262
32	0.16	-0.3792326698722796
32	0.17	-0.3831492758850455
32	0.18	-0.38709757463987143
32	0.19	-0.39107688163713106
32	0.2	-0.39508643515064595
32	0.21	-0.3991253920752683
32	0.22	-0.40319282367603826
32	0.23	-0.40728771125002644
32	0.24	-0.41140894171400344
32	0.25	-0.4155553031333231
32	0.26	-0.4197254802097986
32	0.27	-0.42391804974894104
32	0.28	-0.4281314761296798
32	0.29	-0.4323641068026124
32	0.3	-0.4366141678459086
32	0.31	-0.44087975961121173
32	0.32	-0.44515885249522485
32	0.33	-0.44944928287610514
32	0.34	-0.45374874925728326
32	0.35	-0.45805480866485127
32	0.36	-0.46236487334815607
32	0.37	-0.46667620783665825
32	0.38	-0.4709859264093874
32	0.39	-0.4752909910364043
32	0.4	-0.47958820985444256
32	0.41	-0.48387423624130466
32	0.42	-0.48814556855552027
32	0.43	-0.49239855060910076
32	0.44	-0.4966293729419118
32	0.45	-0.5008340749660449
32	0.46	-0.5050085480475318
32	0.47	-0.509148539590696
32	0.48	-0.5132496581872422
32	0.49	-0.5173073798877738
32	0.5	-0.5213170556476758
32	0.51	-0.5252739199921744
32	0.52	-0.529173100936765
32	0.53	-0.5330096311891319
32	0.54	-0.5367784606470706
32	0.55	-0.5404744701938968
32	0.56	-0.5440924867783506
32	0.57	-0.5476272997502715
32	0.58	-0.5510736784064332
32	0.59	-0.5544263906830881
32	0.6	-0.5576802229132567
32	0.61	-0.5608300005478543
32	0.62	-0.5638706097207306
32	0.63	-0.5667970195189852
32	0.64	-0.5696043048018914
32	0.65	-0.5722876693948458
32	0.66	-0.5748424694694139
32	0.67	-0.5772642369071728
32	0.68	-0.5795487024340864
32	0.69	-0.5816918183040176
32	0.7	-0.5836897803049765
32	0.71	-0.5855390488601914
32	0.72	-0.5872363689982238
32	0.73	-0.5887787889723505
32	0.74	-0.5901636773192955
32	0.75	-0.5913887381611053
32	0.76	-0.5924520245713623
32	0.77	-0.5933519498477832
32	0.78	-0.5940872965571911
32	0.79	-0.5946572232454674
32	0.8	-0.5950612687338448
32	0.81	-0.595299353953223
32	0.82	-0.5953717812994679
32	0.83	-0.5952792315241893
32	0.84	-0.5950227582066736
32	0.85	-0.5946037798827899
32	0.86	-0.59402406993519
32	0.87	-0.5932857443754115
32	0.88	-0.5923912476720907
32	0.89	-0.5913433367999626
32	0.9	-0.5901450637013558
32	0.91	-0.5887997563652728
32	0.92	-0.5873109987387285
32	0.93	-0.585682609690795
32	0.94	-0.5839186212518622
32	0.95	-0.5820232563490582
32	0.96	-0.580000906253938
32	0.97	-0.5778561079505882
32	0.98	-0.5755935216217313
32	0.99	-0.5732179084374648
32	1.0	-0.570734108816519
33	0.0	-0.5013433035854455
33	0.01	-0.502910298168967
33	0.02	-0.5044673305689099
33	0.03	-0.506014216769671
33	0.04	-0.5075507724821129
33	0.05	-0.5090768131831812
33	0.06	-0.5105921541562711
33	0.07	-0.5120966105323418
33	0.08	-0.5135899973317697
33	0.09	-0.5150721295069312
33	0.1	-0.5165428219855076
33	0.11	-0.5180018897145011
33	0.12	-0.5194491477049519
33	0.13	-0.5208844110773464
33	0.14	-0.5223074951077019
33	0.15	-0.5237182152743153
33	0.16	-0.5251163873051662
33	0.17	-0.5265018272259527
33	0.18	-0.5278743514087503
33	0.19	-0.5292337766212765
33	0.2	-0.5305799200767398
33	0.21	-0.5319125994842628
33	0.22	-0.5332316330998536
33	0.23	-0.5345368397779101
33	0.24	-0.5358280390232347
33	0.25	-0.5371050510435379
33	0.26	-0.5383676968024134
33	0.27	-0.5396157980727518
33	0.28	-0.5408491774905828
33	0.29	-0.5420676586093064
33	0.3	-0.5432710659543009
33	0.31	-0.5444592250778714
33	0.32	-0.5456319626145197
33	0.33	-0.5467891063365027
33	0.34	-0.5479304852096516
33	0.35	-0.5490559294494236
33	0.36	-0.5501652705771581
33	0.37	-0.5512583414765019
33	0.38	-0.5523349764499754
33	0.39	-0.553395011275647
33	0.4	-0.554438283263884
33	0.41	-0.5554646313141415
33	0.42	-0.556473895971767
33	0.43	-0.5574659194847675
33	0.44	-0.558440545860528
33	0.45	-0.5593976209224214
33	0.46	-0.5603369923662923
33	0.47	-0.5612585098167686
33	0.48	-0.5621620248833664
33	0.49	-0.5630473912163513
33	0.5	-0.5639144645623185
33	0.51	-0.5647631028194524
33	0.52	-0.5655931660924292
33	0.53	-0.5664045167469212
33	0.54	-0.5671970194636698
33	0.55	-0.5679705412920795
33	0.56	-0.5687249517033026
33	0.57	-0.5694601226427731
33	0.58	-0.5701759285821429
33	0.59	-0.5708722465705975
33	0.6	-0.5715489562854945
33	0.61	-0.572205940082299
33	0.62	-0.5728430830437693
33	0.63	-0.5734602730283626
33	0.64	-0.5740574007178103
33	0.65	-0.5746343596638378
33	0.66	-0.5751910463339844
33	0.67	-0.5757273601564837
33	0.68	-0.5762432035641765
33	0.69	-0.5767384820374106
33	0.7	-0.5772131041458981
33	0.71	-0.5776669815894917
33	0.72	-0.5781000292378469
33	0.73	-0.578512165168937
33	0.74	-0.5789033107063841
33	0.75	-0.5792733904555818
33	0.76	-0.5796223323385653
33	0.77	-0.5799500676276133
33	0.78	-0.5802565309775389
33	0.79	-0.5805416604566509
33	0.8	-0.5808053975763471
33	0.81	-0.5810476873193263
33	0.82	-0.5812684781663807
33	0.83	-0.5814677221217495
33	0.84	-0.5816453747370134
33	0.85	-0.5818013951335008
33	0.86	-0.5819357460231909
33	0.87	-0.5820483937280905
33	0.88	-0.5821393081980651
33	0.89	-0.5822084630271133
33	0.9	-0.5822558354680583
33	0.91	-0.5822814064456536
33	0.92	-0.5822851605680801
33	0.93	-0.5822670861368264
33	0.94	-0.5822271751549483
33	0.95	-0.5821654233336834
33	0.96	-0.5820818300974314
33	0.97	-0.5819763985870794
33	0.98	-0.5818491356616781
33	0.99	-0.5817000518984563
33	1.0	-0.5815291615911835
34	0.0	-0.5144245942975293
34	0.01	-0.5160454865616363
34	0.02	-0.5176575622332443
34	0.03	-0.5192606231594598
34	0.04	-0.5208544704799042
34	0.05	-0.5224389046713805
34	0.06	-0.5240137255936784
34	0.07	-0.5255787325365
34	0.08	-0.5271337242675093
34	0.09	-0.5286784990814913
34	0.1	-0.530212854850619
34	0.11	-0.5317365890758133
34	0.12	-0.5332494989391854
34	0.13	-0.5347513813575528
34	0.14	-0.5362420330370139
34	0.15	-0.5377212505285601
34	0.16	-0.5391888302847229
34	0.17	-0.5406445687172244
34	0.18	-0.5420882622556199
34	0.19	-0.5435197074069114
34	0.2	-0.5449387008161081
34	0.21	-0.546345039327714
34	0.22	-0.5477385200481147
34	0.23	-0.5491189404088389
34	0.24	-0.5504860982306712
34	0.25	-0.5518397917885789
34	0.26	-0.5531798198774298
34	0.27	-0.554505981878469
34	0.28	-0.5558180778265177
34	0.29	-0.5571159084778623
34	0.3	-0.5583992753787986
34	0.31	-0.5596679809347934
34	0.32	-0.5609218284802231
34	0.33	-0.5621606223486536
34	0.34	-0.5633841679436167
34	0.35	-0.5645922718098437
34	0.36	-0.5657847417049076
34	0.37	-0.5669613866712366
34	0.38	-0.5681220171084453
34	0.39	-0.5692664448459437
34	0.4	-0.5703944832157648
34	0.41	-0.5715059471255778
34	0.42	-0.5726006531318193
34	0.43	-0.5736784195129023
34	0.44	-0.5747390663424452
34	0.45	-0.5757824155624734
34	0.46	-0.5768082910565295
34	0.47	-0.5778165187226487
34	0.48	-0.5788069265461344
34	0.49	-0.5797793446720849
34	0.5	-0.5807336054776071
34	0.51	-0.5816695436436684
34	0.52	-0.5825869962265201
34	0.53	-0.583485802728641
34	0.54	-0.5843658051691397
34	0.55	-0.5852268481535567
34	0.56	-0.5860687789430061
34	0.57	-0.5868914475226037
34	0.58	-0.5876947066691143
34	0.59	-0.5884784120177645
34	0.6	-0.5892424221281629
34	0.61	-0.5899865985492635
34	0.62	-0.5907108058833211
34	0.63	-0.5914149118487754
34	0.64	-0.5920987873420088
34	0.65	-0.59276230649792
34	0.66	-0.5934053467492625
34	0.67	-0.5940277888846798
34	0.68	-0.5946295171053985
34	0.69	-0.5952104190805158
34	0.7	-0.5957703860008287
34	0.71	-0.5963093126311583
34	0.72	-0.5968270973611168
34	0.73	-0.597323642254263
34	0.74	-0.5977988530956087
34	0.75	-0.5982526394374179
34	0.76	-0.5986849146432631
34	0.77	-0.5990955959302907
34	0.78	-0.5994846044096526
34	0.79	-0.5998518651250677
34	0.8	-0.6001973070894729
34	0.81	-0.6005208633197253
34	0.82	-0.6008224708693228
34	0.83	-0.6011020708591127
34	0.84	-0.6013596085059499
34	0.85	-0.601595033149285
34	0.86	-0.60180829827565
34	0.87	-0.6019993615410177
34	0.88	-0.602168184791015
34	0.89	-0.6023147340789656
34	0.9	-0.6024389796817508
34	0.91	-0.6025408961134645
34	0.92	-0.6026204621368572
34	0.93	-0.6026776607725512
34	0.94	-0.6027124793060256
34	0.95	-0.6027249092923557
34	0.96	-0.6027149465587124
34	0.97	-0.6026825912046145
34	0.98	-0.6026278475999352
34	0.99	-0.6025507243806684
34	1.0	-0.6024512344424574
35	0.0	-0.5451179550181542
35	0.01	-0.5461798001180571
35	0.02	-0.5472332170641923
35	0.03	-0.5482781432330812
35	0.04	-0.5493145163799121
35	0.05	-0.5503422746449327
35	0.06	-0.5513613565598203
35	0.07	-0.5523717010540183
35	0.08	-0.5533732474610448
35	0.09	-0.5543659355247708
35	0.1	-0.5553497054056648
35	0.11	-0.556324497687006
35	0.12	-0.5572902533810624
35	0.13	-0.5582469139352346
35	0.14	-0.559194421238164
35	0.15	-0.5601327176258043
35	0.16	-0.5610617458874539
35	0.17	-0.5619814492717519
35	0.18	-0.5628917714926333
35	0.19	-0.5637926567352424
35	0.2	-0.564684049661808
35	0.21	-0.5655658954174723
35	0.22	-0.5664381396360801
35	0.23	-0.5673007284459213
35	0.24	-0.5681536084754292
35	0.25	-0.5689967268588332
35	0.26	-0.5698300312417645
35	0.27	-0.5706534697868115
35	0.28	-0.571466991179033
35	0.29	-0.5722705446314131
35	0.3	-0.573064079890274
35	0.31	-0.5738475472406313
35	0.32	-0.574620897511502
35	0.33	-0.5753840820811557
35	0.34	-0.5761370528823155
35	0.35	-0.5768797624073013
35	0.36	-0.5776121637131207
35	0.37	-0.5783342104265018
35	0.38	-0.5790458567488694
35	0.39	-0.5797470574612638
35	0.4	-0.5804377679292013
35	0.41	-0.581117944107476
35	0.42	-0.5817875425448997
35	0.43	-0.5824465203889843
35	0.44	-0.5830948353905575
35	0.45	-0.5837324459083241
35	0.46	-0.5843593109133567
35	0.47	-0.5849753899935284
35	0.48	-0.5855806433578776
35	0.49	-0.5861750318409108
35	0.5	-0.5867585169068373
35	0.51	-0.5873310606537407
35	0.52	-0.5878926258176801
35	0.53	-0.5884431757767258
35	0.54	-0.5889826745549284
35	0.55	-0.5895110868262141
35	0.56	-0.5900283779182188
35	0.57	-0.5905345138160435
35	0.58	-0.5910294611659447
35	0.59	-0.5915131872789541
35	0.6	-0.5919856601344237
35	0.61	-0.5924468483835009
35	0.62	-0.5928967213525301
35	0.63	-0.5933352490463828
35	0.64	-0.5937624021517127
35	0.65	-0.5941781520401354
35	0.66	-0.5945824707713389
35	0.67	-0.5949753310961121
35	0.68	-0.5953567064593033
35	0.69	-0.5957265710027007
35	0.7	-0.596084899567837
35	0.71	-0.5964316676987161
35	0.72	-0.5967668516444673
35	0.73	-0.5970904283619151
35	0.74	-0.5974023755180767
35	0.75	-0.5977026714925813
35	0.76	-0.5979912953800062
35	0.77	-0.5982682269921408
35	0.78	-0.598533446860165
35	0.79	-0.598786936236754
35	0.8	-0.5990286770981007
35	0.81	-0.599258652145856
35	0.82	-0.5994768448089959
35	0.83	-0.5996832392455991
35	0.84	-0.5998778203445522
35	0.85	-0.6000605737271701
35	0.86	-0.600231485748735
35	0.87	-0.6003905434999561
35	0.88	-0.6005377348083476
35	0.89	-0.6006730482395246
35	0.9	-0.6007964730984164
35	0.91	-0.6009079994304027
35	0.92	-0.6010076180223609
35	0.93	-0.6010953204036378
35	0.94	-0.6011710988469362
35	0.95	-0.6012349463691193
35	0.96	-0.6012868567319346
35	0.97	-0.6013268244426546
35	0.98	-0.6013548447546344
35	0.99	-0.6013709136677898
35	1.0	-0.6013750279289906
36	0.0	-0.5983736809850455
36	0.01	-0.5994212995223027
36	0.02	-0.6004580954300246
36	0.03	-0.6014840038996099
36	0.04	-0.6024989607097142
36	0.05	-0.6035029022328734
36	0.06	-0.6044957654420613
36	0.07	-0.6054774879171968
36	0.08	-0.6064480078515867
36	0.09	-0.6074072640583107
36	0.1	-0.6083551959765444
36	0.11	-0.6092917436778233
36	0.12	-0.6102168478722393
36	0.13	-0.6111304499145762
36	0.14	-0.6120324918103807
36	0.15	-0.6129229162219666
36	0.16	-0.6138016664743529
36	0.17	-0.6146686865611329
36	0.18	-0.6155239211502801
36	0.19	-0.6163673155898769
36	0.2	-0.6171988159137801
36	0.21	-0.6180183688472127
36	0.22	-0.618825921812283
36	0.23	-0.6196214229334333
36	0.24	-0.6204048210428138
36	0.25	-0.6211760656855827
36	0.26	-0.6219351071251316
36	0.27	-0.6226818963482343
36	0.28	-0.6234163850701201
36	0.29	-0.6241385257394697
36	0.3	-0.6248482715433317
36	0.31	-0.6255455764119625
36	0.32	-0.6262303950235861
36	0.33	-0.6269026828090725
36	0.34	-0.627562395956537
36	0.35	-0.6282094914158567
36	0.36	-0.6288439269031071
36	0.37	-0.6294656609049121
36	0.38	-0.6300746526827155
36	0.39	-0.6306708622769638
36	0.4	-0.6312542505112081
36	0.41	-0.631824778996119
36	0.42	-0.6323824101334166
36	0.43	-0.6329271071197125
36	0.44	-0.6334588339502684
36	0.45	-0.6339775554226638
36	0.46	-0.6344832371403788
36	0.47	-0.6349758455162855
36	0.48	-0.6354553477760547
36	0.49	-0.6359217119614693
36	0.5	-0.636374906933651
36	0.51	-0.6368149023761954
36	0.52	-0.6372416687982169
36	0.53	-0.637655177537303
36	0.54	-0.638055400762377
36	0.55	-0.6384423114764705
36	0.56	-0.6388158835194001
36	0.57	-0.6391760915703559
36	0.58	-0.6395229111503978
36	0.59	-0.6398563186248533
36	0.6	-0.6401762912056282
36	0.61	-0.6404828069534205
36	0.62	-0.6407758447798422
36	0.63	-0.6410553844494463
36	0.64	-0.6413214065816599
36	0.65	-0.6415738926526229
36	0.66	-0.6418128249969313
36	0.67	-0.6420381868092889
36	0.68	-0.6422499621460599
36	0.69	-0.6424481359267301
36	0.7	-0.6426326939352702
36	0.71	-0.6428036228214066
36	0.72	-0.6429609101017951
36	0.73	-0.6431045441610987
36	0.74	-0.6432345142529731
36	0.75	-0.6433508105009523
36	0.76	-0.6434534238992441
36	0.77	-0.643542346313424
36	0.78	-0.64361757048104
36	0.79	-0.6436790900121165
36	0.8	-0.6437268993895667
36	0.81	-0.6437609939695086
36	0.82	-0.6437813699814827
36	0.83	-0.6437880245285816
36	0.84	-0.6437809555874768
36	0.85	-0.6437601620083563
36	0.86	-0.6437256435147644
36	0.87	-0.6436774007033479
36	0.88	-0.6436154350435079
36	0.89	-0.6435397488769585
36	0.9	-0.6434503454171878
36	0.91	-0.6433472287488313
36	0.92	-0.6432304038269447
36	0.93	-0.6430998764761886
36	0.94	-0.6429556533899189
36	0.95	-0.6427977421291816
36	0.96	-0.6426261511216212
36	0.97	-0.6424408896602896
36	0.98	-0.6422419679023698
36	0.99	-0.6420293968678031
36	1.0	-0.6418031884378287
37	0.0	-0.4888817516154501
37	0.01	-0.49170949611065984
37	0.02	-0.49453012921023615
37	0.03	-0.49734273946550667
37	0.04	-0.5001463918624376
37	0.05	-0.5029401279389427
37	0.06	-0.5057229659513365
37	0.07	-0.5084939010923669
37	0.08	-0.5112519057632577
37	0.09	-0.5139959299021406
37	0.1	-0.5167249013712096
37	0.11	-0.5194377264048585
37	0.12	-0.5221332901209794
37	0.13	-0.5248104570974949
37	0.14	-0.5274680720160804
37	0.15	-0.5301049603748866
37	0.16	-0.5327199292719245
37	0.17	-0.5353117682605825
37	0.18	-0.5378792502785583
37	0.19	-0.5404211326512655
37	0.2	-0.5429361581705275
37	0.21	-0.545423056249126
37	0.22	-0.5478805441514748
37	0.23	-0.5503073283003951
37	0.24	-0.552702105659656
37	0.25	-0.5550635651915917
37	0.26	-0.5573903893887573
37	0.27	-0.5596812558782226
37	0.28	-0.5619348390966997
37	0.29	-0.5641498120343127
37	0.3	-0.5663248480444092
37	0.31	-0.5684586227163905
37	0.32	-0.5705498158081156
37	0.33	-0.5725971132340074
37	0.34	-0.5745992091045689
37	0.35	-0.5765548078125824
37	0.36	-0.5784626261608583
37	0.37	-0.5803213955259893
37	0.38	-0.5821298640521682
37	0.39	-0.5838867988687623
37	0.4	-0.585590988324967
37	0.41	-0.5872412442345483
37	0.42	-0.5888364041233604
37	0.43	-0.5903753334720834
37	0.44	-0.591856927946356
37	0.45	-0.5932801156063189
37	0.46	-0.5946438590874026
37	0.47	-0.5959471577441028
37	0.48	-0.5971890497484192
37	0.49	-0.5983686141346173
37	0.5	-0.5994849727820297
37	0.51	-0.6005372923276843
37	0.52	-0.6015247860007144
37	0.53	-0.6024467153706918
37	0.54	-0.6033023920022941
37	0.55	-0.6040911790090088
37	0.56	-0.6048124924989545
37	0.57	-0.6054658029062997
37	0.58	-0.6060506362022265
37	0.59	-0.6065665749798864
37	0.6	-0.6070132594083454
37	0.61	-0.607390388051103
37	0.62	-0.607697718545382
37	0.63	-0.6079350681390456
37	0.64	-0.6081023140826599
37	0.65	-0.608199393874924
37	0.66	-0.6082263053603869
37	0.67	-0.608183106679091
37	0.68	-0.6080699160684965
37	0.69	-0.607886911518754
37	0.7	-0.6076343302831012
37	0.71	-0.607312468245844
37	0.72	-0.606921679151055
37	0.73	-0.6064623736957693
37	0.74	-0.605935018492071
37	0.75	-0.6053401349030357
37	0.76	-0.6046782977580544
37	0.77	-0.6039501339535409
37	0.78	-0.6031563209454963
37	0.79	-0.6022975851407991
37	0.8	-0.6013747001944458
37	0.81	-0.600388485220274
37	0.82	-0.5993398029229442
37	0.83	-0.5982295576591525
37	0.84	-0.5970586934361973
37	0.85	-0.595828191856094
37	0.86	-0.594539070013492
37	0.87	-0.5931923783556124
37	0.88	-0.591789198512376
37	0.89	-0.5903306411047758
37	0.9	-0.5888178435393985
37	0.91	-0.5872519677967952
37	0.92	-0.5856341982211863
37	0.93	-0.5839657393186974
37	0.94	-0.5822478135710405
37	0.95	-0.5804816592712219
37	0.96	-0.5786685283875057
37	0.97	-0.5768096844614997
37	0.98	-0.5749064005458308
37	0.99	-0.5729599571864947
37	1.0	-0.5709716404545363
38	0.0	-0.48392174778580377
38	0.01	-0.4870084891466961
38	0.02	-0.49008913397505943
38	0.03	-0.493162662649015
38	0.04	-0.4962280255599472
38	0.05	-0.4992841430813394
38	0.06	-0.5023299055958765
38	0.07	-0.5053641735844826
38	0.08	-0.5083857777809814
38	0.09	-0.511393519396083
38	0.1	-0.5143861704143654
38	0.11	-0.5173624739679166
38	0.12	-0.520321144790212
38	0.13	-0.5232608697537455
38	0.14	-0.5261803084948121
38	0.15	-0.5290780941287039
38	0.16	-0.5319528340584309
38	0.17	-0.5348031108798579
38	0.18	-0.537627483385952
38	0.19	-0.5404244876725511
38	0.2	-0.5431926383477845
38	0.21	-0.5459304298469443
38	0.22	-0.5486363378542471
38	0.23	-0.5513088208325289
38	0.24	-0.5539463216614765
38	0.25	-0.5565472693845499
38	0.26	-0.5591100810642367
38	0.27	-0.5616331637447581
38	0.28	-0.5641149165207796
38	0.29	-0.566553732710107
38	0.3	-0.5689480021277077
38	0.31	-0.5712961134578014
38	0.32	-0.5735964567200681
38	0.33	-0.5758474258253959
38	0.34	-0.57804742121588
38	0.35	-0.5801948525831201
38	0.36	-0.5822881416581871
38	0.37	-0.5843257250659265
38	0.38	-0.5863060572356398
38	0.39	-0.5882276133595071
38	0.4	-0.5900888923895137
38	0.41	-0.591888420063048
38	0.42	-0.5936247519467795
38	0.43	-0.5952964764879368
38	0.44	-0.5969022180616335
38	0.45	-0.5984406400024994
38	0.46	-0.5999104476085506
38	0.47	-0.6013103911049489
38	0.48	-0.6026392685551374
38	0.49	-0.6038959287067056
38	0.5	-0.6050792737593395
38	0.51	-0.60618826204225
38	0.52	-0.6072219105886455
38	0.53	-0.6081792975950479
38	0.54	-0.609059564753589
38	0.55	-0.6098619194458554
38	0.56	-0.6105856367873678
38	0.57	-0.6112300615123818
38	0.58	-0.6117946096893969
38	0.59	-0.6122787702585232
38	0.6	-0.6126821063827093
38	0.61	-0.6130042566057448
38	0.62	-0.6132449358109261
38	0.63	-0.6134039359753086
38	0.64	-0.6134811267155383
38	0.65	-0.6134764556223639
38	0.66	-0.6133899483820733
38	0.67	-0.6132217086842371
38	0.68	-0.6129719179163076
38	0.69	-0.6126408346467701
38	0.7	-0.6122287938996714
38	0.71	-0.6117362062244711
38	0.72	-0.6111635565662309
38	0.73	-0.6105114029421826
38	0.74	-0.6097803749317025
38	0.75	-0.6089711719876282
38	0.76	-0.6080845615777015
38	0.77	-0.6071213771657034
38	0.78	-0.6060825160425193
38	0.79	-0.6049689370180159
38	0.8	-0.6037816579850857
38	0.81	-0.6025217533676915
38	0.82	-0.6011903514650467
38	0.83	-0.5997886317043373
38	0.84	-0.5983178218145316
38	0.85	-0.5967791949339042
38	0.86	-0.5951740666638626
38	0.87	-0.5935037920815835
38	0.88	-0.5917697627237527
38	0.89	-0.5899734035534757
38	0.9	-0.5881161699220662
38	0.91	-0.586199544537052
38	0.92	-0.5842250344472727
38	0.93	-0.5821941680554437
38	0.94	-0.5801084921680223
38	0.95	-0.577969569091615
38	0.96	-0.5757789737845576
38	0.97	-0.5735382910716537
38	0.98	-0.5712491129294032
38	0.99	-0.5689130358483675
38	1.0	-0.5665316582786611
39	0.0	-0.5818449568298405
39	0.01	-0.5829303773006009
39	0.02	-0.5840057356343061
39	0.03	-0.5850709659498313
39	0.04	-0.5861260028697168
39	0.05	-0.5871707815276408
39	0.06	-0.5882052375758545
39	0.07	-0.5892293071925843
39	0.08	-0.590242927089389
39	0.09	-0.5912460345184815
39	0.1	-0.5922385672800051
39	0.11	-0.5932204637292692
39	0.12	-0.5941916627839372
39	0.13	-0.5951521039311718
39	0.14	-0.5961017272347295
39	0.15	-0.5970404733420077
39	0.16	-0.5979682834910434
39	0.17	-0.5988850995174559
39	0.18	-0.599790863861341
39	0.19	-0.6006855195741064
39	0.2	-0.6015690103252562
39	0.21	-0.6024412804091145
39	0.22	-0.6033022747514922
39	0.23	-0.6041519389162942
39	0.24	-0.6049902191120647
39	0.25	-0.6058170621984706
39	0.26	-0.6066324156927223
39	0.27	-0.6074362277759274
39	0.28	-0.6082284472993801
39	0.29	-0.6090090237907816
39	0.3	-0.6097779074603941
39	0.31	-0.6105350492071216
39	0.32	-0.6112804006245223
39	0.33	-0.6120139140067467
39	0.34	-0.6127355423544041
39	0.35	-0.6134452393803523
39	0.36	-0.6141429595154109
39	0.37	-0.6148286579140012
39	0.38	-0.6155022904597032
39	0.39	-0.6161638137707361
39	0.4	-0.6168131852053571
39	0.41	-0.6174503628671787
39	0.42	-0.618075305610404
39	0.43	-0.6186879730449762
39	0.44	-0.619288325541646
39	0.45	-0.6198763242369514
39	0.46	-0.620451931038109
39	0.47	-0.6210151086278226
39	0.48	-0.621565820468996
39	0.49	-0.6221040308093615
39	0.5	-0.6226297046860144
39	0.51	-0.6231428079298574
39	0.52	-0.623643307169951
39	0.53	-0.6241311698377714
39	0.54	-0.6246063641713726
39	0.55	-0.6250688592194544
39	0.56	-0.6255186248453353
39	0.57	-0.6259556317308241
39	0.58	-0.6263798513799983
39	0.59	-0.6267912561228818
39	0.6	-0.6271898191190244
39	0.61	-0.6275755143609779
39	0.62	-0.6279483166776775
39	0.63	-0.6283082017377152
39	0.64	-0.628655146052516
39	0.65	-0.6289891269794075
39	0.66	-0.6293101227245889
39	0.67	-0.6296181123459949
39	0.68	-0.6299130757560556
39	0.69	-0.630194993724348
39	0.7	-0.6304638478801479
39	0.71	-0.6307196207148684
39	0.72	-0.6309622955843978
39	0.73	-0.6311918567113255
39	0.74	-0.6314082891870643
39	0.75	-0.6316115789738603
39	0.76	-0.6318017129066991
39	0.77	-0.6319786786950977
39	0.78	-0.6321424649247915
39	0.79	-0.6322930610593105
39	0.8	-0.6324304574414431
39	0.81	-0.6325546452945936
39	0.82	-0.6326656167240257
39	0.83	-0.6327633647179983
39	0.84	-0.6328478831487878
39	0.85	-0.6329191667735999
39	0.86	-0.6329772112353713
39	0.87	-0.6330220130634586
39	0.88	-0.633053569674215
39	0.89	-0.6330718793714583
39	0.9	-0.6330769413468226
39	0.91	-0.6330687556800022
39	0.92	-0.6330473233388804
39	0.93	-0.6330126461795502
39	0.94	-0.6329647269462172
39	0.95	-0.632903569270998
39	0.96	-0.6328291776735989
39	0.97	-0.6327415575608919
39	0.98	-0.6326407152263681
39	0.99	-0.632526657849491
39	1.0	-0.6323993934949297
40	0.0	-0.5598846339104748
40	0.01	-0.5619559505413195
40	0.02	-0.5640102122237807
40	0.03	-0.5660469971531492
40	0.04	-0.5680658830373642
40	0.05	-0.5700664473011777
40	0.06	-0.5720482672949437
40	0.07	-0.5740109205078937
40	0.08	-0.5759539847857646
40	0.09	-0.5778770385526174
40	0.1	-0.5797796610366859
40	0.11	-0.5816614325000776
40	0.12	-0.5835219344721357
40	0.13	-0.5853607499862696
40	0.14	-0.5871774638200356
40	0.15	-0.5889716627382541
40	0.16	-0.5907429357389238
40	0.17	-0.5924908743017002
40	0.18	-0.59421507263867
40	0.19	-0.5959151279471768
40	0.2	-0.5975906406644079
40	0.21	-0.599241214723473
40	0.22	-0.6008664578106749
40	0.23	-0.6024659816236764
40	0.24	-0.6040394021302528
40	0.25	-0.6055863398273177
40	0.26	-0.6071064199998949
40	0.27	-0.6085992729797088
40	0.28	-0.6100645344030603
40	0.29	-0.6115018454676429
40	0.3	-0.6129108531879576
40	0.31	-0.6142912106489753
40	0.32	-0.6156425772576962
40	0.33	-0.6169646189922479
40	0.34	-0.6182570086481701
40	0.35	-0.6195194260815259
40	0.36	-0.6207515584484828
40	0.37	-0.6219531004410053
40	0.38	-0.6231237545183083
40	0.39	-0.6242632311337157
40	0.4	-0.6253712489565731
40	0.41	-0.6264475350888741
40	0.42	-0.6274918252762602
40	0.43	-0.6285038641130557
40	0.44	-0.6294834052410148
40	0.45	-0.6304302115414621
40	0.46	-0.6313440553205134
40	0.47	-0.6322247184870758
40	0.48	-0.6330719927233376
40	0.49	-0.6338856796474683
40	0.5	-0.6346655909682571
40	0.51	-0.6354115486314391
40	0.52	-0.6361233849574595
40	0.53	-0.6368009427704577
40	0.54	-0.637444075518247
40	0.55	-0.6380526473830966
40	0.56	-0.6386265333831325
40	0.57	-0.6391656194641872
40	0.58	-0.6396698025819557
40	0.59	-0.6401389907743114
40	0.6	-0.6405731032236824
40	0.61	-0.6409720703093804
40	0.62	-0.6413358336498016
40	0.63	-0.6416643461344487
40	0.64	-0.6419575719457186
40	0.65	-0.6422154865704409
40	0.66	-0.6424380768011613
40	0.67	-0.6426253407271734
40	0.68	-0.642777287715345
40	0.69	-0.6428939383807787
40	0.7	-0.6429753245473782
40	0.71	-0.6430214891984097
40	0.72	-0.6430324864171585
40	0.73	-0.6430083813178032
40	0.74	-0.64294924996665
40	0.75	-0.6428551792938794
40	0.76	-0.6427262669959722
40	0.77	-0.6425626214290152
40	0.78	-0.6423643614930736
40	0.79	-0.6421316165078528
40	0.8	-0.6418645260798871
40	0.81	-0.6415632399614817
40	0.82	-0.6412279179016824
40	0.83	-0.6408587294895257
40	0.84	-0.6404558539898546
40	0.85	-0.6400194801719897
40	0.86	-0.639549806131545
40	0.87	-0.6390470391057045
40	0.88	-0.6385113952822666
40	0.89	-0.6379430996027775
40	0.9	-0.6373423855600823
40	0.91	-0.6367094949906225
40	0.92	-0.6360446778618191
40	0.93	-0.635348192054875
40	0.94	-0.6346203031433449
40	0.95	-0.6338612841678082
40	0.96	-0.6330714154069987
40	0.97	-0.632250984145725
40	0.98	-0.6314002844399349
40	0.99	-0.630519616879259
40	1.0	-0.629609288347377
