arm	recovery_seed	parameter	conditional_noise_variance_fraction	conditional_mean_bulk_ess	recovered_bulk_ess	conditional_mean_mean_ess	recovered_mean_ess	conditional_mean_mcse	recovered_mcse	predicted_recovered_mcse	recovered_mean	conditional_mean	posterior_sd_from_total_variance
brms_gaussian_refreshed	101	population_intercept_at_mean_load	0.9996493877444629	2054.1936622127587	2074.895853499654	2057.3971133768755	2068.9960489229197	0.22214870218339167	12.199485106446364	12.03295175140927	5630.7986489789355	5618.558304766695	538.1325935619077
brms_gaussian_refreshed	101	population_load	0.849113120308425	2009.8905196003525	2022.5181464138946	1998.220752876048	2012.504989236191	0.13484804001635936	0.35589030809619215	0.3470202406685792	59.3337834945113	58.985621434495506	15.518174539826372
brms_gaussian_refreshed	101	log_tau_intercept	0.0	142.04985843099809	142.04985843099809	154.46947879571948	154.46947879571948	0.012683194210680714	0.012683194210680714	0.012683194210680714	7.79863149065233	7.79863149065233	0.1576340316427604
brms_gaussian_refreshed	101	log_tau_load	0.0	460.87480303894426	460.87480303894426	457.1053461665094	457.1053461665094	0.010151451755421296	0.010151451755421296	0.010151451755421296	4.111207671463991	4.111207671463991	0.21703826315576014
brms_gaussian_refreshed	101	log_sigma_intercept	0.0	1758.9648775588355	1758.9648775588355	1751.5252009440683	1751.5252009440683	0.00035260534565845333	0.00035260534565845333	0.00035260534565845333	6.051494169134143	6.051494169134143	0.01475696636062145
brms_gaussian_refreshed	101	log_sigma_subj_slope	0.0	2632.663336007037	2632.663336007037	2631.387054799441	2631.387054799441	5.5173891736945504e-5	5.5173891736945504e-5	5.5173891736945504e-5	0.07817435376450198	0.07817435376450198	0.002830257730444975
brms_gaussian_refreshed	101	deviation_intercept[701]	0.9907187467837171	1970.9664345366855	2067.607025841238	1978.8914200911156	2061.038197929699	1.1684424183977116	12.252047276506321	12.064837756705954	-4869.675201305946	-4858.303230777506	539.5292406722111
brms_gaussian_refreshed	101	deviation_intercept[702]	0.9953257606335766	2313.814788988912	2083.855049225283	2299.5792441009235	2077.8734444112697	0.7674301185999389	12.209338263599223	12.032622382401136	-3928.358599785424	-3916.986629256984	538.2791466211944
brms_gaussian_refreshed	101	deviation_intercept[703]	0.9946332235891943	1798.8070080278599	2073.2636152475666	1791.528410133159	2061.932014058005	0.931973573289197	12.220960123269833	12.044236262704079	-3648.2873721723854	-3636.915401643945	538.4665088438024
brms_gaussian_refreshed	101	deviation_intercept[704]	0.9938323545511886	2124.414351318426	2065.978912323357	2141.4522763586738	2060.764221179317	0.9141955683883528	12.240214154922517	12.042873658217434	-667.0781643977131	-655.706193869273	538.6834238547675
brms_gaussian_refreshed	101	deviation_intercept[705]	0.9920872488216005	2217.027782441642	2060.918796702574	2206.7568747368573	2056.101220084898	1.0209436072496418	12.224232414152995	12.051447143796068	-1362.4327790945904	-1351.0608085661502	539.1569943480799
brms_gaussian_refreshed	101	deviation_intercept[706]	0.9918431263768169	1900.3401325495445	2076.704354373612	1855.612086570298	2067.3473552542555	1.1305426581907432	12.211569475020722	12.061226269020718	29.657577866892606	41.02954839533269	539.2233416474402
brms_gaussian_refreshed	101	deviation_intercept[707]	0.9915269502386549	1998.6423487451805	2053.2162757620163	1990.1375215035969	2045.088703976882	1.112797779737914	12.30410374123501	12.059575917465592	-101.26868768017049	-89.89671715173041	539.3093080271498
brms_gaussian_refreshed	101	deviation_intercept[708]	0.9903998239541729	2422.7707527451516	2067.676348336245	2408.348831578945	2057.679400825009	1.07736981348178	12.269006702012486	12.05635841062832	-463.70084503917525	-452.3288745107353	539.6161017246993
brms_gaussian_refreshed	101	deviation_intercept[709]	0.9875343461306005	2232.337871588733	2087.6867839248084	2232.6426772481323	2077.8099751117948	1.276915014758233	12.257606515210528	12.075825618376637	-1155.0967520042118	-1143.7247814757716	540.3984228301924
brms_gaussian_refreshed	101	deviation_intercept[710]	0.9859194379870688	2133.9617432813357	2061.992941098493	2138.2884867777425	2058.6455792392476	1.3878620769835546	12.25548534499145	12.088060785554298	171.0146650541791	182.3866355826192	540.8408204088388
brms_gaussian_refreshed	101	deviation_intercept[711]	0.9833410921820753	1485.8952509089224	2047.248525499763	1482.2480058876129	2037.6845201765957	1.8155194610367216	12.347312943607912	12.144593995845621	-1747.6233706893745	-1736.251400160934	541.5494055482187
brms_gaussian_refreshed	101	deviation_intercept[712]	0.9804920890375113	1968.9770233943516	2075.9111235901128	1957.1919462538729	2072.679145521544	1.7122091075972727	12.33593513569779	12.12958006027684	1079.1395975112682	1090.5115680397087	542.3356213796777
brms_gaussian_refreshed	101	deviation_intercept[713]	0.9813936529168297	1790.5612063895078	2077.985751044546	1774.96590040905	2069.250023978197	1.7551090555396316	12.29756017961707	12.135710123736628	3872.0441501433334	3883.416120671773	542.0864540087615
brms_gaussian_refreshed	101	deviation_intercept[714]	0.9787387804150083	2136.191736648569	2046.679444316112	2193.9957862644364	2044.8676790387603	1.689790915583242	12.34658163594069	12.126435822157891	135.37610403070818	146.74807455914828	542.8211729230935
brms_gaussian_refreshed	101	deviation_intercept[715]	0.9736728526545166	1401.21088631178	2037.528402895604	1403.7234304455435	2037.7674489662647	2.3569196338595457	12.386110010815036	12.237243258634646	901.7536180329441	913.1255885613843	544.2314645103471
brms_gaussian_refreshed	101	deviation_intercept[716]	0.9531975605264087	1481.1771310073652	2080.0675960949047	1529.6102848458077	2077.653977013038	3.0425839077985084	12.42825875272233	12.387589323452763	744.9249835533747	756.2969540818148	550.0456270742148
brms_gaussian_refreshed	101	deviation_intercept[717]	0.967232806402561	1848.8860629471524	2062.9413643340417	1852.5836466959981	2055.1753565907434	2.2964414584359942	12.401377328219434	12.225739068970435	1472.4070766206648	1483.7790471491055	546.0402643492242
brms_gaussian_refreshed	101	deviation_intercept[718]	0.9608553645673655	1195.5298130137353	2058.46994841357	1187.6099245048874	2049.02429171971	3.145287761503461	12.412435772948328	12.413214229730748	1296.6606435068286	1308.0326140352686	547.849371607257
brms_gaussian_refreshed	101	deviation_intercept[719]	0.9569585022730974	1125.5997567945508	2098.9097672395105	1056.6876495250413	2106.171343016693	3.50359579657986	12.223187558579482	12.508806334592384	4678.42591449477	4689.79788502321	548.9636960922808
brms_gaussian_refreshed	101	deviation_intercept[720]	0.9558132633662358	1792.909721038519	2074.691404041189	1792.3789167877048	2068.008233223811	2.7273112370648978	12.4275048788445	12.313946523935652	3284.1006308692276	3295.472601397668	549.2924770358525
brms_gaussian_refreshed	101	deviation_load[701]	0.4109336313026997	1476.9056353924557	1630.3974535523685	1457.1961414029722	1625.5029790086483	0.44849816762001243	0.5615570655781645	0.5508081879347235	-23.172208724822674	-22.824046664806875	22.30681497886547
brms_gaussian_refreshed	101	deviation_load[702]	0.581574626130043	2271.49077818168	2454.350451547336	2283.113721675547	2447.472532157776	0.2538434240672409	0.3833476079111956	0.4082591548019543	-36.78241566853687	-36.43425360852108	18.75083805433159
brms_gaussian_refreshed	101	deviation_load[703]	0.5550775224056876	1221.1983429384986	1766.7247756439092	1214.835416460256	1747.2292976346391	0.3673077050496042	0.4666825544515768	0.4869846031716321	-38.42981643553582	-38.08165437552002	19.19316458466879
brms_gaussian_refreshed	101	deviation_load[704]	0.5095460221089348	2270.5886567428065	2500.002376178336	2287.385690574781	2494.947080464345	0.29333313984719483	0.4058923472358563	0.4339163334907306	10.454534979918153	10.802697039933953	20.032340811926904
brms_gaussian_refreshed	101	deviation_load[705]	0.46936731148166183	2270.223906030425	2436.1868218754876	2244.581829113424	2459.039267059013	0.32091961800366176	0.4280532664954883	0.45302147273285087	-21.810309753123352	-21.46214769310755	20.87214041835844
brms_gaussian_refreshed	101	deviation_load[706]	0.4483758985446561	1363.9867946095758	1727.0914107941317	1355.0319021294065	1731.1675970912295	0.4308728551010515	0.5084400559281106	0.536554257089026	-6.751826907251885	-6.403664847236081	21.355132875766923
brms_gaussian_refreshed	101	deviation_load[707]	0.4199005873629926	2278.4564624760733	2450.1934418568344	2256.6055858866202	2492.5307296927226	0.35381280810766463	0.44628632656272493	0.4768884111807039	-1.327997540074974	-0.9798354800591725	22.06734917505998
brms_gaussian_refreshed	101	deviation_load[708]	0.409460726220445	2647.618557143499	2407.043887373712	2651.8741706994047	2387.7980693773256	0.3334764871885828	0.45997594386857804	0.4620017543744418	-25.68727504426054	-25.33911298424474	22.34689980870932
brms_gaussian_refreshed	101	deviation_load[709]	0.36352522554374034	2678.8685666647198	2431.7212519733057	2695.197528533576	2438.865559042025	0.36446130829670587	0.48250641100324243	0.4848413129909326	-44.50812709250601	-44.15996503249022	23.716802211305122
brms_gaussian_refreshed	101	deviation_load[710]	0.31184827719955	1434.5977220897737	1954.9454400016243	1413.3682357355342	1995.2289150428485	0.565023057456092	0.579550530176717	0.649222695994568	-74.8488464055739	-74.50068434555808	25.60658915363113
brms_gaussian_refreshed	101	deviation_load[711]	0.29651131201233377	1470.6359492719182	2001.5484879499254	1471.7892220456617	1977.1024070282324	0.5741277317931828	0.5896547542584427	0.6571618567380565	12.781970274776633	13.130132334792433	26.26048693836153
brms_gaussian_refreshed	101	deviation_load[712]	0.2512508544842149	2006.9395057163733	2189.716603618543	1991.7381219776748	2178.0255847011067	0.5531229599699378	0.6100592619286113	0.6388928410800441	115.80620359709917	116.15436565711495	28.52788888827978
brms_gaussian_refreshed	101	deviation_load[713]	0.261681960237854	1794.4197284470758	1594.9443243377002	1764.9351718611242	1597.6001623604227	0.5717338119722769	0.7062128391603614	0.6550714505225944	-12.701983481791205	-12.353821421775404	27.953520796578943
brms_gaussian_refreshed	101	deviation_load[714]	0.2504182168800867	1840.6671691691306	2310.562008617637	1897.6516522541247	2314.401204134724	0.5679259509719793	0.5934766919432654	0.6517506726692747	-4.317312471341907	-3.969150411326105	28.575276976036797
brms_gaussian_refreshed	101	deviation_load[715]	0.21130631453851093	1342.2096283009346	1511.973826335096	1337.636768115858	1530.2247471766927	0.7553569913600913	0.797394309240466	0.820245839937024	-42.005618877717524	-41.657456817701735	31.10764759176972
brms_gaussian_refreshed	101	deviation_load[716]	0.1318718888082438	1651.5087070112586	1620.1091344623837	1679.5952207122552	1636.1191629829127	0.8952346627566549	0.9811495688735437	0.9506230351398216	-31.463412552150572	-31.11525049213478	39.37742334195131
brms_gaussian_refreshed	101	deviation_load[717]	0.17297078342640362	1715.3771144440852	1879.198014831129	1719.1542243376994	1883.2799155836992	0.7541192701685722	0.8069928944949399	0.8191061757653918	91.90627812996614	92.25444018998195	34.38246676150146
brms_gaussian_refreshed	101	deviation_load[718]	0.14451900000309198	1100.4855649574276	1219.6466744602942	1084.8371006947054	1180.1941495507713	1.0562916669473172	1.0970272617052932	1.103626358510781	111.63347734655268	111.98163940656849	37.61498856544893
brms_gaussian_refreshed	101	deviation_load[719]	0.1445634226385781	1253.5567060211695	1520.5172805536822	1246.137094570558	1527.0327136951066	0.9853832896044699	0.9691939441322317	1.0359629727790234	-31.30095040700205	-30.952788346986242	37.60920880013408
brms_gaussian_refreshed	101	deviation_load[720]	0.1398044082116211	1717.5459910069906	1264.4633100283208	1701.895284281098	1263.414374348854	0.859795492814729	1.075504458252233	0.9173261922576657	45.47936313279356	45.82752519280936	38.243970568279
brms_gaussian_refreshed	101	population_intercept_at_load0	0.99883742072534	2015.2988760677579	2075.4548123728937	2015.8423762729228	2066.162615421283	0.4080616470540849	12.198414055584555	12.015055835006468	5482.810392749583	5471.438422221143	537.3320867200886
brms_gaussian_refreshed	101	log_sigma_intercept_at_subject0	0.0	2630.70784012805	2630.70784012805	2633.0053361242813	2633.0053361242813	0.03919624757522234	0.03919624757522234	0.03919624757522234	-49.513103177393816	-49.513103177393816	2.011269935306212
brms_gaussian_refreshed	102	population_intercept_at_mean_load	0.9996493877444629	2054.1936622127587	2044.988484076128	2057.3971133768755	2037.4812315847594	0.22214870218339167	11.97883261338276	12.03295175140927	5635.688763318535	5618.558304766695	538.1325935619077
brms_gaussian_refreshed	102	population_load	0.849113120308425	2009.8905196003525	1890.6919592649301	1998.220752876048	1880.803301248216	0.13484804001635936	0.3539928404116448	0.3470202406685792	58.26786835383262	58.985621434495506	15.518174539826372
brms_gaussian_refreshed	102	log_tau_intercept	0.0	142.04985843099809	142.04985843099809	154.46947879571948	154.46947879571948	0.012683194210680714	0.012683194210680714	0.012683194210680714	7.79863149065233	7.79863149065233	0.1576340316427604
brms_gaussian_refreshed	102	log_tau_load	0.0	460.87480303894426	460.87480303894426	457.1053461665094	457.1053461665094	0.010151451755421296	0.010151451755421296	0.010151451755421296	4.111207671463991	4.111207671463991	0.21703826315576014
brms_gaussian_refreshed	102	log_sigma_intercept	0.0	1758.9648775588355	1758.9648775588355	1751.5252009440683	1751.5252009440683	0.00035260534565845333	0.00035260534565845333	0.00035260534565845333	6.051494169134143	6.051494169134143	0.01475696636062145
brms_gaussian_refreshed	102	log_sigma_subj_slope	0.0	2632.663336007037	2632.663336007037	2631.387054799441	2631.387054799441	5.5173891736945504e-5	5.5173891736945504e-5	5.5173891736945504e-5	0.07817435376450198	0.07817435376450198	0.002830257730444975
brms_gaussian_refreshed	102	deviation_intercept[701]	0.9907187467837171	1970.9664345366855	2048.2486485580334	1978.8914200911156	2041.6258255351413	1.1684424183977116	11.98787591749707	12.064837756705954	-4877.223884064195	-4858.303230777506	539.5292406722111
brms_gaussian_refreshed	102	deviation_intercept[702]	0.9953257606335766	2313.814788988912	2063.5753980719364	2299.5792441009235	2059.1669193778835	0.7674301185999389	11.905632439671367	12.032622382401136	-3935.907282543674	-3916.986629256984	538.2791466211944
brms_gaussian_refreshed	102	deviation_intercept[703]	0.9946332235891943	1798.8070080278599	2061.9178046547468	1791.528410133159	2054.9139557463322	0.931973573289197	11.938335059758744	12.044236262704079	-3655.836054930635	-3636.915401643945	538.4665088438024
brms_gaussian_refreshed	102	deviation_intercept[704]	0.9938323545511886	2124.414351318426	2038.309745007659	2141.4522763586738	2035.8000129421048	0.9141955683883528	11.980264846125298	12.042873658217434	-674.6268471559627	-655.706193869273	538.6834238547675
brms_gaussian_refreshed	102	deviation_intercept[705]	0.9920872488216005	2217.027782441642	2052.6828662209728	2206.7568747368573	2045.9363941916395	1.0209436072496418	11.96416332375422	12.051447143796068	-1369.9814618528396	-1351.0608085661502	539.1569943480799
brms_gaussian_refreshed	102	deviation_intercept[706]	0.9918431263768169	1900.3401325495445	2052.7196309229635	1855.612086570298	2047.0511839834237	1.1305426581907432	11.945421603186121	12.061226269020718	22.1088951086432	41.02954839533269	539.2233416474402
brms_gaussian_refreshed	102	deviation_intercept[707]	0.9915269502386549	1998.6423487451805	2043.1192155138644	1990.1375215035969	2038.1012524878952	1.112797779737914	11.983070852768403	12.059575917465592	-108.81737043841989	-89.89671715173041	539.3093080271498
brms_gaussian_refreshed	102	deviation_intercept[708]	0.9903998239541729	2422.7707527451516	2061.9536334928694	2408.348831578945	2055.523114320064	1.07736981348178	11.957655177492985	12.05635841062832	-471.24952779742483	-452.3288745107353	539.6161017246993
brms_gaussian_refreshed	102	deviation_intercept[709]	0.9875343461306005	2232.337871588733	2036.38143824162	2232.6426772481323	2029.9979969322922	1.276915014758233	12.021788141100497	12.075825618376637	-1162.6454347624613	-1143.7247814757716	540.3984228301924
brms_gaussian_refreshed	102	deviation_intercept[710]	0.9859194379870688	2133.9617432813357	2054.709708526849	2138.2884867777425	2046.0373306720192	1.3878620769835546	12.016614425378448	12.088060785554298	163.46598229592973	182.3866355826192	540.8408204088388
brms_gaussian_refreshed	102	deviation_intercept[711]	0.9833410921820753	1485.8952509089224	2058.195733242227	1482.2480058876129	2055.822134165803	1.8155194610367216	11.977085780380992	12.144593995845621	-1755.1720534476237	-1736.251400160934	541.5494055482187
brms_gaussian_refreshed	102	deviation_intercept[712]	0.9804920890375113	1968.9770233943516	2046.5668842545447	1957.1919462538729	2041.8722181066325	1.7122091075972727	12.079235854471717	12.12958006027684	1071.590914753019	1090.5115680397087	542.3356213796777
brms_gaussian_refreshed	102	deviation_intercept[713]	0.9813936529168297	1790.5612063895078	2083.57875382375	1774.96590040905	2075.282514541831	1.7551090555396316	12.019630483965175	12.135710123736628	3864.4954673850834	3883.416120671773	542.0864540087615
brms_gaussian_refreshed	102	deviation_intercept[714]	0.9787387804150083	2136.191736648569	2042.6456335044154	2193.9957862644364	2037.4461981230531	1.689790915583242	12.071852776208473	12.126435822157891	127.82742127245876	146.74807455914828	542.8211729230935
brms_gaussian_refreshed	102	deviation_intercept[715]	0.9736728526545166	1401.21088631178	2014.8902839653883	1403.7234304455435	2013.4450326522506	2.3569196338595457	12.166190981088326	12.237243258634646	894.2049352746949	913.1255885613843	544.2314645103471
brms_gaussian_refreshed	102	deviation_intercept[716]	0.9531975605264087	1481.1771310073652	2041.1056643308907	1529.6102848458077	2037.240764656584	3.0425839077985084	12.266358990777507	12.387589323452763	737.3763007951252	756.2969540818148	550.0456270742148
brms_gaussian_refreshed	102	deviation_intercept[717]	0.967232806402561	1848.8860629471524	2021.6733977387134	1852.5836466959981	2021.864771621774	2.2964414584359942	12.195498619057071	12.225739068970435	1464.858393862416	1483.7790471491055	546.0402643492242
brms_gaussian_refreshed	102	deviation_intercept[718]	0.9608553645673655	1195.5298130137353	2027.2119060327952	1187.6099245048874	2023.0598356864555	3.145287761503461	12.256533094086148	12.413214229730748	1289.1119607485793	1308.0326140352686	547.849371607257
brms_gaussian_refreshed	102	deviation_intercept[719]	0.9569585022730974	1125.5997567945508	2062.8964332898527	1056.6876495250413	2061.5202710174185	3.50359579657986	12.017374035192342	12.508806334592384	4670.87723173652	4689.79788502321	548.9636960922808
brms_gaussian_refreshed	102	deviation_intercept[720]	0.9558132633662358	1792.909721038519	2065.8210326352946	1792.3789167877048	2062.272550563863	2.7273112370648978	12.11395982979408	12.313946523935652	3276.551948110978	3295.472601397668	549.2924770358525
brms_gaussian_refreshed	102	deviation_load[701]	0.4109336313026997	1476.9056353924557	1429.1262814220593	1457.1961414029722	1427.0891257821222	0.44849816762001243	0.5769215019192288	0.5508081879347235	-22.106293584143984	-22.824046664806875	22.30681497886547
brms_gaussian_refreshed	102	deviation_load[702]	0.581574626130043	2271.49077818168	2151.467260912594	2283.113721675547	2107.88452118311	0.2538434240672409	0.40620565699192274	0.4082591548019543	-35.71650052785818	-36.43425360852108	18.75083805433159
brms_gaussian_refreshed	102	deviation_load[703]	0.5550775224056876	1221.1983429384986	1523.7129050264546	1214.835416460256	1544.4925604576893	0.3673077050496042	0.48276677296066733	0.4869846031716321	-37.36390129485713	-38.08165437552002	19.19316458466879
brms_gaussian_refreshed	102	deviation_load[704]	0.5095460221089348	2270.5886567428065	1952.9511949762152	2287.385690574781	1949.5205492091775	0.29333313984719483	0.45541016207324364	0.4339163334907306	11.520450120596845	10.802697039933953	20.032340811926904
brms_gaussian_refreshed	102	deviation_load[705]	0.46936731148166183	2270.223906030425	2205.830476582494	2244.581829113424	2214.895783513306	0.32091961800366176	0.4447799042650053	0.45302147273285087	-20.74439461244466	-21.46214769310755	20.87214041835844
brms_gaussian_refreshed	102	deviation_load[706]	0.4483758985446561	1363.9867946095758	1901.6304869268452	1355.0319021294065	1899.9631088524397	0.4308728551010515	0.4900651021775135	0.536554257089026	-5.68591176657319	-6.403664847236081	21.355132875766923
brms_gaussian_refreshed	102	deviation_load[707]	0.4199005873629926	2278.4564624760733	2054.5068712773736	2256.6055858866202	2057.1638797469877	0.35381280810766463	0.48698926468495907	0.4768884111807039	-0.262082399396281	-0.9798354800591725	22.06734917505998
brms_gaussian_refreshed	102	deviation_load[708]	0.409460726220445	2647.618557143499	2255.215575781126	2651.8741706994047	2224.4398666516695	0.3334764871885828	0.4792259277184068	0.4620017543744418	-24.62135990358185	-25.33911298424474	22.34689980870932
brms_gaussian_refreshed	102	deviation_load[709]	0.36352522554374034	2678.8685666647198	2465.830977611024	2695.197528533576	2462.1644929878094	0.36446130829670587	0.4750156502787846	0.4848413129909326	-43.44221195182733	-44.15996503249022	23.716802211305122
brms_gaussian_refreshed	102	deviation_load[710]	0.31184827719955	1434.5977220897737	1852.2836783269474	1413.3682357355342	1847.7615704563482	0.565023057456092	0.5940702340968906	0.649222695994568	-73.78293126489518	-74.50068434555808	25.60658915363113
brms_gaussian_refreshed	102	deviation_load[711]	0.29651131201233377	1470.6359492719182	1572.555941973852	1471.7892220456617	1563.4807691356746	0.5741277317931828	0.6706117881786832	0.6571618567380565	13.847885415455323	13.130132334792433	26.26048693836153
brms_gaussian_refreshed	102	deviation_load[712]	0.2512508544842149	2006.9395057163733	1882.7865003920397	1991.7381219776748	1891.4653602719748	0.5531229599699378	0.6492804182101334	0.6388928410800441	116.87211873777787	116.15436565711495	28.52788888827978
brms_gaussian_refreshed	102	deviation_load[713]	0.261681960237854	1794.4197284470758	1841.7997743611877	1764.9351718611242	1865.3561854609557	0.5717338119722769	0.6462583564998199	0.6550714505225944	-11.636068341112514	-12.353821421775404	27.953520796578943
brms_gaussian_refreshed	102	deviation_load[714]	0.2504182168800867	1840.6671691691306	2010.8770898096027	1897.6516522541247	2000.0438079879887	0.5679259509719793	0.6267247796720244	0.6517506726692747	-3.251397330663213	-3.969150411326105	28.575276976036797
brms_gaussian_refreshed	102	deviation_load[715]	0.21130631453851093	1342.2096283009346	1351.6187768867553	1337.636768115858	1390.5432284220742	0.7553569913600913	0.8371689298630235	0.820245839937024	-40.93970373703883	-41.657456817701735	31.10764759176972
brms_gaussian_refreshed	102	deviation_load[716]	0.1318718888082438	1651.5087070112586	1545.600461462149	1679.5952207122552	1620.9840541024162	0.8952346627566549	0.9648394832292371	0.9506230351398216	-30.397497411471885	-31.11525049213478	39.37742334195131
brms_gaussian_refreshed	102	deviation_load[717]	0.17297078342640362	1715.3771144440852	1733.8578792111612	1719.1542243376994	1730.275202648609	0.7541192701685722	0.8157420456134057	0.8191061757653918	92.97219327064484	92.25444018998195	34.38246676150146
brms_gaussian_refreshed	102	deviation_load[718]	0.14451900000309198	1100.4855649574276	1077.6252113902635	1084.8371006947054	1072.6840251410251	1.0562916669473172	1.149477310442038	1.103626358510781	112.69939248723139	111.98163940656849	37.61498856544893
brms_gaussian_refreshed	102	deviation_load[719]	0.1445634226385781	1253.5567060211695	1469.70462953294	1246.137094570558	1459.195795096365	0.9853832896044699	0.973383959146833	1.0359629727790234	-30.235035266323358	-30.952788346986242	37.60920880013408
brms_gaussian_refreshed	102	deviation_load[720]	0.1398044082116211	1717.5459910069906	1295.5842486593328	1701.895284281098	1315.3474330106078	0.859795492814729	1.062125838110369	0.9173261922576657	46.54527827347225	45.82752519280936	38.243970568279
brms_gaussian_refreshed	102	population_intercept_at_load0	0.99883742072534	2015.2988760677579	2047.6402276638926	2015.8423762729228	2042.8713965361203	0.4080616470540849	11.940452785375033	12.015055835006468	5490.359075507832	5471.438422221143	537.3320867200886
brms_gaussian_refreshed	102	log_sigma_intercept_at_subject0	0.0	2630.70784012805	2630.70784012805	2633.0053361242813	2633.0053361242813	0.03919624757522234	0.03919624757522234	0.03919624757522234	-49.513103177393816	-49.513103177393816	2.011269935306212
brms_gaussian_refreshed	103	population_intercept_at_mean_load	0.9996493877444629	2054.1936622127587	2019.3805171516387	2057.3971133768755	2015.4982311188246	0.22214870218339167	11.914121109903308	12.03295175140927	5625.043818764204	5618.558304766695	538.1325935619077
brms_gaussian_refreshed	103	population_load	0.849113120308425	2009.8905196003525	2037.8624300857061	1998.220752876048	2033.5571457435751	0.13484804001635936	0.34136489529533526	0.3470202406685792	58.553659622872885	58.985621434495506	15.518174539826372
brms_gaussian_refreshed	103	log_tau_intercept	0.0	142.04985843099809	142.04985843099809	154.46947879571948	154.46947879571948	0.012683194210680714	0.012683194210680714	0.012683194210680714	7.79863149065233	7.79863149065233	0.1576340316427604
brms_gaussian_refreshed	103	log_tau_load	0.0	460.87480303894426	460.87480303894426	457.1053461665094	457.1053461665094	0.010151451755421296	0.010151451755421296	0.010151451755421296	4.111207671463991	4.111207671463991	0.21703826315576014
brms_gaussian_refreshed	103	log_sigma_intercept	0.0	1758.9648775588355	1758.9648775588355	1751.5252009440683	1751.5252009440683	0.00035260534565845333	0.00035260534565845333	0.00035260534565845333	6.051494169134143	6.051494169134143	0.01475696636062145
brms_gaussian_refreshed	103	log_sigma_subj_slope	0.0	2632.663336007037	2632.663336007037	2631.387054799441	2631.387054799441	5.5173891736945504e-5	5.5173891736945504e-5	5.5173891736945504e-5	0.07817435376450198	0.07817435376450198	0.002830257730444975
brms_gaussian_refreshed	103	deviation_intercept[701]	0.9907187467837171	1970.9664345366855	2013.8437366658	1978.8914200911156	2008.2803672799296	1.1684424183977116	11.948432112973697	12.064837756705954	-4865.8661288805715	-4858.303230777506	539.5292406722111
brms_gaussian_refreshed	103	deviation_intercept[702]	0.9953257606335766	2313.814788988912	2032.3896607871047	2299.5792441009235	2026.5532324489204	0.7674301185999389	11.868876420585874	12.032622382401136	-3924.5495273600513	-3916.986629256984	538.2791466211944
brms_gaussian_refreshed	103	deviation_intercept[703]	0.9946332235891943	1798.8070080278599	2032.0141123415106	1791.528410133159	2027.1908776933917	0.931973573289197	11.890570611400685	12.044236262704079	-3644.4782997470124	-3636.915401643945	538.4665088438024
brms_gaussian_refreshed	103	deviation_intercept[704]	0.9938323545511886	2124.414351318426	2042.2546661928652	2141.4522763586738	2035.6932662839938	0.9141955683883528	11.910238598401197	12.042873658217434	-663.2690919723406	-655.706193869273	538.6834238547675
brms_gaussian_refreshed	103	deviation_intercept[705]	0.9920872488216005	2217.027782441642	2043.6807981946315	2206.7568747368573	2039.647804218974	1.0209436072496418	11.863459298960013	12.051447143796068	-1358.6237066692179	-1351.0608085661502	539.1569943480799
brms_gaussian_refreshed	103	deviation_intercept[706]	0.9918431263768169	1900.3401325495445	2024.7480539949336	1855.612086570298	2019.196132037941	1.1305426581907432	11.952842720932027	12.061226269020718	33.46665029226498	41.02954839533269	539.2233416474402
brms_gaussian_refreshed	103	deviation_intercept[707]	0.9915269502386549	1998.6423487451805	2044.8541443986358	1990.1375215035969	2038.04423415317	1.112797779737914	11.888180944470314	12.059575917465592	-97.4596152547981	-89.89671715173041	539.3093080271498
brms_gaussian_refreshed	103	deviation_intercept[708]	0.9903998239541729	2422.7707527451516	2035.2962648933183	2408.348831578945	2030.4151493273368	1.07736981348178	11.906626648346856	12.05635841062832	-459.891772613803	-452.3288745107353	539.6161017246993
brms_gaussian_refreshed	103	deviation_intercept[709]	0.9875343461306005	2232.337871588733	2060.839309173553	2232.6426772481323	2057.5207143723806	1.276915014758233	11.835625356301833	12.075825618376637	-1151.2876795788393	-1143.7247814757716	540.3984228301924
brms_gaussian_refreshed	103	deviation_intercept[710]	0.9859194379870688	2133.9617432813357	2045.5037829484857	2138.2884867777425	2036.9724294190203	1.3878620769835546	11.935880380843498	12.088060785554298	174.82373747955143	182.3866355826192	540.8408204088388
brms_gaussian_refreshed	103	deviation_intercept[711]	0.9833410921820753	1485.8952509089224	2050.4614797167674	1482.2480058876129	2045.1474471755162	1.8155194610367216	11.91764067511584	12.144593995845621	-1743.8142982640024	-1736.251400160934	541.5494055482187
brms_gaussian_refreshed	103	deviation_intercept[712]	0.9804920890375113	1968.9770233943516	2066.8011439101942	1957.1919462538729	2068.449508965617	1.7122091075972727	11.855927904027157	12.12958006027684	1082.9486699366407	1090.5115680397087	542.3356213796777
brms_gaussian_refreshed	103	deviation_intercept[713]	0.9813936529168297	1790.5612063895078	2006.315350653073	1774.96590040905	2001.703722428367	1.7551090555396316	12.030874741429729	12.135710123736628	3875.853222568706	3883.416120671773	542.0864540087615
brms_gaussian_refreshed	103	deviation_intercept[714]	0.9787387804150083	2136.191736648569	2028.2442371501027	2193.9957862644364	2025.5721231163322	1.689790915583242	12.016019453572081	12.126435822157891	139.18517645608054	146.74807455914828	542.8211729230935
brms_gaussian_refreshed	103	deviation_intercept[715]	0.9736728526545166	1401.21088631178	2041.3707571681607	1403.7234304455435	2034.042107815563	2.3569196338595457	12.025843455670936	12.237243258634646	905.5626904583166	913.1255885613843	544.2314645103471
brms_gaussian_refreshed	103	deviation_intercept[716]	0.9531975605264087	1481.1771310073652	2035.713461367063	1529.6102848458077	2030.2864303140327	3.0425839077985084	12.056429902233816	12.387589323452763	748.734055978747	756.2969540818148	550.0456270742148
brms_gaussian_refreshed	103	deviation_intercept[717]	0.967232806402561	1848.8860629471524	2025.7062148578996	1852.5836466959981	2019.671735504539	2.2964414584359942	11.973566858105748	12.225739068970435	1476.2161490460383	1483.7790471491055	546.0402643492242
brms_gaussian_refreshed	103	deviation_intercept[718]	0.9608553645673655	1195.5298130137353	2010.3358748924584	1187.6099245048874	2005.5444349782988	3.145287761503461	12.073331975723942	12.413214229730748	1300.4697159322009	1308.0326140352686	547.849371607257
brms_gaussian_refreshed	103	deviation_intercept[719]	0.9569585022730974	1125.5997567945508	2040.5356794148556	1056.6876495250413	2036.4387213340033	3.50359579657986	12.03885323367193	12.508806334592384	4682.234986920142	4689.79788502321	548.9636960922808
brms_gaussian_refreshed	103	deviation_intercept[720]	0.9558132633662358	1792.909721038519	2062.9399827624693	1792.3789167877048	2053.1359675748854	2.7273112370648978	11.95285246820431	12.313946523935652	3287.9097032946	3295.472601397668	549.2924770358525
brms_gaussian_refreshed	103	deviation_load[701]	0.4109336313026997	1476.9056353924557	1647.777889651175	1457.1961414029722	1646.1729595328723	0.44849816762001243	0.5469738010706622	0.5508081879347235	-22.392084853184276	-22.824046664806875	22.30681497886547
brms_gaussian_refreshed	103	deviation_load[702]	0.581574626130043	2271.49077818168	2555.8124873714974	2283.113721675547	2558.6408585008726	0.2538434240672409	0.3696251221354648	0.4082591548019543	-36.002291796898476	-36.43425360852108	18.75083805433159
brms_gaussian_refreshed	103	deviation_load[703]	0.5550775224056876	1221.1983429384986	1744.0684476562517	1214.835416460256	1751.229544687545	0.3673077050496042	0.45008389929663983	0.4869846031716321	-37.64969256389742	-38.08165437552002	19.19316458466879
brms_gaussian_refreshed	103	deviation_load[704]	0.5095460221089348	2270.5886567428065	2221.9444526855727	2287.385690574781	2228.0189498350205	0.29333313984719483	0.41957838724433916	0.4339163334907306	11.234658851556555	10.802697039933953	20.032340811926904
brms_gaussian_refreshed	103	deviation_load[705]	0.46936731148166183	2270.223906030425	2258.6069411319477	2244.581829113424	2263.026108303677	0.32091961800366176	0.42998077402752233	0.45302147273285087	-21.03018588148494	-21.46214769310755	20.87214041835844
brms_gaussian_refreshed	103	deviation_load[706]	0.4483758985446561	1363.9867946095758	1815.0476407022804	1355.0319021294065	1810.6184016108448	0.4308728551010515	0.5008963074165479	0.536554257089026	-5.9717030356134835	-6.403664847236081	21.355132875766923
brms_gaussian_refreshed	103	deviation_load[707]	0.4199005873629926	2278.4564624760733	2291.6139682355824	2256.6055858866202	2308.060613106484	0.35381280810766463	0.45765015067734366	0.4768884111807039	-0.5478736684365735	-0.9798354800591725	22.06734917505998
brms_gaussian_refreshed	103	deviation_load[708]	0.409460726220445	2647.618557143499	2293.274709210692	2651.8741706994047	2292.934232817583	0.3334764871885828	0.4581717016490837	0.4620017543744418	-24.907151172622143	-25.33911298424474	22.34689980870932
brms_gaussian_refreshed	103	deviation_load[709]	0.36352522554374034	2678.8685666647198	2430.640856908775	2695.197528533576	2419.324093167071	0.36446130829670587	0.48502252730596035	0.4848413129909326	-43.72800322086763	-44.15996503249022	23.716802211305122
brms_gaussian_refreshed	103	deviation_load[710]	0.31184827719955	1434.5977220897737	2093.3481880917375	1413.3682357355342	2043.17864471934	0.565023057456092	0.5730873194924769	0.649222695994568	-74.06872253393547	-74.50068434555808	25.60658915363113
brms_gaussian_refreshed	103	deviation_load[711]	0.29651131201233377	1470.6359492719182	1639.81350432532	1471.7892220456617	1647.2541219292273	0.5741277317931828	0.6342862475924756	0.6571618567380565	13.562094146415031	13.130132334792433	26.26048693836153
brms_gaussian_refreshed	103	deviation_load[712]	0.2512508544842149	2006.9395057163733	2380.595195879703	1991.7381219776748	2402.4939850733076	0.5531229599699378	0.5809228145722279	0.6388928410800441	116.58632746873755	116.15436565711495	28.52788888827978
brms_gaussian_refreshed	103	deviation_load[713]	0.261681960237854	1794.4197284470758	2073.3273571362574	1764.9351718611242	2027.8119452242236	0.5717338119722769	0.6074459904265896	0.6550714505225944	-11.921859610152802	-12.353821421775404	27.953520796578943
brms_gaussian_refreshed	103	deviation_load[714]	0.2504182168800867	1840.6671691691306	2098.2399520537087	1897.6516522541247	2093.391960576013	0.5679259509719793	0.6346309230792462	0.6517506726692747	-3.537188599703506	-3.969150411326105	28.575276976036797
brms_gaussian_refreshed	103	deviation_load[715]	0.21130631453851093	1342.2096283009346	1737.2788836415548	1337.636768115858	1710.8938846683993	0.7553569913600913	0.7535593232723313	0.820245839937024	-41.225495006079115	-41.657456817701735	31.10764759176972
brms_gaussian_refreshed	103	deviation_load[716]	0.1318718888082438	1651.5087070112586	1740.8168449589348	1679.5952207122552	1759.8066794777271	0.8952346627566549	0.935324599088195	0.9506230351398216	-30.68328868051218	-31.11525049213478	39.37742334195131
brms_gaussian_refreshed	103	deviation_load[717]	0.17297078342640362	1715.3771144440852	1745.7646244983714	1719.1542243376994	1746.438339119505	0.7541192701685722	0.8131927173543425	0.8191061757653918	92.68640200160455	92.25444018998195	34.38246676150146
brms_gaussian_refreshed	103	deviation_load[718]	0.14451900000309198	1100.4855649574276	1222.9467180016215	1084.8371006947054	1200.1412006024689	1.0562916669473172	1.0747773541209975	1.103626358510781	112.41360121819109	111.98163940656849	37.61498856544893
brms_gaussian_refreshed	103	deviation_load[719]	0.1445634226385781	1253.5567060211695	1481.9269075886095	1246.137094570558	1467.9180545805173	0.9853832896044699	0.9979764091154015	1.0359629727790234	-30.520826535363653	-30.952788346986242	37.60920880013408
brms_gaussian_refreshed	103	deviation_load[720]	0.1398044082116211	1717.5459910069906	1757.0283783334678	1701.895284281098	1718.9971079465613	0.859795492814729	0.9286860515997507	0.9173261922576657	46.25948700443197	45.82752519280936	38.243970568279
brms_gaussian_refreshed	103	population_intercept_at_load0	0.99883742072534	2015.2988760677579	2031.8964110953605	2015.8423762729228	2026.5946564068186	0.4080616470540849	11.859337443960992	12.015055835006468	5479.001320324211	5471.438422221143	537.3320867200886
brms_gaussian_refreshed	103	log_sigma_intercept_at_subject0	0.0	2630.70784012805	2630.70784012805	2633.0053361242813	2633.0053361242813	0.03919624757522234	0.03919624757522234	0.03919624757522234	-49.513103177393816	-49.513103177393816	2.011269935306212
brms_gaussian_refreshed	104	population_intercept_at_mean_load	0.9996493877444629	2054.1936622127587	2067.163302779942	2057.3971133768755	2069.777872852688	0.22214870218339167	11.554228633382206	12.03295175140927	5622.988408314894	5618.558304766695	538.1325935619077
brms_gaussian_refreshed	104	population_load	0.849113120308425	2009.8905196003525	1947.2113506402816	1998.220752876048	1970.6835383203445	0.13484804001635936	0.34299569748012987	0.3470202406685792	58.47216445204099	58.985621434495506	15.518174539826372
brms_gaussian_refreshed	104	log_tau_intercept	0.0	142.04985843099809	142.04985843099809	154.46947879571948	154.46947879571948	0.012683194210680714	0.012683194210680714	0.012683194210680714	7.79863149065233	7.79863149065233	0.1576340316427604
brms_gaussian_refreshed	104	log_tau_load	0.0	460.87480303894426	460.87480303894426	457.1053461665094	457.1053461665094	0.010151451755421296	0.010151451755421296	0.010151451755421296	4.111207671463991	4.111207671463991	0.21703826315576014
brms_gaussian_refreshed	104	log_sigma_intercept	0.0	1758.9648775588355	1758.9648775588355	1751.5252009440683	1751.5252009440683	0.00035260534565845333	0.00035260534565845333	0.00035260534565845333	6.051494169134143	6.051494169134143	0.01475696636062145
brms_gaussian_refreshed	104	log_sigma_subj_slope	0.0	2632.663336007037	2632.663336007037	2631.387054799441	2631.387054799441	5.5173891736945504e-5	5.5173891736945504e-5	5.5173891736945504e-5	0.07817435376450198	0.07817435376450198	0.002830257730444975
brms_gaussian_refreshed	104	deviation_intercept[701]	0.9907187467837171	1970.9664345366855	2052.7769414508343	1978.8914200911156	2054.3167956553584	1.1684424183977116	11.584066336539895	12.064837756705954	-4864.013980847922	-4858.303230777506	539.5292406722111
brms_gaussian_refreshed	104	deviation_intercept[702]	0.9953257606335766	2313.814788988912	2055.3125615896547	2299.5792441009235	2057.592793111073	0.7674301185999389	11.589274633595684	12.032622382401136	-3922.6973793273987	-3916.986629256984	538.2791466211944
brms_gaussian_refreshed	104	deviation_intercept[703]	0.9946332235891943	1798.8070080278599	2059.3440029709745	1791.528410133159	2062.3565463751775	0.931973573289197	11.568426499798681	12.044236262704079	-3642.626151714361	-3636.915401643945	538.4665088438024
brms_gaussian_refreshed	104	deviation_intercept[704]	0.9938323545511886	2124.414351318426	2068.3622193457772	2141.4522763586738	2068.6342263946376	0.9141955683883528	11.532970757835429	12.042873658217434	-661.4169439396886	-655.706193869273	538.6834238547675
brms_gaussian_refreshed	104	deviation_intercept[705]	0.9920872488216005	2217.027782441642	2101.859853809168	2206.7568747368573	2113.6183368513857	1.0209436072496418	11.436403463472333	12.051447143796068	-1356.7715586365662	-1351.0608085661502	539.1569943480799
brms_gaussian_refreshed	104	deviation_intercept[706]	0.9918431263768169	1900.3401325495445	2064.584976448129	1855.612086570298	2065.1965717452626	1.1305426581907432	11.553057950417388	12.061226269020718	35.3187983249171	41.02954839533269	539.2233416474402
brms_gaussian_refreshed	104	deviation_intercept[707]	0.9915269502386549	1998.6423487451805	2054.570026811082	1990.1375215035969	2056.576193361495	1.112797779737914	11.608891998485381	12.059575917465592	-95.60746722214597	-89.89671715173041	539.3093080271498
brms_gaussian_refreshed	104	deviation_intercept[708]	0.9903998239541729	2422.7707527451516	2058.8079242477666	2408.348831578945	2061.2338402161054	1.07736981348178	11.557704838233466	12.05635841062832	-458.03962458115086	-452.3288745107353	539.6161017246993
brms_gaussian_refreshed	104	deviation_intercept[709]	0.9875343461306005	2232.337871588733	2073.714691188655	2232.6426772481323	2082.6223126406962	1.276915014758233	11.548746166128778	12.075825618376637	-1149.4355315461871	-1143.7247814757716	540.3984228301924
brms_gaussian_refreshed	104	deviation_intercept[710]	0.9859194379870688	2133.9617432813357	2059.856697609477	2138.2884867777425	2063.316318227268	1.3878620769835546	11.642537273941198	12.088060785554298	176.6758855122036	182.3866355826192	540.8408204088388
brms_gaussian_refreshed	104	deviation_intercept[711]	0.9833410921820753	1485.8952509089224	2052.921710624067	1482.2480058876129	2063.614646729906	1.8155194610367216	11.663438433277493	12.144593995845621	-1741.9621502313498	-1736.251400160934	541.5494055482187
brms_gaussian_refreshed	104	deviation_intercept[712]	0.9804920890375113	1968.9770233943516	2125.5757257059513	1957.1919462538729	2085.006301246921	1.7122091075972727	11.573136196783478	12.12958006027684	1084.8008179692931	1090.5115680397087	542.3356213796777
brms_gaussian_refreshed	104	deviation_intercept[713]	0.9813936529168297	1790.5612063895078	2055.9939481897277	1774.96590040905	2057.6141943686393	1.7551090555396316	11.67254545837638	12.135710123736628	3877.705370601358	3883.416120671773	542.0864540087615
brms_gaussian_refreshed	104	deviation_intercept[714]	0.9787387804150083	2136.191736648569	2092.7064499808307	2193.9957862644364	2096.221103158806	1.689790915583242	11.563899644444236	12.126435822157891	141.03732448873268	146.74807455914828	542.8211729230935
brms_gaussian_refreshed	104	deviation_intercept[715]	0.9736728526545166	1401.21088631178	2085.8641276484273	1403.7234304455435	2086.3990569219222	2.3569196338595457	11.597505426868864	12.237243258634646	907.4148384909688	913.1255885613843	544.2314645103471
brms_gaussian_refreshed	104	deviation_intercept[716]	0.9531975605264087	1481.1771310073652	2067.395880744218	1529.6102848458077	2074.283021922326	3.0425839077985084	11.770483281750476	12.387589323452763	750.5862040113991	756.2969540818148	550.0456270742148
brms_gaussian_refreshed	104	deviation_intercept[717]	0.967232806402561	1848.8860629471524	2098.3944052594907	1852.5836466959981	2099.6978859331102	2.2964414584359942	11.568546593063834	12.225739068970435	1478.06829707869	1483.7790471491055	546.0402643492242
brms_gaussian_refreshed	104	deviation_intercept[718]	0.9608553645673655	1195.5298130137353	2087.304868345607	1187.6099245048874	2085.0526171618826	3.145287761503461	11.688975211203473	12.413214229730748	1302.3218639648533	1308.0326140352686	547.849371607257
brms_gaussian_refreshed	104	deviation_intercept[719]	0.9569585022730974	1125.5997567945508	2038.287622414102	1056.6876495250413	2047.2635042082165	3.50359579657986	11.893321221761312	12.508806334592384	4684.087134952794	4689.79788502321	548.9636960922808
brms_gaussian_refreshed	104	deviation_intercept[720]	0.9558132633662358	1792.909721038519	2062.3942555278036	1792.3789167877048	2067.5255026651594	2.7273112370648978	11.789516362240597	12.313946523935652	3289.761851327252	3295.472601397668	549.2924770358525
brms_gaussian_refreshed	104	deviation_load[701]	0.4109336313026997	1476.9056353924557	1417.028941769312	1457.1961414029722	1408.601777682863	0.44849816762001243	0.586607407921767	0.5508081879347235	-22.310589682352376	-22.824046664806875	22.30681497886547
brms_gaussian_refreshed	104	deviation_load[702]	0.581574626130043	2271.49077818168	2255.491163104167	2283.113721675547	2194.5166046998775	0.2538434240672409	0.39157651901530705	0.4082591548019543	-35.920796626066576	-36.43425360852108	18.75083805433159
brms_gaussian_refreshed	104	deviation_load[703]	0.5550775224056876	1221.1983429384986	1796.9305406858343	1214.835416460256	1792.6376509206718	0.3673077050496042	0.4444258592398484	0.4869846031716321	-37.568197393065525	-38.08165437552002	19.19316458466879
brms_gaussian_refreshed	104	deviation_load[704]	0.5095460221089348	2270.5886567428065	2070.837443839268	2287.385690574781	2076.59855974751	0.29333313984719483	0.43226107004196423	0.4339163334907306	11.316154022388448	10.802697039933953	20.032340811926904
brms_gaussian_refreshed	104	deviation_load[705]	0.46936731148166183	2270.223906030425	2128.183851005766	2244.581829113424	2160.5056441014976	0.32091961800366176	0.4491815961646153	0.45302147273285087	-20.94869071065305	-21.46214769310755	20.87214041835844
brms_gaussian_refreshed	104	deviation_load[706]	0.4483758985446561	1363.9867946095758	1564.8532050585825	1355.0319021294065	1590.8186222663503	0.4308728551010515	0.5246010110313537	0.536554257089026	-5.890207864781587	-6.403664847236081	21.355132875766923
brms_gaussian_refreshed	104	deviation_load[707]	0.4199005873629926	2278.4564624760733	2257.446147868565	2256.6055858866202	2261.1161679063966	0.35381280810766463	0.4576689156542931	0.4768884111807039	-0.46637849760467737	-0.9798354800591725	22.06734917505998
brms_gaussian_refreshed	104	deviation_load[708]	0.409460726220445	2647.618557143499	2401.5334325207036	2651.8741706994047	2382.1555573000055	0.3334764871885828	0.4463974541803511	0.4620017543744418	-24.825656001790243	-25.33911298424474	22.34689980870932
brms_gaussian_refreshed	104	deviation_load[709]	0.36352522554374034	2678.8685666647198	2535.1088702941042	2695.197528533576	2504.4939746902432	0.36446130829670587	0.4742187593213585	0.4848413129909326	-43.64650805003572	-44.15996503249022	23.716802211305122
brms_gaussian_refreshed	104	deviation_load[710]	0.31184827719955	1434.5977220897737	1627.0741358941164	1413.3682357355342	1639.9543159221612	0.565023057456092	0.6372200383608811	0.649222695994568	-73.9872273631036	-74.50068434555808	25.60658915363113
brms_gaussian_refreshed	104	deviation_load[711]	0.29651131201233377	1470.6359492719182	1389.7861835646013	1471.7892220456617	1389.4502871473137	0.5741277317931828	0.692704285273435	0.6571618567380565	13.64358931724693	13.130132334792433	26.26048693836153
brms_gaussian_refreshed	104	deviation_load[712]	0.2512508544842149	2006.9395057163733	1663.7753767991994	1991.7381219776748	1676.067251730033	0.5531229599699378	0.7023057347517236	0.6388928410800441	116.66782263956947	116.15436565711495	28.52788888827978
brms_gaussian_refreshed	104	deviation_load[713]	0.261681960237854	1794.4197284470758	2097.8450924252706	1764.9351718611242	2102.9180261000065	0.5717338119722769	0.6079728407103506	0.6550714505225944	-11.840364439320908	-12.353821421775404	27.953520796578943
brms_gaussian_refreshed	104	deviation_load[714]	0.2504182168800867	1840.6671691691306	1712.5268081969068	1897.6516522541247	1723.8876958480469	0.5679259509719793	0.6875445390626829	0.6517506726692747	-3.4556934288716104	-3.969150411326105	28.575276976036797
brms_gaussian_refreshed	104	deviation_load[715]	0.21130631453851093	1342.2096283009346	1483.6453680341947	1337.636768115858	1492.5238115175578	0.7553569913600913	0.8051709165345192	0.820245839937024	-41.143999835247214	-41.657456817701735	31.10764759176972
brms_gaussian_refreshed	104	deviation_load[716]	0.1318718888082438	1651.5087070112586	1512.7820856814203	1679.5952207122552	1578.088851207901	0.8952346627566549	0.9896868027775186	0.9506230351398216	-30.601793509680284	-31.11525049213478	39.37742334195131
brms_gaussian_refreshed	104	deviation_load[717]	0.17297078342640362	1715.3771144440852	1801.8805077263823	1719.1542243376994	1819.5514640374752	0.7541192701685722	0.7922620747650951	0.8191061757653918	92.76789717243646	92.25444018998195	34.38246676150146
brms_gaussian_refreshed	104	deviation_load[718]	0.14451900000309198	1100.4855649574276	1200.7112025866506	1084.8371006947054	1194.64854018228	1.0562916669473172	1.0899405446907289	1.103626358510781	112.49509638902299	111.98163940656849	37.61498856544893
brms_gaussian_refreshed	104	deviation_load[719]	0.1445634226385781	1253.5567060211695	1272.2260641070216	1246.137094570558	1277.9542804496562	0.9853832896044699	1.043227669920269	1.0359629727790234	-30.439331364531746	-30.952788346986242	37.60920880013408
brms_gaussian_refreshed	104	deviation_load[720]	0.1398044082116211	1717.5459910069906	1754.41604817759	1701.895284281098	1723.341818479597	0.859795492814729	0.9226020163413106	0.9173261922576657	46.34098217526387	45.82752519280936	38.243970568279
brms_gaussian_refreshed	104	population_intercept_at_load0	0.99883742072534	2015.2988760677579	2062.045514797992	2015.8423762729228	2062.1525989725487	0.4080616470540849	11.531331370729651	12.015055835006468	5477.149172291558	5471.438422221143	537.3320867200886
brms_gaussian_refreshed	104	log_sigma_intercept_at_subject0	0.0	2630.70784012805	2630.70784012805	2633.0053361242813	2633.0053361242813	0.03919624757522234	0.03919624757522234	0.03919624757522234	-49.513103177393816	-49.513103177393816	2.011269935306212
brms_gaussian_refreshed	105	population_intercept_at_mean_load	0.9996493877444629	2054.1936622127587	2171.054873214919	2057.3971133768755	2182.4139117816494	0.22214870218339167	11.585984103629288	12.03295175140927	5629.220733305402	5618.558304766695	538.1325935619077
brms_gaussian_refreshed	105	population_load	0.849113120308425	2009.8905196003525	1949.6791964362549	1998.220752876048	1958.4188360456103	0.13484804001635936	0.3512168726451838	0.3470202406685792	58.78783414525039	58.985621434495506	15.518174539826372
brms_gaussian_refreshed	105	log_tau_intercept	0.0	142.04985843099809	142.04985843099809	154.46947879571948	154.46947879571948	0.012683194210680714	0.012683194210680714	0.012683194210680714	7.79863149065233	7.79863149065233	0.1576340316427604
brms_gaussian_refreshed	105	log_tau_load	0.0	460.87480303894426	460.87480303894426	457.1053461665094	457.1053461665094	0.010151451755421296	0.010151451755421296	0.010151451755421296	4.111207671463991	4.111207671463991	0.21703826315576014
brms_gaussian_refreshed	105	log_sigma_intercept	0.0	1758.9648775588355	1758.9648775588355	1751.5252009440683	1751.5252009440683	0.00035260534565845333	0.00035260534565845333	0.00035260534565845333	6.051494169134143	6.051494169134143	0.01475696636062145
brms_gaussian_refreshed	105	log_sigma_subj_slope	0.0	2632.663336007037	2632.663336007037	2631.387054799441	2631.387054799441	5.5173891736945504e-5	5.5173891736945504e-5	5.5173891736945504e-5	0.07817435376450198	0.07817435376450198	0.002830257730444975
brms_gaussian_refreshed	105	deviation_intercept[701]	0.9907187467837171	1970.9664345366855	2148.149030237973	1978.8914200911156	2159.526294838168	1.1684424183977116	11.663372321595054	12.064837756705954	-4869.458973484227	-4858.303230777506	539.5292406722111
brms_gaussian_refreshed	105	deviation_intercept[702]	0.9953257606335766	2313.814788988912	2174.7431797953195	2299.5792441009235	2186.6006097077166	0.7674301185999389	11.596482080373418	12.032622382401136	-3928.142371963704	-3916.986629256984	538.2791466211944
brms_gaussian_refreshed	105	deviation_intercept[703]	0.9946332235891943	1798.8070080278599	2180.685325479932	1791.528410133159	2194.273377362418	0.931973573289197	11.573002993426254	12.044236262704079	-3648.071144350666	-3636.915401643945	538.4665088438024
brms_gaussian_refreshed	105	deviation_intercept[704]	0.9938323545511886	2124.414351318426	2171.3692489087707	2141.4522763586738	2184.910398709405	0.9141955683883528	11.63433697654814	12.042873658217434	-666.8619365759938	-655.706193869273	538.6834238547675
brms_gaussian_refreshed	105	deviation_intercept[705]	0.9920872488216005	2217.027782441642	2164.2151293319016	2206.7568747368573	2175.830005712026	1.0209436072496418	11.653417552013384	12.051447143796068	-1362.2165512728714	-1351.0608085661502	539.1569943480799
brms_gaussian_refreshed	105	deviation_intercept[706]	0.9918431263768169	1900.3401325495445	2167.893510540077	1855.612086570298	2178.108435256027	1.1305426581907432	11.646964041027408	12.061226269020718	29.873805688611892	41.02954839533269	539.2233416474402
brms_gaussian_refreshed	105	deviation_intercept[707]	0.9915269502386549	1998.6423487451805	2175.9853379705855	1990.1375215035969	2186.396423646418	1.112797779737914	11.609369963156924	12.059575917465592	-101.05245985845119	-89.89671715173041	539.3093080271498
brms_gaussian_refreshed	105	deviation_intercept[708]	0.9903998239541729	2422.7707527451516	2150.53004859866	2408.348831578945	2164.034525931208	1.07736981348178	11.639121876749579	12.05635841062832	-463.4846172174561	-452.3288745107353	539.6161017246993
brms_gaussian_refreshed	105	deviation_intercept[709]	0.9875343461306005	2232.337871588733	2185.5458356676145	2232.6426772481323	2195.2661090283295	1.276915014758233	11.598505202517439	12.075825618376637	-1154.8805241824923	-1143.7247814757716	540.3984228301924
brms_gaussian_refreshed	105	deviation_intercept[710]	0.9859194379870688	2133.9617432813357	2127.095422914066	2138.2884867777425	2135.7855593073227	1.3878620769835546	11.778391739015602	12.088060785554298	171.2308928758984	182.3866355826192	540.8408204088388
brms_gaussian_refreshed	105	deviation_intercept[711]	0.9833410921820753	1485.8952509089224	2175.8687902708434	1482.2480058876129	2184.8139245018324	1.8155194610367216	11.660375692316931	12.144593995845621	-1747.4071428676548	-1736.251400160934	541.5494055482187
brms_gaussian_refreshed	105	deviation_intercept[712]	0.9804920890375113	1968.9770233943516	2171.903339092153	1957.1919462538729	2182.836913533202	1.7122091075972727	11.673205956458474	12.12958006027684	1079.3558253329875	1090.5115680397087	542.3356213796777
brms_gaussian_refreshed	105	deviation_intercept[713]	0.9813936529168297	1790.5612063895078	2106.7759980314554	1774.96590040905	2120.982336268312	1.7551090555396316	11.827611025067668	12.135710123736628	3872.2603779650526	3883.416120671773	542.0864540087615
brms_gaussian_refreshed	105	deviation_intercept[714]	0.9787387804150083	2136.191736648569	2174.476024409492	2193.9957862644364	2186.3490537242888	1.689790915583242	11.716305731163834	12.126435822157891	135.59233185242746	146.74807455914828	542.8211729230935
brms_gaussian_refreshed	105	deviation_intercept[715]	0.9736728526545166	1401.21088631178	2193.311097397364	1403.7234304455435	2203.8566313455863	2.3569196338595457	11.65623624795115	12.237243258634646	901.9698458546635	913.1255885613843	544.2314645103471
brms_gaussian_refreshed	105	deviation_intercept[716]	0.9531975605264087	1481.1771310073652	2245.561065998829	1529.6102848458077	2248.6538451616852	3.0425839077985084	11.696964910649749	12.387589323452763	745.1412113750938	756.2969540818148	550.0456270742148
brms_gaussian_refreshed	105	deviation_intercept[717]	0.967232806402561	1848.8860629471524	2182.918773276245	1852.5836466959981	2192.0459211683783	2.2964414584359942	11.71437932946973	12.225739068970435	1472.6233044423848	1483.7790471491055	546.0402643492242
brms_gaussian_refreshed	105	deviation_intercept[718]	0.9608553645673655	1195.5298130137353	2158.2441714684815	1187.6099245048874	2164.064002265562	3.145287761503461	11.747722197005398	12.413214229730748	1296.876871328548	1308.0326140352686	547.849371607257
brms_gaussian_refreshed	105	deviation_intercept[719]	0.9569585022730974	1125.5997567945508	2167.531056973196	1056.6876495250413	2164.8259459042297	3.50359579657986	11.88937068702942	12.508806334592384	4678.642142316488	4689.79788502321	548.9636960922808
brms_gaussian_refreshed	105	deviation_intercept[720]	0.9558132633662358	1792.909721038519	2212.656327620181	1792.3789167877048	2221.632712629264	2.7273112370648978	11.7357933894167	12.313946523935652	3284.3168586909464	3295.472601397668	549.2924770358525
brms_gaussian_refreshed	105	deviation_load[701]	0.4109336313026997	1476.9056353924557	1723.4081639497542	1457.1961414029722	1710.2812194813323	0.44849816762001243	0.5400354836969782	0.5508081879347235	-22.626259375561776	-22.824046664806875	22.30681497886547
brms_gaussian_refreshed	105	deviation_load[702]	0.581574626130043	2271.49077818168	2241.100091542208	2283.113721675547	2231.573596564567	0.2538434240672409	0.3940313059910486	0.4082591548019543	-36.236466319275976	-36.43425360852108	18.75083805433159
brms_gaussian_refreshed	105	deviation_load[703]	0.5550775224056876	1221.1983429384986	1540.4368532893573	1214.835416460256	1540.2091030520153	0.3673077050496042	0.4861310845426182	0.4869846031716321	-37.883867086274925	-38.08165437552002	19.19316458466879
brms_gaussian_refreshed	105	deviation_load[704]	0.5095460221089348	2270.5886567428065	2173.0001639362295	2287.385690574781	2188.1690142317566	0.29333313984719483	0.4320075512297392	0.4339163334907306	11.000484329179052	10.802697039933953	20.032340811926904
brms_gaussian_refreshed	105	deviation_load[705]	0.46936731148166183	2270.223906030425	2187.5835141056623	2244.581829113424	2191.473200389996	0.32091961800366176	0.44556988019297883	0.45302147273285087	-21.26436040386245	-21.46214769310755	20.87214041835844
brms_gaussian_refreshed	105	deviation_load[706]	0.4483758985446561	1363.9867946095758	2099.931896753927	1355.0319021294065	2118.920097511709	0.4308728551010515	0.46827426171564696	0.536554257089026	-6.205877557990984	-6.403664847236081	21.355132875766923
brms_gaussian_refreshed	105	deviation_load[707]	0.4199005873629926	2278.4564624760733	2255.983309179725	2256.6055858866202	2268.120484219965	0.35381280810766463	0.459998501182715	0.4768884111807039	-0.7820481908140748	-0.9798354800591725	22.06734917505998
brms_gaussian_refreshed	105	deviation_load[708]	0.409460726220445	2647.618557143499	2574.6686572153035	2651.8741706994047	2488.811924562692	0.3334764871885828	0.445643545777937	0.4620017543744418	-25.14132569499964	-25.33911298424474	22.34689980870932
brms_gaussian_refreshed	105	deviation_load[709]	0.36352522554374034	2678.8685666647198	2478.753792476058	2695.197528533576	2466.1698754573167	0.36446130829670587	0.48677905211349753	0.4848413129909326	-43.96217774324512	-44.15996503249022	23.716802211305122
brms_gaussian_refreshed	105	deviation_load[710]	0.31184827719955	1434.5977220897737	1806.2784444926851	1413.3682357355342	1845.821306861909	0.565023057456092	0.599449364661298	0.649222695994568	-74.302897056313	-74.50068434555808	25.60658915363113
brms_gaussian_refreshed	105	deviation_load[711]	0.29651131201233377	1470.6359492719182	1693.6402819313892	1471.7892220456617	1676.3586731598052	0.5741277317931828	0.6372096122500608	0.6571618567380565	13.32791962403753	13.130132334792433	26.26048693836153
brms_gaussian_refreshed	105	deviation_load[712]	0.2512508544842149	2006.9395057163733	2140.3799002815404	1991.7381219776748	2140.3239980806857	0.5531229599699378	0.6109894492869412	0.6388928410800441	116.35215294636008	116.15436565711495	28.52788888827978
brms_gaussian_refreshed	105	deviation_load[713]	0.261681960237854	1794.4197284470758	1844.5703368241964	1764.9351718611242	1836.5220755735265	0.5717338119722769	0.6603169126813528	0.6550714505225944	-12.156034132530307	-12.353821421775404	27.953520796578943
brms_gaussian_refreshed	105	deviation_load[714]	0.2504182168800867	1840.6671691691306	2200.598751888908	1897.6516522541247	2189.821207898192	0.5679259509719793	0.6095312123259653	0.6517506726692747	-3.771363122081008	-3.969150411326105	28.575276976036797
brms_gaussian_refreshed	105	deviation_load[715]	0.21130631453851093	1342.2096283009346	1204.9096541888994	1337.636768115858	1212.6212327153396	0.7553569913600913	0.8738669703964064	0.820245839937024	-41.45966952845662	-41.657456817701735	31.10764759176972
brms_gaussian_refreshed	105	deviation_load[716]	0.1318718888082438	1651.5087070112586	1560.8299057312229	1679.5952207122552	1603.4929159446485	0.8952346627566549	0.9987345235708496	0.9506230351398216	-30.917463202889678	-31.11525049213478	39.37742334195131
brms_gaussian_refreshed	105	deviation_load[717]	0.17297078342640362	1715.3771144440852	1677.6132492558643	1719.1542243376994	1695.738985432096	0.7541192701685722	0.8287254308622779	0.8191061757653918	92.45222747922706	92.25444018998195	34.38246676150146
brms_gaussian_refreshed	105	deviation_load[718]	0.14451900000309198	1100.4855649574276	1091.492781605255	1084.8371006947054	1083.4754196740623	1.0562916669473172	1.1455211690414477	1.103626358510781	112.17942669581358	111.98163940656849	37.61498856544893
brms_gaussian_refreshed	105	deviation_load[719]	0.1445634226385781	1253.5567060211695	1410.9303390876935	1246.137094570558	1381.2877225186178	0.9853832896044699	1.0153974569682824	1.0359629727790234	-30.75500105774115	-30.952788346986242	37.60920880013408
brms_gaussian_refreshed	105	deviation_load[720]	0.1398044082116211	1717.5459910069906	1780.8722875750911	1701.895284281098	1771.7078776094154	0.859795492814729	0.9140546313523449	0.9173261922576657	46.02531248205446	45.82752519280936	38.243970568279
brms_gaussian_refreshed	105	population_intercept_at_load0	0.99883742072534	2015.2988760677579	2166.002172119905	2015.8423762729228	2177.1054428533694	0.4080616470540849	11.593643362974568	12.015055835006468	5482.594164927863	5471.438422221143	537.3320867200886
brms_gaussian_refreshed	105	log_sigma_intercept_at_subject0	0.0	2630.70784012805	2630.70784012805	2633.0053361242813	2633.0053361242813	0.03919624757522234	0.03919624757522234	0.03919624757522234	-49.513103177393816	-49.513103177393816	2.011269935306212
brms_gaussian_refreshed	106	population_intercept_at_mean_load	0.9996493877444629	2054.1936622127587	1904.9997631199683	2057.3971133768755	1908.7260762938483	0.22214870218339167	11.966542161503321	12.03295175140927	5632.668571222705	5618.558304766695	538.1325935619077
brms_gaussian_refreshed	106	population_load	0.849113120308425	2009.8905196003525	1973.372878002611	1998.220752876048	1964.4903447564227	0.13484804001635936	0.3483854885229877	0.3470202406685792	58.751779453416134	58.985621434495506	15.518174539826372
brms_gaussian_refreshed	106	log_tau_intercept	0.0	142.04985843099809	142.04985843099809	154.46947879571948	154.46947879571948	0.012683194210680714	0.012683194210680714	0.012683194210680714	7.79863149065233	7.79863149065233	0.1576340316427604
brms_gaussian_refreshed	106	log_tau_load	0.0	460.87480303894426	460.87480303894426	457.1053461665094	457.1053461665094	0.010151451755421296	0.010151451755421296	0.010151451755421296	4.111207671463991	4.111207671463991	0.21703826315576014
brms_gaussian_refreshed	106	log_sigma_intercept	0.0	1758.9648775588355	1758.9648775588355	1751.5252009440683	1751.5252009440683	0.00035260534565845333	0.00035260534565845333	0.00035260534565845333	6.051494169134143	6.051494169134143	0.01475696636062145
brms_gaussian_refreshed	106	log_sigma_subj_slope	0.0	2632.663336007037	2632.663336007037	2631.387054799441	2631.387054799441	5.5173891736945504e-5	5.5173891736945504e-5	5.5173891736945504e-5	0.07817435376450198	0.07817435376450198	0.002830257730444975
brms_gaussian_refreshed	106	deviation_intercept[701]	0.9907187467837171	1970.9664345366855	1902.9887733984233	1978.8914200911156	1906.2524203989956	1.1684424183977116	11.946771366835126	12.064837756705954	-4872.996737758137	-4858.303230777506	539.5292406722111
brms_gaussian_refreshed	106	deviation_intercept[702]	0.9953257606335766	2313.814788988912	1896.3985580779527	2299.5792441009235	1906.348525575386	0.7674301185999389	11.92669491726019	12.032622382401136	-3931.680136237616	-3916.986629256984	538.2791466211944
brms_gaussian_refreshed	106	deviation_intercept[703]	0.9946332235891943	1798.8070080278599	1914.6419044767774	1791.528410133159	1922.356975997324	0.931973573289197	11.882591372823962	12.044236262704079	-3651.608908624577	-3636.915401643945	538.4665088438024
brms_gaussian_refreshed	106	deviation_intercept[704]	0.9938323545511886	2124.414351318426	1916.8229368890345	2141.4522763586738	1922.6090184570744	0.9141955683883528	11.898960617863295	12.042873658217434	-670.3997008499049	-655.706193869273	538.6834238547675
brms_gaussian_refreshed	106	deviation_intercept[705]	0.9920872488216005	2217.027782441642	1912.7964527607267	2206.7568747368573	1911.6129886140516	1.0209436072496418	11.931498939953906	12.051447143796068	-1365.754315546782	-1351.0608085661502	539.1569943480799
brms_gaussian_refreshed	106	deviation_intercept[706]	0.9918431263768169	1900.3401325495445	1962.0351432181396	1855.612086570298	1964.554260247371	1.1305426581907432	11.78439360137708	12.061226269020718	26.336041414700688	41.02954839533269	539.2233416474402
brms_gaussian_refreshed	106	deviation_intercept[707]	0.9915269502386549	1998.6423487451805	1928.839096824961	1990.1375215035969	1926.2908218178723	1.112797779737914	11.914795658577614	12.059575917465592	-104.59022413236241	-89.89671715173041	539.3093080271498
brms_gaussian_refreshed	106	deviation_intercept[708]	0.9903998239541729	2422.7707527451516	1909.3950684905697	2408.348831578945	1917.1059242628403	1.07736981348178	11.924906442522103	12.05635841062832	-467.02238149136736	-452.3288745107353	539.6161017246993
brms_gaussian_refreshed	106	deviation_intercept[709]	0.9875343461306005	2232.337871588733	1924.5636106136521	2232.6426772481323	1927.8808270084196	1.276915014758233	11.924324868454297	12.075825618376637	-1158.4182884564036	-1143.7247814757716	540.3984228301924
brms_gaussian_refreshed	106	deviation_intercept[710]	0.9859194379870688	2133.9617432813357	1899.1373532241691	2138.2884867777425	1902.368870143177	1.3878620769835546	12.058115309191674	12.088060785554298	167.69312860198715	182.3866355826192	540.8408204088388
brms_gaussian_refreshed	106	deviation_intercept[711]	0.9833410921820753	1485.8952509089224	1887.4147764194665	1482.2480058876129	1886.6429620883673	1.8155194610367216	12.107587490837593	12.144593995845621	-1750.9449071415663	-1736.251400160934	541.5494055482187
brms_gaussian_refreshed	106	deviation_intercept[712]	0.9804920890375113	1968.9770233943516	1909.2762308340998	1957.1919462538729	1890.112152477602	1.7122091075972727	12.078690212834346	12.12958006027684	1075.8180610590764	1090.5115680397087	542.3356213796777
brms_gaussian_refreshed	106	deviation_intercept[713]	0.9813936529168297	1790.5612063895078	1899.807354585496	1774.96590040905	1901.976708466864	1.7551090555396316	12.055783467253658	12.135710123736628	3868.722613691141	3883.416120671773	542.0864540087615
brms_gaussian_refreshed	106	deviation_intercept[714]	0.9787387804150083	2136.191736648569	1915.8677614045232	2193.9957862644364	1926.9950899035287	1.689790915583242	12.010071908696016	12.126435822157891	132.05456757851627	146.74807455914828	542.8211729230935
brms_gaussian_refreshed	106	deviation_intercept[715]	0.9736728526545166	1401.21088631178	1894.5701105862868	1403.7234304455435	1893.593650970533	2.3569196338595457	12.162270127872214	12.237243258634646	898.4320815807524	913.1255885613843	544.2314645103471
brms_gaussian_refreshed	106	deviation_intercept[716]	0.9531975605264087	1481.1771310073652	1924.3742706089288	1529.6102848458077	1932.5545224627324	3.0425839077985084	12.308360575673266	12.387589323452763	741.6034471011826	756.2969540818148	550.0456270742148
brms_gaussian_refreshed	106	deviation_intercept[717]	0.967232806402561	1848.8860629471524	1896.1586510949921	1852.5836466959981	1896.6580005206429	2.2964414584359942	12.173710069817508	12.225739068970435	1469.0855401684735	1483.7790471491055	546.0402643492242
brms_gaussian_refreshed	106	deviation_intercept[718]	0.9608553645673655	1195.5298130137353	1788.2057919298989	1187.6099245048874	1788.4733955109537	3.145287761503461	12.648806415631867	12.413214229730748	1293.3391070546368	1308.0326140352686	547.849371607257
brms_gaussian_refreshed	106	deviation_intercept[719]	0.9569585022730974	1125.5997567945508	1852.1681981291265	1056.6876495250413	1851.4855278104242	3.50359579657986	12.424190655783693	12.508806334592384	4675.104378042577	4689.79788502321	548.9636960922808
brms_gaussian_refreshed	106	deviation_intercept[720]	0.9558132633662358	1792.909721038519	1879.815630611497	1792.3789167877048	1875.0415899128368	2.7273112370648978	12.424493613439898	12.313946523935652	3280.7790944170356	3295.472601397668	549.2924770358525
brms_gaussian_refreshed	106	deviation_load[701]	0.4109336313026997	1476.9056353924557	2191.165911781788	1457.1961414029722	2167.297030314678	0.44849816762001243	0.4846603755994787	0.5508081879347235	-22.59020468372752	-22.824046664806875	22.30681497886547
brms_gaussian_refreshed	106	deviation_load[702]	0.581574626130043	2271.49077818168	1986.1124554189048	2283.113721675547	2037.5333832437677	0.2538434240672409	0.42103208835718725	0.4082591548019543	-36.200411627441724	-36.43425360852108	18.75083805433159
brms_gaussian_refreshed	106	deviation_load[703]	0.5550775224056876	1221.1983429384986	1328.0948381215587	1214.835416460256	1364.3863776150768	0.3673077050496042	0.508835945834648	0.4869846031716321	-37.84781239444066	-38.08165437552002	19.19316458466879
brms_gaussian_refreshed	106	deviation_load[704]	0.5095460221089348	2270.5886567428065	1952.465972887064	2287.385690574781	1941.9022378404788	0.29333313984719483	0.44772445261977123	0.4339163334907306	11.036539021013308	10.802697039933953	20.032340811926904
brms_gaussian_refreshed	106	deviation_load[705]	0.46936731148166183	2270.223906030425	1940.6806142904038	2244.581829113424	1938.7419333768876	0.32091961800366176	0.4725049718351041	0.45302147273285087	-21.228305712028195	-21.46214769310755	20.87214041835844
brms_gaussian_refreshed	106	deviation_load[706]	0.4483758985446561	1363.9867946095758	1762.1393721199297	1355.0319021294065	1740.8078768774587	0.4308728551010515	0.5097705125185026	0.536554257089026	-6.1698228661567285	-6.403664847236081	21.355132875766923
brms_gaussian_refreshed	106	deviation_load[707]	0.4199005873629926	2278.4564624760733	2253.6003760239223	2256.6055858866202	2227.8201108377693	0.35381280810766463	0.4669600572250117	0.4768884111807039	-0.7459934989798185	-0.9798354800591725	22.06734917505998
brms_gaussian_refreshed	106	deviation_load[708]	0.409460726220445	2647.618557143499	2321.849432374703	2651.8741706994047	2316.655883349029	0.3334764871885828	0.4661222231195523	0.4620017543744418	-25.105271003165385	-25.33911298424474	22.34689980870932
brms_gaussian_refreshed	106	deviation_load[709]	0.36352522554374034	2678.8685666647198	2378.616454077453	2695.197528533576	2369.2689972122844	0.36446130829670587	0.48178875087489226	0.4848413129909326	-43.92612305141086	-44.15996503249022	23.716802211305122
brms_gaussian_refreshed	106	deviation_load[710]	0.31184827719955	1434.5977220897737	1510.9059184133837	1413.3682357355342	1527.718507819916	0.565023057456092	0.6622872272484227	0.649222695994568	-74.26684236447873	-74.50068434555808	25.60658915363113
brms_gaussian_refreshed	106	deviation_load[711]	0.29651131201233377	1470.6359492719182	1531.9147797325681	1471.7892220456617	1550.8129506330827	0.5741277317931828	0.6710203691752878	0.6571618567380565	13.363974315871786	13.130132334792433	26.26048693836153
brms_gaussian_refreshed	106	deviation_load[712]	0.2512508544842149	2006.9395057163733	1862.4946556218258	1991.7381219776748	1894.551773660546	0.5531229599699378	0.6612521906951841	0.6388928410800441	116.38820763819432	116.15436565711495	28.52788888827978
brms_gaussian_refreshed	106	deviation_load[713]	0.261681960237854	1794.4197284470758	2242.5757888381854	1764.9351718611242	2239.7720751693664	0.5717338119722769	0.5960289401883364	0.6550714505225944	-12.11997944069605	-12.353821421775404	27.953520796578943
brms_gaussian_refreshed	106	deviation_load[714]	0.2504182168800867	1840.6671691691306	1577.940181323408	1897.6516522541247	1578.4171614363083	0.5679259509719793	0.7088499766184749	0.6517506726692747	-3.735308430246751	-3.969150411326105	28.575276976036797
brms_gaussian_refreshed	106	deviation_load[715]	0.21130631453851093	1342.2096283009346	1654.8260606069775	1337.636768115858	1669.5272261881169	0.7553569913600913	0.7673043691227373	0.820245839937024	-41.42361483662237	-41.657456817701735	31.10764759176972
brms_gaussian_refreshed	106	deviation_load[716]	0.1318718888082438	1651.5087070112586	1855.4465094457107	1679.5952207122552	1870.821693222645	0.8952346627566549	0.9152480482969743	0.9506230351398216	-30.881408511055422	-31.11525049213478	39.37742334195131
brms_gaussian_refreshed	106	deviation_load[717]	0.17297078342640362	1715.3771144440852	1839.2952561311188	1719.1542243376994	1837.6676011018844	0.7541192701685722	0.7985159567636443	0.8191061757653918	92.48828217106129	92.25444018998195	34.38246676150146
brms_gaussian_refreshed	106	deviation_load[718]	0.14451900000309198	1100.4855649574276	1349.395491014164	1084.8371006947054	1328.287316217414	1.0562916669473172	1.0331050944593831	1.103626358510781	112.21548138764783	111.98163940656849	37.61498856544893
brms_gaussian_refreshed	106	deviation_load[719]	0.1445634226385781	1253.5567060211695	1420.2976838550683	1246.137094570558	1393.0528528881014	0.9853832896044699	0.9981848774666237	1.0359629727790234	-30.718946365906895	-30.952788346986242	37.60920880013408
brms_gaussian_refreshed	106	deviation_load[720]	0.1398044082116211	1717.5459910069906	1890.5099950543051	1701.895284281098	1898.976014688142	0.859795492814729	0.8743117318017669	0.9173261922576657	46.06136717388872	45.82752519280936	38.243970568279
brms_gaussian_refreshed	106	population_intercept_at_load0	0.99883742072534	2015.2988760677579	1912.125065116266	2015.8423762729228	1915.7726378383302	0.4080616470540849	11.89186836297857	12.015055835006468	5486.131929201775	5471.438422221143	537.3320867200886
brms_gaussian_refreshed	106	log_sigma_intercept_at_subject0	0.0	2630.70784012805	2630.70784012805	2633.0053361242813	2633.0053361242813	0.03919624757522234	0.03919624757522234	0.03919624757522234	-49.513103177393816	-49.513103177393816	2.011269935306212
brms_gaussian_refreshed	107	population_intercept_at_mean_load	0.9996493877444629	2054.1936622127587	1948.9327046214894	2057.3971133768755	1947.543947894824	0.22214870218339167	11.950584706412062	12.03295175140927	5626.794419406698	5618.558304766695	538.1325935619077
brms_gaussian_refreshed	107	population_load	0.849113120308425	2009.8905196003525	1957.0787057934642	1998.220752876048	1958.0676879662633	0.13484804001635936	0.349991972218859	0.3470202406685792	58.83908824397369	58.985621434495506	15.518174539826372
brms_gaussian_refreshed	107	log_tau_intercept	0.0	142.04985843099809	142.04985843099809	154.46947879571948	154.46947879571948	0.012683194210680714	0.012683194210680714	0.012683194210680714	7.79863149065233	7.79863149065233	0.1576340316427604
brms_gaussian_refreshed	107	log_tau_load	0.0	460.87480303894426	460.87480303894426	457.1053461665094	457.1053461665094	0.010151451755421296	0.010151451755421296	0.010151451755421296	4.111207671463991	4.111207671463991	0.21703826315576014
brms_gaussian_refreshed	107	log_sigma_intercept	0.0	1758.9648775588355	1758.9648775588355	1751.5252009440683	1751.5252009440683	0.00035260534565845333	0.00035260534565845333	0.00035260534565845333	6.051494169134143	6.051494169134143	0.01475696636062145
brms_gaussian_refreshed	107	log_sigma_subj_slope	0.0	2632.663336007037	2632.663336007037	2631.387054799441	2631.387054799441	5.5173891736945504e-5	5.5173891736945504e-5	5.5173891736945504e-5	0.07817435376450198	0.07817435376450198	0.002830257730444975
brms_gaussian_refreshed	107	deviation_intercept[701]	0.9907187467837171	1970.9664345366855	1953.84403781111	1978.8914200911156	1954.2701890024744	1.1684424183977116	11.940315700925643	12.064837756705954	-4866.904823397638	-4858.303230777506	539.5292406722111
brms_gaussian_refreshed	107	deviation_intercept[702]	0.9953257606335766	2313.814788988912	1943.4490556362473	2299.5792441009235	1943.6809015275776	0.7674301185999389	11.949602521560232	12.032622382401136	-3925.5882218771167	-3916.986629256984	538.2791466211944
brms_gaussian_refreshed	107	deviation_intercept[703]	0.9946332235891943	1798.8070080278599	1943.6329922795924	1791.528410133159	1941.8901441083992	0.931973573289197	11.927423444155647	12.044236262704079	-3645.516994264078	-3636.915401643945	538.4665088438024
brms_gaussian_refreshed	107	deviation_intercept[704]	0.9938323545511886	2124.414351318426	1948.5700772319774	2141.4522763586738	1949.0069026830706	0.9141955683883528	11.946076747241973	12.042873658217434	-664.3077864894059	-655.706193869273	538.6834238547675
brms_gaussian_refreshed	107	deviation_intercept[705]	0.9920872488216005	2217.027782441642	1956.6941983435722	2206.7568747368573	1957.2430578756123	1.0209436072496418	11.982230246752046	12.051447143796068	-1359.6624011862834	-1351.0608085661502	539.1569943480799
brms_gaussian_refreshed	107	deviation_intercept[706]	0.9918431263768169	1900.3401325495445	1960.319648582017	1855.612086570298	1959.7450586655625	1.1305426581907432	11.969110955643929	12.061226269020718	32.42795577519976	41.02954839533269	539.2233416474402
brms_gaussian_refreshed	107	deviation_intercept[707]	0.9915269502386549	1998.6423487451805	1955.4149579352109	1990.1375215035969	1953.7172590157172	1.112797779737914	11.95869110310626	12.059575917465592	-98.49830977186332	-89.89671715173041	539.3093080271498
brms_gaussian_refreshed	107	deviation_intercept[708]	0.9903998239541729	2422.7707527451516	1974.789177136436	2408.348831578945	1972.474112665711	1.07736981348178	11.891799627311444	12.05635841062832	-460.9304671308682	-452.3288745107353	539.6161017246993
brms_gaussian_refreshed	107	deviation_intercept[709]	0.9875343461306005	2232.337871588733	1947.7791459318462	2232.6426772481323	1949.6940636845964	1.276915014758233	12.010469977768944	12.075825618376637	-1152.3263740959042	-1143.7247814757716	540.3984228301924
brms_gaussian_refreshed	107	deviation_intercept[710]	0.9859194379870688	2133.9617432813357	1928.1313914162122	2138.2884867777425	1928.7483964652708	1.3878620769835546	12.116946910132716	12.088060785554298	173.78504296248627	182.3866355826192	540.8408204088388
brms_gaussian_refreshed	107	deviation_intercept[711]	0.9833410921820753	1485.8952509089224	1971.4825157353625	1482.2480058876129	1971.9153900150786	1.8155194610367216	11.8930149566196	12.144593995845621	-1744.8529927810673	-1736.251400160934	541.5494055482187
brms_gaussian_refreshed	107	deviation_intercept[712]	0.9804920890375113	1968.9770233943516	1926.705883783657	1957.1919462538729	1928.1605990465214	1.7122091075972727	12.097418153237747	12.12958006027684	1081.9099754195754	1090.5115680397087	542.3356213796777
brms_gaussian_refreshed	107	deviation_intercept[713]	0.9813936529168297	1790.5612063895078	1980.0215218785356	1774.96590040905	1976.995959483657	1.7551090555396316	12.018047667169114	12.135710123736628	3874.81452805164	3883.416120671773	542.0864540087615
brms_gaussian_refreshed	107	deviation_intercept[714]	0.9787387804150083	2136.191736648569	1951.7461003101942	2193.9957862644364	1951.285119719221	1.689790915583242	12.110048996030816	12.126435822157891	138.1464819390154	146.74807455914828	542.8211729230935
brms_gaussian_refreshed	107	deviation_intercept[715]	0.9736728526545166	1401.21088631178	1935.4570602149863	1403.7234304455435	1933.5876493497226	2.3569196338595457	12.193378735882115	12.237243258634646	904.5239959412513	913.1255885613843	544.2314645103471
brms_gaussian_refreshed	107	deviation_intercept[716]	0.9531975605264087	1481.1771310073652	1961.7481087870146	1529.6102848458077	1962.1239591678768	3.0425839077985084	12.118196277255763	12.387589323452763	747.6953614616817	756.2969540818148	550.0456270742148
brms_gaussian_refreshed	107	deviation_intercept[717]	0.967232806402561	1848.8860629471524	1966.8707973087378	1852.5836466959981	1971.3664949366337	2.2964414584359942	12.02894529418837	12.225739068970435	1475.1774545289727	1483.7790471491055	546.0402643492242
brms_gaussian_refreshed	107	deviation_intercept[718]	0.9608553645673655	1195.5298130137353	1954.9170347111137	1187.6099245048874	1956.8435655155413	3.145287761503461	12.143988056767888	12.413214229730748	1299.4310214151358	1308.0326140352686	547.849371607257
brms_gaussian_refreshed	107	deviation_intercept[719]	0.9569585022730974	1125.5997567945508	1921.7323064161162	1056.6876495250413	1919.7751846703304	3.50359579657986	12.366952251072014	12.508806334592384	4681.196292403077	4689.79788502321	548.9636960922808
brms_gaussian_refreshed	107	deviation_intercept[720]	0.9558132633662358	1792.909721038519	1949.6784752251617	1792.3789167877048	1952.4764193551935	2.7273112370648978	12.257734997105082	12.313946523935652	3286.8710087775344	3295.472601397668	549.2924770358525
brms_gaussian_refreshed	107	deviation_load[701]	0.4109336313026997	1476.9056353924557	1599.0715279426038	1457.1961414029722	1602.7326206071193	0.44849816762001243	0.5487140024947045	0.5508081879347235	-22.677513474285057	-22.824046664806875	22.30681497886547
brms_gaussian_refreshed	107	deviation_load[702]	0.581574626130043	2271.49077818168	1847.653583335557	2283.113721675547	1782.693849705025	0.2538434240672409	0.44714437093049847	0.4082591548019543	-36.28772041799927	-36.43425360852108	18.75083805433159
brms_gaussian_refreshed	107	deviation_load[703]	0.5550775224056876	1221.1983429384986	1593.0375976026871	1214.835416460256	1572.9549091664885	0.3673077050496042	0.4832261096789539	0.4869846031716321	-37.93512118499821	-38.08165437552002	19.19316458466879
brms_gaussian_refreshed	107	deviation_load[704]	0.5095460221089348	2270.5886567428065	2228.4335349760513	2287.385690574781	2214.130520854649	0.29333313984719483	0.4233632996187149	0.4339163334907306	10.949230230455766	10.802697039933953	20.032340811926904
brms_gaussian_refreshed	107	deviation_load[705]	0.46936731148166183	2270.223906030425	1861.2190229203181	2244.581829113424	1807.2495678730695	0.32091961800366176	0.48802254378561316	0.45302147273285087	-21.315614502585735	-21.46214769310755	20.87214041835844
brms_gaussian_refreshed	107	deviation_load[706]	0.4483758985446561	1363.9867946095758	1689.1321765620687	1355.0319021294065	1703.9159102916008	0.4308728551010515	0.5129360906655978	0.536554257089026	-6.257131656714267	-6.403664847236081	21.355132875766923
brms_gaussian_refreshed	107	deviation_load[707]	0.4199005873629926	2278.4564624760733	2230.8047762976435	2256.6055858866202	2252.1345467717283	0.35381280810766463	0.46519547708389525	0.4768884111807039	-0.833302289537359	-0.9798354800591725	22.06734917505998
brms_gaussian_refreshed	107	deviation_load[708]	0.409460726220445	2647.618557143499	2303.51191417987	2651.8741706994047	2290.87617557241	0.3334764871885828	0.46327007384082586	0.4620017543744418	-25.192579793722928	-25.33911298424474	22.34689980870932
brms_gaussian_refreshed	107	deviation_load[709]	0.36352522554374034	2678.8685666647198	2292.8550411232045	2695.197528533576	2298.3032398931423	0.36446130829670587	0.4994350246376938	0.4848413129909326	-44.013431841968405	-44.15996503249022	23.716802211305122
brms_gaussian_refreshed	107	deviation_load[710]	0.31184827719955	1434.5977220897737	1833.3518819829446	1413.3682357355342	1849.4545851686294	0.565023057456092	0.595615616858239	0.649222695994568	-74.35415115503628	-74.50068434555808	25.60658915363113
brms_gaussian_refreshed	107	deviation_load[711]	0.29651131201233377	1470.6359492719182	1318.0436699909974	1471.7892220456617	1312.4915462854915	0.5741277317931828	0.7159905553662728	0.6571618567380565	13.276665525314245	13.130132334792433	26.26048693836153
brms_gaussian_refreshed	107	deviation_load[712]	0.2512508544842149	2006.9395057163733	2181.9081245221096	1991.7381219776748	2204.8063200650645	0.5531229599699378	0.6065734219938782	0.6388928410800441	116.30089884763679	116.15436565711495	28.52788888827978
brms_gaussian_refreshed	107	deviation_load[713]	0.261681960237854	1794.4197284470758	1819.6472495418425	1764.9351718611242	1824.9709226048953	0.5717338119722769	0.6527372735279336	0.6550714505225944	-12.207288231253587	-12.353821421775404	27.953520796578943
brms_gaussian_refreshed	107	deviation_load[714]	0.2504182168800867	1840.6671691691306	2134.3780343525164	1897.6516522541247	2132.7947613244683	0.5679259509719793	0.6269835081953852	0.6517506726692747	-3.8226172208042923	-3.969150411326105	28.575276976036797
brms_gaussian_refreshed	107	deviation_load[715]	0.21130631453851093	1342.2096283009346	1622.8348851553358	1337.636768115858	1606.7702730750088	0.7553569913600913	0.7760640678481098	0.820245839937024	-41.51092362717991	-41.657456817701735	31.10764759176972
brms_gaussian_refreshed	107	deviation_load[716]	0.1318718888082438	1651.5087070112586	1719.8752880107427	1679.5952207122552	1746.6053417306362	0.8952346627566549	0.9426657165383493	0.9506230351398216	-30.96871730161296	-31.11525049213478	39.37742334195131
brms_gaussian_refreshed	107	deviation_load[717]	0.17297078342640362	1715.3771144440852	1814.2360706558152	1719.1542243376994	1817.502678504753	0.7541192701685722	0.8085742404830396	0.8191061757653918	92.40097338050377	92.25444018998195	34.38246676150146
brms_gaussian_refreshed	107	deviation_load[718]	0.14451900000309198	1100.4855649574276	1126.776146950932	1084.8371006947054	1099.8522377669067	1.0562916669473172	1.1268759481997646	1.103626358510781	112.12817259709028	111.98163940656849	37.61498856544893
brms_gaussian_refreshed	107	deviation_load[719]	0.1445634226385781	1253.5567060211695	1438.9423224844252	1246.137094570558	1434.068781753245	0.9853832896044699	0.995904116708606	1.0359629727790234	-30.806255156464438	-30.952788346986242	37.60920880013408
brms_gaussian_refreshed	107	deviation_load[720]	0.1398044082116211	1717.5459910069906	1622.5177426016367	1701.895284281098	1623.1269325784342	0.859795492814729	0.9419496818177477	0.9173261922576657	45.97405838333118	45.82752519280936	38.243970568279
brms_gaussian_refreshed	107	population_intercept_at_load0	0.99883742072534	2015.2988760677579	1949.6692693262942	2015.8423762729228	1947.8983177984346	0.4080616470540849	11.942218250966329	12.015055835006468	5480.0400148412755	5471.438422221143	537.3320867200886
brms_gaussian_refreshed	107	log_sigma_intercept_at_subject0	0.0	2630.70784012805	2630.70784012805	2633.0053361242813	2633.0053361242813	0.03919624757522234	0.03919624757522234	0.03919624757522234	-49.513103177393816	-49.513103177393816	2.011269935306212
brms_gaussian_refreshed	108	population_intercept_at_mean_load	0.9996493877444629	2054.1936622127587	2007.1491156609209	2057.3971133768755	2010.84481970173	0.22214870218339167	12.033588287490547	12.03295175140927	5631.360996647244	5618.558304766695	538.1325935619077
brms_gaussian_refreshed	108	population_load	0.849113120308425	2009.8905196003525	1907.1879123817182	1998.220752876048	1903.03987808449	0.13484804001635936	0.3549503621606168	0.3470202406685792	59.13063721066882	58.985621434495506	15.518174539826372
brms_gaussian_refreshed	108	log_tau_intercept	0.0	142.04985843099809	142.04985843099809	154.46947879571948	154.46947879571948	0.012683194210680714	0.012683194210680714	0.012683194210680714	7.79863149065233	7.79863149065233	0.1576340316427604
brms_gaussian_refreshed	108	log_tau_load	0.0	460.87480303894426	460.87480303894426	457.1053461665094	457.1053461665094	0.010151451755421296	0.010151451755421296	0.010151451755421296	4.111207671463991	4.111207671463991	0.21703826315576014
brms_gaussian_refreshed	108	log_sigma_intercept	0.0	1758.9648775588355	1758.9648775588355	1751.5252009440683	1751.5252009440683	0.00035260534565845333	0.00035260534565845333	0.00035260534565845333	6.051494169134143	6.051494169134143	0.01475696636062145
brms_gaussian_refreshed	108	log_sigma_subj_slope	0.0	2632.663336007037	2632.663336007037	2631.387054799441	2631.387054799441	5.5173891736945504e-5	5.5173891736945504e-5	5.5173891736945504e-5	0.07817435376450198	0.07817435376450198	0.002830257730444975
brms_gaussian_refreshed	108	deviation_intercept[701]	0.9907187467837171	1970.9664345366855	2028.3031713502346	1978.8914200911156	2028.4644945063585	1.1684424183977116	12.01731627024296	12.064837756705954	-4870.7442293599415	-4858.303230777506	539.5292406722111
brms_gaussian_refreshed	108	deviation_intercept[702]	0.9953257606335766	2313.814788988912	2027.361725709191	2299.5792441009235	2033.2170044824304	0.7674301185999389	11.987470864900967	12.032622382401136	-3929.427627839419	-3916.986629256984	538.2791466211944
brms_gaussian_refreshed	108	deviation_intercept[703]	0.9946332235891943	1798.8070080278599	2034.3520292255039	1791.528410133159	2030.9673333247606	0.931973573289197	11.996114997559156	12.044236262704079	-3649.3564002263806	-3636.915401643945	538.4665088438024
brms_gaussian_refreshed	108	deviation_intercept[704]	0.9938323545511886	2124.414351318426	2044.3943713223903	2141.4522763586738	2047.3030418192088	0.9141955683883528	11.94812914682018	12.042873658217434	-668.1471924517085	-655.706193869273	538.6834238547675
brms_gaussian_refreshed	108	deviation_intercept[705]	0.9920872488216005	2217.027782441642	2056.568908133426	2206.7568747368573	2055.212712911911	1.0209436072496418	11.923738054950185	12.051447143796068	-1363.5018071485863	-1351.0608085661502	539.1569943480799
brms_gaussian_refreshed	108	deviation_intercept[706]	0.9918431263768169	1900.3401325495445	2027.3524399363007	1855.612086570298	2025.5310900724833	1.1305426581907432	12.028861549068566	12.061226269020718	28.58854981289704	41.02954839533269	539.2233416474402
brms_gaussian_refreshed	108	deviation_intercept[707]	0.9915269502386549	1998.6423487451805	2066.141287242411	1990.1375215035969	2068.2664971520003	1.112797779737914	11.92140364101564	12.059575917465592	-102.33771573416604	-89.89671715173041	539.3093080271498
brms_gaussian_refreshed	108	deviation_intercept[708]	0.9903998239541729	2422.7707527451516	2040.3193363599382	2408.348831578945	2043.1480003318363	1.07736981348178	11.979414051056738	12.05635841062832	-464.7698730931709	-452.3288745107353	539.6161017246993
brms_gaussian_refreshed	108	deviation_intercept[709]	0.9875343461306005	2232.337871588733	2041.4255268028069	2232.6426772481323	2042.3675753410162	1.276915014758233	11.998831104238542	12.075825618376637	-1156.1657800582072	-1143.7247814757716	540.3984228301924
brms_gaussian_refreshed	108	deviation_intercept[710]	0.9859194379870688	2133.9617432813357	2031.028760918617	2138.2884867777425	2028.5052155105595	1.3878620769835546	12.02480122320989	12.088060785554298	169.94563700018352	182.3866355826192	540.8408204088388
brms_gaussian_refreshed	108	deviation_intercept[711]	0.9833410921820753	1485.8952509089224	2036.6150893164825	1482.2480058876129	2038.6985579344791	1.8155194610367216	12.004288426471222	12.144593995845621	-1748.69239874337	-1736.251400160934	541.5494055482187
brms_gaussian_refreshed	108	deviation_intercept[712]	0.9804920890375113	1968.9770233943516	2019.7495907074203	1957.1919462538729	2019.8344883740363	1.7122091075972727	12.10625456210003	12.12958006027684	1078.0705694572725	1090.5115680397087	542.3356213796777
brms_gaussian_refreshed	108	deviation_intercept[713]	0.9813936529168297	1790.5612063895078	2052.541008159642	1774.96590040905	2052.426542418413	1.7551090555396316	11.934742914702829	12.135710123736628	3870.9751220893377	3883.416120671773	542.0864540087615
brms_gaussian_refreshed	108	deviation_intercept[714]	0.9787387804150083	2136.191736648569	2039.3711131619461	2193.9957862644364	2038.447963955846	1.689790915583242	12.047611918804302	12.126435822157891	134.30707597671264	146.74807455914828	542.8211729230935
brms_gaussian_refreshed	108	deviation_intercept[715]	0.9736728526545166	1401.21088631178	1989.460900387534	1403.7234304455435	1992.479534592428	2.3569196338595457	12.284215581709091	12.237243258634646	900.6845899789487	913.1255885613843	544.2314645103471
brms_gaussian_refreshed	108	deviation_intercept[716]	0.9531975605264087	1481.1771310073652	2003.1937187791082	1529.6102848458077	2004.886201421515	3.0425839077985084	12.356811930591546	12.387589323452763	743.855955499379	756.2969540818148	550.0456270742148
brms_gaussian_refreshed	108	deviation_intercept[717]	0.967232806402561	1848.8860629471524	2039.3861137300937	1852.5836466959981	2041.5409053799553	2.2964414584359942	12.003402373671804	12.225739068970435	1471.3380485666698	1483.7790471491055	546.0402643492242
brms_gaussian_refreshed	108	deviation_intercept[718]	0.9608553645673655	1195.5298130137353	2020.0352980701314	1187.6099245048874	2018.3796672463811	3.145287761503461	12.248182041939	12.413214229730748	1295.5916154528327	1308.0326140352686	547.849371607257
brms_gaussian_refreshed	108	deviation_intercept[719]	0.9569585022730974	1125.5997567945508	1989.4914919941436	1056.6876495250413	1986.5800317722037	3.50359579657986	12.32012966421174	12.508806334592384	4677.3568864407725	4689.79788502321	548.9636960922808
brms_gaussian_refreshed	108	deviation_intercept[720]	0.9558132633662358	1792.909721038519	2021.9013095896846	1792.3789167877048	2027.158914964835	2.7273112370648978	12.32608679166959	12.313946523935652	3283.031602815232	3295.472601397668	549.2924770358525
brms_gaussian_refreshed	108	deviation_load[701]	0.4109336313026997	1476.9056353924557	2058.2511085536466	1457.1961414029722	2075.98267547686	0.44849816762001243	0.48854758974804985	0.5508081879347235	-22.969062440980192	-22.824046664806875	22.30681497886547
brms_gaussian_refreshed	108	deviation_load[702]	0.581574626130043	2271.49077818168	2174.162076341952	2283.113721675547	2176.5055986208517	0.2538434240672409	0.40042586730390556	0.4082591548019543	-36.57926938469439	-36.43425360852108	18.75083805433159
brms_gaussian_refreshed	108	deviation_load[703]	0.5550775224056876	1221.1983429384986	1784.5906722228494	1214.835416460256	1781.7976707318996	0.3673077050496042	0.44797417677682555	0.4869846031716321	-38.226670151693334	-38.08165437552002	19.19316458466879
brms_gaussian_refreshed	108	deviation_load[704]	0.5095460221089348	2270.5886567428065	2053.7200811046796	2287.385690574781	2043.3824899419437	0.29333313984719483	0.4458801843208489	0.4339163334907306	10.657681263760635	10.802697039933953	20.032340811926904
brms_gaussian_refreshed	108	deviation_load[705]	0.46936731148166183	2270.223906030425	2091.9854390394144	2244.581829113424	2090.541601071835	0.32091961800366176	0.4582403014481651	0.45302147273285087	-21.60716346928087	-21.46214769310755	20.87214041835844
brms_gaussian_refreshed	108	deviation_load[706]	0.4483758985446561	1363.9867946095758	1690.2984417521386	1355.0319021294065	1663.4198979114317	0.4308728551010515	0.5185329120581044	0.536554257089026	-6.5486806234094	-6.403664847236081	21.355132875766923
brms_gaussian_refreshed	108	deviation_load[707]	0.4199005873629926	2278.4564624760733	2384.6574069526264	2256.6055858866202	2383.7833171995817	0.35381280810766463	0.4599314738302681	0.4768884111807039	-1.1248512562324908	-0.9798354800591725	22.06734917505998
brms_gaussian_refreshed	108	deviation_load[708]	0.409460726220445	2647.618557143499	2316.366957851551	2651.8741706994047	2319.4743174498194	0.3334764871885828	0.46306026859224797	0.4620017543744418	-25.48412876041806	-25.33911298424474	22.34689980870932
brms_gaussian_refreshed	108	deviation_load[709]	0.36352522554374034	2678.8685666647198	2142.55008759867	2695.197528533576	2133.455327881982	0.36446130829670587	0.5253174045084117	0.4848413129909326	-44.30498080866353	-44.15996503249022	23.716802211305122
brms_gaussian_refreshed	108	deviation_load[710]	0.31184827719955	1434.5977220897737	1992.49062952059	1413.3682357355342	1983.5354117345132	0.565023057456092	0.5817317950489904	0.649222695994568	-74.64570012173141	-74.50068434555808	25.60658915363113
brms_gaussian_refreshed	108	deviation_load[711]	0.29651131201233377	1470.6359492719182	1510.3444573512993	1471.7892220456617	1485.4691445953208	0.5741277317931828	0.6949320805272133	0.6571618567380565	12.985116558619115	13.130132334792433	26.26048693836153
brms_gaussian_refreshed	108	deviation_load[712]	0.2512508544842149	2006.9395057163733	1553.8182674985173	1991.7381219776748	1575.8847188696218	0.5531229599699378	0.7217939836977613	0.6388928410800441	116.00934988094164	116.15436565711495	28.52788888827978
brms_gaussian_refreshed	108	deviation_load[713]	0.261681960237854	1794.4197284470758	2189.7349696027654	1764.9351718611242	2187.6919472386844	0.5717338119722769	0.5926463154426795	0.6550714505225944	-12.49883719794872	-12.353821421775404	27.953520796578943
brms_gaussian_refreshed	108	deviation_load[714]	0.2504182168800867	1840.6671691691306	1648.8870924468827	1897.6516522541247	1656.8824390640216	0.5679259509719793	0.6932601429795255	0.6517506726692747	-4.114166187499424	-3.969150411326105	28.575276976036797
brms_gaussian_refreshed	108	deviation_load[715]	0.21130631453851093	1342.2096283009346	1821.0002246991041	1337.636768115858	1800.415460095497	0.7553569913600913	0.7205075789178129	0.820245839937024	-41.802472593875045	-41.657456817701735	31.10764759176972
brms_gaussian_refreshed	108	deviation_load[716]	0.1318718888082438	1651.5087070112586	1745.5701297308735	1679.5952207122552	1760.661661161536	0.8952346627566549	0.9337310583950432	0.9506230351398216	-31.260266268308097	-31.11525049213478	39.37742334195131
brms_gaussian_refreshed	108	deviation_load[717]	0.17297078342640362	1715.3771144440852	1663.2417580272297	1719.1542243376994	1655.785276043441	0.7541192701685722	0.8521233391386394	0.8191061757653918	92.10942441380864	92.25444018998195	34.38246676150146
brms_gaussian_refreshed	108	deviation_load[718]	0.14451900000309198	1100.4855649574276	1262.1033349421346	1084.8371006947054	1263.597948280614	1.0562916669473172	1.0708529774053348	1.103626358510781	111.83662363039515	111.98163940656849	37.61498856544893
brms_gaussian_refreshed	108	deviation_load[719]	0.1445634226385781	1253.5567060211695	1366.5218039167967	1246.137094570558	1334.8570471007174	0.9853832896044699	1.0305095746401094	1.0359629727790234	-31.097804123159566	-30.952788346986242	37.60920880013408
brms_gaussian_refreshed	108	deviation_load[720]	0.1398044082116211	1717.5459910069906	1801.908916458859	1701.895284281098	1814.4003629114602	0.859795492814729	0.8904087549475218	0.9173261922576657	45.682509416636044	45.82752519280936	38.243970568279
brms_gaussian_refreshed	108	population_intercept_at_load0	0.99883742072534	2015.2988760677579	2026.2449835481834	2015.8423762729228	2030.729620928703	0.4080616470540849	11.969098910073269	12.015055835006468	5483.879420803577	5471.438422221143	537.3320867200886
brms_gaussian_refreshed	108	log_sigma_intercept_at_subject0	0.0	2630.70784012805	2630.70784012805	2633.0053361242813	2633.0053361242813	0.03919624757522234	0.03919624757522234	0.03919624757522234	-49.513103177393816	-49.513103177393816	2.011269935306212
brms_gaussian_refreshed	109	population_intercept_at_mean_load	0.9996493877444629	2054.1936622127587	1944.1252983110417	2057.3971133768755	1939.2237116703027	0.22214870218339167	12.314606134026965	12.03295175140927	5606.544192657676	5618.558304766695	538.1325935619077
brms_gaussian_refreshed	109	population_load	0.849113120308425	2009.8905196003525	2007.9342095091101	1998.220752876048	1986.698681476682	0.13484804001635936	0.34986564128057607	0.3470202406685792	59.30702530514217	58.985621434495506	15.518174539826372
brms_gaussian_refreshed	109	log_tau_intercept	0.0	142.04985843099809	142.04985843099809	154.46947879571948	154.46947879571948	0.012683194210680714	0.012683194210680714	0.012683194210680714	7.79863149065233	7.79863149065233	0.1576340316427604
brms_gaussian_refreshed	109	log_tau_load	0.0	460.87480303894426	460.87480303894426	457.1053461665094	457.1053461665094	0.010151451755421296	0.010151451755421296	0.010151451755421296	4.111207671463991	4.111207671463991	0.21703826315576014
brms_gaussian_refreshed	109	log_sigma_intercept	0.0	1758.9648775588355	1758.9648775588355	1751.5252009440683	1751.5252009440683	0.00035260534565845333	0.00035260534565845333	0.00035260534565845333	6.051494169134143	6.051494169134143	0.01475696636062145
brms_gaussian_refreshed	109	log_sigma_subj_slope	0.0	2632.663336007037	2632.663336007037	2631.387054799441	2631.387054799441	5.5173891736945504e-5	5.5173891736945504e-5	5.5173891736945504e-5	0.07817435376450198	0.07817435376450198	0.002830257730444975
brms_gaussian_refreshed	109	deviation_intercept[701]	0.9907187467837171	1970.9664345366855	1945.6747006665016	1978.8914200911156	1943.2949932426345	1.1684424183977116	12.317747213572188	12.064837756705954	-4845.487484328635	-4858.303230777506	539.5292406722111
brms_gaussian_refreshed	109	deviation_intercept[702]	0.9953257606335766	2313.814788988912	1954.6965064173369	2299.5792441009235	1951.9163633909227	0.7674301185999389	12.287707994287295	12.032622382401136	-3904.1708828081137	-3916.986629256984	538.2791466211944
brms_gaussian_refreshed	109	deviation_intercept[703]	0.9946332235891943	1798.8070080278599	1955.7344749326037	1791.528410133159	1953.381776811922	0.931973573289197	12.288823542110768	12.044236262704079	-3624.0996551950752	-3636.915401643945	538.4665088438024
brms_gaussian_refreshed	109	deviation_intercept[704]	0.9938323545511886	2124.414351318426	1927.887903637034	2141.4522763586738	1926.086321188645	0.9141955683883528	12.374930212567502	12.042873658217434	-642.8904474204027	-655.706193869273	538.6834238547675
brms_gaussian_refreshed	109	deviation_intercept[705]	0.9920872488216005	2217.027782441642	1937.814510449541	2206.7568747368573	1934.3028569158457	1.0209436072496418	12.325384931336238	12.051447143796068	-1338.24506211728	-1351.0608085661502	539.1569943480799
brms_gaussian_refreshed	109	deviation_intercept[706]	0.9918431263768169	1900.3401325495445	1945.2672694475782	1855.612086570298	1941.7938934609583	1.1305426581907432	12.300292108322447	12.061226269020718	53.84529484420313	41.02954839533269	539.2233416474402
brms_gaussian_refreshed	109	deviation_intercept[707]	0.9915269502386549	1998.6423487451805	1953.6344414212435	1990.1375215035969	1951.974391715766	1.112797779737914	12.251852702897681	12.059575917465592	-77.08097070285996	-89.89671715173041	539.3093080271498
brms_gaussian_refreshed	109	deviation_intercept[708]	0.9903998239541729	2422.7707527451516	1944.6917079053044	2408.348831578945	1941.863358012976	1.07736981348178	12.347049172327178	12.05635841062832	-439.51312806186485	-452.3288745107353	539.6161017246993
brms_gaussian_refreshed	109	deviation_intercept[709]	0.9875343461306005	2232.337871588733	1949.4006948159326	2232.6426772481323	1946.1962373638394	1.276915014758233	12.320719744652749	12.075825618376637	-1130.9090350269014	-1143.7247814757716	540.3984228301924
brms_gaussian_refreshed	109	deviation_intercept[710]	0.9859194379870688	2133.9617432813357	1928.1708054855546	2138.2884867777425	1926.4534258670387	1.3878620769835546	12.43687516743414	12.088060785554298	195.20238203148963	182.3866355826192	540.8408204088388
brms_gaussian_refreshed	109	deviation_intercept[711]	0.9833410921820753	1485.8952509089224	1931.175436128558	1482.2480058876129	1922.4319709298254	1.8155194610367216	12.497681701871075	12.144593995845621	-1723.4356537120636	-1736.251400160934	541.5494055482187
brms_gaussian_refreshed	109	deviation_intercept[712]	0.9804920890375113	1968.9770233943516	1946.1794650228694	1957.1919462538729	1944.2313349538076	1.7122091075972727	12.437614851562966	12.12958006027684	1103.327314488579	1090.5115680397087	542.3356213796777
brms_gaussian_refreshed	109	deviation_intercept[713]	0.9813936529168297	1790.5612063895078	1946.8924385883927	1774.96590040905	1945.2689206889536	1.7551090555396316	12.34115928000482	12.135710123736628	3896.2318671206435	3883.416120671773	542.0864540087615
brms_gaussian_refreshed	109	deviation_intercept[714]	0.9787387804150083	2136.191736648569	1953.9751525878698	2193.9957862644364	1952.1811810946028	1.689790915583242	12.424828713132106	12.126435822157891	159.56382100801875	146.74807455914828	542.8211729230935
brms_gaussian_refreshed	109	deviation_intercept[715]	0.9736728526545166	1401.21088631178	1979.6736008298587	1403.7234304455435	1975.6876206513518	2.3569196338595457	12.31001432727418	12.237243258634646	925.9413350102548	913.1255885613843	544.2314645103471
brms_gaussian_refreshed	109	deviation_intercept[716]	0.9531975605264087	1481.1771310073652	1959.67214124937	1529.6102848458077	1965.835579922769	3.0425839077985084	12.405783192098735	12.387589323452763	769.1127005306853	756.2969540818148	550.0456270742148
brms_gaussian_refreshed	109	deviation_intercept[717]	0.967232806402561	1848.8860629471524	1966.4664231507918	1852.5836466959981	1970.2765371705525	2.2964414584359942	12.435524545825375	12.225739068970435	1496.5947935979757	1483.7790471491055	546.0402643492242
brms_gaussian_refreshed	109	deviation_intercept[718]	0.9608553645673655	1195.5298130137353	1927.5307915813817	1187.6099245048874	1921.0509367986247	3.145287761503461	12.563939591710456	12.413214229730748	1320.848360484139	1308.0326140352686	547.849371607257
brms_gaussian_refreshed	109	deviation_intercept[719]	0.9569585022730974	1125.5997567945508	1921.8016259159597	1056.6876495250413	1921.9118466379862	3.50359579657986	12.512703161943154	12.508806334592384	4702.61363147208	4689.79788502321	548.9636960922808
brms_gaussian_refreshed	109	deviation_intercept[720]	0.9558132633662358	1792.909721038519	1980.4770893281377	1792.3789167877048	1984.3583309772512	2.7273112370648978	12.345574848236868	12.313946523935652	3308.288347846538	3295.472601397668	549.2924770358525
brms_gaussian_refreshed	109	deviation_load[701]	0.4109336313026997	1476.9056353924557	1795.9632225146736	1457.1961414029722	1787.409441282138	0.44849816762001243	0.5240548765108459	0.5508081879347235	-23.145450535453538	-22.824046664806875	22.30681497886547
brms_gaussian_refreshed	109	deviation_load[702]	0.581574626130043	2271.49077818168	2349.0391706400133	2283.113721675547	2337.897670171249	0.2538434240672409	0.3931973320210468	0.4082591548019543	-36.75565747916774	-36.43425360852108	18.75083805433159
brms_gaussian_refreshed	109	deviation_load[703]	0.5550775224056876	1221.1983429384986	1617.2504624659348	1214.835416460256	1576.872769525037	0.3673077050496042	0.48633368934796783	0.4869846031716321	-38.40305824616669	-38.08165437552002	19.19316458466879
brms_gaussian_refreshed	109	deviation_load[704]	0.5095460221089348	2270.5886567428065	2094.6979390811443	2287.385690574781	2079.391825385529	0.29333313984719483	0.4283509178753567	0.4339163334907306	10.481293169287287	10.802697039933953	20.032340811926904
brms_gaussian_refreshed	109	deviation_load[705]	0.46936731148166183	2270.223906030425	2098.832759156574	2244.581829113424	2091.2284714915872	0.32091961800366176	0.45333243202494966	0.45302147273285087	-21.783551563754212	-21.46214769310755	20.87214041835844
brms_gaussian_refreshed	109	deviation_load[706]	0.4483758985446561	1363.9867946095758	1884.5395306846572	1355.0319021294065	1866.0325034270843	0.4308728551010515	0.4927105035425391	0.536554257089026	-6.725068717882749	-6.403664847236081	21.355132875766923
brms_gaussian_refreshed	109	deviation_load[707]	0.4199005873629926	2278.4564624760733	2086.4280209416797	2256.6055858866202	2094.0340841618395	0.35381280810766463	0.48149163447344595	0.4768884111807039	-1.30123935070584	-0.9798354800591725	22.06734917505998
brms_gaussian_refreshed	109	deviation_load[708]	0.409460726220445	2647.618557143499	2144.2026622652693	2651.8741706994047	2133.3128403405562	0.3334764871885828	0.47882895817787136	0.4620017543744418	-25.66051685489141	-25.33911298424474	22.34689980870932
brms_gaussian_refreshed	109	deviation_load[709]	0.36352522554374034	2678.8685666647198	2219.837925360425	2695.197528533576	2206.9419355646123	0.36446130829670587	0.4910422138574755	0.4848413129909326	-44.48136890313688	-44.15996503249022	23.716802211305122
brms_gaussian_refreshed	109	deviation_load[710]	0.31184827719955	1434.5977220897737	1923.3574748782314	1413.3682357355342	1929.1302707604464	0.565023057456092	0.586874350874029	0.649222695994568	-74.82208821620476	-74.50068434555808	25.60658915363113
brms_gaussian_refreshed	109	deviation_load[711]	0.29651131201233377	1470.6359492719182	1643.5303333569886	1471.7892220456617	1669.1918371443041	0.5741277317931828	0.6416033397145381	0.6571618567380565	12.808728464145766	13.130132334792433	26.26048693836153
brms_gaussian_refreshed	109	deviation_load[712]	0.2512508544842149	2006.9395057163733	2044.0014025185444	1991.7381219776748	2090.0889395446898	0.5531229599699378	0.6295394954232398	0.6388928410800441	115.8329617864683	116.15436565711495	28.52788888827978
brms_gaussian_refreshed	109	deviation_load[713]	0.261681960237854	1794.4197284470758	2060.669593904347	1764.9351718611242	2059.05785449773	0.5717338119722769	0.6150350672215532	0.6550714505225944	-12.67522529242207	-12.353821421775404	27.953520796578943
brms_gaussian_refreshed	109	deviation_load[714]	0.2504182168800867	1840.6671691691306	1684.3959139082228	1897.6516522541247	1669.1576568677106	0.5679259509719793	0.6973427913054189	0.6517506726692747	-4.290554281972772	-3.969150411326105	28.575276976036797
brms_gaussian_refreshed	109	deviation_load[715]	0.21130631453851093	1342.2096283009346	1732.7897112738517	1337.636768115858	1735.7881770193803	0.7553569913600913	0.7482086809816301	0.820245839937024	-41.9788606883484	-41.657456817701735	31.10764759176972
brms_gaussian_refreshed	109	deviation_load[716]	0.1318718888082438	1651.5087070112586	1894.44284578095	1679.5952207122552	1927.2258773537494	0.8952346627566549	0.8899386790405416	0.9506230351398216	-31.436654362781447	-31.11525049213478	39.37742334195131
brms_gaussian_refreshed	109	deviation_load[717]	0.17297078342640362	1715.3771144440852	1755.924196154755	1719.1542243376994	1748.5097369780933	0.7541192701685722	0.8378993942415296	0.8191061757653918	91.93303631933529	92.25444018998195	34.38246676150146
brms_gaussian_refreshed	109	deviation_load[718]	0.14451900000309198	1100.4855649574276	1224.7393795883918	1084.8371006947054	1214.1148690208995	1.0562916669473172	1.0846338787598282	1.103626358510781	111.66023553592181	111.98163940656849	37.61498856544893
brms_gaussian_refreshed	109	deviation_load[719]	0.1445634226385781	1253.5567060211695	1261.0772211084889	1246.137094570558	1238.5848742372837	0.9853832896044699	1.067513358990906	1.0359629727790234	-31.274192217632915	-30.952788346986242	37.60920880013408
brms_gaussian_refreshed	109	deviation_load[720]	0.1398044082116211	1717.5459910069906	1815.6669181467507	1701.895284281098	1830.1010465499376	0.859795492814729	0.8951770215210809	0.9173261922576657	45.5061213221627	45.82752519280936	38.243970568279
brms_gaussian_refreshed	109	population_intercept_at_load0	0.99883742072534	2015.2988760677579	1941.7433711324525	2015.8423762729228	1939.0373926342213	0.4080616470540849	12.29893680841749	12.015055835006468	5458.622675772273	5471.438422221143	537.3320867200886
brms_gaussian_refreshed	109	log_sigma_intercept_at_subject0	0.0	2630.70784012805	2630.70784012805	2633.0053361242813	2633.0053361242813	0.03919624757522234	0.03919624757522234	0.03919624757522234	-49.513103177393816	-49.513103177393816	2.011269935306212
brms_gaussian_refreshed	110	population_intercept_at_mean_load	0.9996493877444629	2054.1936622127587	1843.3305867140862	2057.3971133768755	1848.6017180041547	0.22214870218339167	12.334931768076206	12.03295175140927	5615.144607645901	5618.558304766695	538.1325935619077
brms_gaussian_refreshed	110	population_load	0.849113120308425	2009.8905196003525	1970.1230560969111	1998.220752876048	1964.7511855508924	0.13484804001635936	0.3570114126063188	0.3470202406685792	58.69200245486571	58.985621434495506	15.518174539826372
brms_gaussian_refreshed	110	log_tau_intercept	0.0	142.04985843099809	142.04985843099809	154.46947879571948	154.46947879571948	0.012683194210680714	0.012683194210680714	0.012683194210680714	7.79863149065233	7.79863149065233	0.1576340316427604
brms_gaussian_refreshed	110	log_tau_load	0.0	460.87480303894426	460.87480303894426	457.1053461665094	457.1053461665094	0.010151451755421296	0.010151451755421296	0.010151451755421296	4.111207671463991	4.111207671463991	0.21703826315576014
brms_gaussian_refreshed	110	log_sigma_intercept	0.0	1758.9648775588355	1758.9648775588355	1751.5252009440683	1751.5252009440683	0.00035260534565845333	0.00035260534565845333	0.00035260534565845333	6.051494169134143	6.051494169134143	0.01475696636062145
brms_gaussian_refreshed	110	log_sigma_subj_slope	0.0	2632.663336007037	2632.663336007037	2631.387054799441	2631.387054799441	5.5173891736945504e-5	5.5173891736945504e-5	5.5173891736945504e-5	0.07817435376450198	0.07817435376450198	0.002830257730444975
brms_gaussian_refreshed	110	deviation_intercept[701]	0.9907187467837171	1970.9664345366855	1835.9167520798899	1978.8914200911156	1843.009460836039	1.1684424183977116	12.408232254358818	12.064837756705954	-4855.621867889119	-4858.303230777506	539.5292406722111
brms_gaussian_refreshed	110	deviation_intercept[702]	0.9953257606335766	2313.814788988912	1821.016243400553	2299.5792441009235	1853.414361674888	0.7674301185999389	12.340330812168483	12.032622382401136	-3914.3052663685976	-3916.986629256984	538.2791466211944
brms_gaussian_refreshed	110	deviation_intercept[703]	0.9946332235891943	1798.8070080278599	1794.2518808751533	1791.528410133159	1814.04100662156	0.931973573289197	12.48032609932546	12.044236262704079	-3634.234038755559	-3636.915401643945	538.4665088438024
brms_gaussian_refreshed	110	deviation_intercept[704]	0.9938323545511886	2124.414351318426	1824.7445299683156	2141.4522763586738	1828.906325819145	0.9141955683883528	12.436018482370434	12.042873658217434	-653.0248309808869	-655.706193869273	538.6834238547675
brms_gaussian_refreshed	110	deviation_intercept[705]	0.9920872488216005	2217.027782441642	1795.3042756965008	2206.7568747368573	1812.0168900257954	1.0209436072496418	12.512619011889324	12.051447143796068	-1348.3794456777644	-1351.0608085661502	539.1569943480799
brms_gaussian_refreshed	110	deviation_intercept[706]	0.9918431263768169	1900.3401325495445	1827.749307671599	1855.612086570298	1819.8393361232677	1.1305426581907432	12.472544070218591	12.061226269020718	43.7109112837187	41.02954839533269	539.2233416474402
brms_gaussian_refreshed	110	deviation_intercept[707]	0.9915269502386549	1998.6423487451805	1831.4293806258404	1990.1375215035969	1834.221799427474	1.112797779737914	12.445390808105662	12.059575917465592	-87.2153542633444	-89.89671715173041	539.3093080271498
brms_gaussian_refreshed	110	deviation_intercept[708]	0.9903998239541729	2422.7707527451516	1831.0106978946808	2408.348831578945	1830.574401459658	1.07736981348178	12.428823518228445	12.05635841062832	-449.64751162234927	-452.3288745107353	539.6161017246993
brms_gaussian_refreshed	110	deviation_intercept[709]	0.9875343461306005	2232.337871588733	1781.8810830846498	2232.6426772481323	1777.397669364313	1.276915014758233	12.655334089560364	12.075825618376637	-1141.0434185873858	-1143.7247814757716	540.3984228301924
brms_gaussian_refreshed	110	deviation_intercept[710]	0.9859194379870688	2133.9617432813357	1857.4497983936235	2138.2884867777425	1866.2529570978793	1.3878620769835546	12.360257959661798	12.088060785554298	185.0679984710052	182.3866355826192	540.8408204088388
brms_gaussian_refreshed	110	deviation_intercept[711]	0.9833410921820753	1485.8952509089224	1838.1394416880378	1482.2480058876129	1836.9391397778948	1.8155194610367216	12.510673966668413	12.144593995845621	-1733.5700372725482	-1736.251400160934	541.5494055482187
brms_gaussian_refreshed	110	deviation_intercept[712]	0.9804920890375113	1968.9770233943516	1838.6302829343945	1957.1919462538729	1835.0135680404198	1.7122091075972727	12.475496144483099	12.12958006027684	1093.1929309280947	1090.5115680397087	542.3356213796777
brms_gaussian_refreshed	110	deviation_intercept[713]	0.9813936529168297	1790.5612063895078	1871.0501622957956	1774.96590040905	1873.0110553261493	1.7551090555396316	12.423053184270078	12.135710123736628	3886.097483560159	3883.416120671773	542.0864540087615
brms_gaussian_refreshed	110	deviation_intercept[714]	0.9787387804150083	2136.191736648569	1864.1784043383727	2193.9957862644364	1859.367499262649	1.689790915583242	12.473115189922446	12.126435822157891	149.4294374475343	146.74807455914828	542.8211729230935
brms_gaussian_refreshed	110	deviation_intercept[715]	0.9736728526545166	1401.21088631178	1885.6152529481888	1403.7234304455435	1877.6119523003845	2.3569196338595457	12.33838593776377	12.237243258634646	915.8069514497705	913.1255885613843	544.2314645103471
brms_gaussian_refreshed	110	deviation_intercept[716]	0.9531975605264087	1481.1771310073652	1828.075650769802	1529.6102848458077	1835.9236269404053	3.0425839077985084	12.68379753661872	12.387589323452763	758.9783169702007	756.2969540818148	550.0456270742148
brms_gaussian_refreshed	110	deviation_intercept[717]	0.967232806402561	1848.8860629471524	1880.2789403187144	1852.5836466959981	1866.610378016423	2.2964414584359942	12.505354976070391	12.225739068970435	1486.4604100374916	1483.7790471491055	546.0402643492242
brms_gaussian_refreshed	110	deviation_intercept[718]	0.9608553645673655	1195.5298130137353	1886.8637851504934	1187.6099245048874	1877.8210616829872	3.145287761503461	12.466896499111915	12.413214229730748	1310.7139769236549	1308.0326140352686	547.849371607257
brms_gaussian_refreshed	110	deviation_intercept[719]	0.9569585022730974	1125.5997567945508	1753.569810184301	1056.6876495250413	1747.2683045029728	3.50359579657986	13.039177099947645	12.508806334592384	4692.479247911595	4689.79788502321	548.9636960922808
brms_gaussian_refreshed	110	deviation_intercept[720]	0.9558132633662358	1792.909721038519	1871.3045755554035	1792.3789167877048	1893.7201754981124	2.7273112370648978	12.398046289000476	12.313946523935652	3298.1539642860535	3295.472601397668	549.2924770358525
brms_gaussian_refreshed	110	deviation_load[701]	0.4109336313026997	1476.9056353924557	2331.5804073359645	1457.1961414029722	2335.516405052049	0.44849816762001243	0.4654840978487217	0.5508081879347235	-22.53042768517708	-22.824046664806875	22.30681497886547
brms_gaussian_refreshed	110	deviation_load[702]	0.581574626130043	2271.49077818168	2313.8528379678082	2283.113721675547	2309.670263749885	0.2538434240672409	0.39877805138378236	0.4082591548019543	-36.14063462889129	-36.43425360852108	18.75083805433159
brms_gaussian_refreshed	110	deviation_load[703]	0.5550775224056876	1221.1983429384986	1919.6771046240897	1214.835416460256	1927.8123190509323	0.3673077050496042	0.44655372603938087	0.4869846031716321	-37.788035395890226	-38.08165437552002	19.19316458466879
brms_gaussian_refreshed	110	deviation_load[704]	0.5095460221089348	2270.5886567428065	2055.8655985120904	2287.385690574781	2054.624597239962	0.29333313984719483	0.44042885363422724	0.4339163334907306	11.096316019563746	10.802697039933953	20.032340811926904
brms_gaussian_refreshed	110	deviation_load[705]	0.46936731148166183	2270.223906030425	2243.5807485152413	2244.581829113424	2237.16706435165	0.32091961800366176	0.4508229295326966	0.45302147273285087	-21.168528713477755	-21.46214769310755	20.87214041835844
brms_gaussian_refreshed	110	deviation_load[706]	0.4483758985446561	1363.9867946095758	2158.1104976756237	1355.0319021294065	2146.783129786344	0.4308728551010515	0.47236999141374875	0.536554257089026	-6.11004586760629	-6.403664847236081	21.355132875766923
brms_gaussian_refreshed	110	deviation_load[707]	0.4199005873629926	2278.4564624760733	2273.426115952814	2256.6055858866202	2282.2889612255312	0.35381280810766463	0.47085293720316435	0.4768884111807039	-0.6862165004293802	-0.9798354800591725	22.06734917505998
brms_gaussian_refreshed	110	deviation_load[708]	0.409460726220445	2647.618557143499	2240.1292317286366	2651.8741706994047	2229.580221095922	0.3334764871885828	0.47616222936305513	0.4620017543744418	-25.045494004614948	-25.33911298424474	22.34689980870932
brms_gaussian_refreshed	110	deviation_load[709]	0.36352522554374034	2678.8685666647198	2268.403865611031	2695.197528533576	2275.141323654405	0.36446130829670587	0.49971264674987537	0.4848413129909326	-43.86634605286043	-44.15996503249022	23.716802211305122
brms_gaussian_refreshed	110	deviation_load[710]	0.31184827719955	1434.5977220897737	2165.632895282742	1413.3682357355342	2170.345066899855	0.565023057456092	0.5619909681370532	0.649222695994568	-74.2070653659283	-74.50068434555808	25.60658915363113
brms_gaussian_refreshed	110	deviation_load[711]	0.29651131201233377	1470.6359492719182	1878.9569860499632	1471.7892220456617	1877.5270899857935	0.5741277317931828	0.6105897922193578	0.6571618567380565	13.423751314422224	13.130132334792433	26.26048693836153
brms_gaussian_refreshed	110	deviation_load[712]	0.2512508544842149	2006.9395057163733	2031.0607127904698	1991.7381219776748	2051.547083939949	0.5531229599699378	0.6337081641620269	0.6388928410800441	116.44798463674478	116.15436565711495	28.52788888827978
brms_gaussian_refreshed	110	deviation_load[713]	0.261681960237854	1794.4197284470758	2381.1276903113067	1764.9351718611242	2387.8242394373533	0.5717338119722769	0.5743187962846474	0.6550714505225944	-12.060202442145608	-12.353821421775404	27.953520796578943
brms_gaussian_refreshed	110	deviation_load[714]	0.2504182168800867	1840.6671691691306	2078.7445854005214	1897.6516522541247	2120.3291686744346	0.5679259509719793	0.6215743492845235	0.6517506726692747	-3.6755314316963132	-3.969150411326105	28.575276976036797
brms_gaussian_refreshed	110	deviation_load[715]	0.21130631453851093	1342.2096283009346	1697.4870786399586	1337.636768115858	1671.6229573704868	0.7553569913600913	0.75372760329352	0.820245839937024	-41.36383783807194	-41.657456817701735	31.10764759176972
brms_gaussian_refreshed	110	deviation_load[716]	0.1318718888082438	1651.5087070112586	1773.7940237849464	1679.5952207122552	1779.5396899125587	0.8952346627566549	0.925327933827624	0.9506230351398216	-30.821631512504986	-31.11525049213478	39.37742334195131
brms_gaussian_refreshed	110	deviation_load[717]	0.17297078342640362	1715.3771144440852	1707.7862036667598	1719.1542243376994	1711.64268635493	0.7541192701685722	0.8231647190973873	0.8191061757653918	92.54805916961175	92.25444018998195	34.38246676150146
brms_gaussian_refreshed	110	deviation_load[718]	0.14451900000309198	1100.4855649574276	1224.4685326053368	1084.8371006947054	1216.3835295065962	1.0562916669473172	1.0982798370630105	1.103626358510781	112.27525838619826	111.98163940656849	37.61498856544893
brms_gaussian_refreshed	110	deviation_load[719]	0.1445634226385781	1253.5567060211695	1450.0972207714628	1246.137094570558	1454.1806137062956	0.9853832896044699	0.9975837569233915	1.0359629727790234	-30.659169367356455	-30.952788346986242	37.60920880013408
brms_gaussian_refreshed	110	deviation_load[720]	0.1398044082116211	1717.5459910069906	1624.8969264597054	1701.895284281098	1612.102008415569	0.859795492814729	0.9502386685911468	0.9173261922576657	46.121144172439145	45.82752519280936	38.243970568279
brms_gaussian_refreshed	110	population_intercept_at_load0	0.99883742072534	2015.2988760677579	1830.6384600663853	2015.8423762729228	1836.5488968007276	0.4080616470540849	12.369131132912859	12.015055835006468	5468.757059332756	5471.438422221143	537.3320867200886
brms_gaussian_refreshed	110	log_sigma_intercept_at_subject0	0.0	2630.70784012805	2630.70784012805	2633.0053361242813	2633.0053361242813	0.03919624757522234	0.03919624757522234	0.03919624757522234	-49.513103177393816	-49.513103177393816	2.011269935306212
brms_gaussian_refreshed	111	population_intercept_at_mean_load	0.9996493877444629	2054.1936622127587	2073.678373734774	2057.3971133768755	2068.3448564995156	0.22214870218339167	11.577209554405217	12.03295175140927	5594.271277650702	5618.558304766695	538.1325935619077
brms_gaussian_refreshed	111	population_load	0.849113120308425	2009.8905196003525	1906.6151997179188	1998.220752876048	1893.1172833019202	0.13484804001635936	0.3667651482298902	0.3470202406685792	59.26530596876328	58.985621434495506	15.518174539826372
brms_gaussian_refreshed	111	log_tau_intercept	0.0	142.04985843099809	142.04985843099809	154.46947879571948	154.46947879571948	0.012683194210680714	0.012683194210680714	0.012683194210680714	7.79863149065233	7.79863149065233	0.1576340316427604
brms_gaussian_refreshed	111	log_tau_load	0.0	460.87480303894426	460.87480303894426	457.1053461665094	457.1053461665094	0.010151451755421296	0.010151451755421296	0.010151451755421296	4.111207671463991	4.111207671463991	0.21703826315576014
brms_gaussian_refreshed	111	log_sigma_intercept	0.0	1758.9648775588355	1758.9648775588355	1751.5252009440683	1751.5252009440683	0.00035260534565845333	0.00035260534565845333	0.00035260534565845333	6.051494169134143	6.051494169134143	0.01475696636062145
brms_gaussian_refreshed	111	log_sigma_subj_slope	0.0	2632.663336007037	2632.663336007037	2631.387054799441	2631.387054799441	5.5173891736945504e-5	5.5173891736945504e-5	5.5173891736945504e-5	0.07817435376450198	0.07817435376450198	0.002830257730444975
brms_gaussian_refreshed	111	deviation_intercept[701]	0.9907187467837171	1970.9664345366855	2078.899613755526	1978.8914200911156	2081.790498248256	1.1684424183977116	11.502422999166164	12.064837756705954	-4833.318624237398	-4858.303230777506	539.5292406722111
brms_gaussian_refreshed	111	deviation_intercept[702]	0.9953257606335766	2313.814788988912	2063.6146857376475	2299.5792441009235	2062.5328072557813	0.7674301185999389	11.545527051211197	12.032622382401136	-3892.0020227168766	-3916.986629256984	538.2791466211944
brms_gaussian_refreshed	111	deviation_intercept[703]	0.9946332235891943	1798.8070080278599	2054.5433793445504	1791.528410133159	2050.569905853346	0.931973573289197	11.573417105947005	12.044236262704079	-3611.9307951038386	-3636.915401643945	538.4665088438024
brms_gaussian_refreshed	111	deviation_intercept[704]	0.9938323545511886	2124.414351318426	2072.114078431045	2141.4522763586738	2070.2387520800944	0.9141955683883528	11.528355361670615	12.042873658217434	-630.721587329166	-655.706193869273	538.6834238547675
brms_gaussian_refreshed	111	deviation_intercept[705]	0.9920872488216005	2217.027782441642	2062.8567022788448	2206.7568747368573	2060.619539602603	1.0209436072496418	11.610212652900568	12.051447143796068	-1326.0762020260433	-1351.0608085661502	539.1569943480799
brms_gaussian_refreshed	111	deviation_intercept[706]	0.9918431263768169	1900.3401325495445	2076.792430154037	1855.612086570298	2076.619275603361	1.1305426581907432	11.531188842795656	12.061226269020718	66.0141549354397	41.02954839533269	539.2233416474402
brms_gaussian_refreshed	111	deviation_intercept[707]	0.9915269502386549	1998.6423487451805	2054.348874630572	1990.1375215035969	2051.817575657589	1.112797779737914	11.605511508765852	12.059575917465592	-64.91211061162338	-89.89671715173041	539.3093080271498
brms_gaussian_refreshed	111	deviation_intercept[708]	0.9903998239541729	2422.7707527451516	2075.1213481472864	2408.348831578945	2070.845165199889	1.07736981348178	11.53760035544487	12.05635841062832	-427.3442679706282	-452.3288745107353	539.6161017246993
brms_gaussian_refreshed	111	deviation_intercept[709]	0.9875343461306005	2232.337871588733	2036.857587494443	2232.6426772481323	2033.5063144972626	1.276915014758233	11.669813962155454	12.075825618376637	-1118.7401749356648	-1143.7247814757716	540.3984228301924
brms_gaussian_refreshed	111	deviation_intercept[710]	0.9859194379870688	2133.9617432813357	2088.480196845187	2138.2884867777425	2088.0868124674603	1.3878620769835546	11.611302225579509	12.088060785554298	207.37124212272622	182.3866355826192	540.8408204088388
brms_gaussian_refreshed	111	deviation_intercept[711]	0.9833410921820753	1485.8952509089224	2086.775054001203	1482.2480058876129	2081.137517510489	1.8155194610367216	11.580214312073236	12.144593995845621	-1711.2667936208272	-1736.251400160934	541.5494055482187
brms_gaussian_refreshed	111	deviation_intercept[712]	0.9804920890375113	1968.9770233943516	2071.7249711528407	1957.1919462538729	2070.290597969212	1.7122091075972727	11.625144533971097	12.12958006027684	1115.4961745798155	1090.5115680397087	542.3356213796777
brms_gaussian_refreshed	111	deviation_intercept[713]	0.9813936529168297	1790.5612063895078	2053.9913751886543	1774.96590040905	2047.73231972549	1.7551090555396316	11.659119125548532	12.135710123736628	3908.400727211881	3883.416120671773	542.0864540087615
brms_gaussian_refreshed	111	deviation_intercept[714]	0.9787387804150083	2136.191736648569	2082.3023345464926	2193.9957862644364	2078.812524153014	1.689790915583242	11.63029096035587	12.126435822157891	171.73268109925527	146.74807455914828	542.8211729230935
brms_gaussian_refreshed	111	deviation_intercept[715]	0.9736728526545166	1401.21088631178	2036.8958006138969	1403.7234304455435	2034.5100613621532	2.3569196338595457	11.778239941395437	12.237243258634646	938.1101951014914	913.1255885613843	544.2314645103471
brms_gaussian_refreshed	111	deviation_intercept[716]	0.9531975605264087	1481.1771310073652	2021.9940166284634	1529.6102848458077	2017.7609667338147	3.0425839077985084	11.980132995804817	12.387589323452763	781.2815606219218	756.2969540818148	550.0456270742148
brms_gaussian_refreshed	111	deviation_intercept[717]	0.967232806402561	1848.8860629471524	2016.5691804948024	1852.5836466959981	2013.6322921435483	2.2964414584359942	11.888958404035671	12.225739068970435	1508.7636536892126	1483.7790471491055	546.0402643492242
brms_gaussian_refreshed	111	deviation_intercept[718]	0.9608553645673655	1195.5298130137353	2119.6867702505683	1187.6099245048874	2118.8019885076124	3.145287761503461	11.725247066416243	12.413214229730748	1333.0172205753756	1308.0326140352686	547.849371607257
brms_gaussian_refreshed	111	deviation_intercept[719]	0.9569585022730974	1125.5997567945508	2017.4159493109403	1056.6876495250413	2017.915717175328	3.50359579657986	11.897510942260713	12.508806334592384	4714.7824915633155	4689.79788502321	548.9636960922808
brms_gaussian_refreshed	111	deviation_intercept[720]	0.9558132633662358	1792.909721038519	2082.0471954280797	1792.3789167877048	2075.502647265538	2.7273112370648978	11.925935397932529	12.313946523935652	3320.4572079377745	3295.472601397668	549.2924770358525
brms_gaussian_refreshed	111	deviation_load[701]	0.4109336313026997	1476.9056353924557	2053.8932490341654	1457.1961414029722	2043.3064795538605	0.44849816762001243	0.497951252345565	0.5508081879347235	-23.103731199074662	-22.824046664806875	22.30681497886547
brms_gaussian_refreshed	111	deviation_load[702]	0.581574626130043	2271.49077818168	2223.2928887288253	2283.113721675547	2217.356329558386	0.2538434240672409	0.4070778609352954	0.4082591548019543	-36.713938142788855	-36.43425360852108	18.75083805433159
brms_gaussian_refreshed	111	deviation_load[703]	0.5550775224056876	1221.1983429384986	2020.64938417083	1214.835416460256	2018.1145387713225	0.3673077050496042	0.4393720618763952	0.4869846031716321	-38.36133890978781	-38.08165437552002	19.19316458466879
brms_gaussian_refreshed	111	deviation_load[704]	0.5095460221089348	2270.5886567428065	2011.7849200366722	2287.385690574781	2001.5343248387064	0.29333313984719483	0.4518420300060203	0.4339163334907306	10.523012505666168	10.802697039933953	20.032340811926904
brms_gaussian_refreshed	111	deviation_load[705]	0.46936731148166183	2270.223906030425	2129.8858314216723	2244.581829113424	2131.0118415661614	0.32091961800366176	0.4596102375025113	0.45302147273285087	-21.741832227375337	-21.46214769310755	20.87214041835844
brms_gaussian_refreshed	111	deviation_load[706]	0.4483758985446561	1363.9867946095758	2085.89844157535	1355.0319021294065	2067.160977648753	0.4308728551010515	0.4842624960081868	0.536554257089026	-6.68334938150387	-6.403664847236081	21.355132875766923
brms_gaussian_refreshed	111	deviation_load[707]	0.4199005873629926	2278.4564624760733	2367.7626811040786	2256.6055858866202	2375.177785045552	0.35381280810766463	0.45959433513976955	0.4768884111807039	-1.2595200143269598	-0.9798354800591725	22.06734917505998
brms_gaussian_refreshed	111	deviation_load[708]	0.409460726220445	2647.618557143499	2282.155514256636	2651.8741706994047	2268.352645165302	0.3334764871885828	0.47692755206940757	0.4620017543744418	-25.618797518512533	-25.33911298424474	22.34689980870932
brms_gaussian_refreshed	111	deviation_load[709]	0.36352522554374034	2678.8685666647198	2332.3603579700434	2695.197528533576	2321.066264756014	0.36446130829670587	0.499255731324031	0.4848413129909326	-44.439649566758014	-44.15996503249022	23.716802211305122
brms_gaussian_refreshed	111	deviation_load[710]	0.31184827719955	1434.5977220897737	2025.5545433984562	1413.3682357355342	2040.8315345967699	0.565023057456092	0.5736571940329659	0.649222695994568	-74.78036887982587	-74.50068434555808	25.60658915363113
brms_gaussian_refreshed	111	deviation_load[711]	0.29651131201233377	1470.6359492719182	1857.5232219831776	1471.7892220456617	1919.7463243343902	0.5741277317931828	0.608147085256416	0.6571618567380565	12.850447800524645	13.130132334792433	26.26048693836153
brms_gaussian_refreshed	111	deviation_load[712]	0.2512508544842149	2006.9395057163733	2141.8586893818306	1991.7381219776748	2143.8577638043785	0.5531229599699378	0.6104713842439307	0.6388928410800441	115.87468112284716	116.15436565711495	28.52788888827978
brms_gaussian_refreshed	111	deviation_load[713]	0.261681960237854	1794.4197284470758	1747.8792388012464	1764.9351718611242	1750.5865551560971	0.5717338119722769	0.6680264383426591	0.6550714505225944	-12.63350595604319	-12.353821421775404	27.953520796578943
brms_gaussian_refreshed	111	deviation_load[714]	0.2504182168800867	1840.6671691691306	2048.4476593023223	1897.6516522541247	2034.5406880614437	0.5679259509719793	0.6437745444275749	0.6517506726692747	-4.248834945593893	-3.969150411326105	28.575276976036797
brms_gaussian_refreshed	111	deviation_load[715]	0.21130631453851093	1342.2096283009346	1451.2209372626482	1337.636768115858	1393.219691621899	0.7553569913600913	0.843762068421678	0.820245839937024	-41.937141351969515	-41.657456817701735	31.10764759176972
brms_gaussian_refreshed	111	deviation_load[716]	0.1318718888082438	1651.5087070112586	1578.2394173147306	1679.5952207122552	1609.9175851570621	0.8952346627566549	0.9859162751471227	0.9506230351398216	-31.394935026402557	-31.11525049213478	39.37742334195131
brms_gaussian_refreshed	111	deviation_load[717]	0.17297078342640362	1715.3771144440852	1718.978905293822	1719.1542243376994	1728.3451011157074	0.7541192701685722	0.8264341277295353	0.8191061757653918	91.97475565571416	92.25444018998195	34.38246676150146
brms_gaussian_refreshed	111	deviation_load[718]	0.14451900000309198	1100.4855649574276	1180.7916539193293	1084.8371006947054	1174.160042544829	1.0562916669473172	1.0888802680158474	1.103626358510781	111.7019548723007	111.98163940656849	37.61498856544893
brms_gaussian_refreshed	111	deviation_load[719]	0.1445634226385781	1253.5567060211695	1302.251168513361	1246.137094570558	1251.6017672842515	0.9853832896044699	1.0666091213270679	1.0359629727790234	-31.23247288125403	-30.952788346986242	37.60920880013408
brms_gaussian_refreshed	111	deviation_load[720]	0.1398044082116211	1717.5459910069906	1847.215145313735	1701.895284281098	1844.8579698819253	0.859795492814729	0.8748928251129594	0.9173261922576657	45.547840658541574	45.82752519280936	38.243970568279
brms_gaussian_refreshed	111	population_intercept_at_load0	0.99883742072534	2015.2988760677579	2060.5078872490644	2015.8423762729228	2057.3409050759155	0.4080616470540849	11.548098765209316	12.015055835006468	5446.453815681037	5471.438422221143	537.3320867200886
brms_gaussian_refreshed	111	log_sigma_intercept_at_subject0	0.0	2630.70784012805	2630.70784012805	2633.0053361242813	2633.0053361242813	0.03919624757522234	0.03919624757522234	0.03919624757522234	-49.513103177393816	-49.513103177393816	2.011269935306212
brms_gaussian_refreshed	112	population_intercept_at_mean_load	0.9996493877444629	2054.1936622127587	1968.3689394162816	2057.3971133768755	1970.6140326496484	0.22214870218339167	12.081750833009913	12.03295175140927	5625.227888621194	5618.558304766695	538.1325935619077
brms_gaussian_refreshed	112	population_load	0.849113120308425	2009.8905196003525	1979.5039646964094	1998.220752876048	1977.3447593411045	0.13484804001635936	0.35310478105068627	0.3470202406685792	58.45529646879555	58.985621434495506	15.518174539826372
brms_gaussian_refreshed	112	log_tau_intercept	0.0	142.04985843099809	142.04985843099809	154.46947879571948	154.46947879571948	0.012683194210680714	0.012683194210680714	0.012683194210680714	7.79863149065233	7.79863149065233	0.1576340316427604
brms_gaussian_refreshed	112	log_tau_load	0.0	460.87480303894426	460.87480303894426	457.1053461665094	457.1053461665094	0.010151451755421296	0.010151451755421296	0.010151451755421296	4.111207671463991	4.111207671463991	0.21703826315576014
brms_gaussian_refreshed	112	log_sigma_intercept	0.0	1758.9648775588355	1758.9648775588355	1751.5252009440683	1751.5252009440683	0.00035260534565845333	0.00035260534565845333	0.00035260534565845333	6.051494169134143	6.051494169134143	0.01475696636062145
brms_gaussian_refreshed	112	log_sigma_subj_slope	0.0	2632.663336007037	2632.663336007037	2631.387054799441	2631.387054799441	5.5173891736945504e-5	5.5173891736945504e-5	5.5173891736945504e-5	0.07817435376450198	0.07817435376450198	0.002830257730444975
brms_gaussian_refreshed	112	deviation_intercept[701]	0.9907187467837171	1970.9664345366855	1960.7900272666866	1978.8914200911156	1965.2318874180899	1.1684424183977116	12.160593978067444	12.064837756705954	-4866.29553269053	-4858.303230777506	539.5292406722111
brms_gaussian_refreshed	112	deviation_intercept[702]	0.9953257606335766	2313.814788988912	1972.8741487962627	2299.5792441009235	1973.1323384142859	0.7674301185999389	12.065892789541106	12.032622382401136	-3924.9789311700083	-3916.986629256984	538.2791466211944
brms_gaussian_refreshed	112	deviation_intercept[703]	0.9946332235891943	1798.8070080278599	1964.4891377871331	1791.528410133159	1965.8006390961202	0.931973573289197	12.089229060038658	12.044236262704079	-3644.90770355697	-3636.915401643945	538.4665088438024
brms_gaussian_refreshed	112	deviation_intercept[704]	0.9938323545511886	2124.414351318426	1959.1176249241212	2141.4522763586738	1960.911141727337	0.9141955683883528	12.125060049954318	12.042873658217434	-663.6984957822972	-655.706193869273	538.6834238547675
brms_gaussian_refreshed	112	deviation_intercept[705]	0.9920872488216005	2217.027782441642	1954.4520003660089	2206.7568747368573	1954.7717457014303	1.0209436072496418	12.115064094672347	12.051447143796068	-1359.0531104791746	-1351.0608085661502	539.1569943480799
brms_gaussian_refreshed	112	deviation_intercept[706]	0.9918431263768169	1900.3401325495445	1966.3662809633086	1855.612086570298	1968.9463334080772	1.1305426581907432	12.084203413162113	12.061226269020718	33.03724648230843	41.02954839533269	539.2233416474402
brms_gaussian_refreshed	112	deviation_intercept[707]	0.9915269502386549	1998.6423487451805	1969.6163067733614	1990.1375215035969	1975.3532844559727	1.112797779737914	12.08932357246492	12.059575917465592	-97.88901906475465	-89.89671715173041	539.3093080271498
brms_gaussian_refreshed	112	deviation_intercept[708]	0.9903998239541729	2422.7707527451516	1967.8355170993223	2408.348831578945	1973.2818353787527	1.07736981348178	12.080701930067587	12.05635841062832	-460.3211764237594	-452.3288745107353	539.6161017246993
brms_gaussian_refreshed	112	deviation_intercept[709]	0.9875343461306005	2232.337871588733	1976.3876278017456	2232.6426772481323	1978.7251862140458	1.276915014758233	12.075725141171446	12.075825618376637	-1151.7170833887956	-1143.7247814757716	540.3984228301924
brms_gaussian_refreshed	112	deviation_intercept[710]	0.9859194379870688	2133.9617432813357	1944.3231717272033	2138.2884867777425	1945.0684117148928	1.3878620769835546	12.18572042426907	12.088060785554298	174.3943336695949	182.3866355826192	540.8408204088388
brms_gaussian_refreshed	112	deviation_intercept[711]	0.9833410921820753	1485.8952509089224	1956.7583851643633	1482.2480058876129	1956.3962362884695	1.8155194610367216	12.19972222311885	12.144593995845621	-1744.2437020739585	-1736.251400160934	541.5494055482187
brms_gaussian_refreshed	112	deviation_intercept[712]	0.9804920890375113	1968.9770233943516	2003.8976261907858	1957.1919462538729	2008.4136875054578	1.7122091075972727	12.062459246353274	12.12958006027684	1082.5192661266844	1090.5115680397087	542.3356213796777
brms_gaussian_refreshed	112	deviation_intercept[713]	0.9813936529168297	1790.5612063895078	2020.1703032989112	1774.96590040905	2019.1301002176738	1.7551090555396316	12.088925846883233	12.135710123736628	3875.4238187587493	3883.416120671773	542.0864540087615
brms_gaussian_refreshed	112	deviation_intercept[714]	0.9787387804150083	2136.191736648569	1984.7123611665436	2193.9957862644364	1986.960973638046	1.689790915583242	12.115212018505057	12.126435822157891	138.755772646124	146.74807455914828	542.8211729230935
brms_gaussian_refreshed	112	deviation_intercept[715]	0.9736728526545166	1401.21088631178	1975.072828630839	1403.7234304455435	1977.1938679299396	2.3569196338595457	12.13740278659586	12.237243258634646	905.1332866483602	913.1255885613843	544.2314645103471
brms_gaussian_refreshed	112	deviation_intercept[716]	0.9531975605264087	1481.1771310073652	2000.0093435717115	1529.6102848458077	2008.8830544782886	3.0425839077985084	12.271949369753608	12.387589323452763	748.3046521687905	756.2969540818148	550.0456270742148
brms_gaussian_refreshed	112	deviation_intercept[717]	0.967232806402561	1848.8860629471524	1943.093349960111	1852.5836466959981	1947.9959051876783	2.2964414584359942	12.304492466145978	12.225739068970435	1475.7867452360815	1483.7790471491055	546.0402643492242
brms_gaussian_refreshed	112	deviation_intercept[718]	0.9608553645673655	1195.5298130137353	1974.7079102535365	1187.6099245048874	1975.343125169428	3.145287761503461	12.396712001637223	12.413214229730748	1300.0403121222444	1308.0326140352686	547.849371607257
brms_gaussian_refreshed	112	deviation_intercept[719]	0.9569585022730974	1125.5997567945508	1936.3142229006846	1056.6876495250413	1939.1772684568296	3.50359579657986	12.385837463183059	12.508806334592384	4681.805583110186	4689.79788502321	548.9636960922808
brms_gaussian_refreshed	112	deviation_intercept[720]	0.9558132633662358	1792.909721038519	1986.7138687907502	1792.3789167877048	1990.744676608043	2.7273112370648978	12.174322511312353	12.313946523935652	3287.480299484643	3295.472601397668	549.2924770358525
brms_gaussian_refreshed	112	deviation_load[701]	0.4109336313026997	1476.9056353924557	2187.7521499519876	1457.1961414029722	2193.034988992269	0.44849816762001243	0.47508479815560584	0.5508081879347235	-22.29372169910693	-22.824046664806875	22.30681497886547
brms_gaussian_refreshed	112	deviation_load[702]	0.581574626130043	2271.49077818168	2435.336728815964	2283.113721675547	2419.206305862599	0.2538434240672409	0.3840336061911108	0.4082591548019543	-35.903928642821135	-36.43425360852108	18.75083805433159
brms_gaussian_refreshed	112	deviation_load[703]	0.5550775224056876	1221.1983429384986	1604.3015242648735	1214.835416460256	1568.7697390204978	0.3673077050496042	0.4900104201573925	0.4869846031716321	-37.551329409820084	-38.08165437552002	19.19316458466879
brms_gaussian_refreshed	112	deviation_load[704]	0.5095460221089348	2270.5886567428065	2401.487375571087	2287.385690574781	2402.2539274383835	0.29333313984719483	0.40993352375562475	0.4339163334907306	11.333022005633895	10.802697039933953	20.032340811926904
brms_gaussian_refreshed	112	deviation_load[705]	0.46936731148166183	2270.223906030425	2273.4939429544547	2244.581829113424	2273.421381936577	0.32091961800366176	0.4485859052263567	0.45302147273285087	-20.931822727407607	-21.46214769310755	20.87214041835844
brms_gaussian_refreshed	112	deviation_load[706]	0.4483758985446561	1363.9867946095758	1412.314100182543	1355.0319021294065	1412.5336796480542	0.4308728551010515	0.5725974269530443	0.536554257089026	-5.8733398815361415	-6.403664847236081	21.355132875766923
brms_gaussian_refreshed	112	deviation_load[707]	0.4199005873629926	2278.4564624760733	2314.2253074581836	2256.6055858866202	2317.029778294324	0.35381280810766463	0.44693421377836995	0.4768884111807039	-0.449510514359231	-0.9798354800591725	22.06734917505998
brms_gaussian_refreshed	112	deviation_load[708]	0.409460726220445	2647.618557143499	2326.28557753577	2651.8741706994047	2323.014191467384	0.3334764871885828	0.46894491874413485	0.4620017543744418	-24.808788018544803	-25.33911298424474	22.34689980870932
brms_gaussian_refreshed	112	deviation_load[709]	0.36352522554374034	2678.8685666647198	2324.7808254323895	2695.197528533576	2327.7620557885407	0.36446130829670587	0.5031151350842458	0.4848413129909326	-43.62964006679028	-44.15996503249022	23.716802211305122
brms_gaussian_refreshed	112	deviation_load[710]	0.31184827719955	1434.5977220897737	1529.0961973950864	1413.3682357355342	1544.717422889432	0.565023057456092	0.6484835049575386	0.649222695994568	-73.97035937985814	-74.50068434555808	25.60658915363113
brms_gaussian_refreshed	112	deviation_load[711]	0.29651131201233377	1470.6359492719182	1682.0891902779051	1471.7892220456617	1679.034161369731	0.5741277317931828	0.6481293630246275	0.6571618567380565	13.660457300492377	13.130132334792433	26.26048693836153
brms_gaussian_refreshed	112	deviation_load[712]	0.2512508544842149	2006.9395057163733	1319.1525323786143	1991.7381219776748	1392.8686955327562	0.5531229599699378	0.7692754398531676	0.6388928410800441	116.6846906228149	116.15436565711495	28.52788888827978
brms_gaussian_refreshed	112	deviation_load[713]	0.261681960237854	1794.4197284470758	1937.964004315288	1764.9351718611242	1948.1884798976964	0.5717338119722769	0.6187052575310056	0.6550714505225944	-11.823496456075464	-12.353821421775404	27.953520796578943
brms_gaussian_refreshed	112	deviation_load[714]	0.2504182168800867	1840.6671691691306	1671.836867236343	1897.6516522541247	1688.7995156975105	0.5679259509719793	0.6895448242021712	0.6517506726692747	-3.438825445626164	-3.969150411326105	28.575276976036797
brms_gaussian_refreshed	112	deviation_load[715]	0.21130631453851093	1342.2096283009346	1963.8344961702282	1337.636768115858	1944.916864966199	0.7553569913600913	0.6969462369874742	0.820245839937024	-41.12713185200178	-41.657456817701735	31.10764759176972
brms_gaussian_refreshed	112	deviation_load[716]	0.1318718888082438	1651.5087070112586	1841.707344662726	1679.5952207122552	1882.1437618629282	0.8952346627566549	0.8981711199867336	0.9506230351398216	-30.58492552643483	-31.11525049213478	39.37742334195131
brms_gaussian_refreshed	112	deviation_load[717]	0.17297078342640362	1715.3771144440852	1747.6694816982877	1719.1542243376994	1752.7646772038065	0.7541192701685722	0.8363543326579822	0.8191061757653918	92.78476515568191	92.25444018998195	34.38246676150146
brms_gaussian_refreshed	112	deviation_load[718]	0.14451900000309198	1100.4855649574276	1231.5057450240242	1084.8371006947054	1236.7354311342447	1.0562916669473172	1.07235011653972	1.103626358510781	112.51196437226844	111.98163940656849	37.61498856544893
brms_gaussian_refreshed	112	deviation_load[719]	0.1445634226385781	1253.5567060211695	1356.8072954093527	1246.137094570558	1323.8695530820944	0.9853832896044699	1.0252367245309937	1.0359629727790234	-30.42246338128631	-30.952788346986242	37.60920880013408
brms_gaussian_refreshed	112	deviation_load[720]	0.1398044082116211	1717.5459910069906	1917.900199272734	1701.895284281098	1906.9195484182592	0.859795492814729	0.8782437813794856	0.9173261922576657	46.3578501585093	45.82752519280936	38.243970568279
brms_gaussian_refreshed	112	population_intercept_at_load0	0.99883742072534	2015.2988760677579	1959.5258946694833	2015.8423762729228	1961.693825092685	0.4080616470540849	12.073783722137353	12.015055835006468	5479.430724134167	5471.438422221143	537.3320867200886
brms_gaussian_refreshed	112	log_sigma_intercept_at_subject0	0.0	2630.70784012805	2630.70784012805	2633.0053361242813	2633.0053361242813	0.03919624757522234	0.03919624757522234	0.03919624757522234	-49.513103177393816	-49.513103177393816	2.011269935306212
brms_gaussian_refreshed	113	population_intercept_at_mean_load	0.9996493877444629	2054.1936622127587	1850.419237612076	2057.3971133768755	1851.74162258337	0.22214870218339167	12.789035309901744	12.03295175140927	5609.768730294453	5618.558304766695	538.1325935619077
brms_gaussian_refreshed	113	population_load	0.849113120308425	2009.8905196003525	2051.7222755669836	1998.220752876048	2041.2743628760982	0.13484804001635936	0.3360999328966259	0.3470202406685792	58.77650768828638	58.985621434495506	15.518174539826372
brms_gaussian_refreshed	113	log_tau_intercept	0.0	142.04985843099809	142.04985843099809	154.46947879571948	154.46947879571948	0.012683194210680714	0.012683194210680714	0.012683194210680714	7.79863149065233	7.79863149065233	0.1576340316427604
brms_gaussian_refreshed	113	log_tau_load	0.0	460.87480303894426	460.87480303894426	457.1053461665094	457.1053461665094	0.010151451755421296	0.010151451755421296	0.010151451755421296	4.111207671463991	4.111207671463991	0.21703826315576014
brms_gaussian_refreshed	113	log_sigma_intercept	0.0	1758.9648775588355	1758.9648775588355	1751.5252009440683	1751.5252009440683	0.00035260534565845333	0.00035260534565845333	0.00035260534565845333	6.051494169134143	6.051494169134143	0.01475696636062145
brms_gaussian_refreshed	113	log_sigma_subj_slope	0.0	2632.663336007037	2632.663336007037	2631.387054799441	2631.387054799441	5.5173891736945504e-5	5.5173891736945504e-5	5.5173891736945504e-5	0.07817435376450198	0.07817435376450198	0.002830257730444975
brms_gaussian_refreshed	113	deviation_intercept[701]	0.9907187467837171	1970.9664345366855	1846.7625215818143	1978.8914200911156	1846.9248952212736	1.1684424183977116	12.825050052292074	12.064837756705954	-4850.035220527743	-4858.303230777506	539.5292406722111
brms_gaussian_refreshed	113	deviation_intercept[702]	0.9953257606335766	2313.814788988912	1851.1469272805082	2299.5792441009235	1851.8013645647916	0.7674301185999389	12.779370218717986	12.032622382401136	-3908.7186190072216	-3916.986629256984	538.2791466211944
brms_gaussian_refreshed	113	deviation_intercept[703]	0.9946332235891943	1798.8070080278599	1849.3433507902923	1791.528410133159	1846.558025084585	0.931973573289197	12.790122359766707	12.044236262704079	-3628.647391394183	-3636.915401643945	538.4665088438024
brms_gaussian_refreshed	113	deviation_intercept[704]	0.9938323545511886	2124.414351318426	1832.7232001470336	2141.4522763586738	1833.5321312384685	0.9141955683883528	12.786008515994697	12.042873658217434	-647.4381836195104	-655.706193869273	538.6834238547675
brms_gaussian_refreshed	113	deviation_intercept[705]	0.9920872488216005	2217.027782441642	1859.3503302519746	2206.7568747368573	1857.762710309909	1.0209436072496418	12.742579784630387	12.051447143796068	-1342.792798316388	-1351.0608085661502	539.1569943480799
brms_gaussian_refreshed	113	deviation_intercept[706]	0.9918431263768169	1900.3401325495445	1845.4759441581402	1855.612086570298	1846.3824389578158	1.1305426581907432	12.818693363049999	12.061226269020718	49.29755864509518	41.02954839533269	539.2233416474402
brms_gaussian_refreshed	113	deviation_intercept[707]	0.9915269502386549	1998.6423487451805	1850.6234645452778	1990.1375215035969	1849.1613736327545	1.112797779737914	12.788086430146667	12.059575917465592	-81.6287069019679	-89.89671715173041	539.3093080271498
brms_gaussian_refreshed	113	deviation_intercept[708]	0.9903998239541729	2422.7707527451516	1827.8861831611646	2408.348831578945	1828.0546314163287	1.07736981348178	12.850886276745184	12.05635841062832	-444.06086426097283	-452.3288745107353	539.6161017246993
brms_gaussian_refreshed	113	deviation_intercept[709]	0.9875343461306005	2232.337871588733	1850.8972146839633	2232.6426772481323	1847.4205448133862	1.276915014758233	12.885386279162292	12.075825618376637	-1135.4567712260089	-1143.7247814757716	540.3984228301924
brms_gaussian_refreshed	113	deviation_intercept[710]	0.9859194379870688	2133.9617432813357	1852.2053011031826	2138.2884867777425	1852.730877157568	1.3878620769835546	12.840408121465613	12.088060785554298	190.65464583238165	182.3866355826192	540.8408204088388
brms_gaussian_refreshed	113	deviation_intercept[711]	0.9833410921820753	1485.8952509089224	1845.0654393707662	1482.2480058876129	1845.2517188233946	1.8155194610367216	12.865738123927535	12.144593995845621	-1727.9833899111716	-1736.251400160934	541.5494055482187
brms_gaussian_refreshed	113	deviation_intercept[712]	0.9804920890375113	1968.9770233943516	1851.2875504729989	1957.1919462538729	1849.504327819089	1.7122091075972727	12.876702846049554	12.12958006027684	1098.7795782894711	1090.5115680397087	542.3356213796777
brms_gaussian_refreshed	113	deviation_intercept[713]	0.9813936529168297	1790.5612063895078	1876.3576169998043	1774.96590040905	1872.6686809182813	1.7551090555396316	12.800005936733589	12.135710123736628	3891.684130921536	3883.416120671773	542.0864540087615
brms_gaussian_refreshed	113	deviation_intercept[714]	0.9787387804150083	2136.191736648569	1810.9739385743346	2193.9957862644364	1811.9873905190377	1.689790915583242	12.934406688373615	12.126435822157891	155.0160848089108	146.74807455914828	542.8211729230935
brms_gaussian_refreshed	113	deviation_intercept[715]	0.9736728526545166	1401.21088631178	1867.7890390183418	1403.7234304455435	1863.6870443354387	2.3569196338595457	12.869308161867913	12.237243258634646	921.3935988111468	913.1255885613843	544.2314645103471
brms_gaussian_refreshed	113	deviation_intercept[716]	0.9531975605264087	1481.1771310073652	1863.2444454027475	1529.6102848458077	1862.3143807041365	3.0425839077985084	13.036278291282303	12.387589323452763	764.5649643315772	756.2969540818148	550.0456270742148
brms_gaussian_refreshed	113	deviation_intercept[717]	0.967232806402561	1848.8860629471524	1892.6143634689454	1852.5836466959981	1885.8356289729197	2.2964414584359942	12.836690966947055	12.225739068970435	1492.047057398868	1483.7790471491055	546.0402643492242
brms_gaussian_refreshed	113	deviation_intercept[718]	0.9608553645673655	1195.5298130137353	1901.0284571306026	1187.6099245048874	1890.1973768116954	3.145287761503461	12.935195101814182	12.413214229730748	1316.300624285031	1308.0326140352686	547.849371607257
brms_gaussian_refreshed	113	deviation_intercept[719]	0.9569585022730974	1125.5997567945508	1866.067324970076	1056.6876495250413	1864.8366485548454	3.50359579657986	12.923334313207238	12.508806334592384	4698.065895272971	4689.79788502321	548.9636960922808
brms_gaussian_refreshed	113	deviation_intercept[720]	0.9558132633662358	1792.909721038519	1839.6774078715268	1792.3789167877048	1839.9015055628313	2.7273112370648978	13.114873515113064	12.313946523935652	3303.7406116474303	3295.472601397668	549.2924770358525
brms_gaussian_refreshed	113	deviation_load[701]	0.4109336313026997	1476.9056353924557	1803.971722417533	1457.1961414029722	1828.3290245143062	0.44849816762001243	0.5207393080607402	0.5508081879347235	-22.61493291859775	-22.824046664806875	22.30681497886547
brms_gaussian_refreshed	113	deviation_load[702]	0.581574626130043	2271.49077818168	2232.296049300752	2283.113721675547	2221.212747959848	0.2538434240672409	0.3935592771138296	0.4082591548019543	-36.22513986231195	-36.43425360852108	18.75083805433159
brms_gaussian_refreshed	113	deviation_load[703]	0.5550775224056876	1221.1983429384986	1816.8936628164656	1214.835416460256	1797.2971784671943	0.3673077050496042	0.4390370565104568	0.4869846031716321	-37.8725406293109	-38.08165437552002	19.19316458466879
brms_gaussian_refreshed	113	deviation_load[704]	0.5095460221089348	2270.5886567428065	1964.9972448830317	2287.385690574781	1954.3069612453241	0.29333313984719483	0.46171561522323507	0.4339163334907306	11.01181078614308	10.802697039933953	20.032340811926904
brms_gaussian_refreshed	113	deviation_load[705]	0.46936731148166183	2270.223906030425	2051.167018312071	2244.581829113424	2043.7576765819445	0.32091961800366176	0.4627972855431717	0.45302147273285087	-21.253033946898423	-21.46214769310755	20.87214041835844
brms_gaussian_refreshed	113	deviation_load[706]	0.4483758985446561	1363.9867946095758	1976.999062800093	1355.0319021294065	1943.3672803112404	0.4308728551010515	0.4836745605188571	0.536554257089026	-6.194551101026956	-6.403664847236081	21.355132875766923
brms_gaussian_refreshed	113	deviation_load[707]	0.4199005873629926	2278.4564624760733	2361.893364670788	2256.6055858866202	2342.791741835225	0.35381280810766463	0.45383582254597565	0.4768884111807039	-0.7707217338500468	-0.9798354800591725	22.06734917505998
brms_gaussian_refreshed	113	deviation_load[708]	0.409460726220445	2647.618557143499	2259.6762904937323	2651.8741706994047	2250.941771693527	0.3334764871885828	0.45231473692031676	0.4620017543744418	-25.129999238035612	-25.33911298424474	22.34689980870932
brms_gaussian_refreshed	113	deviation_load[709]	0.36352522554374034	2678.8685666647198	2509.778234845742	2695.197528533576	2509.540159874328	0.36446130829670587	0.4700482715399537	0.4848413129909326	-43.95085128628109	-44.15996503249022	23.716802211305122
brms_gaussian_refreshed	113	deviation_load[710]	0.31184827719955	1434.5977220897737	1668.496272560655	1413.3682357355342	1694.064077120095	0.565023057456092	0.6054778649689876	0.649222695994568	-74.29157059934896	-74.50068434555808	25.60658915363113
brms_gaussian_refreshed	113	deviation_load[711]	0.29651131201233377	1470.6359492719182	1915.7855703557368	1471.7892220456617	1997.48750771231	0.5741277317931828	0.5852337261524856	0.6571618567380565	13.339246081001559	13.130132334792433	26.26048693836153
brms_gaussian_refreshed	113	deviation_load[712]	0.2512508544842149	2006.9395057163733	2249.2181423995776	1991.7381219776748	2276.1073994213916	0.5531229599699378	0.6107048630959159	0.6388928410800441	116.36347940332408	116.15436565711495	28.52788888827978
brms_gaussian_refreshed	113	deviation_load[713]	0.261681960237854	1794.4197284470758	1922.6599870558919	1764.9351718611242	1924.018633098999	0.5717338119722769	0.6405365069612453	0.6550714505225944	-12.144707675566279	-12.353821421775404	27.953520796578943
brms_gaussian_refreshed	113	deviation_load[714]	0.2504182168800867	1840.6671691691306	1616.6361284410284	1897.6516522541247	1627.1441818928997	0.5679259509719793	0.7028522410281166	0.6517506726692747	-3.7600366651169796	-3.969150411326105	28.575276976036797
brms_gaussian_refreshed	113	deviation_load[715]	0.21130631453851093	1342.2096283009346	1212.52636688916	1337.636768115858	1203.986020732124	0.7553569913600913	0.8843178793149348	0.820245839937024	-41.448343071492594	-41.657456817701735	31.10764759176972
brms_gaussian_refreshed	113	deviation_load[716]	0.1318718888082438	1651.5087070112586	1713.1491633070725	1679.5952207122552	1727.8952155396112	0.8952346627566549	0.9552651118103666	0.9506230351398216	-30.90613674592565	-31.11525049213478	39.37742334195131
brms_gaussian_refreshed	113	deviation_load[717]	0.17297078342640362	1715.3771144440852	1825.2748323575943	1719.1542243376994	1824.179913990393	0.7541192701685722	0.8017364062946198	0.8191061757653918	92.4635539361911	92.25444018998195	34.38246676150146
brms_gaussian_refreshed	113	deviation_load[718]	0.14451900000309198	1100.4855649574276	1135.1835369274477	1084.8371006947054	1124.5753139341773	1.0562916669473172	1.1300405809374827	1.103626358510781	112.19075315277759	111.98163940656849	37.61498856544893
brms_gaussian_refreshed	113	deviation_load[719]	0.1445634226385781	1253.5567060211695	1576.9624751000238	1246.137094570558	1561.0291551243688	0.9853832896044699	0.9521366389787607	1.0359629727790234	-30.743674600777123	-30.952788346986242	37.60920880013408
brms_gaussian_refreshed	113	deviation_load[720]	0.1398044082116211	1717.5459910069906	1840.6051996348542	1701.895284281098	1821.0363581499541	0.859795492814729	0.9036722974966127	0.9173261922576657	46.036638939018495	45.82752519280936	38.243970568279
brms_gaussian_refreshed	113	population_intercept_at_load0	0.99883742072534	2015.2988760677579	1846.799741210811	2015.8423762729228	1848.3265624156138	0.4080616470540849	12.759904409023529	12.015055835006468	5463.1704119713795	5471.438422221143	537.3320867200886
brms_gaussian_refreshed	113	log_sigma_intercept_at_subject0	0.0	2630.70784012805	2630.70784012805	2633.0053361242813	2633.0053361242813	0.03919624757522234	0.03919624757522234	0.03919624757522234	-49.513103177393816	-49.513103177393816	2.011269935306212
brms_gaussian_refreshed	114	population_intercept_at_mean_load	0.9996493877444629	2054.1936622127587	2134.851359649813	2057.3971133768755	2132.4131782865893	0.22214870218339167	11.563844820739824	12.03295175140927	5611.714565163994	5618.558304766695	538.1325935619077
brms_gaussian_refreshed	114	population_load	0.849113120308425	2009.8905196003525	2044.3683224351066	1998.220752876048	2081.4619196380645	0.13484804001635936	0.3416887812770297	0.3470202406685792	59.215425994692474	58.985621434495506	15.518174539826372
brms_gaussian_refreshed	114	log_tau_intercept	0.0	142.04985843099809	142.04985843099809	154.46947879571948	154.46947879571948	0.012683194210680714	0.012683194210680714	0.012683194210680714	7.79863149065233	7.79863149065233	0.1576340316427604
brms_gaussian_refreshed	114	log_tau_load	0.0	460.87480303894426	460.87480303894426	457.1053461665094	457.1053461665094	0.010151451755421296	0.010151451755421296	0.010151451755421296	4.111207671463991	4.111207671463991	0.21703826315576014
brms_gaussian_refreshed	114	log_sigma_intercept	0.0	1758.9648775588355	1758.9648775588355	1751.5252009440683	1751.5252009440683	0.00035260534565845333	0.00035260534565845333	0.00035260534565845333	6.051494169134143	6.051494169134143	0.01475696636062145
brms_gaussian_refreshed	114	log_sigma_subj_slope	0.0	2632.663336007037	2632.663336007037	2631.387054799441	2631.387054799441	5.5173891736945504e-5	5.5173891736945504e-5	5.5173891736945504e-5	0.07817435376450198	0.07817435376450198	0.002830257730444975
brms_gaussian_refreshed	114	deviation_intercept[701]	0.9907187467837171	1970.9664345366855	2120.935763345891	1978.8914200911156	2124.9476280835065	1.1684424183977116	11.620323817728199	12.064837756705954	-4850.886320644727	-4858.303230777506	539.5292406722111
brms_gaussian_refreshed	114	deviation_intercept[702]	0.9953257606335766	2313.814788988912	2132.2890455619004	2299.5792441009235	2132.540771293357	0.7674301185999389	11.592507295883031	12.032622382401136	-3909.5697191242043	-3916.986629256984	538.2791466211944
brms_gaussian_refreshed	114	deviation_intercept[703]	0.9946332235891943	1798.8070080278599	2136.4114300253705	1791.528410133159	2137.273739386148	0.931973573289197	11.587806719387526	12.044236262704079	-3629.4984915111663	-3636.915401643945	538.4665088438024
brms_gaussian_refreshed	114	deviation_intercept[704]	0.9938323545511886	2124.414351318426	2143.376997310469	2141.4522763586738	2141.765427075833	0.9141955683883528	11.585840655139362	12.042873658217434	-648.2892837364934	-655.706193869273	538.6834238547675
brms_gaussian_refreshed	114	deviation_intercept[705]	0.9920872488216005	2217.027782441642	2132.8839784053985	2206.7568747368573	2131.6782248706686	1.0209436072496418	11.615447830995064	12.051447143796068	-1343.643898433371	-1351.0608085661502	539.1569943480799
brms_gaussian_refreshed	114	deviation_intercept[706]	0.9918431263768169	1900.3401325495445	2133.2410648482455	1855.612086570298	2131.9502514918036	1.1305426581907432	11.606425647862988	12.061226269020718	48.44645852811217	41.02954839533269	539.2233416474402
brms_gaussian_refreshed	114	deviation_intercept[707]	0.9915269502386549	1998.6423487451805	2130.5741795898066	1990.1375215035969	2130.950893216394	1.112797779737914	11.654539075377025	12.059575917465592	-82.47980701895094	-89.89671715173041	539.3093080271498
brms_gaussian_refreshed	114	deviation_intercept[708]	0.9903998239541729	2422.7707527451516	2130.931446599363	2408.348831578945	2130.320887333744	1.07736981348178	11.634129341603275	12.05635841062832	-444.9119643779558	-452.3288745107353	539.6161017246993
brms_gaussian_refreshed	114	deviation_intercept[709]	0.9875343461306005	2232.337871588733	2169.956629239607	2232.6426772481323	2167.1506739810707	1.276915014758233	11.50273087489708	12.075825618376637	-1136.307871342992	-1143.7247814757716	540.3984228301924
brms_gaussian_refreshed	114	deviation_intercept[710]	0.9859194379870688	2133.9617432813357	2150.494617505974	2138.2884867777425	2151.2222969565173	1.3878620769835546	11.565269988202045	12.088060785554298	189.80354571539866	182.3866355826192	540.8408204088388
brms_gaussian_refreshed	114	deviation_intercept[711]	0.9833410921820753	1485.8952509089224	2122.5110397547573	1482.2480058876129	2125.452960109991	1.8155194610367216	11.677072531103297	12.144593995845621	-1728.834490028155	-1736.251400160934	541.5494055482187
brms_gaussian_refreshed	114	deviation_intercept[712]	0.9804920890375113	1968.9770233943516	2108.2820070118482	1957.1919462538729	2106.9421402606895	1.7122091075972727	11.679170080165264	12.12958006027684	1097.928478172488	1090.5115680397087	542.3356213796777
brms_gaussian_refreshed	114	deviation_intercept[713]	0.9813936529168297	1790.5612063895078	2146.671773345867	1774.96590040905	2149.1133772388666	1.7551090555396316	11.623352700513678	12.135710123736628	3890.8330308045524	3883.416120671773	542.0864540087615
brms_gaussian_refreshed	114	deviation_intercept[714]	0.9787387804150083	2136.191736648569	2147.8565574598506	2193.9957862644364	2148.616987380597	1.689790915583242	11.611372033366985	12.126435822157891	154.16498469192777	146.74807455914828	542.8211729230935
brms_gaussian_refreshed	114	deviation_intercept[715]	0.9736728526545166	1401.21088631178	2083.2442771453716	1403.7234304455435	2085.0848245711504	2.3569196338595457	11.790593737036888	12.237243258634646	920.5424986941639	913.1255885613843	544.2314645103471
brms_gaussian_refreshed	114	deviation_intercept[716]	0.9531975605264087	1481.1771310073652	2222.738640093047	1529.6102848458077	2226.647373218477	3.0425839077985084	11.62619167574918	12.387589323452763	763.7138642145942	756.2969540818148	550.0456270742148
brms_gaussian_refreshed	114	deviation_intercept[717]	0.967232806402561	1848.8860629471524	2104.717450391503	1852.5836466959981	2108.2141740386714	2.2964414584359942	11.87935326598467	12.225739068970435	1491.195957281885	1483.7790471491055	546.0402643492242
brms_gaussian_refreshed	114	deviation_intercept[718]	0.9608553645673655	1195.5298130137353	2091.993810159137	1187.6099245048874	2089.4948725797267	3.145287761503461	11.93305715194558	12.413214229730748	1315.4495241680486	1308.0326140352686	547.849371607257
brms_gaussian_refreshed	114	deviation_intercept[719]	0.9569585022730974	1125.5997567945508	2183.8880057649567	1056.6876495250413	2185.8469989378377	3.50359579657986	11.685047561422072	12.508806334592384	4697.214795155988	4689.79788502321	548.9636960922808
brms_gaussian_refreshed	114	deviation_intercept[720]	0.9558132633662358	1792.909721038519	2126.488525504474	1792.3789167877048	2122.0031244037655	2.7273112370648978	11.972400766931003	12.313946523935652	3302.889511530447	3295.472601397668	549.2924770358525
brms_gaussian_refreshed	114	deviation_load[701]	0.4109336313026997	1476.9056353924557	2078.2054007424413	1457.1961414029722	2096.744903238675	0.44849816762001243	0.49322305418984747	0.5508081879347235	-23.053851225003847	-22.824046664806875	22.30681497886547
brms_gaussian_refreshed	114	deviation_load[702]	0.581574626130043	2271.49077818168	2076.6874931413495	2283.113721675547	2092.822840937057	0.2538434240672409	0.4013102402634699	0.4082591548019543	-36.66405816871805	-36.43425360852108	18.75083805433159
brms_gaussian_refreshed	114	deviation_load[703]	0.5550775224056876	1221.1983429384986	2004.3791176666775	1214.835416460256	2018.7809696269153	0.3673077050496042	0.4226040870172351	0.4869846031716321	-38.311458935717006	-38.08165437552002	19.19316458466879
brms_gaussian_refreshed	114	deviation_load[704]	0.5095460221089348	2270.5886567428065	2264.2636016029473	2287.385690574781	2264.582121924479	0.29333313984719483	0.42324829046540274	0.4339163334907306	10.572892479736977	10.802697039933953	20.032340811926904
brms_gaussian_refreshed	114	deviation_load[705]	0.46936731148166183	2270.223906030425	2200.5413726760016	2244.581829113424	2210.4215330579555	0.32091961800366176	0.44864339261213365	0.45302147273285087	-21.691952253304525	-21.46214769310755	20.87214041835844
brms_gaussian_refreshed	114	deviation_load[706]	0.4483758985446561	1363.9867946095758	1969.894946962124	1355.0319021294065	1976.2442747209875	0.4308728551010515	0.4777920017778857	0.536554257089026	-6.633469407433056	-6.403664847236081	21.355132875766923
brms_gaussian_refreshed	114	deviation_load[707]	0.4199005873629926	2278.4564624760733	2334.8839394980605	2256.6055858866202	2331.2751737867206	0.35381280810766463	0.4649978401880143	0.4768884111807039	-1.209640040256149	-0.9798354800591725	22.06734917505998
brms_gaussian_refreshed	114	deviation_load[708]	0.409460726220445	2647.618557143499	2419.259689068569	2651.8741706994047	2410.4739534648706	0.3334764871885828	0.4623645156847541	0.4620017543744418	-25.568917544441714	-25.33911298424474	22.34689980870932
brms_gaussian_refreshed	114	deviation_load[709]	0.36352522554374034	2678.8685666647198	2340.7486895470133	2695.197528533576	2327.3753024853536	0.36446130829670587	0.49661161748454863	0.4848413129909326	-44.389769592687195	-44.15996503249022	23.716802211305122
brms_gaussian_refreshed	114	deviation_load[710]	0.31184827719955	1434.5977220897737	1822.033598834618	1413.3682357355342	1882.0138691254238	0.565023057456092	0.5913230132272094	0.649222695994568	-74.73048890575507	-74.50068434555808	25.60658915363113
brms_gaussian_refreshed	114	deviation_load[711]	0.29651131201233377	1470.6359492719182	1427.902384718362	1471.7892220456617	1435.6022714588162	0.5741277317931828	0.688154801726261	0.6571618567380565	12.900327774595459	13.130132334792433	26.26048693836153
brms_gaussian_refreshed	114	deviation_load[712]	0.2512508544842149	2006.9395057163733	2005.837136406771	1991.7381219776748	1996.1612862816328	0.5531229599699378	0.627042848151095	0.6388928410800441	115.92456109691801	116.15436565711495	28.52788888827978
brms_gaussian_refreshed	114	deviation_load[713]	0.261681960237854	1794.4197284470758	1696.224856630001	1764.9351718611242	1703.4654702218306	0.5717338119722769	0.6849639349411523	0.6550714505225944	-12.583625981972379	-12.353821421775404	27.953520796578943
brms_gaussian_refreshed	114	deviation_load[714]	0.2504182168800867	1840.6671691691306	2116.393232932676	1897.6516522541247	2102.410222565168	0.5679259509719793	0.6171580282216792	0.6517506726692747	-4.198954971523081	-3.969150411326105	28.575276976036797
brms_gaussian_refreshed	114	deviation_load[715]	0.21130631453851093	1342.2096283009346	1699.4683173371327	1337.636768115858	1669.3163578175656	0.7553569913600913	0.7516772568274124	0.820245839937024	-41.8872613778987	-41.657456817701735	31.10764759176972
brms_gaussian_refreshed	114	deviation_load[716]	0.1318718888082438	1651.5087070112586	1819.7283368270637	1679.5952207122552	1896.4326420747261	0.8952346627566549	0.9054450396098199	0.9506230351398216	-31.345055052331755	-31.11525049213478	39.37742334195131
brms_gaussian_refreshed	114	deviation_load[717]	0.17297078342640362	1715.3771144440852	1876.503667768747	1719.1542243376994	1873.01189577292	0.7541192701685722	0.7992975407484096	0.8191061757653918	92.02463562978498	92.25444018998195	34.38246676150146
brms_gaussian_refreshed	114	deviation_load[718]	0.14451900000309198	1100.4855649574276	1273.609705431968	1084.8371006947054	1266.6016121729692	1.0562916669473172	1.0669697216928105	1.103626358510781	111.7518348463715	111.98163940656849	37.61498856544893
brms_gaussian_refreshed	114	deviation_load[719]	0.1445634226385781	1253.5567060211695	1402.753592209941	1246.137094570558	1384.6347699128062	0.9853832896044699	1.0138399034391128	1.0359629727790234	-31.182592907183224	-30.952788346986242	37.60920880013408
brms_gaussian_refreshed	114	deviation_load[720]	0.1398044082116211	1717.5459910069906	1802.5120812146904	1701.895284281098	1808.1425672809135	0.859795492814729	0.907181039685334	0.9173261922576657	45.597720632612386	45.82752519280936	38.243970568279
brms_gaussian_refreshed	114	population_intercept_at_load0	0.99883742072534	2015.2988760677579	2129.7611117991078	2015.8423762729228	2130.9034657160905	0.4080616470540849	11.579706088731788	12.015055835006468	5464.021512088363	5471.438422221143	537.3320867200886
brms_gaussian_refreshed	114	log_sigma_intercept_at_subject0	0.0	2630.70784012805	2630.70784012805	2633.0053361242813	2633.0053361242813	0.03919624757522234	0.03919624757522234	0.03919624757522234	-49.513103177393816	-49.513103177393816	2.011269935306212
brms_gaussian_refreshed	115	population_intercept_at_mean_load	0.9996493877444629	2054.1936622127587	2091.7637243853947	2057.3971133768755	2085.392010275542	0.22214870218339167	11.753664114775686	12.03295175140927	5625.139133027678	5618.558304766695	538.1325935619077
brms_gaussian_refreshed	115	population_load	0.849113120308425	2009.8905196003525	2082.3013876589816	1998.220752876048	2070.066475219077	0.13484804001635936	0.33442810564713604	0.3470202406685792	59.197983770251426	58.985621434495506	15.518174539826372
brms_gaussian_refreshed	115	log_tau_intercept	0.0	142.04985843099809	142.04985843099809	154.46947879571948	154.46947879571948	0.012683194210680714	0.012683194210680714	0.012683194210680714	7.79863149065233	7.79863149065233	0.1576340316427604
brms_gaussian_refreshed	115	log_tau_load	0.0	460.87480303894426	460.87480303894426	457.1053461665094	457.1053461665094	0.010151451755421296	0.010151451755421296	0.010151451755421296	4.111207671463991	4.111207671463991	0.21703826315576014
brms_gaussian_refreshed	115	log_sigma_intercept	0.0	1758.9648775588355	1758.9648775588355	1751.5252009440683	1751.5252009440683	0.00035260534565845333	0.00035260534565845333	0.00035260534565845333	6.051494169134143	6.051494169134143	0.01475696636062145
brms_gaussian_refreshed	115	log_sigma_subj_slope	0.0	2632.663336007037	2632.663336007037	2631.387054799441	2631.387054799441	5.5173891736945504e-5	5.5173891736945504e-5	5.5173891736945504e-5	0.07817435376450198	0.07817435376450198	0.002830257730444975
brms_gaussian_refreshed	115	deviation_intercept[701]	0.9907187467837171	1970.9664345366855	2108.6202374664417	1978.8914200911156	2107.551836555655	1.1684424183977116	11.679233064130777	12.064837756705954	-4864.354392297107	-4858.303230777506	539.5292406722111
brms_gaussian_refreshed	115	deviation_intercept[702]	0.9953257606335766	2313.814788988912	2077.5722255374258	2299.5792441009235	2074.389342806478	0.7674301185999389	11.791005354730265	12.032622382401136	-3923.0377907765856	-3916.986629256984	538.2791466211944
brms_gaussian_refreshed	115	deviation_intercept[703]	0.9946332235891943	1798.8070080278599	2116.620259746961	1791.528410133159	2114.5506446155646	0.931973573289197	11.668172823978336	12.044236262704079	-3642.9665631635467	-3636.915401643945	538.4665088438024
brms_gaussian_refreshed	115	deviation_intercept[704]	0.9938323545511886	2124.414351318426	2112.7304315156803	2141.4522763586738	2111.0741945058944	0.9141955683883528	11.734569158089027	12.042873658217434	-661.7573553888744	-655.706193869273	538.6834238547675
brms_gaussian_refreshed	115	deviation_intercept[705]	0.9920872488216005	2217.027782441642	2089.254128776144	2206.7568747368573	2082.123868647201	1.0209436072496418	11.822391501117131	12.051447143796068	-1357.1119700857516	-1351.0608085661502	539.1569943480799
brms_gaussian_refreshed	115	deviation_intercept[706]	0.9918431263768169	1900.3401325495445	2092.4390864029147	1855.612086570298	2091.24540466475	1.1305426581907432	11.781690390211695	12.061226269020718	34.9783868757311	41.02954839533269	539.2233416474402
brms_gaussian_refreshed	115	deviation_intercept[707]	0.9915269502386549	1998.6423487451805	2121.4258782610027	1990.1375215035969	2117.5198209594546	1.112797779737914	11.75236328295261	12.059575917465592	-95.94787867133202	-89.89671715173041	539.3093080271498
brms_gaussian_refreshed	115	deviation_intercept[708]	0.9903998239541729	2422.7707527451516	2096.4936766316705	2408.348831578945	2090.5847599281074	1.07736981348178	11.791159886486295	12.05635841062832	-458.38003603033684	-452.3288745107353	539.6161017246993
brms_gaussian_refreshed	115	deviation_intercept[709]	0.9875343461306005	2232.337871588733	2110.918931496908	2232.6426772481323	2110.322025983559	1.276915014758233	11.757233648647649	12.075825618376637	-1149.7759429953733	-1143.7247814757716	540.3984228301924
brms_gaussian_refreshed	115	deviation_intercept[710]	0.9859194379870688	2133.9617432813357	2111.3910927575052	2138.2884867777425	2105.5714663766116	1.3878620769835546	11.793665786517453	12.088060785554298	176.33547406301759	182.3866355826192	540.8408204088388
brms_gaussian_refreshed	115	deviation_intercept[711]	0.9833410921820753	1485.8952509089224	2125.6184418063162	1482.2480058876129	2126.3767694865264	1.8155194610367216	11.712179352855378	12.144593995845621	-1742.3025616805357	-1736.251400160934	541.5494055482187
brms_gaussian_refreshed	115	deviation_intercept[712]	0.9804920890375113	1968.9770233943516	2116.4968629971395	1957.1919462538729	2115.3245269369627	1.7122091075972727	11.76819692542022	12.12958006027684	1084.4604065201067	1090.5115680397087	542.3356213796777
brms_gaussian_refreshed	115	deviation_intercept[713]	0.9813936529168297	1790.5612063895078	2065.317068316409	1774.96590040905	2062.4539262604585	1.7551090555396316	11.894231789075986	12.135710123736628	3877.364959152171	3883.416120671773	542.0864540087615
brms_gaussian_refreshed	115	deviation_intercept[714]	0.9787387804150083	2136.191736648569	2098.6479404004263	2193.9957862644364	2098.9476408750206	1.689790915583242	11.839026180942055	12.126435822157891	140.69691303954667	146.74807455914828	542.8211729230935
brms_gaussian_refreshed	115	deviation_intercept[715]	0.9736728526545166	1401.21088631178	2085.857731430283	1403.7234304455435	2078.8826063081888	2.3569196338595457	11.859628857741827	12.237243258634646	907.0744270417828	913.1255885613843	544.2314645103471
brms_gaussian_refreshed	115	deviation_intercept[716]	0.9531975605264087	1481.1771310073652	2066.1188256318637	1529.6102848458077	2068.2253894697583	3.0425839077985084	12.02688770895488	12.387589323452763	750.2457925622132	756.2969540818148	550.0456270742148
brms_gaussian_refreshed	115	deviation_intercept[717]	0.967232806402561	1848.8860629471524	2079.7875089524514	1852.5836466959981	2077.5658081786733	2.2964414584359942	11.921976644429428	12.225739068970435	1477.727885629504	1483.7790471491055	546.0402643492242
brms_gaussian_refreshed	115	deviation_intercept[718]	0.9608553645673655	1195.5298130137353	2094.4654975020076	1187.6099245048874	2088.729227876037	3.145287761503461	12.044259383001789	12.413214229730748	1301.9814525156671	1308.0326140352686	547.849371607257
brms_gaussian_refreshed	115	deviation_intercept[719]	0.9569585022730974	1125.5997567945508	2084.0003370409636	1056.6876495250413	2081.426054210697	3.50359579657986	11.98129344087427	12.508806334592384	4683.746723503608	4689.79788502321	548.9636960922808
brms_gaussian_refreshed	115	deviation_intercept[720]	0.9558132633662358	1792.909721038519	2058.668263626226	1792.3789167877048	2061.0092311928593	2.7273112370648978	12.157353949060997	12.313946523935652	3289.421439878066	3295.472601397668	549.2924770358525
brms_gaussian_refreshed	115	deviation_load[701]	0.4109336313026997	1476.9056353924557	1919.5485500591183	1457.1961414029722	1914.0745585058203	0.44849816762001243	0.5010322997748274	0.5508081879347235	-23.036409000562795	-22.824046664806875	22.30681497886547
brms_gaussian_refreshed	115	deviation_load[702]	0.581574626130043	2271.49077818168	2487.6566486576785	2283.113721675547	2492.24249895926	0.2538434240672409	0.37193832412178895	0.4082591548019543	-36.646615944277	-36.43425360852108	18.75083805433159
brms_gaussian_refreshed	115	deviation_load[703]	0.5550775224056876	1221.1983429384986	1808.4305665014483	1214.835416460256	1771.9893594532107	0.3673077050496042	0.4486609573191354	0.4869846031716321	-38.29401671127594	-38.08165437552002	19.19316458466879
brms_gaussian_refreshed	115	deviation_load[704]	0.5095460221089348	2270.5886567428065	2051.9515579640465	2287.385690574781	2054.975677944476	0.29333313984719483	0.44199448402673874	0.4339163334907306	10.590334704178025	10.802697039933953	20.032340811926904
brms_gaussian_refreshed	115	deviation_load[705]	0.46936731148166183	2270.223906030425	2088.9244223327655	2244.581829113424	2092.3834680613722	0.32091961800366176	0.4487848572189855	0.45302147273285087	-21.67451002886347	-21.46214769310755	20.87214041835844
brms_gaussian_refreshed	115	deviation_load[706]	0.4483758985446561	1363.9867946095758	2264.361312958351	1355.0319021294065	2242.148748612117	0.4308728551010515	0.45275078164278115	0.536554257089026	-6.616027182992007	-6.403664847236081	21.355132875766923
brms_gaussian_refreshed	115	deviation_load[707]	0.4199005873629926	2278.4564624760733	2459.7776684912496	2256.6055858866202	2448.9018706293004	0.35381280810766463	0.4419704094081676	0.4768884111807039	-1.192197815815098	-0.9798354800591725	22.06734917505998
brms_gaussian_refreshed	115	deviation_load[708]	0.409460726220445	2647.618557143499	2371.954106565489	2651.8741706994047	2367.489734452782	0.3334764871885828	0.46879808393404315	0.4620017543744418	-25.551475320000666	-25.33911298424474	22.34689980870932
brms_gaussian_refreshed	115	deviation_load[709]	0.36352522554374034	2678.8685666647198	2444.949515551612	2695.197528533576	2443.6404723306123	0.36446130829670587	0.47577391251807283	0.4848413129909326	-44.37232736824615	-44.15996503249022	23.716802211305122
brms_gaussian_refreshed	115	deviation_load[710]	0.31184827719955	1434.5977220897737	1691.2695408272157	1413.3682357355342	1699.831845525221	0.565023057456092	0.6159233731367207	0.649222695994568	-74.71304668131401	-74.50068434555808	25.60658915363113
brms_gaussian_refreshed	115	deviation_load[711]	0.29651131201233377	1470.6359492719182	1945.7852889175078	1471.7892220456617	1937.6083406000032	0.5741277317931828	0.5937543921139551	0.6571618567380565	12.917769999036507	13.130132334792433	26.26048693836153
brms_gaussian_refreshed	115	deviation_load[712]	0.2512508544842149	2006.9395057163733	2373.9532294239593	1991.7381219776748	2371.0454563349263	0.5531229599699378	0.5783303339712497	0.6388928410800441	115.94200332135904	116.15436565711495	28.52788888827978
brms_gaussian_refreshed	115	deviation_load[713]	0.261681960237854	1794.4197284470758	1957.2141029062823	1764.9351718611242	1982.767981257396	0.5717338119722769	0.6223180436303385	0.6550714505225944	-12.566183757531329	-12.353821421775404	27.953520796578943
brms_gaussian_refreshed	115	deviation_load[714]	0.2504182168800867	1840.6671691691306	2193.95691528078	1897.6516522541247	2191.4715347807264	0.5679259509719793	0.61466917450923	0.6517506726692747	-4.1815127470820315	-3.969150411326105	28.575276976036797
brms_gaussian_refreshed	115	deviation_load[715]	0.21130631453851093	1342.2096283009346	1442.5436699504692	1337.636768115858	1408.4413696287727	0.7553569913600913	0.8263901254547107	0.820245839937024	-41.86981915345765	-41.657456817701735	31.10764759176972
brms_gaussian_refreshed	115	deviation_load[716]	0.1318718888082438	1651.5087070112586	1641.1738048757359	1679.5952207122552	1678.965072122801	0.8952346627566549	0.968242587423487	0.9506230351398216	-31.3276128278907	-31.11525049213478	39.37742334195131
brms_gaussian_refreshed	115	deviation_load[717]	0.17297078342640362	1715.3771144440852	1828.9897070726797	1719.1542243376994	1828.500361101433	0.7541192701685722	0.7874745958428921	0.8191061757653918	92.04207785422604	92.25444018998195	34.38246676150146
brms_gaussian_refreshed	115	deviation_load[718]	0.14451900000309198	1100.4855649574276	1135.3124562948378	1084.8371006947054	1131.8023520370396	1.0562916669473172	1.1088560455968695	1.103626358510781	111.76927707081255	111.98163940656849	37.61498856544893
brms_gaussian_refreshed	115	deviation_load[719]	0.1445634226385781	1253.5567060211695	1331.3187568772175	1246.137094570558	1330.1890375740131	0.9853832896044699	1.0241711112852903	1.0359629727790234	-31.16515068274217	-30.952788346986242	37.60920880013408
brms_gaussian_refreshed	115	deviation_load[720]	0.1398044082116211	1717.5459910069906	1810.2798939215013	1701.895284281098	1814.817553337926	0.859795492814729	0.8995240730266643	0.9173261922576657	45.615162857053434	45.82752519280936	38.243970568279
brms_gaussian_refreshed	115	population_intercept_at_load0	0.99883742072534	2015.2988760677579	2102.8097265946703	2015.8423762729228	2096.736706615539	0.4080616470540849	11.723429862065043	12.015055835006468	5477.489583740745	5471.438422221143	537.3320867200886
brms_gaussian_refreshed	115	log_sigma_intercept_at_subject0	0.0	2630.70784012805	2630.70784012805	2633.0053361242813	2633.0053361242813	0.03919624757522234	0.03919624757522234	0.03919624757522234	-49.513103177393816	-49.513103177393816	2.011269935306212
brms_gaussian_refreshed	116	population_intercept_at_mean_load	0.9996493877444629	2054.1936622127587	1925.5337554382406	2057.3971133768755	1924.3802734303342	0.22214870218339167	11.96484890061156	12.03295175140927	5630.231730940679	5618.558304766695	538.1325935619077
brms_gaussian_refreshed	116	population_load	0.849113120308425	2009.8905196003525	1708.3689179740652	1998.220752876048	1713.1711111041932	0.13484804001635936	0.3706489920747831	0.3470202406685792	58.67449351336662	58.985621434495506	15.518174539826372
brms_gaussian_refreshed	116	log_tau_intercept	0.0	142.04985843099809	142.04985843099809	154.46947879571948	154.46947879571948	0.012683194210680714	0.012683194210680714	0.012683194210680714	7.79863149065233	7.79863149065233	0.1576340316427604
brms_gaussian_refreshed	116	log_tau_load	0.0	460.87480303894426	460.87480303894426	457.1053461665094	457.1053461665094	0.010151451755421296	0.010151451755421296	0.010151451755421296	4.111207671463991	4.111207671463991	0.21703826315576014
brms_gaussian_refreshed	116	log_sigma_intercept	0.0	1758.9648775588355	1758.9648775588355	1751.5252009440683	1751.5252009440683	0.00035260534565845333	0.00035260534565845333	0.00035260534565845333	6.051494169134143	6.051494169134143	0.01475696636062145
brms_gaussian_refreshed	116	log_sigma_subj_slope	0.0	2632.663336007037	2632.663336007037	2631.387054799441	2631.387054799441	5.5173891736945504e-5	5.5173891736945504e-5	5.5173891736945504e-5	0.07817435376450198	0.07817435376450198	0.002830257730444975
brms_gaussian_refreshed	116	deviation_intercept[701]	0.9907187467837171	1970.9664345366855	1923.9522021929743	1978.8914200911156	1925.6498952185427	1.1684424183977116	11.988892562340782	12.064837756705954	-4870.7526613759555	-4858.303230777506	539.5292406722111
brms_gaussian_refreshed	116	deviation_intercept[702]	0.9953257606335766	2313.814788988912	1919.9365729567553	2299.5792441009235	1918.7790481350662	0.7674301185999389	12.009376786171082	12.032622382401136	-3929.4360598554335	-3916.986629256984	538.2791466211944
brms_gaussian_refreshed	116	deviation_intercept[703]	0.9946332235891943	1798.8070080278599	1923.3017684962579	1791.528410133159	1920.8787058868593	0.931973573289197	12.005364286525447	12.044236262704079	-3649.364832242396	-3636.915401643945	538.4665088438024
brms_gaussian_refreshed	116	deviation_intercept[704]	0.9938323545511886	2124.414351318426	1913.3887088754334	2141.4522763586738	1910.9464419412411	0.9141955683883528	12.022508647285877	12.042873658217434	-668.1556244677234	-655.706193869273	538.6834238547675
brms_gaussian_refreshed	116	deviation_intercept[705]	0.9920872488216005	2217.027782441642	1914.3573002048868	2206.7568747368573	1912.8295273289455	1.0209436072496418	11.988716286337349	12.051447143796068	-1363.5102391646008	-1351.0608085661502	539.1569943480799
brms_gaussian_refreshed	116	deviation_intercept[706]	0.9918431263768169	1900.3401325495445	1902.5278297729321	1855.612086570298	1900.3734623207258	1.1305426581907432	12.066013118374945	12.061226269020718	28.580117796882273	41.02954839533269	539.2233416474402
brms_gaussian_refreshed	116	deviation_intercept[707]	0.9915269502386549	1998.6423487451805	1908.2626672273857	1990.1375215035969	1901.580876446176	1.112797779737914	12.081834963804381	12.059575917465592	-102.34614775018082	-89.89671715173041	539.3093080271498
brms_gaussian_refreshed	116	deviation_intercept[708]	0.9903998239541729	2422.7707527451516	1907.982010758593	2408.348831578945	1909.7159553123172	1.07736981348178	12.005865282977615	12.05635841062832	-464.7783051091857	-452.3288745107353	539.6161017246993
brms_gaussian_refreshed	116	deviation_intercept[709]	0.9875343461306005	2232.337871588733	1891.376722798479	2232.6426772481323	1890.4051050930696	1.276915014758233	12.152692708653213	12.075825618376637	-1156.1742120742224	-1143.7247814757716	540.3984228301924
brms_gaussian_refreshed	116	deviation_intercept[710]	0.9859194379870688	2133.9617432813357	1908.3543042620565	2138.2884867777425	1915.441997200311	1.3878620769835546	12.104858427089539	12.088060785554298	169.93720498416874	182.3866355826192	540.8408204088388
brms_gaussian_refreshed	116	deviation_intercept[711]	0.9833410921820753	1485.8952509089224	1919.2236187947788	1482.2480058876129	1928.4793710129666	1.8155194610367216	12.026571468209951	12.144593995845621	-1748.7008307593846	-1736.251400160934	541.5494055482187
brms_gaussian_refreshed	116	deviation_intercept[712]	0.9804920890375113	1968.9770233943516	1892.210282571799	1957.1919462538729	1909.8629957201172	1.7122091075972727	12.133110821311528	12.12958006027684	1078.0621374412578	1090.5115680397087	542.3356213796777
brms_gaussian_refreshed	116	deviation_intercept[713]	0.9813936529168297	1790.5612063895078	1930.5406162481454	1774.96590040905	1931.8368348302229	1.7551090555396316	12.068297153594791	12.135710123736628	3870.9666900733223	3883.416120671773	542.0864540087615
brms_gaussian_refreshed	116	deviation_intercept[714]	0.9787387804150083	2136.191736648569	1926.3748418048315	2193.9957862644364	1924.308812021345	1.689790915583242	12.120573391455032	12.126435822157891	134.29864396069783	146.74807455914828	542.8211729230935
brms_gaussian_refreshed	116	deviation_intercept[715]	0.9736728526545166	1401.21088631178	1941.7898804015686	1403.7234304455435	1942.9540855897587	2.3569196338595457	12.045747939681954	12.237243258634646	900.6761579629339	913.1255885613843	544.2314645103471
brms_gaussian_refreshed	116	deviation_intercept[716]	0.9531975605264087	1481.1771310073652	1939.3036605519023	1529.6102848458077	1940.5946922852602	3.0425839077985084	12.146190251927948	12.387589323452763	743.8475234833644	756.2969540818148	550.0456270742148
brms_gaussian_refreshed	116	deviation_intercept[717]	0.967232806402561	1848.8860629471524	1907.5500830322737	1852.5836466959981	1911.183156741871	2.2964414584359942	12.242419152661123	12.225739068970435	1471.329616550655	1483.7790471491055	546.0402643492242
brms_gaussian_refreshed	116	deviation_intercept[718]	0.9608553645673655	1195.5298130137353	1797.173299986245	1187.6099245048874	1795.5297627233006	3.145287761503461	12.682186643581213	12.413214229730748	1295.5831834368184	1308.0326140352686	547.849371607257
brms_gaussian_refreshed	116	deviation_intercept[719]	0.9569585022730974	1125.5997567945508	1914.9213053152964	1056.6876495250413	1918.1191451488858	3.50359579657986	12.218925834389756	12.508806334592384	4677.348454424759	4689.79788502321	548.9636960922808
brms_gaussian_refreshed	116	deviation_intercept[720]	0.9558132633662358	1792.909721038519	1751.540558902354	1792.3789167877048	1767.255426542838	2.7273112370648978	12.646500380004689	12.313946523935652	3283.023170799217	3295.472601397668	549.2924770358525
brms_gaussian_refreshed	116	deviation_load[701]	0.4109336313026997	1476.9056353924557	1776.048549701811	1457.1961414029722	1788.7254188339539	0.44849816762001243	0.5170366795833522	0.5508081879347235	-22.512918743678	-22.824046664806875	22.30681497886547
brms_gaussian_refreshed	116	deviation_load[702]	0.581574626130043	2271.49077818168	1833.4121905491013	2283.113721675547	1846.4148602994014	0.2538434240672409	0.43517921455820907	0.4082591548019543	-36.123125687392225	-36.43425360852108	18.75083805433159
brms_gaussian_refreshed	116	deviation_load[703]	0.5550775224056876	1221.1983429384986	1412.4667574975908	1214.835416460256	1390.1487594373539	0.3673077050496042	0.5043422861022215	0.4869846031716321	-37.770526454391145	-38.08165437552002	19.19316458466879
brms_gaussian_refreshed	116	deviation_load[704]	0.5095460221089348	2270.5886567428065	2052.396532937003	2287.385690574781	2044.4010640133104	0.29333313984719483	0.4345675732951038	0.4339163334907306	11.113824961062823	10.802697039933953	20.032340811926904
brms_gaussian_refreshed	116	deviation_load[705]	0.46936731148166183	2270.223906030425	2209.898222981983	2244.581829113424	2219.440958287904	0.32091961800366176	0.4370733715955201	0.45302147273285087	-21.151019771978678	-21.46214769310755	20.87214041835844
brms_gaussian_refreshed	116	deviation_load[706]	0.4483758985446561	1363.9867946095758	1311.5493519864963	1355.0319021294065	1315.735139304381	0.4308728551010515	0.5815923804895263	0.536554257089026	-6.092536926107212	-6.403664847236081	21.355132875766923
brms_gaussian_refreshed	116	deviation_load[707]	0.4199005873629926	2278.4564624760733	1847.9768317007045	2256.6055858866202	1844.381315899609	0.35381280810766463	0.5159704232859735	0.4768884111807039	-0.6687075589303024	-0.9798354800591725	22.06734917505998
brms_gaussian_refreshed	116	deviation_load[708]	0.409460726220445	2647.618557143499	2368.3314989998503	2651.8741706994047	2359.2440820548527	0.3334764871885828	0.4586089596884106	0.4620017543744418	-25.02798506311587	-25.33911298424474	22.34689980870932
brms_gaussian_refreshed	116	deviation_load[709]	0.36352522554374034	2678.8685666647198	2306.0264729953246	2695.197528533576	2269.330716357332	0.36446130829670587	0.4930920196084461	0.4848413129909326	-43.848837111361355	-44.15996503249022	23.716802211305122
brms_gaussian_refreshed	116	deviation_load[710]	0.31184827719955	1434.5977220897737	1439.345448240756	1413.3682357355342	1436.8113017128535	0.565023057456092	0.6731869255339988	0.649222695994568	-74.18955642442921	-74.50068434555808	25.60658915363113
brms_gaussian_refreshed	116	deviation_load[711]	0.29651131201233377	1470.6359492719182	1155.6972100508228	1471.7892220456617	1149.9190201502631	0.5741277317931828	0.7764719015589002	0.6571618567380565	13.441260255921302	13.130132334792433	26.26048693836153
brms_gaussian_refreshed	116	deviation_load[712]	0.2512508544842149	2006.9395057163733	1410.722752808969	1991.7381219776748	1425.2349832052757	0.5531229599699378	0.75792030757497	0.6388928410800441	116.46549357824384	116.15436565711495	28.52788888827978
brms_gaussian_refreshed	116	deviation_load[713]	0.261681960237854	1794.4197284470758	1933.6325836223089	1764.9351718611242	1937.623763589928	0.5717338119722769	0.6373976312024902	0.6550714505225944	-12.042693500646532	-12.353821421775404	27.953520796578943
brms_gaussian_refreshed	116	deviation_load[714]	0.2504182168800867	1840.6671691691306	2227.6925415868454	1897.6516522541247	2248.6731989449004	0.5679259509719793	0.600997392790632	0.6517506726692747	-3.658022490197235	-3.969150411326105	28.575276976036797
brms_gaussian_refreshed	116	deviation_load[715]	0.21130631453851093	1342.2096283009346	1787.0565554726504	1337.636768115858	1744.1825276226525	0.7553569913600913	0.7487808656897863	0.820245839937024	-41.34632889657286	-41.657456817701735	31.10764759176972
brms_gaussian_refreshed	116	deviation_load[716]	0.1318718888082438	1651.5087070112586	1762.8064538350086	1679.5952207122552	1788.2934009779185	0.8952346627566549	0.9221781663964128	0.9506230351398216	-30.8041225710059	-31.11525049213478	39.37742334195131
brms_gaussian_refreshed	116	deviation_load[717]	0.17297078342640362	1715.3771144440852	1723.754414830637	1719.1542243376994	1728.4473319625965	0.7541192701685722	0.834427086679423	0.8191061757653918	92.56556811111082	92.25444018998195	34.38246676150146
brms_gaussian_refreshed	116	deviation_load[718]	0.14451900000309198	1100.4855649574276	1258.1182174510711	1084.8371006947054	1250.3536165236576	1.0562916669473172	1.0589699488720192	1.103626358510781	112.29276732769735	111.98163940656849	37.61498856544893
brms_gaussian_refreshed	116	deviation_load[719]	0.1445634226385781	1253.5567060211695	1190.303956630317	1246.137094570558	1194.4360812046193	0.9853832896044699	1.0972023490516554	1.0359629727790234	-30.641660425857378	-30.952788346986242	37.60920880013408
brms_gaussian_refreshed	116	deviation_load[720]	0.1398044082116211	1717.5459910069906	1920.8663196026723	1701.895284281098	1925.4788102167456	0.859795492814729	0.8790438425456107	0.9173261922576657	46.13865311393824	45.82752519280936	38.243970568279
brms_gaussian_refreshed	116	population_intercept_at_load0	0.99883742072534	2015.2988760677579	1916.5035720498604	2015.8423762729228	1913.5516245171639	0.4080616470540849	11.981767227804804	12.015055835006468	5483.887852819594	5471.438422221143	537.3320867200886
brms_gaussian_refreshed	116	log_sigma_intercept_at_subject0	0.0	2630.70784012805	2630.70784012805	2633.0053361242813	2633.0053361242813	0.03919624757522234	0.03919624757522234	0.03919624757522234	-49.513103177393816	-49.513103177393816	2.011269935306212
brms_gaussian_refreshed	117	population_intercept_at_mean_load	0.9996493877444629	2054.1936622127587	2002.4691156871177	2057.3971133768755	2005.6571427039532	0.22214870218339167	11.985035608966614	12.03295175140927	5614.979121110374	5618.558304766695	538.1325935619077
brms_gaussian_refreshed	117	population_load	0.849113120308425	2009.8905196003525	1998.253860954676	1998.220752876048	1986.427677048526	0.13484804001635936	0.35107535501452897	0.3470202406685792	59.00122357394504	58.985621434495506	15.518174539826372
brms_gaussian_refreshed	117	log_tau_intercept	0.0	142.04985843099809	142.04985843099809	154.46947879571948	154.46947879571948	0.012683194210680714	0.012683194210680714	0.012683194210680714	7.79863149065233	7.79863149065233	0.1576340316427604
brms_gaussian_refreshed	117	log_tau_load	0.0	460.87480303894426	460.87480303894426	457.1053461665094	457.1053461665094	0.010151451755421296	0.010151451755421296	0.010151451755421296	4.111207671463991	4.111207671463991	0.21703826315576014
brms_gaussian_refreshed	117	log_sigma_intercept	0.0	1758.9648775588355	1758.9648775588355	1751.5252009440683	1751.5252009440683	0.00035260534565845333	0.00035260534565845333	0.00035260534565845333	6.051494169134143	6.051494169134143	0.01475696636062145
brms_gaussian_refreshed	117	log_sigma_subj_slope	0.0	2632.663336007037	2632.663336007037	2631.387054799441	2631.387054799441	5.5173891736945504e-5	5.5173891736945504e-5	5.5173891736945504e-5	0.07817435376450198	0.07817435376450198	0.002830257730444975
brms_gaussian_refreshed	117	deviation_intercept[701]	0.9907187467837171	1970.9664345366855	2032.5142588525491	1978.8914200911156	2034.5448876268106	1.1684424183977116	11.976484366292071	12.064837756705954	-4854.685132808383	-4858.303230777506	539.5292406722111
brms_gaussian_refreshed	117	deviation_intercept[702]	0.9953257606335766	2313.814788988912	2004.2318734444445	2299.5792441009235	2009.2884692866426	0.7674301185999389	11.987647139806844	12.032622382401136	-3913.36853128786	-3916.986629256984	538.2791466211944
brms_gaussian_refreshed	117	deviation_intercept[703]	0.9946332235891943	1798.8070080278599	2018.1437919244818	1791.528410133159	2023.6552724948917	0.931973573289197	11.925345229676532	12.044236262704079	-3633.2973036748217	-3636.915401643945	538.4665088438024
brms_gaussian_refreshed	117	deviation_intercept[704]	0.9938323545511886	2124.414351318426	2028.101184297095	2141.4522763586738	2030.5201726100975	0.9141955683883528	11.952903717049436	12.042873658217434	-652.0880959001498	-655.706193869273	538.6834238547675
brms_gaussian_refreshed	117	deviation_intercept[705]	0.9920872488216005	2217.027782441642	2016.4914482892761	2206.7568747368573	2020.9701448754531	1.0209436072496418	11.979386410491026	12.051447143796068	-1347.4427105970271	-1351.0608085661502	539.1569943480799
brms_gaussian_refreshed	117	deviation_intercept[706]	0.9918431263768169	1900.3401325495445	2036.278917178501	1855.612086570298	2038.600944706543	1.1305426581907432	11.936158298805273	12.061226269020718	44.647646364455824	41.02954839533269	539.2233416474402
brms_gaussian_refreshed	117	deviation_intercept[707]	0.9915269502386549	1998.6423487451805	2017.6591960037285	1990.1375215035969	2021.6724289671606	1.112797779737914	11.936070711234212	12.059575917465592	-86.27861918260724	-89.89671715173041	539.3093080271498
brms_gaussian_refreshed	117	deviation_intercept[708]	0.9903998239541729	2422.7707527451516	1996.393312211071	2408.348831578945	2000.7261522631231	1.07736981348178	12.034507819831724	12.05635841062832	-448.7107765416121	-452.3288745107353	539.6161017246993
brms_gaussian_refreshed	117	deviation_intercept[709]	0.9875343461306005	2232.337871588733	2006.6311016799189	2232.6426772481323	2014.0684146107747	1.276915014758233	11.997424690706005	12.075825618376637	-1140.1066835066486	-1143.7247814757716	540.3984228301924
brms_gaussian_refreshed	117	deviation_intercept[710]	0.9859194379870688	2133.9617432813357	1991.259310335183	2138.2884867777425	1992.3517382631499	1.3878620769835546	12.033820246896903	12.088060785554298	186.00473355174233	182.3866355826192	540.8408204088388
brms_gaussian_refreshed	117	deviation_intercept[711]	0.9833410921820753	1485.8952509089224	2022.145583308185	1482.2480058876129	2023.904846365861	1.8155194610367216	12.023839823582625	12.144593995845621	-1732.6333021918113	-1736.251400160934	541.5494055482187
brms_gaussian_refreshed	117	deviation_intercept[712]	0.9804920890375113	1968.9770233943516	2020.985980840671	1957.1919462538729	2020.9717484096204	1.7122091075972727	12.15922157053058	12.12958006027684	1094.1296660088315	1090.5115680397087	542.3356213796777
brms_gaussian_refreshed	117	deviation_intercept[713]	0.9813936529168297	1790.5612063895078	2016.5114843824501	1774.96590040905	2021.6360651406603	1.7551090555396316	12.013054210759343	12.135710123736628	3887.0342186408966	3883.416120671773	542.0864540087615
brms_gaussian_refreshed	117	deviation_intercept[714]	0.9787387804150083	2136.191736648569	2055.3599387537975	2193.9957862644364	2051.9065057848657	1.689790915583242	11.93964935035976	12.126435822157891	150.36617252827145	146.74807455914828	542.8211729230935
brms_gaussian_refreshed	117	deviation_intercept[715]	0.9736728526545166	1401.21088631178	1980.8443658903097	1403.7234304455435	1987.2169733398248	2.3569196338595457	12.175385665223	12.237243258634646	916.7436865305074	913.1255885613843	544.2314645103471
brms_gaussian_refreshed	117	deviation_intercept[716]	0.9531975605264087	1481.1771310073652	2025.832705264302	1529.6102848458077	2026.392697739951	3.0425839077985084	12.262551638890383	12.387589323452763	759.9150520509379	756.2969540818148	550.0456270742148
brms_gaussian_refreshed	117	deviation_intercept[717]	0.967232806402561	1848.8860629471524	2026.5493508871648	1852.5836466959981	2027.0801436123138	2.2964414584359942	12.094729425834728	12.225739068970435	1487.3971451182285	1483.7790471491055	546.0402643492242
brms_gaussian_refreshed	117	deviation_intercept[718]	0.9608553645673655	1195.5298130137353	2015.532703907498	1187.6099245048874	2025.7366588318778	3.145287761503461	12.022563679233183	12.413214229730748	1311.6507120043918	1308.0326140352686	547.849371607257
brms_gaussian_refreshed	117	deviation_intercept[719]	0.9569585022730974	1125.5997567945508	1991.3657487322282	1056.6876495250413	1992.2001735878541	3.50359579657986	12.288776950464712	12.508806334592384	4693.415982992333	4689.79788502321	548.9636960922808
brms_gaussian_refreshed	117	deviation_intercept[720]	0.9558132633662358	1792.909721038519	2063.474711480459	1792.3789167877048	2075.5247093849175	2.7273112370648978	12.0261667785325	12.313946523935652	3299.090699366791	3295.472601397668	549.2924770358525
brms_gaussian_refreshed	117	deviation_load[701]	0.4109336313026997	1476.9056353924557	1546.940128776911	1457.1961414029722	1548.7394461621159	0.44849816762001243	0.5732965099374234	0.5508081879347235	-22.839648804256417	-22.824046664806875	22.30681497886547
brms_gaussian_refreshed	117	deviation_load[702]	0.581574626130043	2271.49077818168	2224.20521076355	2283.113721675547	2214.9757130272706	0.2538434240672409	0.3981298328618179	0.4082591548019543	-36.449855747970624	-36.43425360852108	18.75083805433159
brms_gaussian_refreshed	117	deviation_load[703]	0.5550775224056876	1221.1983429384986	1706.0492094521726	1214.835416460256	1721.9577326950055	0.3673077050496042	0.47187284910461946	0.4869846031716321	-38.097256514969565	-38.08165437552002	19.19316458466879
brms_gaussian_refreshed	117	deviation_load[704]	0.5095460221089348	2270.5886567428065	2317.4855511727224	2287.385690574781	2322.706423351435	0.29333313984719483	0.4156248137286072	0.4339163334907306	10.78709490048441	10.802697039933953	20.032340811926904
brms_gaussian_refreshed	117	deviation_load[705]	0.46936731148166183	2270.223906030425	2114.72889650651	2244.581829113424	2125.9409630269874	0.32091961800366176	0.4559296490989713	0.45302147273285087	-21.477749832557084	-21.46214769310755	20.87214041835844
brms_gaussian_refreshed	117	deviation_load[706]	0.4483758985446561	1363.9867946095758	2054.8671706015166	1355.0319021294065	2075.557982554412	0.4308728551010515	0.4709087195655894	0.536554257089026	-6.419266986685625	-6.403664847236081	21.355132875766923
brms_gaussian_refreshed	117	deviation_load[707]	0.4199005873629926	2278.4564624760733	2011.8337009370143	2256.6055858866202	2014.7373483635668	0.35381280810766463	0.49526406329380535	0.4768884111807039	-0.9954376195087145	-0.9798354800591725	22.06734917505998
brms_gaussian_refreshed	117	deviation_load[708]	0.409460726220445	2647.618557143499	2536.3651722646155	2651.8741706994047	2517.6114438677673	0.3334764871885828	0.43892513001791117	0.4620017543744418	-25.35471512369428	-25.33911298424474	22.34689980870932
brms_gaussian_refreshed	117	deviation_load[709]	0.36352522554374034	2678.8685666647198	2452.833427246533	2695.197528533576	2446.3397472065208	0.36446130829670587	0.48281304827783544	0.4848413129909326	-44.17556717193976	-44.15996503249022	23.716802211305122
brms_gaussian_refreshed	117	deviation_load[710]	0.31184827719955	1434.5977220897737	1710.1639161991006	1413.3682357355342	1730.5738794582523	0.565023057456092	0.6129337490507463	0.649222695994568	-74.51628648500763	-74.50068434555808	25.60658915363113
brms_gaussian_refreshed	117	deviation_load[711]	0.29651131201233377	1470.6359492719182	1240.0889373727146	1471.7892220456617	1230.9986669287166	0.5741277317931828	0.7439720870919763	0.6571618567380565	13.11453019534289	13.130132334792433	26.26048693836153
brms_gaussian_refreshed	117	deviation_load[712]	0.2512508544842149	2006.9395057163733	1820.911300899296	1991.7381219776748	1864.175651298753	0.5531229599699378	0.663938080229104	0.6388928410800441	116.13876351766542	116.15436565711495	28.52788888827978
brms_gaussian_refreshed	117	deviation_load[713]	0.261681960237854	1794.4197284470758	1893.4444305685106	1764.9351718611242	1915.8496682242148	0.5717338119722769	0.6573654109701664	0.6550714505225944	-12.369423561224945	-12.353821421775404	27.953520796578943
brms_gaussian_refreshed	117	deviation_load[714]	0.2504182168800867	1840.6671691691306	1986.5500532541694	1897.6516522541247	1998.1842436524973	0.5679259509719793	0.6341683547488929	0.6517506726692747	-3.984752550775647	-3.969150411326105	28.575276976036797
brms_gaussian_refreshed	117	deviation_load[715]	0.21130631453851093	1342.2096283009346	1529.0160110686809	1337.636768115858	1540.0161921009596	0.7553569913600913	0.8038354944547822	0.820245839937024	-41.67305895715127	-41.657456817701735	31.10764759176972
brms_gaussian_refreshed	117	deviation_load[716]	0.1318718888082438	1651.5087070112586	1546.919565767353	1679.5952207122552	1590.2704349394414	0.8952346627566549	0.993670125482453	0.9506230351398216	-31.130852631584318	-31.11525049213478	39.37742334195131
brms_gaussian_refreshed	117	deviation_load[717]	0.17297078342640362	1715.3771144440852	1806.6321267260082	1719.1542243376994	1811.698951161164	0.7541192701685722	0.8122053100113921	0.8191061757653918	92.23883805053242	92.25444018998195	34.38246676150146
brms_gaussian_refreshed	117	deviation_load[718]	0.14451900000309198	1100.4855649574276	1177.198657692696	1084.8371006947054	1161.4025534519772	1.0562916669473172	1.1051617991955023	1.103626358510781	111.96603726711894	111.98163940656849	37.61498856544893
brms_gaussian_refreshed	117	deviation_load[719]	0.1445634226385781	1253.5567060211695	1492.8732944631583	1246.137094570558	1443.404174726931	0.9853832896044699	0.9884566785036192	1.0359629727790234	-30.96839048643579	-30.952788346986242	37.60920880013408
brms_gaussian_refreshed	117	deviation_load[720]	0.1398044082116211	1717.5459910069906	1807.9264403518268	1701.895284281098	1822.7746163801091	0.859795492814729	0.9008134465035474	0.9173261922576657	45.81192305335982	45.82752519280936	38.243970568279
brms_gaussian_refreshed	117	population_intercept_at_load0	0.99883742072534	2015.2988760677579	2012.9097106847582	2015.8423762729228	2016.8733297779852	0.4080616470540849	11.939712990699384	12.015055835006468	5467.820324252019	5471.438422221143	537.3320867200886
brms_gaussian_refreshed	117	log_sigma_intercept_at_subject0	0.0	2630.70784012805	2630.70784012805	2633.0053361242813	2633.0053361242813	0.03919624757522234	0.03919624757522234	0.03919624757522234	-49.513103177393816	-49.513103177393816	2.011269935306212
brms_gaussian_refreshed	118	population_intercept_at_mean_load	0.9996493877444629	2054.1936622127587	1660.7373247867372	2057.3971133768755	1670.95566864235	0.22214870218339167	13.080143612151511	12.03295175140927	5607.644286728542	5618.558304766695	538.1325935619077
brms_gaussian_refreshed	118	population_load	0.849113120308425	2009.8905196003525	1864.9802023177142	1998.220752876048	1868.98908003001	0.13484804001635936	0.35976475422603055	0.3470202406685792	59.22661994024503	58.985621434495506	15.518174539826372
brms_gaussian_refreshed	118	log_tau_intercept	0.0	142.04985843099809	142.04985843099809	154.46947879571948	154.46947879571948	0.012683194210680714	0.012683194210680714	0.012683194210680714	7.79863149065233	7.79863149065233	0.1576340316427604
brms_gaussian_refreshed	118	log_tau_load	0.0	460.87480303894426	460.87480303894426	457.1053461665094	457.1053461665094	0.010151451755421296	0.010151451755421296	0.010151451755421296	4.111207671463991	4.111207671463991	0.21703826315576014
brms_gaussian_refreshed	118	log_sigma_intercept	0.0	1758.9648775588355	1758.9648775588355	1751.5252009440683	1751.5252009440683	0.00035260534565845333	0.00035260534565845333	0.00035260534565845333	6.051494169134143	6.051494169134143	0.01475696636062145
brms_gaussian_refreshed	118	log_sigma_subj_slope	0.0	2632.663336007037	2632.663336007037	2631.387054799441	2631.387054799441	5.5173891736945504e-5	5.5173891736945504e-5	5.5173891736945504e-5	0.07817435376450198	0.07817435376450198	0.002830257730444975
brms_gaussian_refreshed	118	deviation_intercept[701]	0.9907187467837171	1970.9664345366855	1661.1067586053607	1978.8914200911156	1674.137100587578	1.1684424183977116	13.100389967566155	12.064837756705954	-4846.788122660157	-4858.303230777506	539.5292406722111
brms_gaussian_refreshed	118	deviation_intercept[702]	0.9953257606335766	2313.814788988912	1677.8333409228449	2299.5792441009235	1689.307356158689	0.7674301185999389	13.021686829019226	12.032622382401136	-3905.471521139634	-3916.986629256984	538.2791466211944
brms_gaussian_refreshed	118	deviation_intercept[703]	0.9946332235891943	1798.8070080278599	1650.4531382930204	1791.528410133159	1658.6630559697628	0.931973573289197	13.155321490100397	12.044236262704079	-3625.400293526596	-3636.915401643945	538.4665088438024
brms_gaussian_refreshed	118	deviation_intercept[704]	0.9938323545511886	2124.414351318426	1695.079881286057	2141.4522763586738	1703.3469085471318	0.9141955683883528	12.945688349738486	12.042873658217434	-644.1910857519233	-655.706193869273	538.6834238547675
brms_gaussian_refreshed	118	deviation_intercept[705]	0.9920872488216005	2217.027782441642	1674.407462602718	2206.7568747368573	1679.759342131559	1.0209436072496418	13.087157401463507	12.051447143796068	-1339.5457004488007	-1351.0608085661502	539.1569943480799
brms_gaussian_refreshed	118	deviation_intercept[706]	0.9918431263768169	1900.3401325495445	1654.3571491278785	1855.612086570298	1667.196921928141	1.1305426581907432	13.078450036818209	12.061226269020718	52.54465651268222	41.02954839533269	539.2233416474402
brms_gaussian_refreshed	118	deviation_intercept[707]	0.9915269502386549	1998.6423487451805	1706.8298928837974	1990.1375215035969	1718.0691138463028	1.112797779737914	12.967816398175561	12.059575917465592	-78.38160903438084	-89.89671715173041	539.3093080271498
brms_gaussian_refreshed	118	deviation_intercept[708]	0.9903998239541729	2422.7707527451516	1676.7764249050228	2408.348831578945	1685.9967596789802	1.07736981348178	13.032311163246932	12.05635841062832	-440.8137663933857	-452.3288745107353	539.6161017246993
brms_gaussian_refreshed	118	deviation_intercept[709]	0.9875343461306005	2232.337871588733	1701.0594635003974	2232.6426772481323	1708.4377251598207	1.276915014758233	13.014850545854395	12.075825618376637	-1132.2096733584222	-1143.7247814757716	540.3984228301924
brms_gaussian_refreshed	118	deviation_intercept[710]	0.9859194379870688	2133.9617432813357	1695.7945352731822	2138.2884867777425	1700.5042613195146	1.3878620769835546	13.000564392833656	12.088060785554298	193.90174369996873	182.3866355826192	540.8408204088388
brms_gaussian_refreshed	118	deviation_intercept[711]	0.9833410921820753	1485.8952509089224	1671.638363164354	1482.2480058876129	1682.4043519172953	1.8155194610367216	13.129208588758098	12.144593995845621	-1724.7362920435849	-1736.251400160934	541.5494055482187
brms_gaussian_refreshed	118	deviation_intercept[712]	0.9804920890375113	1968.9770233943516	1696.5605497163342	1957.1919462538729	1697.3055235402355	1.7122091075972727	13.012943346793344	12.12958006027684	1102.0266761570579	1090.5115680397087	542.3356213796777
brms_gaussian_refreshed	118	deviation_intercept[713]	0.9813936529168297	1790.5612063895078	1706.266429753757	1774.96590040905	1715.213520132354	1.7551090555396316	12.959593790703437	12.135710123736628	3894.931228789124	3883.416120671773	542.0864540087615
brms_gaussian_refreshed	118	deviation_intercept[714]	0.9787387804150083	2136.191736648569	1663.2337473038365	2193.9957862644364	1672.4671267727595	1.689790915583242	13.145400987957643	12.126435822157891	158.26318267649785	146.74807455914828	542.8211729230935
brms_gaussian_refreshed	118	deviation_intercept[715]	0.9736728526545166	1401.21088631178	1666.4116446028172	1403.7234304455435	1667.1138508631445	2.3569196338595457	13.263174951237483	12.237243258634646	924.6406966787339	913.1255885613843	544.2314645103471
brms_gaussian_refreshed	118	deviation_intercept[716]	0.9531975605264087	1481.1771310073652	1637.1946783251476	1529.6102848458077	1652.7858622689387	3.0425839077985084	13.449745388721787	12.387589323452763	767.8120621991642	756.2969540818148	550.0456270742148
brms_gaussian_refreshed	118	deviation_intercept[717]	0.967232806402561	1848.8860629471524	1704.4682192314938	1852.5836466959981	1714.809485556952	2.2964414584359942	13.14949617247009	12.225739068970435	1495.2941552664552	1483.7790471491055	546.0402643492242
brms_gaussian_refreshed	118	deviation_intercept[718]	0.9608553645673655	1195.5298130137353	1638.9478380021026	1187.6099245048874	1642.431929416545	3.145287761503461	13.462009174285473	12.413214229730748	1319.5477221526182	1308.0326140352686	547.849371607257
brms_gaussian_refreshed	118	deviation_intercept[719]	0.9569585022730974	1125.5997567945508	1634.4344985831387	1056.6876495250413	1649.054287798749	3.50359579657986	13.462602059579552	12.508806334592384	4701.312993140558	4689.79788502321	548.9636960922808
brms_gaussian_refreshed	118	deviation_intercept[720]	0.9558132633662358	1792.909721038519	1731.5165357267852	1792.3789167877048	1743.8888876622893	2.7273112370648978	13.081582753961476	12.313946523935652	3306.9877095150173	3295.472601397668	549.2924770358525
brms_gaussian_refreshed	118	deviation_load[701]	0.4109336313026997	1476.9056353924557	1630.7015553004037	1457.1961414029722	1617.5899332096844	0.44849816762001243	0.5625437314607747	0.5508081879347235	-23.065045170556413	-22.824046664806875	22.30681497886547
brms_gaussian_refreshed	118	deviation_load[702]	0.581574626130043	2271.49077818168	2064.5361887356935	2283.113721675547	2082.3091844128703	0.2538434240672409	0.41474977000246616	0.4082591548019543	-36.67525211427061	-36.43425360852108	18.75083805433159
brms_gaussian_refreshed	118	deviation_load[703]	0.5550775224056876	1221.1983429384986	1758.0248409515634	1214.835416460256	1760.3618641291384	0.3673077050496042	0.4518728002382219	0.4869846031716321	-38.32265288126955	-38.08165437552002	19.19316458466879
brms_gaussian_refreshed	118	deviation_load[704]	0.5095460221089348	2270.5886567428065	2103.96124365414	2287.385690574781	2102.256057299842	0.29333313984719483	0.43925874804282194	0.4339163334907306	10.561698534184423	10.802697039933953	20.032340811926904
brms_gaussian_refreshed	118	deviation_load[705]	0.46936731148166183	2270.223906030425	2326.821378522638	2244.581829113424	2322.3610385826246	0.32091961800366176	0.43898893628635915	0.45302147273285087	-21.703146198857073	-21.46214769310755	20.87214041835844
brms_gaussian_refreshed	118	deviation_load[706]	0.4483758985446561	1363.9867946095758	1370.581607004278	1355.0319021294065	1382.5760850460324	0.4308728551010515	0.5730739650175283	0.536554257089026	-6.644663352985614	-6.403664847236081	21.355132875766923
brms_gaussian_refreshed	118	deviation_load[707]	0.4199005873629926	2278.4564624760733	2049.3890051028043	2256.6055858866202	2073.938948811114	0.35381280810766463	0.4899800957255232	0.4768884111807039	-1.2208339858087038	-0.9798354800591725	22.06734917505998
brms_gaussian_refreshed	118	deviation_load[708]	0.409460726220445	2647.618557143499	2201.1035240392152	2651.8741706994047	2188.7548113965504	0.3334764871885828	0.4747595077487756	0.4620017543744418	-25.58011148999427	-25.33911298424474	22.34689980870932
brms_gaussian_refreshed	118	deviation_load[709]	0.36352522554374034	2678.8685666647198	2288.6476271984084	2695.197528533576	2289.130669703372	0.36446130829670587	0.4917359970573585	0.4848413129909326	-44.40096353823975	-44.15996503249022	23.716802211305122
brms_gaussian_refreshed	118	deviation_load[710]	0.31184827719955	1434.5977220897737	1501.3823275833827	1413.3682357355342	1522.5335386152417	0.565023057456092	0.6595412232462153	0.649222695994568	-74.74168285130759	-74.50068434555808	25.60658915363113
brms_gaussian_refreshed	118	deviation_load[711]	0.29651131201233377	1470.6359492719182	1144.2495361817357	1471.7892220456617	1142.887338126795	0.5741277317931828	0.7755979851935796	0.6571618567380565	12.889133829042901	13.130132334792433	26.26048693836153
brms_gaussian_refreshed	118	deviation_load[712]	0.2512508544842149	2006.9395057163733	1674.5174397538058	1991.7381219776748	1630.4147346655122	0.5531229599699378	0.7135292796849174	0.6388928410800441	115.91336715136543	116.15436565711495	28.52788888827978
brms_gaussian_refreshed	118	deviation_load[713]	0.261681960237854	1794.4197284470758	2210.502575094347	1764.9351718611242	2215.4923634089637	0.5717338119722769	0.5910635420952299	0.6550714505225944	-12.594819927524934	-12.353821421775404	27.953520796578943
brms_gaussian_refreshed	118	deviation_load[714]	0.2504182168800867	1840.6671691691306	1582.2207127313966	1897.6516522541247	1590.4685324478853	0.5679259509719793	0.7171555524092116	0.6517506726692747	-4.210148917075637	-3.969150411326105	28.575276976036797
brms_gaussian_refreshed	118	deviation_load[715]	0.21130631453851093	1342.2096283009346	1616.634482748527	1337.636768115858	1641.0199048631782	0.7553569913600913	0.7651683744277894	0.820245839937024	-41.89845532345125	-41.657456817701735	31.10764759176972
brms_gaussian_refreshed	118	deviation_load[716]	0.1318718888082438	1651.5087070112586	1633.9699598084235	1679.5952207122552	1645.9944367853566	0.8952346627566549	0.9652114489530551	0.9506230351398216	-31.356248997884315	-31.11525049213478	39.37742334195131
brms_gaussian_refreshed	118	deviation_load[717]	0.17297078342640362	1715.3771144440852	1778.4485317823571	1719.1542243376994	1757.4415381743393	0.7541192701685722	0.8183097460810952	0.8191061757653918	92.01344168423245	92.25444018998195	34.38246676150146
brms_gaussian_refreshed	118	deviation_load[718]	0.14451900000309198	1100.4855649574276	1230.951810364006	1084.8371006947054	1225.6955124084623	1.0562916669473172	1.0645476628792248	1.103626358510781	111.74064090081895	111.98163940656849	37.61498856544893
brms_gaussian_refreshed	118	deviation_load[719]	0.1445634226385781	1253.5567060211695	1139.872567407348	1246.137094570558	1108.781120280685	0.9853832896044699	1.131520545754334	1.0359629727790234	-31.193786852735773	-30.952788346986242	37.60920880013408
brms_gaussian_refreshed	118	deviation_load[720]	0.1398044082116211	1717.5459910069906	1835.0839943586598	1701.895284281098	1847.7803016689234	0.859795492814729	0.8868992050343477	0.9173261922576657	45.58652668705983	45.82752519280936	38.243970568279
brms_gaussian_refreshed	118	population_intercept_at_load0	0.99883742072534	2015.2988760677579	1664.8846112855676	2015.8423762729228	1676.6975118933367	0.4080616470540849	13.038524346729401	12.015055835006468	5459.923314103793	5471.438422221143	537.3320867200886
brms_gaussian_refreshed	118	log_sigma_intercept_at_subject0	0.0	2630.70784012805	2630.70784012805	2633.0053361242813	2633.0053361242813	0.03919624757522234	0.03919624757522234	0.03919624757522234	-49.513103177393816	-49.513103177393816	2.011269935306212
brms_gaussian_refreshed	119	population_intercept_at_mean_load	0.9996493877444629	2054.1936622127587	1872.5811353238616	2057.3971133768755	1871.9849894108663	0.22214870218339167	12.32942047592936	12.03295175140927	5603.583790552346	5618.558304766695	538.1325935619077
brms_gaussian_refreshed	119	population_load	0.849113120308425	2009.8905196003525	1721.2934710848165	1998.220752876048	1709.9805019950988	0.13484804001635936	0.3853861196115077	0.3470202406685792	59.27724754678227	58.985621434495506	15.518174539826372
brms_gaussian_refreshed	119	log_tau_intercept	0.0	142.04985843099809	142.04985843099809	154.46947879571948	154.46947879571948	0.012683194210680714	0.012683194210680714	0.012683194210680714	7.79863149065233	7.79863149065233	0.1576340316427604
brms_gaussian_refreshed	119	log_tau_load	0.0	460.87480303894426	460.87480303894426	457.1053461665094	457.1053461665094	0.010151451755421296	0.010151451755421296	0.010151451755421296	4.111207671463991	4.111207671463991	0.21703826315576014
brms_gaussian_refreshed	119	log_sigma_intercept	0.0	1758.9648775588355	1758.9648775588355	1751.5252009440683	1751.5252009440683	0.00035260534565845333	0.00035260534565845333	0.00035260534565845333	6.051494169134143	6.051494169134143	0.01475696636062145
brms_gaussian_refreshed	119	log_sigma_subj_slope	0.0	2632.663336007037	2632.663336007037	2631.387054799441	2631.387054799441	5.5173891736945504e-5	5.5173891736945504e-5	5.5173891736945504e-5	0.07817435376450198	0.07817435376450198	0.002830257730444975
brms_gaussian_refreshed	119	deviation_intercept[701]	0.9907187467837171	1970.9664345366855	1882.311316561963	1978.8914200911156	1879.8968744603687	1.1684424183977116	12.310596570598214	12.064837756705954	-4842.601352871064	-4858.303230777506	539.5292406722111
brms_gaussian_refreshed	119	deviation_intercept[702]	0.9953257606335766	2313.814788988912	1883.0036609557949	2299.5792441009235	1880.9366009821617	0.7674301185999389	12.264044536642585	12.032622382401136	-3901.2847513505435	-3916.986629256984	538.2791466211944
brms_gaussian_refreshed	119	deviation_intercept[703]	0.9946332235891943	1798.8070080278599	1888.3323778950303	1791.528410133159	1884.3348640136312	0.931973573289197	12.249513600871062	12.044236262704079	-3621.213523737505	-3636.915401643945	538.4665088438024
brms_gaussian_refreshed	119	deviation_intercept[704]	0.9938323545511886	2124.414351318426	1883.0052867087734	2141.4522763586738	1876.2257247530229	0.9141955683883528	12.313120355932188	12.042873658217434	-640.0043159628324	-655.706193869273	538.6834238547675
brms_gaussian_refreshed	119	deviation_intercept[705]	0.9920872488216005	2217.027782441642	1867.468009993628	2206.7568747368573	1867.609145645172	1.0209436072496418	12.363606359760475	12.051447143796068	-1335.3589306597098	-1351.0608085661502	539.1569943480799
brms_gaussian_refreshed	119	deviation_intercept[706]	0.9918431263768169	1900.3401325495445	1888.8075390458853	1855.612086570298	1886.4624536953993	1.1305426581907432	12.294440242011106	12.061226269020718	56.731426301773276	41.02954839533269	539.2233416474402
brms_gaussian_refreshed	119	deviation_intercept[707]	0.9915269502386549	1998.6423487451805	1892.289031130984	1990.1375215035969	1890.0919337926719	1.112797779737914	12.283454600405886	12.059575917465592	-74.1948392452898	-89.89671715173041	539.3093080271498
brms_gaussian_refreshed	119	deviation_intercept[708]	0.9903998239541729	2422.7707527451516	1891.6772310678575	2408.348831578945	1892.1825898471413	1.07736981348178	12.270810581861928	12.05635841062832	-436.6269966042947	-452.3288745107353	539.6161017246993
brms_gaussian_refreshed	119	deviation_intercept[709]	0.9875343461306005	2232.337871588733	1875.8653621462065	2232.6426772481323	1873.789279178394	1.276915014758233	12.354035698291003	12.075825618376637	-1128.0229035693314	-1143.7247814757716	540.3984228301924
brms_gaussian_refreshed	119	deviation_intercept[710]	0.9859194379870688	2133.9617432813357	1861.167241551503	2138.2884867777425	1860.5451155217943	1.3878620769835546	12.350918849665083	12.088060785554298	198.08851348905975	182.3866355826192	540.8408204088388
brms_gaussian_refreshed	119	deviation_intercept[711]	0.9833410921820753	1485.8952509089224	1867.2109450919784	1482.2480058876129	1864.732793418906	1.8155194610367216	12.361958249727785	12.144593995845621	-1720.5495222544935	-1736.251400160934	541.5494055482187
brms_gaussian_refreshed	119	deviation_intercept[712]	0.9804920890375113	1968.9770233943516	1907.6230682960672	1957.1919462538729	1906.4421113337087	1.7122091075972727	12.262405976351618	12.12958006027684	1106.213445946149	1090.5115680397087	542.3356213796777
brms_gaussian_refreshed	119	deviation_intercept[713]	0.9813936529168297	1790.5612063895078	1868.2977869427414	1774.96590040905	1865.7433562210276	1.7551090555396316	12.437070408599276	12.135710123736628	3899.117998578214	3883.416120671773	542.0864540087615
brms_gaussian_refreshed	119	deviation_intercept[714]	0.9787387804150083	2136.191736648569	1851.0519933362611	2193.9957862644364	1850.9447747455492	1.689790915583242	12.452321434701894	12.126435822157891	162.44995246558884	146.74807455914828	542.8211729230935
brms_gaussian_refreshed	119	deviation_intercept[715]	0.9736728526545166	1401.21088631178	1805.3596620679427	1403.7234304455435	1815.5588391508315	2.3569196338595457	12.670927247489635	12.237243258634646	928.827466467825	913.1255885613843	544.2314645103471
brms_gaussian_refreshed	119	deviation_intercept[716]	0.9531975605264087	1481.1771310073652	1852.8155482429484	1529.6102848458077	1850.9674391492263	3.0425839077985084	12.620372597942058	12.387589323452763	771.9988319882552	756.2969540818148	550.0456270742148
brms_gaussian_refreshed	119	deviation_intercept[717]	0.967232806402561	1848.8860629471524	1834.102236934521	1852.5836466959981	1832.5516777821417	2.2964414584359942	12.626961839590876	12.225739068970435	1499.4809250555463	1483.7790471491055	546.0402643492242
brms_gaussian_refreshed	119	deviation_intercept[718]	0.9608553645673655	1195.5298130137353	1892.1599978473073	1187.6099245048874	1890.1675203140644	3.145287761503461	12.494428722240118	12.413214229730748	1323.7344919417092	1308.0326140352686	547.849371607257
brms_gaussian_refreshed	119	deviation_intercept[719]	0.9569585022730974	1125.5997567945508	1852.629685852665	1056.6876495250413	1851.2969437424722	3.50359579657986	12.58287266160001	12.508806334592384	4705.49976292965	4689.79788502321	548.9636960922808
brms_gaussian_refreshed	119	deviation_intercept[720]	0.9558132633662358	1792.909721038519	1965.7161727688047	1792.3789167877048	1962.151765641938	2.7273112370648978	12.239562882244353	12.313946523935652	3311.1744793041084	3295.472601397668	549.2924770358525
brms_gaussian_refreshed	119	deviation_load[701]	0.4109336313026997	1476.9056353924557	2079.78013982018	1457.1961414029722	2069.968564637234	0.44849816762001243	0.49250387901128584	0.5508081879347235	-23.11567277709365	-22.824046664806875	22.30681497886547
brms_gaussian_refreshed	119	deviation_load[702]	0.581574626130043	2271.49077818168	1990.5283656040554	2283.113721675547	1981.56315244141	0.2538434240672409	0.4293973140523427	0.4082591548019543	-36.725879720807846	-36.43425360852108	18.75083805433159
brms_gaussian_refreshed	119	deviation_load[703]	0.5550775224056876	1221.1983429384986	1608.9389926843378	1214.835416460256	1585.3092264927488	0.3673077050496042	0.4876778044298099	0.4869846031716321	-38.37328048780679	-38.08165437552002	19.19316458466879
brms_gaussian_refreshed	119	deviation_load[704]	0.5095460221089348	2270.5886567428065	1836.648562513641	2287.385690574781	1840.3261379433263	0.29333313984719483	0.47905612786729906	0.4339163334907306	10.511070927647177	10.802697039933953	20.032340811926904
brms_gaussian_refreshed	119	deviation_load[705]	0.46936731148166183	2270.223906030425	1605.4196704999429	2244.581829113424	1605.980858626733	0.32091961800366176	0.517147709370332	0.45302147273285087	-21.75377380539432	-21.46214769310755	20.87214041835844
brms_gaussian_refreshed	119	deviation_load[706]	0.4483758985446561	1363.9867946095758	1595.4621641091421	1355.0319021294065	1567.3826323075577	0.4308728551010515	0.5534932130450986	0.536554257089026	-6.695290959522857	-6.403664847236081	21.355132875766923
brms_gaussian_refreshed	119	deviation_load[707]	0.4199005873629926	2278.4564624760733	1935.1907682721203	2256.6055858866202	1942.3264915655595	0.35381280810766463	0.5094260492060078	0.4768884111807039	-1.2714615923459476	-0.9798354800591725	22.06734917505998
brms_gaussian_refreshed	119	deviation_load[708]	0.409460726220445	2647.618557143499	2243.35783756888	2651.8741706994047	2209.395498209307	0.3334764871885828	0.4869267618572902	0.4620017543744418	-25.630739096531514	-25.33911298424474	22.34689980870932
brms_gaussian_refreshed	119	deviation_load[709]	0.36352522554374034	2678.8685666647198	2277.507248519555	2695.197528533576	2284.535077129411	0.36446130829670587	0.5006897442071067	0.4848413129909326	-44.45159114477699	-44.15996503249022	23.716802211305122
brms_gaussian_refreshed	119	deviation_load[710]	0.31184827719955	1434.5977220897737	1370.58468273194	1413.3682357355342	1351.61034192114	0.565023057456092	0.7194708607130572	0.649222695994568	-74.79231045784486	-74.50068434555808	25.60658915363113
brms_gaussian_refreshed	119	deviation_load[711]	0.29651131201233377	1470.6359492719182	1382.534643583297	1471.7892220456617	1360.300890062866	0.5741277317931828	0.717729190350701	0.6571618567380565	12.83850622250566	13.130132334792433	26.26048693836153
brms_gaussian_refreshed	119	deviation_load[712]	0.2512508544842149	2006.9395057163733	1728.842090718171	1991.7381219776748	1739.206101670596	0.5531229599699378	0.6901026463014077	0.6388928410800441	115.8627395448282	116.15436565711495	28.52788888827978
brms_gaussian_refreshed	119	deviation_load[713]	0.261681960237854	1794.4197284470758	1688.4903588597888	1764.9351718611242	1692.1830404288214	0.5717338119722769	0.6844266739573581	0.6550714505225944	-12.645447534062175	-12.353821421775404	27.953520796578943
brms_gaussian_refreshed	119	deviation_load[714]	0.2504182168800867	1840.6671691691306	1650.959247787425	1897.6516522541247	1644.1324813716737	0.5679259509719793	0.7144490792831268	0.6517506726692747	-4.26077652361288	-3.969150411326105	28.575276976036797
brms_gaussian_refreshed	119	deviation_load[715]	0.21130631453851093	1342.2096283009346	1673.1925504442427	1337.636768115858	1557.3023392314867	0.7553569913600913	0.8043339733395926	0.820245839937024	-41.94908292998849	-41.657456817701735	31.10764759176972
brms_gaussian_refreshed	119	deviation_load[716]	0.1318718888082438	1651.5087070112586	1800.2722713896076	1679.5952207122552	1828.4118372571484	0.8952346627566549	0.9260492529352978	0.9506230351398216	-31.40687660442155	-31.11525049213478	39.37742334195131
brms_gaussian_refreshed	119	deviation_load[717]	0.17297078342640362	1715.3771144440852	1811.0118085814513	1719.1542243376994	1813.1892752391218	0.7541192701685722	0.8028225905090737	0.8191061757653918	91.96281407769519	92.25444018998195	34.38246676150146
brms_gaussian_refreshed	119	deviation_load[718]	0.14451900000309198	1100.4855649574276	1315.3393414707311	1084.8371006947054	1307.339607747581	1.0562916669473172	1.0310699837222863	1.103626358510781	111.6900132942817	111.98163940656849	37.61498856544893
brms_gaussian_refreshed	119	deviation_load[719]	0.1445634226385781	1253.5567060211695	1310.1983401271334	1246.137094570558	1278.9641058651173	0.9853832896044699	1.066809664481924	1.0359629727790234	-31.244414459273024	-30.952788346986242	37.60920880013408
brms_gaussian_refreshed	119	deviation_load[720]	0.1398044082116211	1717.5459910069906	1874.5148118312552	1701.895284281098	1871.5364748249262	0.859795492814729	0.882224993577509	0.9173261922576657	45.53589908052259	45.82752519280936	38.243970568279
brms_gaussian_refreshed	119	population_intercept_at_load0	0.99883742072534	2015.2988760677579	1878.151754051666	2015.8423762729228	1873.7195847147502	0.4080616470540849	12.276820884578468	12.015055835006468	5455.736544314701	5471.438422221143	537.3320867200886
brms_gaussian_refreshed	119	log_sigma_intercept_at_subject0	0.0	2630.70784012805	2630.70784012805	2633.0053361242813	2633.0053361242813	0.03919624757522234	0.03919624757522234	0.03919624757522234	-49.513103177393816	-49.513103177393816	2.011269935306212
brms_gaussian_refreshed	120	population_intercept_at_mean_load	0.9996493877444629	2054.1936622127587	1812.5854259739408	2057.3971133768755	1809.282124582079	0.22214870218339167	12.575386478223978	12.03295175140927	5613.219353883643	5618.558304766695	538.1325935619077
brms_gaussian_refreshed	120	population_load	0.849113120308425	2009.8905196003525	1636.504795866269	1998.220752876048	1667.6865305736696	0.13484804001635936	0.3743348077367655	0.3470202406685792	59.19216486253683	58.985621434495506	15.518174539826372
brms_gaussian_refreshed	120	log_tau_intercept	0.0	142.04985843099809	142.04985843099809	154.46947879571948	154.46947879571948	0.012683194210680714	0.012683194210680714	0.012683194210680714	7.79863149065233	7.79863149065233	0.1576340316427604
brms_gaussian_refreshed	120	log_tau_load	0.0	460.87480303894426	460.87480303894426	457.1053461665094	457.1053461665094	0.010151451755421296	0.010151451755421296	0.010151451755421296	4.111207671463991	4.111207671463991	0.21703826315576014
brms_gaussian_refreshed	120	log_sigma_intercept	0.0	1758.9648775588355	1758.9648775588355	1751.5252009440683	1751.5252009440683	0.00035260534565845333	0.00035260534565845333	0.00035260534565845333	6.051494169134143	6.051494169134143	0.01475696636062145
brms_gaussian_refreshed	120	log_sigma_subj_slope	0.0	2632.663336007037	2632.663336007037	2631.387054799441	2631.387054799441	5.5173891736945504e-5	5.5173891736945504e-5	5.5173891736945504e-5	0.07817435376450198	0.07817435376450198	0.002830257730444975
brms_gaussian_refreshed	120	deviation_intercept[701]	0.9907187467837171	1970.9664345366855	1818.614031279949	1978.8914200911156	1809.2302574451642	1.1684424183977116	12.578019899959163	12.064837756705954	-4852.449126470024	-4858.303230777506	539.5292406722111
brms_gaussian_refreshed	120	deviation_intercept[702]	0.9953257606335766	2313.814788988912	1791.9718034126256	2299.5792441009235	1786.0517673784998	0.7674301185999389	12.647404252820488	12.032622382401136	-3911.1325249495026	-3916.986629256984	538.2791466211944
brms_gaussian_refreshed	120	deviation_intercept[703]	0.9946332235891943	1798.8070080278599	1797.6198337681265	1791.528410133159	1789.1788850168446	0.931973573289197	12.626114992053665	12.044236262704079	-3631.0612973364646	-3636.915401643945	538.4665088438024
brms_gaussian_refreshed	120	deviation_intercept[704]	0.9938323545511886	2124.414351318426	1823.3169871051496	2141.4522763586738	1813.2747627676222	0.9141955683883528	12.576614681828874	12.042873658217434	-649.8520895617921	-655.706193869273	538.6834238547675
brms_gaussian_refreshed	120	deviation_intercept[705]	0.9920872488216005	2217.027782441642	1831.9659659649524	2206.7568747368573	1821.393401156295	1.0209436072496418	12.551640311719815	12.051447143796068	-1345.2067042586696	-1351.0608085661502	539.1569943480799
brms_gaussian_refreshed	120	deviation_intercept[706]	0.9918431263768169	1900.3401325495445	1822.8469514432031	1855.612086570298	1819.3488460109609	1.1305426581907432	12.546821955135206	12.061226269020718	46.883652702813485	41.02954839533269	539.2233416474402
brms_gaussian_refreshed	120	deviation_intercept[707]	0.9915269502386549	1998.6423487451805	1806.2207692988493	1990.1375215035969	1798.3786607990894	1.112797779737914	12.635205271706356	12.059575917465592	-84.04261284424959	-89.89671715173041	539.3093080271498
brms_gaussian_refreshed	120	deviation_intercept[708]	0.9903998239541729	2422.7707527451516	1822.2377420009932	2408.348831578945	1813.5974149822512	1.07736981348178	12.627227612622066	12.05635841062832	-446.4747702032544	-452.3288745107353	539.6161017246993
brms_gaussian_refreshed	120	deviation_intercept[709]	0.9875343461306005	2232.337871588733	1801.6923540726661	2232.6426772481323	1787.640812598299	1.276915014758233	12.680983357229396	12.075825618376637	-1137.870677168291	-1143.7247814757716	540.3984228301924
brms_gaussian_refreshed	120	deviation_intercept[710]	0.9859194379870688	2133.9617432813357	1831.8826818198888	2138.2884867777425	1817.8854915915495	1.3878620769835546	12.59570738415816	12.088060785554298	188.24073989009997	182.3866355826192	540.8408204088388
brms_gaussian_refreshed	120	deviation_intercept[711]	0.9833410921820753	1485.8952509089224	1789.9179982148864	1482.2480058876129	1780.9783682373145	1.8155194610367216	12.735351663374749	12.144593995845621	-1730.3972958534537	-1736.251400160934	541.5494055482187
brms_gaussian_refreshed	120	deviation_intercept[712]	0.9804920890375113	1968.9770233943516	1823.8982849611602	1957.1919462538729	1817.3685635197767	1.7122091075972727	12.688452189475136	12.12958006027684	1096.365672347189	1090.5115680397087	542.3356213796777
brms_gaussian_refreshed	120	deviation_intercept[713]	0.9813936529168297	1790.5612063895078	1809.238369353266	1774.96590040905	1805.2755412511553	1.7551090555396316	12.627836830961227	12.135710123736628	3889.2702249792546	3883.416120671773	542.0864540087615
brms_gaussian_refreshed	120	deviation_intercept[714]	0.9787387804150083	2136.191736648569	1807.4531384601605	2193.9957862644364	1807.018496063728	1.689790915583242	12.723709765381216	12.126435822157891	152.6021788666291	146.74807455914828	542.8211729230935
brms_gaussian_refreshed	120	deviation_intercept[715]	0.9736728526545166	1401.21088631178	1783.744454978816	1403.7234304455435	1776.1349515076229	2.3569196338595457	12.841123164537718	12.237243258634646	918.9796928688651	913.1255885613843	544.2314645103471
brms_gaussian_refreshed	120	deviation_intercept[716]	0.9531975605264087	1481.1771310073652	1820.5418105508045	1529.6102848458077	1813.8837297391538	3.0425839077985084	12.782045439359665	12.387589323452763	762.1510583892954	756.2969540818148	550.0456270742148
brms_gaussian_refreshed	120	deviation_intercept[717]	0.967232806402561	1848.8860629471524	1828.932960804232	1852.5836466959981	1825.8487093180297	2.2964414584359942	12.772883692285754	12.225739068970435	1489.6331514565861	1483.7790471491055	546.0402643492242
brms_gaussian_refreshed	120	deviation_intercept[718]	0.9608553645673655	1195.5298130137353	1830.9187885881283	1187.6099245048874	1824.100359254666	3.145287761503461	12.786254093422903	12.413214229730748	1313.8867183427499	1308.0326140352686	547.849371607257
brms_gaussian_refreshed	120	deviation_intercept[719]	0.9569585022730974	1125.5997567945508	1768.7549705220326	1056.6876495250413	1767.2867955914312	3.50359579657986	12.9608731847556	12.508806334592384	4695.65198933069	4689.79788502321	548.9636960922808
brms_gaussian_refreshed	120	deviation_intercept[720]	0.9558132633662358	1792.909721038519	1813.330340293338	1792.3789167877048	1805.714769887855	2.7273112370648978	12.850693125832013	12.313946523935652	3301.326705705148	3295.472601397668	549.2924770358525
brms_gaussian_refreshed	120	deviation_load[701]	0.4109336313026997	1476.9056353924557	1740.1937708903638	1457.1961414029722	1753.6344234957453	0.44849816762001243	0.520563348110539	0.5508081879347235	-23.0305900928482	-22.824046664806875	22.30681497886547
brms_gaussian_refreshed	120	deviation_load[702]	0.581574626130043	2271.49077818168	1958.7601478967922	2283.113721675547	1948.9322939420308	0.2538434240672409	0.4206045914321227	0.4082591548019543	-36.64079703656241	-36.43425360852108	18.75083805433159
brms_gaussian_refreshed	120	deviation_load[703]	0.5550775224056876	1221.1983429384986	1232.2471052578605	1214.835416460256	1230.7195313775446	0.3673077050496042	0.5465686731689309	0.4869846031716321	-38.288197803561346	-38.08165437552002	19.19316458466879
brms_gaussian_refreshed	120	deviation_load[704]	0.5095460221089348	2270.5886567428065	1883.4292802240884	2287.385690574781	1905.7351747912678	0.29333313984719483	0.45110446297868884	0.4339163334907306	10.596153611892621	10.802697039933953	20.032340811926904
brms_gaussian_refreshed	120	deviation_load[705]	0.46936731148166183	2270.223906030425	1908.9888929481415	2244.581829113424	1925.2982375775578	0.32091961800366176	0.47067606360808645	0.45302147273285087	-21.668691121148882	-21.46214769310755	20.87214041835844
brms_gaussian_refreshed	120	deviation_load[706]	0.4483758985446561	1363.9867946095758	1265.1701334284526	1355.0319021294065	1272.2686699563883	0.4308728551010515	0.591425970329903	0.536554257089026	-6.610208275277412	-6.403664847236081	21.355132875766923
brms_gaussian_refreshed	120	deviation_load[707]	0.4199005873629926	2278.4564624760733	2124.8142617695926	2256.6055858866202	2124.221862025351	0.35381280810766463	0.4776964209840491	0.4768884111807039	-1.1863789081005043	-0.9798354800591725	22.06734917505998
brms_gaussian_refreshed	120	deviation_load[708]	0.409460726220445	2647.618557143499	2046.3618615137493	2651.8741706994047	2038.920849877293	0.3334764871885828	0.48627112385010696	0.4620017543744418	-25.54565641228607	-25.33911298424474	22.34689980870932
brms_gaussian_refreshed	120	deviation_load[709]	0.36352522554374034	2678.8685666647198	2150.790090465165	2695.197528533576	2135.6695238135267	0.36446130829670587	0.5129904806335769	0.4848413129909326	-44.366508460531534	-44.15996503249022	23.716802211305122
brms_gaussian_refreshed	120	deviation_load[710]	0.31184827719955	1434.5977220897737	1282.8190512203157	1413.3682357355342	1312.2198849293247	0.565023057456092	0.7057814071608907	0.649222695994568	-74.70722777359941	-74.50068434555808	25.60658915363113
brms_gaussian_refreshed	120	deviation_load[711]	0.29651131201233377	1470.6359492719182	1365.4880103449661	1471.7892220456617	1375.1261267835764	0.5741277317931828	0.7020252064874498	0.6571618567380565	12.923588906751101	13.130132334792433	26.26048693836153
brms_gaussian_refreshed	120	deviation_load[712]	0.2512508544842149	2006.9395057163733	1844.529768612081	1991.7381219776748	1848.928099214659	0.5531229599699378	0.6432782345613309	0.6388928410800441	115.94782222907364	116.15436565711495	28.52788888827978
brms_gaussian_refreshed	120	deviation_load[713]	0.261681960237854	1794.4197284470758	1900.703356221619	1764.9351718611242	1898.1558274756055	0.5717338119722769	0.6483190845397538	0.6550714505225944	-12.560364849816734	-12.353821421775404	27.953520796578943
brms_gaussian_refreshed	120	deviation_load[714]	0.2504182168800867	1840.6671691691306	2231.1817251521393	1897.6516522541247	2220.113530085526	0.5679259509719793	0.6143056073462677	0.6517506726692747	-4.175693839367437	-3.969150411326105	28.575276976036797
brms_gaussian_refreshed	120	deviation_load[715]	0.21130631453851093	1342.2096283009346	1600.5374881685084	1337.636768115858	1583.562414905424	0.7553569913600913	0.7766588058196725	0.820245839937024	-41.86400024574306	-41.657456817701735	31.10764759176972
brms_gaussian_refreshed	120	deviation_load[716]	0.1318718888082438	1651.5087070112586	1739.7375361604154	1679.5952207122552	1748.9678924023708	0.8952346627566549	0.9455474379243016	0.9506230351398216	-31.321793920176102	-31.11525049213478	39.37742334195131
brms_gaussian_refreshed	120	deviation_load[717]	0.17297078342640362	1715.3771144440852	1571.8246952139716	1719.1542243376994	1582.0425169593402	0.7541192701685722	0.8568248426106436	0.8191061757653918	92.04789676194065	92.25444018998195	34.38246676150146
brms_gaussian_refreshed	120	deviation_load[718]	0.14451900000309198	1100.4855649574276	1221.787061598963	1084.8371006947054	1211.0135158369576	1.0562916669473172	1.0692118978054128	1.103626358510781	111.77509597852716	111.98163940656849	37.61498856544893
brms_gaussian_refreshed	120	deviation_load[719]	0.1445634226385781	1253.5567060211695	1351.035310064424	1246.137094570558	1330.303042197351	0.9853832896044699	1.043992769401819	1.0359629727790234	-31.159331775027574	-30.952788346986242	37.60920880013408
brms_gaussian_refreshed	120	deviation_load[720]	0.1398044082116211	1717.5459910069906	1837.684789496925	1701.895284281098	1848.9999940455139	0.859795492814729	0.8831203994874477	0.9173261922576657	45.62098176476803	45.82752519280936	38.243970568279
brms_gaussian_refreshed	120	population_intercept_at_load0	0.99883742072534	2015.2988760677579	1809.4248111604873	2015.8423762729228	1798.0542300933353	0.4080616470540849	12.579378340113141	12.015055835006468	5465.584317913663	5471.438422221143	537.3320867200886
brms_gaussian_refreshed	120	log_sigma_intercept_at_subject0	0.0	2630.70784012805	2630.70784012805	2633.0053361242813	2633.0053361242813	0.03919624757522234	0.03919624757522234	0.03919624757522234	-49.513103177393816	-49.513103177393816	2.011269935306212
