arm	recovery_seed	parameter	conditional_noise_variance_fraction	conditional_mean_bulk_ess	recovered_bulk_ess	conditional_mean_mean_ess	recovered_mean_ess	conditional_mean_mcse	recovered_mcse	predicted_recovered_mcse	recovered_mean	conditional_mean	posterior_sd_from_total_variance
partial	101	population_intercept_at_mean_load	0.9996561065418278	2330.4531809124583	2044.0774184833886	2326.098243841333	2041.117381630739	0.2108108891374207	12.584109079924733	12.259412056965571	5629.910682665847	5618.61900507731	548.2707909166072
partial	101	population_load	0.8423755603244228	2149.4549178415546	2027.0235370180942	2149.1114486209353	2014.4685134833785	0.13198045048098866	0.34916178784825447	0.34270812610366735	59.170550433658065	58.79705048583209	15.410874983519243
partial	101	log_tau_intercept	0.0	4724.220659705682	4724.220659705682	4350.242889793495	4350.242889793495	0.002479282824294686	0.002479282824294686	0.002479282824294686	7.817458543777932	7.817458543777932	0.16352449804194713
partial	101	log_tau_load	0.0	2414.8800413028666	2414.8800413028666	2409.551531492735	2409.551531492735	0.004465995343828243	0.004465995343828243	0.004465995343828243	4.099247263939628	4.099247263939628	0.21922313056576181
partial	101	log_sigma_intercept	0.0	5040.6958016091585	5040.6958016091585	5033.473123569617	5033.473123569617	0.00021152992542254566	0.00021152992542254566	0.00021152992542254566	6.051952357857564	6.051952357857564	0.015007408124859454
partial	101	log_sigma_subj_slope	0.0	4817.761298514806	4817.761298514806	4843.094192614628	4843.094192614628	3.958675402265516e-5	3.958675402265516e-5	3.958675402265516e-5	0.07820889054653188	0.07820889054653188	0.0027549349608977187
partial	101	deviation_intercept[701]	0.9906137692335416	1636.8379214580664	2026.8791087511988	1647.016809137818	2022.879115731746	1.3124861114029234	12.685496651564566	12.30607339386974	-4869.255567510246	-4858.895460482778	549.7916231806138
partial	101	deviation_intercept[702]	0.9955914420326082	2164.1769258964396	2053.7908532518186	2155.5112154891153	2048.50446418307	0.784301156807968	12.548415977226417	12.260993062849902	-3928.5408388687038	-3918.1807318412384	548.4155004418022
partial	101	deviation_intercept[703]	0.9948758800206409	2125.887599791603	2055.28632061293	2122.4158206391594	2049.8712060031335	0.8524330029264429	12.567253118721679	12.265539719358513	-3647.356542920463	-3636.9964358929983	548.6126882364825
partial	101	deviation_intercept[704]	0.9940671480047704	1930.6457883985677	2061.362660579298	1934.0307183268158	2055.9071274212783	0.9612636307757347	12.523354155244672	12.273583435595949	-666.3896996355078	-656.0295926080424	548.8358071891622
partial	101	deviation_intercept[705]	0.9928707032006227	2032.8567874183045	2054.2407356063422	2071.6436024566083	2049.922185049463	1.0187550547448112	12.546086977852454	12.27821992164382	-1361.3392049390868	-1350.9790979116215	549.1663910429311
partial	101	deviation_intercept[706]	0.9927138561590911	2324.0684664320493	2044.564095614743	2331.65444758482	2038.7290230084334	0.97085647852796	12.602485573953198	12.274338470344656	28.94942547850758	39.30953250597303	549.2097729909005
partial	101	deviation_intercept[707]	0.9915267618166139	1727.9680245537827	2034.662711430129	1725.0334970569743	2031.499404012545	1.2179347427524096	12.679497990590004	12.29634854825962	-99.05555330189941	-88.69544627443395	549.5384422800604
partial	101	deviation_intercept[708]	0.990377614615179	2519.102259999662	2056.0658874352457	2519.043594099136	2051.582123405709	1.0746657861498463	12.60264522384411	12.282985351070161	-463.8086176793304	-453.44851065186486	549.8571679234218
partial	101	deviation_intercept[709]	0.9889813852591092	2432.1810632188594	2053.0899330793395	2424.3726073181087	2046.1747917991872	1.1730595379538364	12.62463150235572	12.291984838188974	-1154.9651586890006	-1144.6050516615355	550.2451711536769
partial	101	deviation_intercept[710]	0.9870015115116552	2071.9364340172956	2019.163519496125	2061.872853956051	2014.432476368375	1.382951266118104	12.77068981167106	12.313788076263972	171.38695265475263	181.74705968221807	550.7967762807414
partial	101	deviation_intercept[711]	0.9851088161388575	1684.8991089696367	2031.2435211761715	1679.7832332836574	2028.6605381623053	1.6415200347345937	12.69655300532302	12.345501634486878	-1749.442451799392	-1739.0823447719265	551.3256469178802
partial	101	deviation_intercept[712]	0.9826294792594101	2124.675310000173	2064.5224606361976	2130.9626636636303	2063.0837821527784	1.576064195141229	12.602389048545072	12.336968871237751	1077.8759472018999	1088.2360542293657	552.020751675706
partial	101	deviation_intercept[713]	0.9820401708747679	2272.159863387324	2052.6882377631246	2261.670335161999	2046.0949192059727	1.5560448887060163	12.619334614233322	12.334427359158237	3874.5225825436983	3884.882689571163	552.186356748795
partial	101	deviation_intercept[714]	0.97898130315563	2144.4562620490765	2067.816759070056	2133.549191858397	2062.14532303065	1.7358598682087092	12.64599566045226	12.35839925171301	135.01272077789577	145.3728278053612	553.0483485380913
partial	101	deviation_intercept[715]	0.9739368797206152	1924.2188686403738	1981.873311201879	1928.3394218627122	1982.3546201996203	2.0384795413890986	12.88879751898758	12.404524232043123	903.2080691032357	913.5681761307012	554.4787322913091
partial	101	deviation_intercept[716]	0.9502689752657888	2267.605166185739	2043.6150399826674	2276.114547748682	2044.927105700086	2.62387819329372	12.831537586965512	12.514054473108443	756.6231615493858	766.9832685768514	561.3413352786016
partial	101	deviation_intercept[717]	0.9689727362327611	2079.469878354466	2025.9383983699072	2073.4948246346758	2020.7414987252364	2.1503778642813955	12.842198696938645	12.423403219000603	1474.1434893495534	1484.5035963770183	555.8972426057838
partial	101	deviation_intercept[718]	0.9625201357264661	2623.7623380308373	2056.9241653556733	2592.855276235912	2053.7250345085386	2.1205828911634312	12.7304902411439	12.418280653173294	1295.4066345297979	1305.7667415572632	557.757458878079
partial	101	deviation_intercept[719]	0.9578642840282545	2275.272915160537	2037.662331314244	2275.062939326054	2032.3142151124505	2.406172669928228	12.800974413329715	12.470224115876693	4675.065464847274	4685.425571874738	559.111350090869
partial	101	deviation_intercept[720]	0.9499312605106526	2727.508107063305	2100.3295245125987	2724.680967926503	2094.4849883207057	2.406742951588125	12.664712508815132	12.470334166240383	3288.368781312662	3298.7288883401275	561.4411090272058
partial	101	deviation_load[701]	0.39211607650611335	1840.647186641634	1927.870481430468	1841.3711484384376	1917.6862899161029	0.41040487806681253	0.5164788264747788	0.5181333653890258	-23.306396712655854	-22.93289676482987	22.587743754671926
partial	101	deviation_load[702]	0.5771864987138882	1980.4026386851356	2137.6682020467506	1971.014062470099	2122.5770623036906	0.27267897737461394	0.40584555240062287	0.4175929179121548	-36.46973603500215	-36.096236087176166	18.61753138476881
partial	101	deviation_load[703]	0.5456629409936804	2034.7619119095602	1942.130858600394	2021.099027414745	1942.122078588128	0.2870868046185328	0.44410245971489404	0.4271403209419618	-38.16647352006604	-37.792973572240065	19.147758740226188
partial	101	deviation_load[704]	0.5184486686420796	1942.2413702831566	1995.6472666705122	1936.058983481044	1988.7624140347928	0.30980562338978024	0.43384324565668037	0.44272965190085567	10.80262666087481	11.176126608700791	19.643881006481
partial	101	deviation_load[705]	0.4713038424981374	2356.784312161997	2041.6253707628757	2364.247771034074	2038.1271244325449	0.3080961483951715	0.46760471649382335	0.4415351141690342	-21.65891606743505	-21.28541611960907	20.60296317183017
partial	101	deviation_load[706]	0.46233508914574906	2366.2378573380747	2178.3507596258373	2364.355395206782	2173.0404747142247	0.3136903921151448	0.45141119904007276	0.4454567122557205	-6.536900329753833	-6.16340038192785	20.8018398578768
partial	101	deviation_load[707]	0.43145893601465557	2312.414693580568	2172.6866529820986	2320.4146062241284	2174.3796491469293	0.3370610474817855	0.47426363934857224	0.4622122565638442	-1.2889946993658494	-0.9154947515398665	21.533292633137407
partial	101	deviation_load[708]	0.40202787564995346	2569.496917673174	2368.786418583493	2574.252586905745	2368.8903756418304	0.33999065762661657	0.4593937946470204	0.46435295590929715	-25.258319007468796	-24.88481905964282	22.307561191219712
partial	101	deviation_load[709]	0.3622402392521617	2408.376876788208	2267.296093753426	2409.2495806330576	2264.6287608853168	0.38235739271742897	0.4925750237898941	0.49621285367671875	-44.74005262289937	-44.3665526750734	23.500755842734574
partial	101	deviation_load[710]	0.31752536421192745	2017.2143505416268	1974.9558534597772	2017.5941321089695	1975.122704332099	0.46165476201728406	0.5664068357144086	0.5596026623252945	-74.10472792326779	-73.73122797544178	25.100996611045165
partial	101	deviation_load[711]	0.2978587629977047	1864.0502458221572	2003.2365283374904	1856.9059184777473	1991.1010290845882	0.5039556000412817	0.589255705524674	0.5949800561374228	14.244523883548466	14.618023831374446	25.91641858179518
partial	101	deviation_load[712]	0.2571803332132363	2062.8611779792836	1991.194320860579	2061.3677233036033	1977.0202683950365	0.5294503748428501	0.6275376934785899	0.6167233738148384	116.16895893216989	116.54245887999586	27.890821046256374
partial	101	deviation_load[713]	0.2578471623854901	1997.6044111730594	1863.3049669359593	1999.0729598153712	1888.8803191624763	0.5366996994542964	0.6436919663188017	0.6229579341999383	-13.274995473367849	-12.901495525541868	27.854732898060433
partial	101	deviation_load[714]	0.23638042228084855	1953.7266155718673	1948.447236915846	1956.8798643114978	1950.7528945634049	0.5746863334186633	0.6528861946369106	0.655968293598486	-3.16453288281756	-2.7910329349915766	29.092056638469877
partial	101	deviation_load[715]	0.1958617259451718	1941.7045504125206	2015.021963532365	1936.8792397725608	2014.3843452816475	0.6512076331204539	0.7111180992821499	0.7239484800886498	-41.94430329096086	-41.57080334313489	31.959898242305112
partial	101	deviation_load[716]	0.12449479297533629	2253.4768045592796	2561.897137380607	2241.8662959700696	2551.4384914642965	0.7921895251345067	0.7933063214453107	0.8529913622781639	-35.00593249196923	-34.63243254414324	40.08709477322137
partial	101	deviation_load[717]	0.16840400866670682	2058.3685626205465	2066.710016113117	2051.732473189338	2067.3239823409203	0.6939046397838183	0.7673806997570582	0.7625835491943379	92.19318521526881	92.56668516309477	34.46703807439796
partial	101	deviation_load[718]	0.14510439407883197	2307.299009361662	2454.0736285047574	2304.542912345804	2462.3981222907305	0.7151613527570152	0.7516630356592089	0.7819755628314522	111.49403993681037	111.86753988463637	37.1312777663644
partial	101	deviation_load[719]	0.13694381195413116	2174.0032222283207	2171.4539991262304	2172.7367064543696	2159.266268539653	0.7617719110706386	0.8214323022634407	0.8248190497827601	-31.603190718182034	-31.229690770356054	38.22160941612126
partial	101	deviation_load[720]	0.11984402211199384	2419.8868247394275	2409.948579358043	2422.693363487086	2385.9505654345444	0.7787581148360857	0.8354879298319423	0.8405321063536934	44.06951537782329	44.44301532564926	40.85751872981002
partial	101	population_intercept_at_load0	0.9989041609043781	2106.7630074353115	2040.2038827502386	2105.555406771046	2037.1608302150075	0.39498303783470284	12.57807094810399	12.24225609039691	5482.329556651558	5471.969449624093	547.5053755294447
partial	101	log_sigma_intercept_at_subject0	0.0	4826.758208110376	4826.758208110376	4855.148207554599	4855.148207554599	0.028097805874743694	0.028097805874743694	0.028097805874743694	-49.53719296757556	-49.53719296757556	1.9578240247772565
partial	102	population_intercept_at_mean_load	0.9996561065418278	2330.4531809124583	2039.299183632156	2326.098243841333	2038.7057194033082	0.2108108891374207	12.22567309197297	12.259412056965571	5633.7999770581155	5618.61900507731	548.2707909166072
partial	102	population_load	0.8423755603244228	2149.4549178415546	1974.265717139868	2149.1114486209353	1958.1791835350348	0.13198045048098866	0.3451496733796161	0.34270812610366735	57.85075856586062	58.79705048583209	15.410874983519243
partial	102	log_tau_intercept	0.0	4724.220659705682	4724.220659705682	4350.242889793495	4350.242889793495	0.002479282824294686	0.002479282824294686	0.002479282824294686	7.817458543777932	7.817458543777932	0.16352449804194713
partial	102	log_tau_load	0.0	2414.8800413028666	2414.8800413028666	2409.551531492735	2409.551531492735	0.004465995343828243	0.004465995343828243	0.004465995343828243	4.099247263939628	4.099247263939628	0.21922313056576181
partial	102	log_sigma_intercept	0.0	5040.6958016091585	5040.6958016091585	5033.473123569617	5033.473123569617	0.00021152992542254566	0.00021152992542254566	0.00021152992542254566	6.051952357857564	6.051952357857564	0.015007408124859454
partial	102	log_sigma_subj_slope	0.0	4817.761298514806	4817.761298514806	4843.094192614628	4843.094192614628	3.958675402265516e-5	3.958675402265516e-5	3.958675402265516e-5	0.07820889054653188	0.07820889054653188	0.0027549349608977187
partial	102	deviation_intercept[701]	0.9906137692335416	1636.8379214580664	2067.960338766638	1647.016809137818	2067.4291983265393	1.3124861114029234	12.142492692649123	12.30607339386974	-4876.436640811557	-4858.895460482778	549.7916231806138
partial	102	deviation_intercept[702]	0.9955914420326082	2164.1769258964396	2045.8085463615325	2155.5112154891153	2044.198951616516	0.784301156807968	12.222544834021603	12.260993062849902	-3935.7219121700155	-3918.1807318412384	548.4155004418022
partial	102	deviation_intercept[703]	0.9948758800206409	2125.887599791603	2059.194634334929	2122.4158206391594	2059.9593965722984	0.8524330029264429	12.157678020229518	12.265539719358513	-3654.5376162217754	-3636.9964358929983	548.6126882364825
partial	102	deviation_intercept[704]	0.9940671480047704	1930.6457883985677	2045.1124146833442	1934.0307183268158	2046.7652814935268	0.9612636307757347	12.1700637460576	12.273583435595949	-673.5707729368194	-656.0295926080424	548.8358071891622
partial	102	deviation_intercept[705]	0.9928707032006227	2032.8567874183045	2046.6908614318254	2071.6436024566083	2047.9909718274873	1.0187550547448112	12.187800902859854	12.27821992164382	-1368.5202782403985	-1350.9790979116215	549.1663910429311
partial	102	deviation_intercept[706]	0.9927138561590911	2324.0684664320493	2045.8967362350231	2331.65444758482	2046.1875723617134	0.97085647852796	12.226766082819786	12.274338470344656	21.768352177196086	39.30953250597303	549.2097729909005
partial	102	deviation_intercept[707]	0.9915267618166139	1727.9680245537827	2042.7737616467177	1725.0334970569743	2041.9454570869618	1.2179347427524096	12.249894345863021	12.29634854825962	-106.2366266032109	-88.69544627443395	549.5384422800604
partial	102	deviation_intercept[708]	0.990377614615179	2519.102259999662	2027.2042785887936	2519.043594099136	2025.7775823935224	1.0746657861498463	12.32024717191841	12.282985351070161	-470.9896909806418	-453.44851065186486	549.8571679234218
partial	102	deviation_intercept[709]	0.9889813852591092	2432.1810632188594	2057.5286154138917	2424.3726073181087	2059.4903443982976	1.1730595379538364	12.154734068883387	12.291984838188974	-1162.1462319903121	-1144.6050516615355	550.2451711536769
partial	102	deviation_intercept[710]	0.9870015115116552	2071.9364340172956	2046.938864901853	2061.872853956051	2045.4424906949234	1.382951266118104	12.244505036474692	12.313788076263972	164.20587935344113	181.74705968221807	550.7967762807414
partial	102	deviation_intercept[711]	0.9851088161388575	1684.8991089696367	2050.506882610066	1679.7832332836574	2048.464908190849	1.6415200347345937	12.252402307388007	12.345501634486878	-1756.6235251007038	-1739.0823447719265	551.3256469178802
partial	102	deviation_intercept[712]	0.9826294792594101	2124.675310000173	2061.4225675691537	2130.9626636636303	2061.2887854483606	1.576064195141229	12.26081450610045	12.336968871237751	1070.6948739005886	1088.2360542293657	552.020751675706
partial	102	deviation_intercept[713]	0.9820401708747679	2272.159863387324	2065.9824264005465	2261.670335161999	2064.5155578985027	1.5560448887060163	12.218864403705139	12.334427359158237	3867.3415092423866	3884.882689571163	552.186356748795
partial	102	deviation_intercept[714]	0.97898130315563	2144.4562620490765	2048.636548483495	2133.549191858397	2048.9950098655927	1.7358598682087092	12.35009646492052	12.35839925171301	127.83164747658424	145.3728278053612	553.0483485380913
partial	102	deviation_intercept[715]	0.9739368797206152	1924.2188686403738	2021.5970286069362	1928.3394218627122	2017.7992606472067	2.0384795413890986	12.440347989935374	12.404524232043123	896.026995801924	913.5681761307012	554.4787322913091
partial	102	deviation_intercept[716]	0.9502689752657888	2267.605166185739	2038.7992842271522	2276.114547748682	2036.675710618995	2.62387819329372	12.519898124592782	12.514054473108443	749.4420882480744	766.9832685768514	561.3413352786016
partial	102	deviation_intercept[717]	0.9689727362327611	2079.469878354466	2045.7027167838883	2073.4948246346758	2046.893253173617	2.1503778642813955	12.36077999171648	12.423403219000603	1466.9624160482413	1484.5035963770183	555.8972426057838
partial	102	deviation_intercept[718]	0.9625201357264661	2623.7623380308373	2092.8466171765735	2592.855276235912	2091.258028866697	2.1205828911634312	12.218772888853236	12.418280653173294	1288.2255612284864	1305.7667415572632	557.757458878079
partial	102	deviation_intercept[719]	0.9578642840282545	2275.272915160537	2128.620931732499	2275.062939326054	2127.142669956801	2.406172669928228	12.297802262202316	12.470224115876693	4667.884391545961	4685.425571874738	559.111350090869
partial	102	deviation_intercept[720]	0.9499312605106526	2727.508107063305	2109.8038198386744	2724.680967926503	2114.6382344349836	2.406742951588125	12.274016736861803	12.470334166240383	3281.1877080113504	3298.7288883401275	561.4411090272058
partial	102	deviation_load[701]	0.39211607650611335	1840.647186641634	1840.7022868106055	1841.3711484384376	1833.1828001905226	0.41040487806681253	0.5306956596643853	0.5181333653890258	-21.98660484485841	-22.93289676482987	22.587743754671926
partial	102	deviation_load[702]	0.5771864987138882	1980.4026386851356	2003.6139969465	1971.014062470099	1999.2898341068358	0.27267897737461394	0.41207062312169135	0.4175929179121548	-35.14994416720471	-36.096236087176166	18.61753138476881
partial	102	deviation_load[703]	0.5456629409936804	2034.7619119095602	1958.0028534022945	2021.099027414745	1956.5920604118664	0.2870868046185328	0.4286017691773692	0.4271403209419618	-36.8466816522686	-37.792973572240065	19.147758740226188
partial	102	deviation_load[704]	0.5184486686420796	1942.2413702831566	2000.7716078583137	1936.058983481044	2005.3616565304746	0.30980562338978024	0.4341085502915384	0.44272965190085567	12.122418528672249	11.176126608700791	19.643881006481
partial	102	deviation_load[705]	0.4713038424981374	2356.784312161997	2146.1261536999423	2364.247771034074	2144.3901904926092	0.3080961483951715	0.4422200580634592	0.4415351141690342	-20.33912419963761	-21.28541611960907	20.60296317183017
partial	102	deviation_load[706]	0.46233508914574906	2366.2378573380747	2117.670892697341	2364.355395206782	2120.0037983732773	0.3136903921151448	0.45093388227779446	0.4454567122557205	-5.217108461956388	-6.16340038192785	20.8018398578768
partial	102	deviation_load[707]	0.43145893601465557	2312.414693580568	1848.6161051666277	2320.4146062241284	1852.0057182377723	0.3370610474817855	0.4953493698264526	0.4622122565638442	0.030797168431594912	-0.9154947515398665	21.533292633137407
partial	102	deviation_load[708]	0.40202787564995346	2569.496917673174	2272.267186784764	2574.252586905745	2276.0395112774036	0.33999065762661657	0.453084168494418	0.46435295590929715	-23.938527139671358	-24.88481905964282	22.307561191219712
partial	102	deviation_load[709]	0.3622402392521617	2408.376876788208	2266.333016101305	2409.2495806330576	2263.2838797096397	0.38235739271742897	0.4958595622258792	0.49621285367671875	-43.42026075510193	-44.3665526750734	23.500755842734574
partial	102	deviation_load[710]	0.31752536421192745	2017.2143505416268	1966.240842543475	2017.5941321089695	1959.9724119925486	0.46165476201728406	0.5559415588846658	0.5596026623252945	-72.78493605547034	-73.73122797544178	25.100996611045165
partial	102	deviation_load[711]	0.2978587629977047	1864.0502458221572	1945.0440310608196	1856.9059184777473	1949.9844506192799	0.5039556000412817	0.5736889044239919	0.5949800561374228	15.56431575134591	14.618023831374446	25.91641858179518
partial	102	deviation_load[712]	0.2571803332132363	2062.8611779792836	1907.8989122635617	2061.3677233036033	1908.8072471917546	0.5294503748428501	0.6406945483655918	0.6167233738148384	117.48875079996732	116.54245887999586	27.890821046256374
partial	102	deviation_load[713]	0.2578471623854901	1997.6044111730594	1994.8543327711798	1999.0729598153712	1997.166201829811	0.5366996994542964	0.6143441357759092	0.6229579341999383	-11.955203605570402	-12.901495525541868	27.854732898060433
partial	102	deviation_load[714]	0.23638042228084855	1953.7266155718673	1961.0204039308164	1956.8798643114978	1960.7961750155212	0.5746863334186633	0.6528284414809723	0.655968293598486	-1.844741015020114	-2.7910329349915766	29.092056638469877
partial	102	deviation_load[715]	0.1958617259451718	1941.7045504125206	1977.6509469384846	1936.8792397725608	1996.249666376006	0.6512076331204539	0.7040586358479456	0.7239484800886498	-40.62451142316343	-41.57080334313489	31.959898242305112
partial	102	deviation_load[716]	0.12449479297533629	2253.4768045592796	2198.465788880331	2241.8662959700696	2182.9041780755665	0.7921895251345067	0.8658125310479039	0.8529913622781639	-33.686140624171784	-34.63243254414324	40.08709477322137
partial	102	deviation_load[717]	0.16840400866670682	2058.3685626205465	1980.4545690451791	2051.732473189338	1974.4759556592137	0.6939046397838183	0.7905162038901733	0.7625835491943379	93.51297708306623	92.56668516309477	34.46703807439796
partial	102	deviation_load[718]	0.14510439407883197	2307.299009361662	2498.8416542775403	2304.542912345804	2469.073065744852	0.7151613527570152	0.7529605780831027	0.7819755628314522	112.81383180460783	111.86753988463637	37.1312777663644
partial	102	deviation_load[719]	0.13694381195413116	2174.0032222283207	2097.4173724422844	2172.7367064543696	2096.718672535234	0.7617719110706386	0.826987464285355	0.8248190497827601	-30.28339885038459	-31.229690770356054	38.22160941612126
partial	102	deviation_load[720]	0.11984402211199384	2419.8868247394275	2536.123241785678	2422.693363487086	2511.6900891035116	0.7787581148360857	0.8301162150035405	0.8405321063536934	45.38930724562072	44.44301532564926	40.85751872981002
partial	102	population_intercept_at_load0	0.9989041609043781	2106.7630074353115	2050.179014688232	2105.555406771046	2049.9884849996	0.39498303783470284	12.152163976310252	12.24225609039691	5489.51062995287	5471.969449624093	547.5053755294447
partial	102	log_sigma_intercept_at_subject0	0.0	4826.758208110376	4826.758208110376	4855.148207554599	4855.148207554599	0.028097805874743694	0.028097805874743694	0.028097805874743694	-49.53719296757556	-49.53719296757556	1.9578240247772565
partial	103	population_intercept_at_mean_load	0.9996561065418278	2330.4531809124583	2012.7037366723562	2326.098243841333	2008.4667441348101	0.2108108891374207	12.203686815322197	12.259412056965571	5622.523872615443	5618.61900507731	548.2707909166072
partial	103	population_load	0.8423755603244228	2149.4549178415546	2027.5384068037056	2149.1114486209353	2036.2225834934197	0.13198045048098866	0.3372515552806659	0.34270812610366735	58.26677685093656	58.79705048583209	15.410874983519243
partial	103	log_tau_intercept	0.0	4724.220659705682	4724.220659705682	4350.242889793495	4350.242889793495	0.002479282824294686	0.002479282824294686	0.002479282824294686	7.817458543777932	7.817458543777932	0.16352449804194713
partial	103	log_tau_load	0.0	2414.8800413028666	2414.8800413028666	2409.551531492735	2409.551531492735	0.004465995343828243	0.004465995343828243	0.004465995343828243	4.099247263939628	4.099247263939628	0.21922313056576181
partial	103	log_sigma_intercept	0.0	5040.6958016091585	5040.6958016091585	5033.473123569617	5033.473123569617	0.00021152992542254566	0.00021152992542254566	0.00021152992542254566	6.051952357857564	6.051952357857564	0.015007408124859454
partial	103	log_sigma_subj_slope	0.0	4817.761298514806	4817.761298514806	4843.094192614628	4843.094192614628	3.958675402265516e-5	3.958675402265516e-5	3.958675402265516e-5	0.07820889054653188	0.07820889054653188	0.0027549349608977187
partial	103	deviation_intercept[701]	0.9906137692335416	1636.8379214580664	2019.4599071472514	1647.016809137818	2016.6838382261321	1.3124861114029234	12.204287664692849	12.30607339386974	-4864.122918051932	-4858.895460482778	549.7916231806138
partial	103	deviation_intercept[702]	0.9955914420326082	2164.1769258964396	2024.0997586224782	2155.5112154891153	2023.4056977234766	0.784301156807968	12.160189976908866	12.260993062849902	-3923.408189410391	-3918.1807318412384	548.4155004418022
partial	103	deviation_intercept[703]	0.9948758800206409	2125.887599791603	2025.4786534389075	2122.4158206391594	2021.6325428977163	0.8524330029264429	12.128046631966068	12.265539719358513	-3642.2238934621505	-3636.9964358929983	548.6126882364825
partial	103	deviation_intercept[704]	0.9940671480047704	1930.6457883985677	2049.0248066204394	1934.0307183268158	2044.274779149658	0.9612636307757347	12.111109704384297	12.273583435595949	-661.2570501771946	-656.0295926080424	548.8358071891622
partial	103	deviation_intercept[705]	0.9928707032006227	2032.8567874183045	2025.0990220922258	2071.6436024566083	2021.0561365782899	1.0187550547448112	12.137009731137661	12.27821992164382	-1356.2065554807737	-1350.9790979116215	549.1663910429311
partial	103	deviation_intercept[706]	0.9927138561590911	2324.0684664320493	2009.1690849351771	2331.65444758482	2007.8697787410133	0.97085647852796	12.252910871201323	12.274338470344656	34.08207493682082	39.30953250597303	549.2097729909005
partial	103	deviation_intercept[707]	0.9915267618166139	1727.9680245537827	2038.863026111584	1725.0334970569743	2037.856440533064	1.2179347427524096	12.110943774288069	12.29634854825962	-93.92290384358616	-88.69544627443395	549.5384422800604
partial	103	deviation_intercept[708]	0.990377614615179	2519.102259999662	2023.8867091232614	2519.043594099136	2020.071830238516	1.0746657861498463	12.16108263464641	12.282985351070161	-458.67596822101706	-453.44851065186486	549.8571679234218
partial	103	deviation_intercept[709]	0.9889813852591092	2432.1810632188594	2029.2003915768198	2424.3726073181087	2021.1813078589653	1.1730595379538364	12.157331184088996	12.291984838188974	-1149.8325092306877	-1144.6050516615355	550.2451711536769
partial	103	deviation_intercept[710]	0.9870015115116552	2071.9364340172956	2027.616324889534	2061.872853956051	2022.6276925539883	1.382951266118104	12.212311644887082	12.313788076263972	176.51960211306587	181.74705968221807	550.7967762807414
partial	103	deviation_intercept[711]	0.9851088161388575	1684.8991089696367	2011.3357772642448	1679.7832332836574	2002.9135134323935	1.6415200347345937	12.245183102728975	12.345501634486878	-1744.309802341079	-1739.0823447719265	551.3256469178802
partial	103	deviation_intercept[712]	0.9826294792594101	2124.675310000173	2028.5106501722714	2130.9626636636303	2028.8339349018268	1.576064195141229	12.278346566567741	12.336968871237751	1083.0085966602132	1088.2360542293657	552.020751675706
partial	103	deviation_intercept[713]	0.9820401708747679	2272.159863387324	2062.146926040712	2261.670335161999	2056.4649011903593	1.5560448887060163	12.072500426526718	12.334427359158237	3879.6552320020105	3884.882689571163	552.186356748795
partial	103	deviation_intercept[714]	0.97898130315563	2144.4562620490765	2066.087588986363	2133.549191858397	2057.1826549617354	1.7358598682087092	12.105004656950237	12.35839925171301	140.14537023620895	145.3728278053612	553.0483485380913
partial	103	deviation_intercept[715]	0.9739368797206152	1924.2188686403738	1998.9582353191688	1928.3394218627122	1994.1062683344205	2.0384795413890986	12.351318274765491	12.404524232043123	908.3407185615488	913.5681761307012	554.4787322913091
partial	103	deviation_intercept[716]	0.9502689752657888	2267.605166185739	1998.5925633822021	2276.114547748682	1996.6111177619348	2.62387819329372	12.514332827226188	12.514054473108443	761.7558110076991	766.9832685768514	561.3413352786016
partial	103	deviation_intercept[717]	0.9689727362327611	2079.469878354466	2021.044781359291	2073.4948246346758	2016.6871262430418	2.1503778642813955	12.257171287532662	12.423403219000603	1479.2761388078663	1484.5035963770183	555.8972426057838
partial	103	deviation_intercept[718]	0.9625201357264661	2623.7623380308373	2039.0324405386928	2592.855276235912	2037.0915321357472	2.1205828911634312	12.29892897404826	12.418280653173294	1300.5392839881113	1305.7667415572632	557.757458878079
partial	103	deviation_intercept[719]	0.9578642840282545	2275.272915160537	2027.9809419185954	2275.062939326054	2021.4100245314253	2.406172669928228	12.381983231702646	12.470224115876693	4680.1981143055855	4685.425571874738	559.111350090869
partial	103	deviation_intercept[720]	0.9499312605106526	2727.508107063305	1979.0169967182385	2724.680967926503	1975.7800145548129	2.406742951588125	12.574541207389075	12.470334166240383	3293.5014307709757	3298.7288883401275	561.4411090272058
partial	103	deviation_load[701]	0.39211607650611335	1840.647186641634	1904.9379079053517	1841.3711484384376	1911.8552727026254	0.41040487806681253	0.524129074288891	0.5181333653890258	-22.40262312993434	-22.93289676482987	22.587743754671926
partial	103	deviation_load[702]	0.5771864987138882	1980.4026386851356	2072.1801690073353	1971.014062470099	2074.5132146710416	0.27267897737461394	0.4105257616312182	0.4175929179121548	-35.565962452280644	-36.096236087176166	18.61753138476881
partial	103	deviation_load[703]	0.5456629409936804	2034.7619119095602	2086.24712951764	2021.099027414745	2082.257373863338	0.2870868046185328	0.4140427172677002	0.4271403209419618	-37.26269993734453	-37.792973572240065	19.147758740226188
partial	103	deviation_load[704]	0.5184486686420796	1942.2413702831566	1956.4401490979917	1936.058983481044	1951.5905242189122	0.30980562338978024	0.43984841005531855	0.44272965190085567	11.706400243596315	11.176126608700791	19.643881006481
partial	103	deviation_load[705]	0.4713038424981374	2356.784312161997	2182.058779204819	2364.247771034074	2186.1879629732166	0.3080961483951715	0.43102125193741814	0.4415351141690342	-20.755142484713545	-21.28541611960907	20.60296317183017
partial	103	deviation_load[706]	0.46233508914574906	2366.2378573380747	2394.523264541617	2364.355395206782	2396.3472489158003	0.3136903921151448	0.41898080437254603	0.4454567122557205	-5.633126747032324	-6.16340038192785	20.8018398578768
partial	103	deviation_load[707]	0.43145893601465557	2312.414693580568	2177.597147445933	2320.4146062241284	2180.0390197427787	0.3370610474817855	0.46327071033447	0.4622122565638442	-0.3852211166443408	-0.9154947515398665	21.533292633137407
partial	103	deviation_load[708]	0.40202787564995346	2569.496917673174	2219.3528516651013	2574.252586905745	2218.7877256272213	0.33999065762661657	0.4678624579208036	0.46435295590929715	-24.35454542474729	-24.88481905964282	22.307561191219712
partial	103	deviation_load[709]	0.3622402392521617	2408.376876788208	2247.202651077525	2409.2495806330576	2243.546353966972	0.38235739271742897	0.4893756938867916	0.49621285367671875	-43.83627904017788	-44.3665526750734	23.500755842734574
partial	103	deviation_load[710]	0.31752536421192745	2017.2143505416268	1961.8621210473852	2017.5941321089695	1960.9054699423575	0.46165476201728406	0.5642268830321554	0.5596026623252945	-73.20095434054628	-73.73122797544178	25.100996611045165
partial	103	deviation_load[711]	0.2978587629977047	1864.0502458221572	1863.0222015077368	1856.9059184777473	1868.0307803379699	0.5039556000412817	0.5900701512819052	0.5949800561374228	15.148297466269975	14.618023831374446	25.91641858179518
partial	103	deviation_load[712]	0.2571803332132363	2062.8611779792836	1898.7419130898097	2061.3677233036033	1898.5742687971456	0.5294503748428501	0.6477571041553087	0.6167233738148384	117.0727325148914	116.54245887999586	27.890821046256374
partial	103	deviation_load[713]	0.2578471623854901	1997.6044111730594	1917.5907981417567	1999.0729598153712	1923.9168519224984	0.5366996994542964	0.6389205964743802	0.6229579341999383	-12.371221890646341	-12.901495525541868	27.854732898060433
partial	103	deviation_load[714]	0.23638042228084855	1953.7266155718673	2151.5584808878907	1956.8798643114978	2159.439181014042	0.5746863334186633	0.6229427179349202	0.655968293598486	-2.260759300096051	-2.7910329349915766	29.092056638469877
partial	103	deviation_load[715]	0.1958617259451718	1941.7045504125206	2038.2901709722469	1936.8792397725608	2031.4113540369965	0.6512076331204539	0.7041408528612122	0.7239484800886498	-41.04052970823937	-41.57080334313489	31.959898242305112
partial	103	deviation_load[716]	0.12449479297533629	2253.4768045592796	2199.4557809028415	2241.8662959700696	2171.3004076390444	0.7921895251345067	0.8485603685167425	0.8529913622781639	-34.10215890924771	-34.63243254414324	40.08709477322137
partial	103	deviation_load[717]	0.16840400866670682	2058.3685626205465	2037.9932505239804	2051.732473189338	2024.8051866419469	0.6939046397838183	0.7823557625870944	0.7625835491943379	93.09695879799031	92.56668516309477	34.46703807439796
partial	103	deviation_load[718]	0.14510439407883197	2307.299009361662	2233.0584924819327	2304.542912345804	2216.0706249253017	0.7151613527570152	0.7851534781228923	0.7819755628314522	112.39781351953188	111.86753988463637	37.1312777663644
partial	103	deviation_load[719]	0.13694381195413116	2174.0032222283207	2198.7687854975743	2172.7367064543696	2200.5667482740955	0.7617719110706386	0.812217200939892	0.8248190497827601	-30.699417135460525	-31.229690770356054	38.22160941612126
partial	103	deviation_load[720]	0.11984402211199384	2419.8868247394275	2451.0544001283497	2422.693363487086	2500.3777951054635	0.7787581148360857	0.8177394727166096	0.8405321063536934	44.973288960544785	44.44301532564926	40.85751872981002
partial	103	population_intercept_at_load0	0.9989041609043781	2106.7630074353115	2026.0686833472125	2105.555406771046	2021.896517370931	0.39498303783470284	12.128238560732349	12.24225609039691	5477.196907193245	5471.969449624093	547.5053755294447
partial	103	log_sigma_intercept_at_subject0	0.0	4826.758208110376	4826.758208110376	4855.148207554599	4855.148207554599	0.028097805874743694	0.028097805874743694	0.028097805874743694	-49.53719296757556	-49.53719296757556	1.9578240247772565
partial	104	population_intercept_at_mean_load	0.9996561065418278	2330.4531809124583	2019.7790444288607	2326.098243841333	2036.4273693174125	0.2108108891374207	11.924883035314878	12.259412056965571	5618.152599630313	5618.61900507731	548.2707909166072
partial	104	population_load	0.8423755603244228	2149.4549178415546	2144.232790953566	2149.1114486209353	2136.574250914241	0.13198045048098866	0.32530855739847087	0.34270812610366735	58.240252641203625	58.79705048583209	15.410874983519243
partial	104	log_tau_intercept	0.0	4724.220659705682	4724.220659705682	4350.242889793495	4350.242889793495	0.002479282824294686	0.002479282824294686	0.002479282824294686	7.817458543777932	7.817458543777932	0.16352449804194713
partial	104	log_tau_load	0.0	2414.8800413028666	2414.8800413028666	2409.551531492735	2409.551531492735	0.004465995343828243	0.004465995343828243	0.004465995343828243	4.099247263939628	4.099247263939628	0.21922313056576181
partial	104	log_sigma_intercept	0.0	5040.6958016091585	5040.6958016091585	5033.473123569617	5033.473123569617	0.00021152992542254566	0.00021152992542254566	0.00021152992542254566	6.051952357857564	6.051952357857564	0.015007408124859454
partial	104	log_sigma_subj_slope	0.0	4817.761298514806	4817.761298514806	4843.094192614628	4843.094192614628	3.958675402265516e-5	3.958675402265516e-5	3.958675402265516e-5	0.07820889054653188	0.07820889054653188	0.0027549349608977187
partial	104	deviation_intercept[701]	0.9906137692335416	1636.8379214580664	1988.5793569856223	1647.016809137818	2000.4655570257305	1.3124861114029234	12.077637689263106	12.30607339386974	-4859.817800826892	-4858.895460482778	549.7916231806138
partial	104	deviation_intercept[702]	0.9955914420326082	2164.1769258964396	2006.0712841328764	2155.5112154891153	2021.0249993930938	0.784301156807968	11.9998065329839	12.260993062849902	-3919.1030721853535	-3918.1807318412384	548.4155004418022
partial	104	deviation_intercept[703]	0.9948758800206409	2125.887599791603	2006.0200109041152	2122.4158206391594	2018.1403199458869	0.8524330029264429	11.952598920733916	12.265539719358513	-3637.918776237112	-3636.9964358929983	548.6126882364825
partial	104	deviation_intercept[704]	0.9940671480047704	1930.6457883985677	1988.7013830396404	1934.0307183268158	2002.9038676899918	0.9612636307757347	12.039361202147804	12.273583435595949	-656.9519329521563	-656.0295926080424	548.8358071891622
partial	104	deviation_intercept[705]	0.9928707032006227	2032.8567874183045	1986.2743791022406	2071.6436024566083	2001.4016648988377	1.0187550547448112	12.019628678792818	12.27821992164382	-1351.9014382557357	-1350.9790979116215	549.1663910429311
partial	104	deviation_intercept[706]	0.9927138561590911	2324.0684664320493	2015.6916036133641	2331.65444758482	2030.746597403668	0.97085647852796	11.937861518642949	12.274338470344656	38.38719216185906	39.30953250597303	549.2097729909005
partial	104	deviation_intercept[707]	0.9915267618166139	1727.9680245537827	1997.8794379291235	1725.0334970569743	2015.5987493060695	1.2179347427524096	11.99987134398741	12.29634854825962	-89.61778661854792	-88.69544627443395	549.5384422800604
partial	104	deviation_intercept[708]	0.990377614615179	2519.102259999662	2021.7846357034778	2519.043594099136	2037.1974846027708	1.0746657861498463	11.976101857040792	12.282985351070161	-454.3708509959788	-453.44851065186486	549.8571679234218
partial	104	deviation_intercept[709]	0.9889813852591092	2432.1810632188594	1997.68672646166	2424.3726073181087	2010.4391118928922	1.1730595379538364	11.99598019594324	12.291984838188974	-1145.5273920056495	-1144.6050516615355	550.2451711536769
partial	104	deviation_intercept[710]	0.9870015115116552	2071.9364340172956	2040.814407939557	2061.872853956051	2022.0032709961374	1.382951266118104	11.995617624950013	12.313788076263972	180.82471933810413	181.74705968221807	550.7967762807414
partial	104	deviation_intercept[711]	0.9851088161388575	1684.8991089696367	2040.497809022768	1679.7832332836574	2058.387548444027	1.6415200347345937	11.926444262031474	12.345501634486878	-1740.0046851160405	-1739.0823447719265	551.3256469178802
partial	104	deviation_intercept[712]	0.9826294792594101	2124.675310000173	2026.2717949847136	2130.9626636636303	2038.954892935254	1.576064195141229	12.040761549413903	12.336968871237751	1087.313713885252	1088.2360542293657	552.020751675706
partial	104	deviation_intercept[713]	0.9820401708747679	2272.159863387324	2046.9270506459711	2261.670335161999	2063.831587587994	1.5560448887060163	11.894259760554181	12.334427359158237	3883.960349227049	3884.882689571163	552.186356748795
partial	104	deviation_intercept[714]	0.97898130315563	2144.4562620490765	2012.135528063517	2133.549191858397	2025.3270045281547	1.7358598682087092	12.021585770851516	12.35839925171301	144.45048746124718	145.3728278053612	553.0483485380913
partial	104	deviation_intercept[715]	0.9739368797206152	1924.2188686403738	2003.6598812336267	1928.3394218627122	2020.8570007266342	2.0384795413890986	12.062743694598312	12.404524232043123	912.6458357865871	913.5681761307012	554.4787322913091
partial	104	deviation_intercept[716]	0.9502689752657888	2267.605166185739	2066.9534497725663	2276.114547748682	2076.719838416898	2.62387819329372	12.163409642271876	12.514054473108443	766.0609282327373	766.9832685768514	561.3413352786016
partial	104	deviation_intercept[717]	0.9689727362327611	2079.469878354466	1940.8671760655727	2073.4948246346758	1951.6251323294055	2.1503778642813955	12.296452282510977	12.423403219000603	1483.581256032904	1484.5035963770183	555.8972426057838
partial	104	deviation_intercept[718]	0.9625201357264661	2623.7623380308373	2006.9466500823569	2592.855276235912	2021.394958170062	2.1205828911634312	12.13259919844335	12.418280653173294	1304.8444012131492	1305.7667415572632	557.757458878079
partial	104	deviation_intercept[719]	0.9578642840282545	2275.272915160537	2007.115350579853	2275.062939326054	2031.4495858118682	2.406172669928228	12.032825525663485	12.470224115876693	4684.503231530623	4685.425571874738	559.111350090869
partial	104	deviation_intercept[720]	0.9499312605106526	2727.508107063305	2108.921741761274	2724.680967926503	2120.8265338446495	2.406742951588125	12.022281199657428	12.470334166240383	3297.8065479960137	3298.7288883401275	561.4411090272058
partial	104	deviation_load[701]	0.39211607650611335	1840.647186641634	1940.6340321742846	1841.3711484384376	1926.4796672470488	0.41040487806681253	0.5097915771619197	0.5181333653890258	-22.37609892020142	-22.93289676482987	22.587743754671926
partial	104	deviation_load[702]	0.5771864987138882	1980.4026386851356	1884.4780094735506	1971.014062470099	1870.5947790294683	0.27267897737461394	0.4203016398303316	0.4175929179121548	-35.53943824254772	-36.096236087176166	18.61753138476881
partial	104	deviation_load[703]	0.5456629409936804	2034.7619119095602	2127.38228048561	2021.099027414745	2129.1294828082	0.2870868046185328	0.4065025779772276	0.4271403209419618	-37.23617572761161	-37.792973572240065	19.147758740226188
partial	104	deviation_load[704]	0.5184486686420796	1942.2413702831566	2096.775867346318	1936.058983481044	2087.0638542676147	0.30980562338978024	0.42092983108234977	0.44272965190085567	11.732924453329243	11.176126608700791	19.643881006481
partial	104	deviation_load[705]	0.4713038424981374	2356.784312161997	2116.085775486773	2364.247771034074	2139.725101331323	0.3080961483951715	0.4443620242031992	0.4415351141690342	-20.728618274980615	-21.28541611960907	20.60296317183017
partial	104	deviation_load[706]	0.46233508914574906	2366.2378573380747	2084.729082394463	2364.355395206782	2099.2418200400134	0.3136903921151448	0.43662732476734895	0.4454567122557205	-5.6066025372993975	-6.16340038192785	20.8018398578768
partial	104	deviation_load[707]	0.43145893601465557	2312.414693580568	2157.0343486349852	2320.4146062241284	2155.3956795180807	0.3370610474817855	0.45803017037769866	0.4622122565638442	-0.35869690691141337	-0.9154947515398665	21.533292633137407
partial	104	deviation_load[708]	0.40202787564995346	2569.496917673174	2283.9644073999048	2574.252586905745	2285.3650159974045	0.33999065762661657	0.47081285958443375	0.46435295590929715	-24.328021215014363	-24.88481905964282	22.307561191219712
partial	104	deviation_load[709]	0.3622402392521617	2408.376876788208	2204.748193281164	2409.2495806330576	2207.5890801730156	0.38235739271742897	0.49196795830774226	0.49621285367671875	-43.80975483044494	-44.3665526750734	23.500755842734574
partial	104	deviation_load[710]	0.31752536421192745	2017.2143505416268	2076.5794674078984	2017.5941321089695	2082.716154279631	0.46165476201728406	0.5581141719122956	0.5596026623252945	-73.17443013081336	-73.73122797544178	25.100996611045165
partial	104	deviation_load[711]	0.2978587629977047	1864.0502458221572	1818.7972671790833	1856.9059184777473	1810.0748225960917	0.5039556000412817	0.5970061867418922	0.5949800561374228	15.174821676002901	14.618023831374446	25.91641858179518
partial	104	deviation_load[712]	0.2571803332132363	2062.8611779792836	2170.7174519540526	2061.3677233036033	2179.1136740242705	0.5294503748428501	0.5975458812924153	0.6167233738148384	117.09925672462431	116.54245887999586	27.890821046256374
partial	104	deviation_load[713]	0.2578471623854901	1997.6044111730594	2288.587946102895	1999.0729598153712	2281.3425448630446	0.5366996994542964	0.5878969438570892	0.6229579341999383	-12.344697680913413	-12.901495525541868	27.854732898060433
partial	104	deviation_load[714]	0.23638042228084855	1953.7266155718673	1862.8721527291461	1956.8798643114978	1852.9206204980164	0.5746863334186633	0.6575712959614105	0.655968293598486	-2.234235090363123	-2.7910329349915766	29.092056638469877
partial	104	deviation_load[715]	0.1958617259451718	1941.7045504125206	2060.9122195698583	1936.8792397725608	2063.015432089569	0.6512076331204539	0.7094197110648406	0.7239484800886498	-41.014005498506435	-41.57080334313489	31.959898242305112
partial	104	deviation_load[716]	0.12449479297533629	2253.4768045592796	2015.0317724068825	2241.8662959700696	2000.8683215273822	0.7921895251345067	0.8968963921328165	0.8529913622781639	-34.07563469951478	-34.63243254414324	40.08709477322137
partial	104	deviation_load[717]	0.16840400866670682	2058.3685626205465	1885.1960768533693	2051.732473189338	1865.9596452067053	0.6939046397838183	0.8123921877703127	0.7625835491943379	93.12348300772325	92.56668516309477	34.46703807439796
partial	104	deviation_load[718]	0.14510439407883197	2307.299009361662	2349.9856080582485	2304.542912345804	2362.9503771585096	0.7151613527570152	0.7680352232309513	0.7819755628314522	112.4243377292648	111.86753988463637	37.1312777663644
partial	104	deviation_load[719]	0.13694381195413116	2174.0032222283207	2123.222941907029	2172.7367064543696	2119.764574203211	0.7617719110706386	0.831687344245135	0.8248190497827601	-30.672892925727595	-31.229690770356054	38.22160941612126
partial	104	deviation_load[720]	0.11984402211199384	2419.8868247394275	2512.251837845279	2422.693363487086	2474.05521420627	0.7787581148360857	0.8158713201489182	0.8405321063536934	44.999813170277726	44.44301532564926	40.85751872981002
partial	104	population_intercept_at_load0	0.9989041609043781	2106.7630074353115	2009.4109772154836	2105.555406771046	2025.2195810277533	0.39498303783470284	11.938102936241734	12.24225609039691	5472.8917899682065	5471.969449624093	547.5053755294447
partial	104	log_sigma_intercept_at_subject0	0.0	4826.758208110376	4826.758208110376	4855.148207554599	4855.148207554599	0.028097805874743694	0.028097805874743694	0.028097805874743694	-49.53719296757556	-49.53719296757556	1.9578240247772565
partial	105	population_intercept_at_mean_load	0.9996561065418278	2330.4531809124583	2140.833945881862	2326.098243841333	2138.729271072656	0.2108108891374207	11.894560296962954	12.259412056965571	5631.366968749434	5618.61900507731	548.2707909166072
partial	105	population_load	0.8423755603244228	2149.4549178415546	2023.4191931033831	2149.1114486209353	2046.3149460864836	0.13198045048098866	0.34606878498569804	0.34270812610366735	58.54264456869998	58.79705048583209	15.410874983519243
partial	105	log_tau_intercept	0.0	4724.220659705682	4724.220659705682	4350.242889793495	4350.242889793495	0.002479282824294686	0.002479282824294686	0.002479282824294686	7.817458543777932	7.817458543777932	0.16352449804194713
partial	105	log_tau_load	0.0	2414.8800413028666	2414.8800413028666	2409.551531492735	2409.551531492735	0.004465995343828243	0.004465995343828243	0.004465995343828243	4.099247263939628	4.099247263939628	0.21922313056576181
partial	105	log_sigma_intercept	0.0	5040.6958016091585	5040.6958016091585	5033.473123569617	5033.473123569617	0.00021152992542254566	0.00021152992542254566	0.00021152992542254566	6.051952357857564	6.051952357857564	0.015007408124859454
partial	105	log_sigma_subj_slope	0.0	4817.761298514806	4817.761298514806	4843.094192614628	4843.094192614628	3.958675402265516e-5	3.958675402265516e-5	3.958675402265516e-5	0.07820889054653188	0.07820889054653188	0.0027549349608977187
partial	105	deviation_intercept[701]	0.9906137692335416	1636.8379214580664	2200.2252171427554	1647.016809137818	2195.8428302492302	1.3124861114029234	11.74289554126973	12.30607339386974	-4872.2779545325975	-4858.895460482778	549.7916231806138
partial	105	deviation_intercept[702]	0.9955914420326082	2164.1769258964396	2138.118025062601	2155.5112154891153	2136.6183654267456	0.784301156807968	11.867621670450022	12.260993062849902	-3931.5632258910573	-3918.1807318412384	548.4155004418022
partial	105	deviation_intercept[703]	0.9948758800206409	2125.887599791603	2149.1362801537316	2122.4158206391594	2145.266237673463	0.8524330029264429	11.866454859959866	12.265539719358513	-3650.3789299428176	-3636.9964358929983	548.6126882364825
partial	105	deviation_intercept[704]	0.9940671480047704	1930.6457883985677	2129.284859828854	1934.0307183268158	2127.1930051798613	0.9612636307757347	11.928943275032676	12.273583435595949	-669.4120866578606	-656.0295926080424	548.8358071891622
partial	105	deviation_intercept[705]	0.9928707032006227	2032.8567874183045	2160.0086497244138	2071.6436024566083	2157.7429241863274	1.0187550547448112	11.848990929991347	12.27821992164382	-1364.3615919614397	-1350.9790979116215	549.1663910429311
partial	105	deviation_intercept[706]	0.9927138561590911	2324.0684664320493	2130.5589667855543	2331.65444758482	2126.2993697229053	0.97085647852796	11.919111053970038	12.274338470344656	25.927038456154712	39.30953250597303	549.2097729909005
partial	105	deviation_intercept[707]	0.9915267618166139	1727.9680245537827	2156.95543057305	1725.0334970569743	2155.416238265693	1.2179347427524096	11.906871987889472	12.29634854825962	-102.07794032425227	-88.69544627443395	549.5384422800604
partial	105	deviation_intercept[708]	0.990377614615179	2519.102259999662	2163.2425018151666	2519.043594099136	2161.1766459954847	1.0746657861498463	11.861635415866166	12.282985351070161	-466.8310047016832	-453.44851065186486	549.8571679234218
partial	105	deviation_intercept[709]	0.9889813852591092	2432.1810632188594	2149.016305006507	2424.3726073181087	2145.586788540581	1.1730595379538364	11.942554674419863	12.291984838188974	-1157.987545711354	-1144.6050516615355	550.2451711536769
partial	105	deviation_intercept[710]	0.9870015115116552	2071.9364340172956	2140.0083071220147	2061.872853956051	2137.9757330478155	1.382951266118104	11.975810796520534	12.313788076263972	168.3645656323998	181.74705968221807	550.7967762807414
partial	105	deviation_intercept[711]	0.9851088161388575	1684.8991089696367	2146.9387525236107	1679.7832332836574	2144.572974407574	1.6415200347345937	11.96436194587731	12.345501634486878	-1752.464838821745	-1739.0823447719265	551.3256469178802
partial	105	deviation_intercept[712]	0.9826294792594101	2124.675310000173	2146.917945542461	2130.9626636636303	2145.601331868228	1.576064195141229	11.99123321633744	12.336968871237751	1074.853560179547	1088.2360542293657	552.020751675706
partial	105	deviation_intercept[713]	0.9820401708747679	2272.159863387324	2173.585340118931	2261.670335161999	2172.289915184929	1.5560448887060163	11.89185858543523	12.334427359158237	3871.5001955213443	3884.882689571163	552.186356748795
partial	105	deviation_intercept[714]	0.97898130315563	2144.4562620490765	2113.1454072113106	2133.549191858397	2106.3681937969222	1.7358598682087092	12.11764974800458	12.35839925171301	131.99033375554288	145.3728278053612	553.0483485380913
partial	105	deviation_intercept[715]	0.9739368797206152	1924.2188686403738	2110.4480866370163	1928.3394218627122	2106.1660727566937	2.0384795413890986	12.179763357439494	12.404524232043123	900.1856820808829	913.5681761307012	554.4787322913091
partial	105	deviation_intercept[716]	0.9502689752657888	2267.605166185739	2063.6740759818767	2276.114547748682	2055.610391924266	2.62387819329372	12.340668333787528	12.514054473108443	753.6007745270331	766.9832685768514	561.3413352786016
partial	105	deviation_intercept[717]	0.9689727362327611	2079.469878354466	2110.9645017085754	2073.4948246346758	2109.4250250846035	2.1503778642813955	12.16746010379529	12.423403219000603	1471.1211023272003	1484.5035963770183	555.8972426057838
partial	105	deviation_intercept[718]	0.9625201357264661	2623.7623380308373	2179.6796803218563	2592.855276235912	2177.25257769951	2.1205828911634312	12.084420509958099	12.418280653173294	1292.3842475074448	1305.7667415572632	557.757458878079
partial	105	deviation_intercept[719]	0.9578642840282545	2275.272915160537	2157.8802592179754	2275.062939326054	2152.666748415154	2.406172669928228	12.073286572851517	12.470224115876693	4672.04307782492	4685.425571874738	559.111350090869
partial	105	deviation_intercept[720]	0.9499312605106526	2727.508107063305	2122.3548788257112	2724.680967926503	2118.1784341312564	2.406742951588125	12.261998431661207	12.470334166240383	3285.346394290309	3298.7288883401275	561.4411090272058
partial	105	deviation_load[701]	0.39211607650611335	1840.647186641634	1971.7633997047076	1841.3711484384376	1965.7110563313481	0.41040487806681253	0.5129020187704403	0.5181333653890258	-22.678490847697773	-22.93289676482987	22.587743754671926
partial	105	deviation_load[702]	0.5771864987138882	1980.4026386851356	2018.6216716244755	1971.014062470099	2021.9548221873324	0.27267897737461394	0.42388229515579323	0.4175929179121548	-35.84183017004406	-36.096236087176166	18.61753138476881
partial	105	deviation_load[703]	0.5456629409936804	2034.7619119095602	2004.1597387954728	2021.099027414745	2008.3875162645325	0.2870868046185328	0.4311820046399196	0.4271403209419618	-37.538567655107954	-37.792973572240065	19.147758740226188
partial	105	deviation_load[704]	0.5184486686420796	1942.2413702831566	1955.1819607997231	1936.058983481044	1957.2158971790047	0.30980562338978024	0.4471685465665905	0.44272965190085567	11.43053252583289	11.176126608700791	19.643881006481
partial	105	deviation_load[705]	0.4713038424981374	2356.784312161997	2127.1308648145596	2364.247771034074	2139.427928755193	0.3080961483951715	0.4392130030785593	0.4415351141690342	-21.031010202476967	-21.28541611960907	20.60296317183017
partial	105	deviation_load[706]	0.46233508914574906	2366.2378573380747	2177.7788808496093	2364.355395206782	2191.9061272574854	0.3136903921151448	0.44951883549664107	0.4454567122557205	-5.908994464795749	-6.16340038192785	20.8018398578768
partial	105	deviation_load[707]	0.43145893601465557	2312.414693580568	2246.8338674044608	2320.4146062241284	2187.6448230014385	0.3370610474817855	0.461681725835319	0.4622122565638442	-0.6610888344077672	-0.9154947515398665	21.533292633137407
partial	105	deviation_load[708]	0.40202787564995346	2569.496917673174	2305.1394445911756	2574.252586905745	2310.485115770465	0.33999065762661657	0.4750167046452876	0.46435295590929715	-24.63041314251071	-24.88481905964282	22.307561191219712
partial	105	deviation_load[709]	0.3622402392521617	2408.376876788208	2184.0371836736904	2409.2495806330576	2184.8939529629874	0.38235739271742897	0.49947966351000883	0.49621285367671875	-44.11214675794128	-44.3665526750734	23.500755842734574
partial	105	deviation_load[710]	0.31752536421192745	2017.2143505416268	2009.0855317184776	2017.5941321089695	2010.3223225665458	0.46165476201728406	0.5575033622749064	0.5596026623252945	-73.47682205830971	-73.73122797544178	25.100996611045165
partial	105	deviation_load[711]	0.2978587629977047	1864.0502458221572	1643.5675762108544	1856.9059184777473	1645.1583931925409	0.5039556000412817	0.6451545683402646	0.5949800561374228	14.872429748506548	14.618023831374446	25.91641858179518
partial	105	deviation_load[712]	0.2571803332132363	2062.8611779792836	2086.10813379362	2061.3677233036033	2081.6837580217525	0.5294503748428501	0.6115842225137851	0.6167233738148384	116.79686479712795	116.54245887999586	27.890821046256374
partial	105	deviation_load[713]	0.2578471623854901	1997.6044111730594	2009.634059659959	1999.0729598153712	1973.9849999509322	0.5366996994542964	0.6283588033011723	0.6229579341999383	-12.64708960840977	-12.901495525541868	27.854732898060433
partial	105	deviation_load[714]	0.23638042228084855	1953.7266155718673	1957.9187982666474	1956.8798643114978	1963.0702061503173	0.5746863334186633	0.6654414054751003	0.655968293598486	-2.5366270178594768	-2.7910329349915766	29.092056638469877
partial	105	deviation_load[715]	0.1958617259451718	1941.7045504125206	1984.5158566394975	1936.8792397725608	1981.7475958432376	0.6512076331204539	0.7141316904465878	0.7239484800886498	-41.31639742600279	-41.57080334313489	31.959898242305112
partial	105	deviation_load[716]	0.12449479297533629	2253.4768045592796	2249.8058861763398	2241.8662959700696	2232.545071570464	0.7921895251345067	0.8448093734330654	0.8529913622781639	-34.378026627011145	-34.63243254414324	40.08709477322137
partial	105	deviation_load[717]	0.16840400866670682	2058.3685626205465	2089.580069415641	2051.732473189338	2059.923247999199	0.6939046397838183	0.7595389705709	0.7625835491943379	92.82109108022688	92.56668516309477	34.46703807439796
partial	105	deviation_load[718]	0.14510439407883197	2307.299009361662	2086.99820792802	2304.542912345804	2075.2110043810508	0.7151613527570152	0.8219633102119154	0.7819755628314522	112.12194580176845	111.86753988463637	37.1312777663644
partial	105	deviation_load[719]	0.13694381195413116	2174.0032222283207	2117.4842120775606	2172.7367064543696	2103.799018224235	0.7617719110706386	0.8411195484508838	0.8248190497827601	-30.97528485322395	-31.229690770356054	38.22160941612126
partial	105	deviation_load[720]	0.11984402211199384	2419.8868247394275	2406.5561506123754	2422.693363487086	2382.578202793017	0.7787581148360857	0.8515734158751064	0.8405321063536934	44.69742124278137	44.44301532564926	40.85751872981002
partial	105	population_intercept_at_load0	0.9989041609043781	2106.7630074353115	2142.0549879566383	2105.555406771046	2139.516275334384	0.39498303783470284	11.86464673732537	12.24225609039691	5485.351943673911	5471.969449624093	547.5053755294447
partial	105	log_sigma_intercept_at_subject0	0.0	4826.758208110376	4826.758208110376	4855.148207554599	4855.148207554599	0.028097805874743694	0.028097805874743694	0.028097805874743694	-49.53719296757556	-49.53719296757556	1.9578240247772565
partial	106	population_intercept_at_mean_load	0.9996561065418278	2330.4531809124583	1910.0560488030744	2326.098243841333	1894.2703174356336	0.2108108891374207	12.378489346579475	12.259412056965571	5634.160310391715	5618.61900507731	548.2707909166072
partial	106	population_load	0.8423755603244228	2149.4549178415546	1936.4785239343569	2149.1114486209353	1934.4061738178398	0.13198045048098866	0.35673594310412554	0.34270812610366735	58.48127443632395	58.79705048583209	15.410874983519243
partial	106	log_tau_intercept	0.0	4724.220659705682	4724.220659705682	4350.242889793495	4350.242889793495	0.002479282824294686	0.002479282824294686	0.002479282824294686	7.817458543777932	7.817458543777932	0.16352449804194713
partial	106	log_tau_load	0.0	2414.8800413028666	2414.8800413028666	2409.551531492735	2409.551531492735	0.004465995343828243	0.004465995343828243	0.004465995343828243	4.099247263939628	4.099247263939628	0.21922313056576181
partial	106	log_sigma_intercept	0.0	5040.6958016091585	5040.6958016091585	5033.473123569617	5033.473123569617	0.00021152992542254566	0.00021152992542254566	0.00021152992542254566	6.051952357857564	6.051952357857564	0.015007408124859454
partial	106	log_sigma_subj_slope	0.0	4817.761298514806	4817.761298514806	4843.094192614628	4843.094192614628	3.958675402265516e-5	3.958675402265516e-5	3.958675402265516e-5	0.07820889054653188	0.07820889054653188	0.0027549349608977187
partial	106	deviation_intercept[701]	0.9906137692335416	1636.8379214580664	1896.7307838489571	1647.016809137818	1883.72884623875	1.3124861114029234	12.45805647808178	12.30607339386974	-4875.224363421562	-4858.895460482778	549.7916231806138
partial	106	deviation_intercept[702]	0.9955914420326082	2164.1769258964396	1925.9414472841297	2155.5112154891153	1904.4269273113136	0.784301156807968	12.34219308830462	12.260993062849902	-3934.509634780022	-3918.1807318412384	548.4155004418022
partial	106	deviation_intercept[703]	0.9948758800206409	2125.887599791603	1916.2312035830353	2122.4158206391594	1904.1936881826225	0.8524330029264429	12.303526986836022	12.265539719358513	-3653.3253388317803	-3636.9964358929983	548.6126882364825
partial	106	deviation_intercept[704]	0.9940671480047704	1930.6457883985677	1918.0572913530088	1934.0307183268158	1907.059626488852	0.9612636307757347	12.310674320405491	12.273583435595949	-672.3584955468257	-656.0295926080424	548.8358071891622
partial	106	deviation_intercept[705]	0.9928707032006227	2032.8567874183045	1921.7256065267275	2071.6436024566083	1901.45243235494	1.0187550547448112	12.368637722128327	12.27821992164382	-1367.3080008504046	-1350.9790979116215	549.1663910429311
partial	106	deviation_intercept[706]	0.9927138561590911	2324.0684664320493	1929.6998578880334	2331.65444758482	1919.1309579248168	0.97085647852796	12.290016056586136	12.274338470344656	22.980629567189666	39.30953250597303	549.2097729909005
partial	106	deviation_intercept[707]	0.9915267618166139	1727.9680245537827	1926.447048620537	1725.0334970569743	1907.1561251945186	1.2179347427524096	12.341312345243718	12.29634854825962	-105.0243492132173	-88.69544627443395	549.5384422800604
partial	106	deviation_intercept[708]	0.990377614615179	2519.102259999662	1899.1817611217764	2519.043594099136	1891.632435757994	1.0746657861498463	12.412680493603686	12.282985351070161	-469.7774135906482	-453.44851065186486	549.8571679234218
partial	106	deviation_intercept[709]	0.9889813852591092	2432.1810632188594	1915.4504845534123	2424.3726073181087	1903.886246555551	1.1730595379538364	12.404324922881125	12.291984838188974	-1160.933954600319	-1144.6050516615355	550.2451711536769
partial	106	deviation_intercept[710]	0.9870015115116552	2071.9364340172956	1879.1821162201315	2061.872853956051	1864.4259161214143	1.382951266118104	12.512241560157802	12.313788076263972	165.41815674343476	181.74705968221807	550.7967762807414
partial	106	deviation_intercept[711]	0.9851088161388575	1684.8991089696367	1867.4555477890299	1679.7832332836574	1848.9082157431426	1.6415200347345937	12.62154542682173	12.345501634486878	-1755.4112477107099	-1739.0823447719265	551.3256469178802
partial	106	deviation_intercept[712]	0.9826294792594101	2124.675310000173	1889.4272815654335	2130.9626636636303	1879.3959501012378	1.576064195141229	12.470275497412853	12.336968871237751	1071.907151290582	1088.2360542293657	552.020751675706
partial	106	deviation_intercept[713]	0.9820401708747679	2272.159863387324	1932.297713030095	2261.670335161999	1918.130889717718	1.5560448887060163	12.391140553115696	12.334427359158237	3868.5537866323803	3884.882689571163	552.186356748795
partial	106	deviation_intercept[714]	0.97898130315563	2144.4562620490765	1888.4958288909859	2133.549191858397	1884.8730780263586	1.7358598682087092	12.536145289851842	12.35839925171301	129.04392486657784	145.3728278053612	553.0483485380913
partial	106	deviation_intercept[715]	0.9739368797206152	1924.2188686403738	1915.5262611292808	1928.3394218627122	1903.6725282272255	2.0384795413890986	12.485070253399181	12.404524232043123	897.2392731919178	913.5681761307012	554.4787322913091
partial	106	deviation_intercept[716]	0.9502689752657888	2267.605166185739	1966.3894502286314	2276.114547748682	1960.8430893846219	2.62387819329372	12.370097239146569	12.514054473108443	750.6543656380682	766.9832685768514	561.3413352786016
partial	106	deviation_intercept[717]	0.9689727362327611	2079.469878354466	1914.147220946242	2073.4948246346758	1895.2644230554283	2.1503778642813955	12.601268971697191	12.423403219000603	1468.1746934382352	1484.5035963770183	555.8972426057838
partial	106	deviation_intercept[718]	0.9625201357264661	2623.7623380308373	1882.2044903417236	2592.855276235912	1874.523064860644	2.1205828911634312	12.59840461303868	12.418280653173294	1289.43783861848	1305.7667415572632	557.757458878079
partial	106	deviation_intercept[719]	0.9578642840282545	2275.272915160537	1859.9401021303697	2275.062939326054	1842.4616910378882	2.406172669928228	12.743241753738396	12.470224115876693	4669.096668935956	4685.425571874738	559.111350090869
partial	106	deviation_intercept[720]	0.9499312605106526	2727.508107063305	1915.2283318022066	2724.680967926503	1909.3446764056678	2.406742951588125	12.594146086544578	12.470334166240383	3282.399985401344	3298.7288883401275	561.4411090272058
partial	106	deviation_load[701]	0.39211607650611335	1840.647186641634	1837.0719795465898	1841.3711484384376	1841.9853423039024	0.41040487806681253	0.5370113916498782	0.5181333653890258	-22.617120715321732	-22.93289676482987	22.587743754671926
partial	106	deviation_load[702]	0.5771864987138882	1980.4026386851356	1943.61736194902	1971.014062470099	1941.2004750775918	0.27267897737461394	0.4277336825188291	0.4175929179121548	-35.78046003766803	-36.096236087176166	18.61753138476881
partial	106	deviation_load[703]	0.5456629409936804	2034.7619119095602	2084.8012462695947	2021.099027414745	2077.2590822141556	0.2870868046185328	0.425059245955421	0.4271403209419618	-37.47719752273193	-37.792973572240065	19.147758740226188
partial	106	deviation_load[704]	0.5184486686420796	1942.2413702831566	1922.2012797645668	1936.058983481044	1927.3644058359212	0.30980562338978024	0.4516458942083375	0.44272965190085567	11.491902658208929	11.176126608700791	19.643881006481
partial	106	deviation_load[705]	0.4713038424981374	2356.784312161997	2070.5560126803703	2364.247771034074	2071.3604538310647	0.3080961483951715	0.4534496487891664	0.4415351141690342	-20.969640070100933	-21.28541611960907	20.60296317183017
partial	106	deviation_load[706]	0.46233508914574906	2366.2378573380747	2056.9290461151177	2364.355395206782	2055.328375414723	0.3136903921151448	0.4618864378317758	0.4454567122557205	-5.847624332419713	-6.16340038192785	20.8018398578768
partial	106	deviation_load[707]	0.43145893601465557	2312.414693580568	2178.445500319086	2320.4146062241284	2177.7745229921356	0.3370610474817855	0.4717823657488404	0.4622122565638442	-0.5997187020317299	-0.9154947515398665	21.533292633137407
partial	106	deviation_load[708]	0.40202787564995346	2569.496917673174	2286.089412841646	2574.252586905745	2291.1395526658944	0.33999065762661657	0.4744459450700203	0.46435295590929715	-24.56904301013467	-24.88481905964282	22.307561191219712
partial	106	deviation_load[709]	0.3622402392521617	2408.376876788208	2174.640559691774	2409.2495806330576	2174.040347661497	0.38235739271742897	0.506081725322652	0.49621285367671875	-44.050776625565256	-44.3665526750734	23.500755842734574
partial	106	deviation_load[710]	0.31752536421192745	2017.2143505416268	2026.243249443587	2017.5941321089695	2024.8764313079137	0.46165476201728406	0.5525490506899853	0.5596026623252945	-73.41545192593365	-73.73122797544178	25.100996611045165
partial	106	deviation_load[711]	0.2978587629977047	1864.0502458221572	1841.8673303963221	1856.9059184777473	1877.9522061078603	0.5039556000412817	0.5897966271987167	0.5949800561374228	14.933799880882583	14.618023831374446	25.91641858179518
partial	106	deviation_load[712]	0.2571803332132363	2062.8611779792836	2021.5464188103783	2061.3677233036033	2017.5788141788362	0.5294503748428501	0.6269634290034726	0.6167233738148384	116.858234929504	116.54245887999586	27.890821046256374
partial	106	deviation_load[713]	0.2578471623854901	1997.6044111730594	2158.0996808220434	1999.0729598153712	2149.322919040199	0.5366996994542964	0.6044220471907329	0.6229579341999383	-12.58571947603373	-12.901495525541868	27.854732898060433
partial	106	deviation_load[714]	0.23638042228084855	1953.7266155718673	1960.9782202302908	1956.8798643114978	1964.8464557856614	0.5746863334186633	0.6566812522555353	0.655968293598486	-2.47525688548344	-2.7910329349915766	29.092056638469877
partial	106	deviation_load[715]	0.1958617259451718	1941.7045504125206	2049.7043180367523	1936.8792397725608	2048.441465624486	0.6512076331204539	0.6964669690013534	0.7239484800886498	-41.255027293626746	-41.57080334313489	31.959898242305112
partial	106	deviation_load[716]	0.12449479297533629	2253.4768045592796	2228.786018115875	2241.8662959700696	2210.429350067831	0.7921895251345067	0.8490368604940817	0.8529913622781639	-34.3166564946351	-34.63243254414324	40.08709477322137
partial	106	deviation_load[717]	0.16840400866670682	2058.3685626205465	1950.5427488702564	2051.732473189338	1951.8699003907302	0.6939046397838183	0.7835746838706901	0.7625835491943379	92.88246121260293	92.56668516309477	34.46703807439796
partial	106	deviation_load[718]	0.14510439407883197	2307.299009361662	2305.976358017047	2304.542912345804	2311.515425077228	0.7151613527570152	0.7793703962037586	0.7819755628314522	112.1833159341445	111.86753988463637	37.1312777663644
partial	106	deviation_load[719]	0.13694381195413116	2174.0032222283207	2091.7467899720255	2172.7367064543696	2098.048072795917	0.7617719110706386	0.8206829226309119	0.8248190497827601	-30.913914720847917	-31.229690770356054	38.22160941612126
partial	106	deviation_load[720]	0.11984402211199384	2419.8868247394275	2602.3372785271545	2422.693363487086	2540.310883247952	0.7787581148360857	0.817739490252403	0.8405321063536934	44.758791375157394	44.44301532564926	40.85751872981002
partial	106	population_intercept_at_load0	0.9989041609043781	2106.7630074353115	1911.3183372918395	2105.555406771046	1892.1852200013225	0.39498303783470284	12.362911139813928	12.24225609039691	5488.298352562874	5471.969449624093	547.5053755294447
partial	106	log_sigma_intercept_at_subject0	0.0	4826.758208110376	4826.758208110376	4855.148207554599	4855.148207554599	0.028097805874743694	0.028097805874743694	0.028097805874743694	-49.53719296757556	-49.53719296757556	1.9578240247772565
partial	107	population_intercept_at_mean_load	0.9996561065418278	2330.4531809124583	1951.2792734150664	2326.098243841333	1951.2758728977044	0.2108108891374207	12.1293427323443	12.259412056965571	5628.024401608773	5618.61900507731	548.2707909166072
partial	107	population_load	0.8423755603244228	2149.4549178415546	1949.6108660939751	2149.1114486209353	1944.778202385776	0.13198045048098866	0.34921206410036526	0.34270812610366735	58.626102595147124	58.79705048583209	15.410874983519243
partial	107	log_tau_intercept	0.0	4724.220659705682	4724.220659705682	4350.242889793495	4350.242889793495	0.002479282824294686	0.002479282824294686	0.002479282824294686	7.817458543777932	7.817458543777932	0.16352449804194713
partial	107	log_tau_load	0.0	2414.8800413028666	2414.8800413028666	2409.551531492735	2409.551531492735	0.004465995343828243	0.004465995343828243	0.004465995343828243	4.099247263939628	4.099247263939628	0.21922313056576181
partial	107	log_sigma_intercept	0.0	5040.6958016091585	5040.6958016091585	5033.473123569617	5033.473123569617	0.00021152992542254566	0.00021152992542254566	0.00021152992542254566	6.051952357857564	6.051952357857564	0.015007408124859454
partial	107	log_sigma_subj_slope	0.0	4817.761298514806	4817.761298514806	4843.094192614628	4843.094192614628	3.958675402265516e-5	3.958675402265516e-5	3.958675402265516e-5	0.07820889054653188	0.07820889054653188	0.0027549349608977187
partial	107	deviation_intercept[701]	0.9906137692335416	1636.8379214580664	1965.8721403197587	1647.016809137818	1963.6255162906866	1.3124861114029234	12.09107708819679	12.30607339386974	-4868.7272292891685	-4858.895460482778	549.7916231806138
partial	107	deviation_intercept[702]	0.9955914420326082	2164.1769258964396	1932.103938285073	2155.5112154891153	1933.345866036372	0.784301156807968	12.193367745345801	12.260993062849902	-3928.0125006476296	-3918.1807318412384	548.4155004418022
partial	107	deviation_intercept[703]	0.9948758800206409	2125.887599791603	1940.4063151301032	2122.4158206391594	1937.145753699812	0.8524330029264429	12.187971868011758	12.265539719358513	-3646.8282046993886	-3636.9964358929983	548.6126882364825
partial	107	deviation_intercept[704]	0.9940671480047704	1930.6457883985677	1941.093919847794	1934.0307183268158	1938.253595636434	0.9612636307757347	12.169085675780124	12.273583435595949	-665.8613614144323	-656.0295926080424	548.8358071891622
partial	107	deviation_intercept[705]	0.9928707032006227	2032.8567874183045	1953.8697586982364	2071.6436024566083	1952.5805486973513	1.0187550547448112	12.128247805185099	12.27821992164382	-1360.810866718012	-1350.9790979116215	549.1663910429311
partial	107	deviation_intercept[706]	0.9927138561590911	2324.0684664320493	1959.5033115348776	2331.65444758482	1958.704715605598	0.97085647852796	12.155089911387085	12.274338470344656	29.477763699582948	39.30953250597303	549.2097729909005
partial	107	deviation_intercept[707]	0.9915267618166139	1727.9680245537827	1949.7419638693577	1725.0334970569743	1948.100212528842	1.2179347427524096	12.170839049253726	12.29634854825962	-98.52721508082402	-88.69544627443395	549.5384422800604
partial	107	deviation_intercept[708]	0.990377614615179	2519.102259999662	1964.792881501428	2519.043594099136	1965.3022842798025	1.0746657861498463	12.131616560866181	12.282985351070161	-463.28027945825494	-453.44851065186486	549.8571679234218
partial	107	deviation_intercept[709]	0.9889813852591092	2432.1810632188594	1957.5060614247616	2424.3726073181087	1957.3485056284915	1.1730595379538364	12.127943286453819	12.291984838188974	-1154.4368204679254	-1144.6050516615355	550.2451711536769
partial	107	deviation_intercept[710]	0.9870015115116552	2071.9364340172956	1969.2901986274935	2061.872853956051	1971.5328669083874	1.382951266118104	12.145709153690598	12.313788076263972	171.91529087582808	181.74705968221807	550.7967762807414
partial	107	deviation_intercept[711]	0.9851088161388575	1684.8991089696367	1971.9407794641418	1679.7832332836574	1966.2330192911973	1.6415200347345937	12.143210760185607	12.345501634486878	-1748.9141135783168	-1739.0823447719265	551.3256469178802
partial	107	deviation_intercept[712]	0.9826294792594101	2124.675310000173	1950.7325292159705	2130.9626636636303	1948.8193501229746	1.576064195141229	12.249687043017511	12.336968871237751	1078.4042854229756	1088.2360542293657	552.020751675706
partial	107	deviation_intercept[713]	0.9820401708747679	2272.159863387324	1977.1937811963437	2261.670335161999	1979.1985407591965	1.5560448887060163	12.09326552209763	12.334427359158237	3875.0509207647733	3884.882689571163	552.186356748795
partial	107	deviation_intercept[714]	0.97898130315563	2144.4562620490765	1975.222569455336	2133.549191858397	1971.7282229413113	1.7358598682087092	12.151157456002919	12.35839925171301	135.5410589989711	145.3728278053612	553.0483485380913
partial	107	deviation_intercept[715]	0.9739368797206152	1924.2188686403738	1981.1329223107157	1928.3394218627122	1978.8921724172283	2.0384795413890986	12.208002830616108	12.404524232043123	903.7364073243111	913.5681761307012	554.4787322913091
partial	107	deviation_intercept[716]	0.9502689752657888	2267.605166185739	1942.1839462200182	2276.114547748682	1945.37666711891	2.62387819329372	12.42364454767282	12.514054473108443	757.1514997704612	766.9832685768514	561.3413352786016
partial	107	deviation_intercept[717]	0.9689727362327611	2079.469878354466	1935.2049525244379	2073.4948246346758	1933.8272463377496	2.1503778642813955	12.405372629561823	12.423403219000603	1474.6718275706285	1484.5035963770183	555.8972426057838
partial	107	deviation_intercept[718]	0.9625201357264661	2623.7623380308373	2000.2825341917023	2592.855276235912	1994.752089442291	2.1205828911634312	12.28378224061846	12.418280653173294	1295.9349727508734	1305.7667415572632	557.757458878079
partial	107	deviation_intercept[719]	0.9578642840282545	2275.272915160537	1999.6204549447843	2275.062939326054	1997.7898803324604	2.406172669928228	12.183743763425651	12.470224115876693	4675.593803068348	4685.425571874738	559.111350090869
partial	107	deviation_intercept[720]	0.9499312605106526	2727.508107063305	1984.0048923667584	2724.680967926503	1986.356850716903	2.406742951588125	12.39971805848585	12.470334166240383	3288.8971195337376	3298.7288883401275	561.4411090272058
partial	107	deviation_load[701]	0.39211607650611335	1840.647186641634	1924.7187029696076	1841.3711484384376	1917.2521924168939	0.41040487806681253	0.5188715131225851	0.5181333653890258	-22.761948874144917	-22.93289676482987	22.587743754671926
partial	107	deviation_load[702]	0.5771864987138882	1980.4026386851356	1937.6739459231508	1971.014062470099	1926.4791166597113	0.27267897737461394	0.417097052021588	0.4175929179121548	-35.92528819649121	-36.096236087176166	18.61753138476881
partial	107	deviation_load[703]	0.5456629409936804	2034.7619119095602	1833.9654294115421	2021.099027414745	1808.9039416035037	0.2870868046185328	0.4441173748114832	0.4271403209419618	-37.6220256815551	-37.792973572240065	19.147758740226188
partial	107	deviation_load[704]	0.5184486686420796	1942.2413702831566	1925.752600292326	1936.058983481044	1935.8692079136524	0.30980562338978024	0.45485939050176005	0.44272965190085567	11.347074499385748	11.176126608700791	19.643881006481
partial	107	deviation_load[705]	0.4713038424981374	2356.784312161997	2037.4435714140905	2364.247771034074	2039.927129719318	0.3080961483951715	0.45194325091705784	0.4415351141690342	-21.11446822892411	-21.28541611960907	20.60296317183017
partial	107	deviation_load[706]	0.46233508914574906	2366.2378573380747	1959.1310955639196	2364.355395206782	1968.4909571569397	0.3136903921151448	0.46231990233228937	0.4454567122557205	-5.992452491242891	-6.16340038192785	20.8018398578768
partial	107	deviation_load[707]	0.43145893601465557	2312.414693580568	2282.345616209198	2320.4146062241284	2280.9047439941382	0.3370610474817855	0.4427563214471975	0.4622122565638442	-0.7445468608549076	-0.9154947515398665	21.533292633137407
partial	107	deviation_load[708]	0.40202787564995346	2569.496917673174	2133.4979616853184	2574.252586905745	2125.131145306412	0.33999065762661657	0.48749886244443624	0.46435295590929715	-24.713871168957855	-24.88481905964282	22.307561191219712
partial	107	deviation_load[709]	0.3622402392521617	2408.376876788208	2133.162675643691	2409.2495806330576	2133.2230759256554	0.38235739271742897	0.5086955321668784	0.49621285367671875	-44.19560478438844	-44.3665526750734	23.500755842734574
partial	107	deviation_load[710]	0.31752536421192745	2017.2143505416268	2098.4537442191872	2017.5941321089695	2096.590447431481	0.46165476201728406	0.5522563280047688	0.5596026623252945	-73.56028008475684	-73.73122797544178	25.100996611045165
partial	107	deviation_load[711]	0.2978587629977047	1864.0502458221572	1832.6945121012754	1856.9059184777473	1841.3535807473093	0.5039556000412817	0.596212429397757	0.5949800561374228	14.788971722059404	14.618023831374446	25.91641858179518
partial	107	deviation_load[712]	0.2571803332132363	2062.8611779792836	2106.572143694735	2061.3677233036033	2108.0055328859735	0.5294503748428501	0.6194841520656224	0.6167233738148384	116.71340677068083	116.54245887999586	27.890821046256374
partial	107	deviation_load[713]	0.2578471623854901	1997.6044111730594	2030.8729255873557	1999.0729598153712	2017.8662718812914	0.5366996994542964	0.6234551748922589	0.6229579341999383	-12.730547634856908	-12.901495525541868	27.854732898060433
partial	107	deviation_load[714]	0.23638042228084855	1953.7266155718673	2179.898533755841	1956.8798643114978	2193.7374743339415	0.5746863334186633	0.6147875762501888	0.655968293598486	-2.6200850443066175	-2.7910329349915766	29.092056638469877
partial	107	deviation_load[715]	0.1958617259451718	1941.7045504125206	2069.881831489483	1936.8792397725608	2056.6502766355197	0.6512076331204539	0.6973820992887345	0.7239484800886498	-41.399855452449934	-41.57080334313489	31.959898242305112
partial	107	deviation_load[716]	0.12449479297533629	2253.4768045592796	2194.017766286337	2241.8662959700696	2157.293013270243	0.7921895251345067	0.8632212421064245	0.8529913622781639	-34.46148465345828	-34.63243254414324	40.08709477322137
partial	107	deviation_load[717]	0.16840400866670682	2058.3685626205465	2111.9141500195965	2051.732473189338	2107.0551834326457	0.6939046397838183	0.7373895885724611	0.7625835491943379	92.73763305377976	92.56668516309477	34.46703807439796
partial	107	deviation_load[718]	0.14510439407883197	2307.299009361662	2410.056243573605	2304.542912345804	2408.8606099962194	0.7151613527570152	0.756317469836282	0.7819755628314522	112.03848777532136	111.86753988463637	37.1312777663644
partial	107	deviation_load[719]	0.13694381195413116	2174.0032222283207	2179.2984244171403	2172.7367064543696	2170.271123880762	0.7617719110706386	0.8163364298777983	0.8248190497827601	-31.058742879671087	-31.229690770356054	38.22160941612126
partial	107	deviation_load[720]	0.11984402211199384	2419.8868247394275	2390.8148146224335	2422.693363487086	2440.9942758292045	0.7787581148360857	0.8282203306774706	0.8405321063536934	44.61396321633422	44.44301532564926	40.85751872981002
partial	107	population_intercept_at_load0	0.9989041609043781	2106.7630074353115	1948.3404352240314	2105.555406771046	1950.6599961440254	0.39498303783470284	12.119020049624694	12.24225609039691	5481.8012184304835	5471.969449624093	547.5053755294447
partial	107	log_sigma_intercept_at_subject0	0.0	4826.758208110376	4826.758208110376	4855.148207554599	4855.148207554599	0.028097805874743694	0.028097805874743694	0.028097805874743694	-49.53719296757556	-49.53719296757556	1.9578240247772565
partial	108	population_intercept_at_mean_load	0.9996561065418278	2330.4531809124583	1950.049412018367	2326.098243841333	1933.400045127727	0.2108108891374207	12.681932993421716	12.259412056965571	5633.516450327677	5618.61900507731	548.2707909166072
partial	108	population_load	0.8423755603244228	2149.4549178415546	2047.6634764058108	2149.1114486209353	2062.208705068253	0.13198045048098866	0.34159517516915744	0.34270812610366735	59.05591664533878	58.79705048583209	15.410874983519243
partial	108	log_tau_intercept	0.0	4724.220659705682	4724.220659705682	4350.242889793495	4350.242889793495	0.002479282824294686	0.002479282824294686	0.002479282824294686	7.817458543777932	7.817458543777932	0.16352449804194713
partial	108	log_tau_load	0.0	2414.8800413028666	2414.8800413028666	2409.551531492735	2409.551531492735	0.004465995343828243	0.004465995343828243	0.004465995343828243	4.099247263939628	4.099247263939628	0.21922313056576181
partial	108	log_sigma_intercept	0.0	5040.6958016091585	5040.6958016091585	5033.473123569617	5033.473123569617	0.00021152992542254566	0.00021152992542254566	0.00021152992542254566	6.051952357857564	6.051952357857564	0.015007408124859454
partial	108	log_sigma_subj_slope	0.0	4817.761298514806	4817.761298514806	4843.094192614628	4843.094192614628	3.958675402265516e-5	3.958675402265516e-5	3.958675402265516e-5	0.07820889054653188	0.07820889054653188	0.0027549349608977187
partial	108	deviation_intercept[701]	0.9906137692335416	1636.8379214580664	1986.7847740701127	1647.016809137818	1976.4829852353014	1.3124861114029234	12.628960642524243	12.30607339386974	-4873.147250774268	-4858.895460482778	549.7916231806138
partial	108	deviation_intercept[702]	0.9955914420326082	2164.1769258964396	2006.2544537477227	2155.5112154891153	1994.7761629615009	0.784301156807968	12.489936592748554	12.260993062849902	-3932.432522132728	-3918.1807318412384	548.4155004418022
partial	108	deviation_intercept[703]	0.9948758800206409	2125.887599791603	1988.5160509011714	2122.4158206391594	1979.6896866649565	0.8524330029264429	12.563512260454054	12.265539719358513	-3651.2482261844875	-3636.9964358929983	548.6126882364825
partial	108	deviation_intercept[704]	0.9940671480047704	1930.6457883985677	1949.06056887582	1934.0307183268158	1941.6384640216004	0.9612636307757347	12.665300360168763	12.273583435595949	-670.2813828995314	-656.0295926080424	548.8358071891622
partial	108	deviation_intercept[705]	0.9928707032006227	2032.8567874183045	2003.1417158928643	2071.6436024566083	1980.7403613563158	1.0187550547448112	12.576436088127993	12.27821992164382	-1365.2308882031105	-1350.9790979116215	549.1663910429311
partial	108	deviation_intercept[706]	0.9927138561590911	2324.0684664320493	1986.5096713540877	2331.65444758482	2007.2842168411867	0.97085647852796	12.473429891845146	12.274338470344656	25.057742214483923	39.30953250597303	549.2097729909005
partial	108	deviation_intercept[707]	0.9915267618166139	1727.9680245537827	1970.9569889678698	1725.0334970569743	1961.137763386403	1.2179347427524096	12.600613666520445	12.29634854825962	-102.94723656592306	-88.69544627443395	549.5384422800604
partial	108	deviation_intercept[708]	0.990377614615179	2519.102259999662	2004.6122518097009	2519.043594099136	1997.1972258211454	1.0746657861498463	12.541563892320744	12.282985351070161	-467.70030094335397	-453.44851065186486	549.8571679234218
partial	108	deviation_intercept[709]	0.9889813852591092	2432.1810632188594	1964.6664576957864	2424.3726073181087	1960.7439043804648	1.1730595379538364	12.641949432837837	12.291984838188974	-1158.8568419530245	-1144.6050516615355	550.2451711536769
partial	108	deviation_intercept[710]	0.9870015115116552	2071.9364340172956	1994.1085727481927	2061.872853956051	1989.6546735423997	1.382951266118104	12.538371545937522	12.313788076263972	167.49526939072896	181.74705968221807	550.7967762807414
partial	108	deviation_intercept[711]	0.9851088161388575	1684.8991089696367	1946.0848905904184	1679.7832332836574	1934.9414892326859	1.6415200347345937	12.70980772309681	12.345501634486878	-1753.334135063416	-1739.0823447719265	551.3256469178802
partial	108	deviation_intercept[712]	0.9826294792594101	2124.675310000173	1982.6231997805855	2130.9626636636303	1961.720324406776	1.576064195141229	12.691358537975411	12.336968871237751	1073.9842639378764	1088.2360542293657	552.020751675706
partial	108	deviation_intercept[713]	0.9820401708747679	2272.159863387324	1998.2605731633532	2261.670335161999	1982.9873372230115	1.5560448887060163	12.621567027033405	12.334427359158237	3870.6308992796735	3884.882689571163	552.186356748795
partial	108	deviation_intercept[714]	0.97898130315563	2144.4562620490765	1970.2386054436686	2133.549191858397	1955.446876870721	1.7358598682087092	12.780732099191008	12.35839925171301	131.12103751387207	145.3728278053612	553.0483485380913
partial	108	deviation_intercept[715]	0.9739368797206152	1924.2188686403738	1960.2901595807177	1928.3394218627122	1945.3750141526361	2.0384795413890986	12.77810967099996	12.404524232043123	899.316385839212	913.5681761307012	554.4787322913091
partial	108	deviation_intercept[716]	0.9502689752657888	2267.605166185739	1937.6421377631216	2276.114547748682	1937.5027558474335	2.62387819329372	13.011758610441248	12.514054473108443	752.7314782853623	766.9832685768514	561.3413352786016
partial	108	deviation_intercept[717]	0.9689727362327611	2079.469878354466	1949.04170134125	2073.4948246346758	1932.0626386851955	2.1503778642813955	12.887245522613172	12.423403219000603	1470.2518060855293	1484.5035963770183	555.8972426057838
partial	108	deviation_intercept[718]	0.9625201357264661	2623.7623380308373	1986.9400194961052	2592.855276235912	1969.094270324286	2.1205828911634312	12.793352935309677	12.418280653173294	1291.5149512657742	1305.7667415572632	557.757458878079
partial	108	deviation_intercept[719]	0.9578642840282545	2275.272915160537	1969.2161073841864	2275.062939326054	1960.8927099430828	2.406172669928228	12.841749079785535	12.470224115876693	4671.173781583249	4685.425571874738	559.111350090869
partial	108	deviation_intercept[720]	0.9499312605106526	2727.508107063305	1933.218935524844	2724.680967926503	1914.5489681385004	2.406742951588125	12.996491352583362	12.470334166240383	3284.4770980486387	3298.7288883401275	561.4411090272058
partial	108	deviation_load[701]	0.39211607650611335	1840.647186641634	1810.5544459706657	1841.3711484384376	1814.5251561197385	0.41040487806681253	0.5272278361014994	0.5181333653890258	-23.191762924336572	-22.93289676482987	22.587743754671926
partial	108	deviation_load[702]	0.5771864987138882	1980.4026386851356	1953.311514553171	1971.014062470099	1958.2674458697354	0.27267897737461394	0.4250307806212599	0.4175929179121548	-36.355102246682875	-36.096236087176166	18.61753138476881
partial	108	deviation_load[703]	0.5456629409936804	2034.7619119095602	1959.6207925806918	2021.099027414745	1971.3111890556136	0.2870868046185328	0.4304882187905891	0.4271403209419618	-38.05183973174676	-37.792973572240065	19.147758740226188
partial	108	deviation_load[704]	0.5184486686420796	1942.2413702831566	1655.2779167106653	1936.058983481044	1685.4632289092367	0.30980562338978024	0.4786273244104826	0.44272965190085567	10.91726044919409	11.176126608700791	19.643881006481
partial	108	deviation_load[705]	0.4713038424981374	2356.784312161997	2049.8969110395947	2364.247771034074	2055.8230119498444	0.3080961483951715	0.4657723473859656	0.4415351141690342	-21.544282279115766	-21.28541611960907	20.60296317183017
partial	108	deviation_load[706]	0.46233508914574906	2366.2378573380747	2286.146438900087	2364.355395206782	2295.9925558906575	0.3136903921151448	0.43602442446646966	0.4454567122557205	-6.422266541434547	-6.16340038192785	20.8018398578768
partial	108	deviation_load[707]	0.43145893601465557	2312.414693580568	2177.150168729372	2320.4146062241284	2168.6536718088137	0.3370610474817855	0.46158666548662336	0.4622122565638442	-1.1743609110465636	-0.9154947515398665	21.533292633137407
partial	108	deviation_load[708]	0.40202787564995346	2569.496917673174	2306.6299489437442	2574.252586905745	2316.590071050372	0.33999065762661657	0.46887151832190227	0.46435295590929715	-25.143685219149507	-24.88481905964282	22.307561191219712
partial	108	deviation_load[709]	0.3622402392521617	2408.376876788208	2299.0824548266173	2409.2495806330576	2294.5891329689575	0.38235739271742897	0.49355927741931216	0.49621285367671875	-44.625418834580096	-44.3665526750734	23.500755842734574
partial	108	deviation_load[710]	0.31752536421192745	2017.2143505416268	2022.7436053177757	2017.5941321089695	2018.9859072130014	0.46165476201728406	0.5606415874662564	0.5596026623252945	-73.99009413494849	-73.73122797544178	25.100996611045165
partial	108	deviation_load[711]	0.2978587629977047	1864.0502458221572	1854.974031437521	1856.9059184777473	1846.403389511591	0.5039556000412817	0.5970496661938376	0.5949800561374228	14.35915767186775	14.618023831374446	25.91641858179518
partial	108	deviation_load[712]	0.2571803332132363	2062.8611779792836	2054.875885250948	2061.3677233036033	2048.708299070231	0.5294503748428501	0.6227375691368703	0.6167233738148384	116.28359272048917	116.54245887999586	27.890821046256374
partial	108	deviation_load[713]	0.2578471623854901	1997.6044111730594	2145.1235241154186	1999.0729598153712	2142.1414110476207	0.5366996994542964	0.5991995955292603	0.6229579341999383	-13.160361685048564	-12.901495525541868	27.854732898060433
partial	108	deviation_load[714]	0.23638042228084855	1953.7266155718673	1979.7540084938512	1956.8798643114978	1967.5635912466062	0.5746863334186633	0.6596150016373122	0.655968293598486	-3.0498990944982736	-2.7910329349915766	29.092056638469877
partial	108	deviation_load[715]	0.1958617259451718	1941.7045504125206	2000.1687370523355	1936.8792397725608	1992.2108908298494	0.6512076331204539	0.7286218583145398	0.7239484800886498	-41.829669502641586	-41.57080334313489	31.959898242305112
partial	108	deviation_load[716]	0.12449479297533629	2253.4768045592796	2193.1115394884	2241.8662959700696	2155.1133936352253	0.7921895251345067	0.8674226085790323	0.8529913622781639	-34.89129870364994	-34.63243254414324	40.08709477322137
partial	108	deviation_load[717]	0.16840400866670682	2058.3685626205465	2213.0055876577635	2051.732473189338	2201.954738547214	0.6939046397838183	0.7312751862460292	0.7625835491943379	92.30781900358808	92.56668516309477	34.46703807439796
partial	108	deviation_load[718]	0.14510439407883197	2307.299009361662	2471.9929912125635	2304.542912345804	2472.4851824461734	0.7151613527570152	0.7453150296167255	0.7819755628314522	111.60867372512966	111.86753988463637	37.1312777663644
partial	108	deviation_load[719]	0.13694381195413116	2174.0032222283207	2180.4259865914487	2172.7367064543696	2174.754439653816	0.7617719110706386	0.8115514580707294	0.8248190497827601	-31.48855692986275	-31.229690770356054	38.22160941612126
partial	108	deviation_load[720]	0.11984402211199384	2419.8868247394275	2541.0947930366265	2422.693363487086	2545.5960387776217	0.7787581148360857	0.8139574515924498	0.8405321063536934	44.18414916614257	44.44301532564926	40.85751872981002
partial	108	population_intercept_at_load0	0.9989041609043781	2106.7630074353115	1995.3758025119903	2105.555406771046	1986.3581545718964	0.39498303783470284	12.511553103890655	12.24225609039691	5486.221239915582	5471.969449624093	547.5053755294447
partial	108	log_sigma_intercept_at_subject0	0.0	4826.758208110376	4826.758208110376	4855.148207554599	4855.148207554599	0.028097805874743694	0.028097805874743694	0.028097805874743694	-49.53719296757556	-49.53719296757556	1.9578240247772565
partial	109	population_intercept_at_mean_load	0.9996561065418278	2330.4531809124583	1923.7680063743203	2326.098243841333	1918.6200314160208	0.2108108891374207	12.43002513566051	12.259412056965571	5607.368830252599	5618.61900507731	548.2707909166072
partial	109	population_load	0.8423755603244228	2149.4549178415546	2074.712575056241	2149.1114486209353	2079.3809907036602	0.13198045048098866	0.33831989526601913	0.34270812610366735	59.14936490123064	58.79705048583209	15.410874983519243
partial	109	log_tau_intercept	0.0	4724.220659705682	4724.220659705682	4350.242889793495	4350.242889793495	0.002479282824294686	0.002479282824294686	0.002479282824294686	7.817458543777932	7.817458543777932	0.16352449804194713
partial	109	log_tau_load	0.0	2414.8800413028666	2414.8800413028666	2409.551531492735	2409.551531492735	0.004465995343828243	0.004465995343828243	0.004465995343828243	4.099247263939628	4.099247263939628	0.21922313056576181
partial	109	log_sigma_intercept	0.0	5040.6958016091585	5040.6958016091585	5033.473123569617	5033.473123569617	0.00021152992542254566	0.00021152992542254566	0.00021152992542254566	6.051952357857564	6.051952357857564	0.015007408124859454
partial	109	log_sigma_subj_slope	0.0	4817.761298514806	4817.761298514806	4843.094192614628	4843.094192614628	3.958675402265516e-5	3.958675402265516e-5	3.958675402265516e-5	0.07820889054653188	0.07820889054653188	0.0027549349608977187
partial	109	deviation_intercept[701]	0.9906137692335416	1636.8379214580664	1919.6007705178374	1647.016809137818	1916.0970152457849	1.3124861114029234	12.509927738894033	12.30607339386974	-4846.766555314097	-4858.895460482778	549.7916231806138
partial	109	deviation_intercept[702]	0.9955914420326082	2164.1769258964396	1920.0390524439188	2155.5112154891153	1917.9952726202987	0.784301156807968	12.448740676444446	12.260993062849902	-3906.051826672556	-3918.1807318412384	548.4155004418022
partial	109	deviation_intercept[703]	0.9948758800206409	2125.887599791603	1921.757121622187	2122.4158206391594	1919.7363442572225	0.8524330029264429	12.442178808154829	12.265539719358513	-3624.8675307243166	-3636.9964358929983	548.6126882364825
partial	109	deviation_intercept[704]	0.9940671480047704	1930.6457883985677	1937.7534008439911	1934.0307183268158	1933.7719643514524	0.9612636307757347	12.38939973812044	12.273583435595949	-643.9006874393598	-656.0295926080424	548.8358071891622
partial	109	deviation_intercept[705]	0.9928707032006227	2032.8567874183045	1920.812072206551	2071.6436024566083	1919.3650114411641	1.0187550547448112	12.47408102451173	12.27821992164382	-1338.8501927429388	-1350.9790979116215	549.1663910429311
partial	109	deviation_intercept[706]	0.9927138561590911	2324.0684664320493	1935.281519078272	2331.65444758482	1932.6785162675706	0.97085647852796	12.403121852328017	12.274338470344656	51.43843767465552	39.30953250597303	549.2097729909005
partial	109	deviation_intercept[707]	0.9915267618166139	1727.9680245537827	1924.4599611357971	1725.0334970569743	1922.4741127941224	1.2179347427524096	12.411660465315936	12.29634854825962	-76.56654110575144	-88.69544627443395	549.5384422800604
partial	109	deviation_intercept[708]	0.990377614615179	2519.102259999662	1938.1697437854473	2519.043594099136	1936.6736378346668	1.0746657861498463	12.45151746518363	12.282985351070161	-441.31960548318233	-453.44851065186486	549.8571679234218
partial	109	deviation_intercept[709]	0.9889813852591092	2432.1810632188594	1909.3121519279446	2424.3726073181087	1906.4387463150974	1.1730595379538364	12.531836738434645	12.291984838188974	-1132.4761464928533	-1144.6050516615355	550.2451711536769
partial	109	deviation_intercept[710]	0.9870015115116552	2071.9364340172956	1921.5420882407732	2061.872853956051	1917.3796347141013	1.382951266118104	12.485715371158205	12.313788076263972	193.8759648509006	181.74705968221807	550.7967762807414
partial	109	deviation_intercept[711]	0.9851088161388575	1684.8991089696367	1908.0296156894442	1679.7832332836574	1905.885703551249	1.6415200347345937	12.558799694143465	12.345501634486878	-1726.9534396032445	-1739.0823447719265	551.3256469178802
partial	109	deviation_intercept[712]	0.9826294792594101	2124.675310000173	1921.8580767954902	2130.9626636636303	1920.3712899442912	1.576064195141229	12.560106698238124	12.336968871237751	1100.364959398048	1088.2360542293657	552.020751675706
partial	109	deviation_intercept[713]	0.9820401708747679	2272.159863387324	1916.8483267844358	2261.670335161999	1914.881188126177	1.5560448887060163	12.572995998417657	12.334427359158237	3897.0115947398453	3884.882689571163	552.186356748795
partial	109	deviation_intercept[714]	0.97898130315563	2144.4562620490765	1955.5454183440027	2133.549191858397	1952.6030321946582	1.7358598682087092	12.479547242259786	12.35839925171301	157.5017329740437	145.3728278053612	553.0483485380913
partial	109	deviation_intercept[715]	0.9739368797206152	1924.2188686403738	1937.7939249504561	1928.3394218627122	1938.2208388201232	2.0384795413890986	12.551283140813753	12.404524232043123	925.6970812993835	913.5681761307012	554.4787322913091
partial	109	deviation_intercept[716]	0.9502689752657888	2267.605166185739	1945.9480926929389	2276.114547748682	1940.6943024012776	2.62387819329372	12.528656924880059	12.514054473108443	779.1121737455339	766.9832685768514	561.3413352786016
partial	109	deviation_intercept[717]	0.9689727362327611	2079.469878354466	1924.5988891782965	2073.4948246346758	1922.600008969125	2.1503778642813955	12.595735764263635	12.423403219000603	1496.6325015457012	1484.5035963770183	555.8972426057838
partial	109	deviation_intercept[718]	0.9625201357264661	2623.7623380308373	1926.0347367028803	2592.855276235912	1921.1376074170576	2.1205828911634312	12.711213628706693	12.418280653173294	1317.8956467259457	1305.7667415572632	557.757458878079
partial	109	deviation_intercept[719]	0.9578642840282545	2275.272915160537	1936.1490210492364	2275.062939326054	1933.0996992638966	2.406172669928228	12.592145363286445	12.470224115876693	4697.554477043421	4685.425571874738	559.111350090869
partial	109	deviation_intercept[720]	0.9499312605106526	2727.508107063305	1970.6937689209176	2724.680967926503	1970.229040483437	2.406742951588125	12.517110879046983	12.470334166240383	3310.85779350881	3298.7288883401275	561.4411090272058
partial	109	deviation_load[701]	0.39211607650611335	1840.647186641634	1822.160594564252	1841.3711484384376	1819.0144639224864	0.41040487806681253	0.5312490193676419	0.5181333653890258	-23.285211180228433	-22.93289676482987	22.587743754671926
partial	109	deviation_load[702]	0.5771864987138882	1980.4026386851356	2161.9232199541534	1971.014062470099	2160.256428105564	0.27267897737461394	0.39734515164372686	0.4175929179121548	-36.44855050257474	-36.096236087176166	18.61753138476881
partial	109	deviation_load[703]	0.5456629409936804	2034.7619119095602	2009.365366239056	2021.099027414745	1970.7368664610608	0.2870868046185328	0.43470647092906994	0.4271403209419618	-38.14528798763861	-37.792973572240065	19.147758740226188
partial	109	deviation_load[704]	0.5184486686420796	1942.2413702831566	1941.7921353280212	1936.058983481044	1949.4804776194223	0.30980562338978024	0.4462467955270785	0.44272965190085567	10.823812193302222	11.176126608700791	19.643881006481
partial	109	deviation_load[705]	0.4713038424981374	2356.784312161997	2233.081227384676	2364.247771034074	2236.7595056395603	0.3080961483951715	0.4294968763917786	0.4415351141690342	-21.637730535007634	-21.28541611960907	20.60296317183017
partial	109	deviation_load[706]	0.46233508914574906	2366.2378573380747	2175.8248025978205	2364.355395206782	2180.389224602828	0.3136903921151448	0.453867542036061	0.4454567122557205	-6.515714797326415	-6.16340038192785	20.8018398578768
partial	109	deviation_load[707]	0.43145893601465557	2312.414693580568	2257.6867517686082	2320.4146062241284	2249.8687370714524	0.3370610474817855	0.45299408991097295	0.4622122565638442	-1.2678091669384313	-0.9154947515398665	21.533292633137407
partial	109	deviation_load[708]	0.40202787564995346	2569.496917673174	2237.414735534261	2574.252586905745	2237.2739582387585	0.33999065762661657	0.4758509327296966	0.46435295590929715	-25.237133475041375	-24.88481905964282	22.307561191219712
partial	109	deviation_load[709]	0.3622402392521617	2408.376876788208	2240.8611851776095	2409.2495806330576	2237.2738323055037	0.38235739271742897	0.49785729274183804	0.49621285367671875	-44.71886709047196	-44.3665526750734	23.500755842734574
partial	109	deviation_load[710]	0.31752536421192745	2017.2143505416268	2011.2184038152411	2017.5941321089695	2014.8122331083064	0.46165476201728406	0.5544909293004531	0.5596026623252945	-74.08354239084036	-73.73122797544178	25.100996611045165
partial	109	deviation_load[711]	0.2978587629977047	1864.0502458221572	1915.3925583030875	1856.9059184777473	1921.426721502307	0.5039556000412817	0.5797358686170215	0.5949800561374228	14.265709415975884	14.618023831374446	25.91641858179518
partial	109	deviation_load[712]	0.2571803332132363	2062.8611779792836	2046.7870448988963	2061.3677233036033	2041.612872110834	0.5294503748428501	0.622402782629312	0.6167233738148384	116.19014446459728	116.54245887999586	27.890821046256374
partial	109	deviation_load[713]	0.2578471623854901	1997.6044111730594	2028.9092071284904	1999.0729598153712	2018.8769310034563	0.5366996994542964	0.6177191035066206	0.6229579341999383	-13.253809940940432	-12.901495525541868	27.854732898060433
partial	109	deviation_load[714]	0.23638042228084855	1953.7266155718673	1900.9430035714674	1956.8798643114978	1898.0384890731407	0.5746863334186633	0.6627039158057121	0.655968293598486	-3.1433473503901403	-2.7910329349915766	29.092056638469877
partial	109	deviation_load[715]	0.1958617259451718	1941.7045504125206	1930.7974257566252	1936.8792397725608	1922.804927090107	0.6512076331204539	0.7199944252194548	0.7239484800886498	-41.92311775853346	-41.57080334313489	31.959898242305112
partial	109	deviation_load[716]	0.12449479297533629	2253.4768045592796	2096.1346402521394	2241.8662959700696	2065.6006429321474	0.7921895251345067	0.8850510822271953	0.8529913622781639	-34.98474695954181	-34.63243254414324	40.08709477322137
partial	109	deviation_load[717]	0.16840400866670682	2058.3685626205465	1958.6347226692417	2051.732473189338	1948.8142222289387	0.6939046397838183	0.7817539233744081	0.7625835491943379	92.21437074769624	92.56668516309477	34.46703807439796
partial	109	deviation_load[718]	0.14510439407883197	2307.299009361662	2235.7151559399895	2304.542912345804	2258.0202623650544	0.7151613527570152	0.7797711091123783	0.7819755628314522	111.5152254692378	111.86753988463637	37.1312777663644
partial	109	deviation_load[719]	0.13694381195413116	2174.0032222283207	2200.3829638180437	2172.7367064543696	2198.484391912432	0.7617719110706386	0.8091959131855778	0.8248190497827601	-31.582005185754614	-31.229690770356054	38.22160941612126
partial	109	deviation_load[720]	0.11984402211199384	2419.8868247394275	2491.1910623649123	2422.693363487086	2490.3345218478944	0.7787581148360857	0.8258014683256768	0.8405321063536934	44.0907009102507	44.44301532564926	40.85751872981002
partial	109	population_intercept_at_load0	0.9989041609043781	2106.7630074353115	1925.8405055472513	2105.555406771046	1921.9244943248873	0.39498303783470284	12.4134822521816	12.24225609039691	5459.840544455409	5471.969449624093	547.5053755294447
partial	109	log_sigma_intercept_at_subject0	0.0	4826.758208110376	4826.758208110376	4855.148207554599	4855.148207554599	0.028097805874743694	0.028097805874743694	0.028097805874743694	-49.53719296757556	-49.53719296757556	1.9578240247772565
partial	110	population_intercept_at_mean_load	0.9996561065418278	2330.4531809124583	1801.395022214507	2326.098243841333	1766.507877581308	0.2108108891374207	12.94146578379197	12.259412056965571	5615.618379388211	5618.61900507731	548.2707909166072
partial	110	population_load	0.8423755603244228	2149.4549178415546	2017.683209533466	2149.1114486209353	2018.679378289808	0.13198045048098866	0.3456681585624899	0.34270812610366735	58.454809551065075	58.79705048583209	15.410874983519243
partial	110	log_tau_intercept	0.0	4724.220659705682	4724.220659705682	4350.242889793495	4350.242889793495	0.002479282824294686	0.002479282824294686	0.002479282824294686	7.817458543777932	7.817458543777932	0.16352449804194713
partial	110	log_tau_load	0.0	2414.8800413028666	2414.8800413028666	2409.551531492735	2409.551531492735	0.004465995343828243	0.004465995343828243	0.004465995343828243	4.099247263939628	4.099247263939628	0.21922313056576181
partial	110	log_sigma_intercept	0.0	5040.6958016091585	5040.6958016091585	5033.473123569617	5033.473123569617	0.00021152992542254566	0.00021152992542254566	0.00021152992542254566	6.051952357857564	6.051952357857564	0.015007408124859454
partial	110	log_sigma_subj_slope	0.0	4817.761298514806	4817.761298514806	4843.094192614628	4843.094192614628	3.958675402265516e-5	3.958675402265516e-5	3.958675402265516e-5	0.07820889054653188	0.07820889054653188	0.0027549349608977187
partial	110	deviation_intercept[701]	0.9906137692335416	1636.8379214580664	1752.549095973776	1647.016809137818	1732.6809621150858	1.3124861114029234	13.122487025523197	12.30607339386974	-4856.748440213115	-4858.895460482778	549.7916231806138
partial	110	deviation_intercept[702]	0.9955914420326082	2164.1769258964396	1784.8518070841274	2155.5112154891153	1766.5106034944617	0.784301156807968	12.914630196717578	12.260993062849902	-3916.033711571575	-3918.1807318412384	548.4155004418022
partial	110	deviation_intercept[703]	0.9948758800206409	2125.887599791603	1774.2037170503486	2122.4158206391594	1753.0858965808147	0.8524330029264429	12.971543787978241	12.265539719358513	-3634.8494156233337	-3636.9964358929983	548.6126882364825
partial	110	deviation_intercept[704]	0.9940671480047704	1930.6457883985677	1793.1503732704318	1934.0307183268158	1757.166599462696	0.9612636307757347	13.024745830418745	12.273583435595949	-653.882572338378	-656.0295926080424	548.8358071891622
partial	110	deviation_intercept[705]	0.9928707032006227	2032.8567874183045	1842.3336562891293	2071.6436024566083	1807.8591393189145	1.0187550547448112	12.80959439878402	12.27821992164382	-1348.8320776419575	-1350.9790979116215	549.1663910429311
partial	110	deviation_intercept[706]	0.9927138561590911	2324.0684664320493	1745.1439702302014	2331.65444758482	1730.3304687760037	0.97085647852796	13.077027276809837	12.274338470344656	41.456552775637356	39.30953250597303	549.2097729909005
partial	110	deviation_intercept[707]	0.9915267618166139	1727.9680245537827	1857.8802062721747	1725.0334970569743	1816.754050427287	1.2179347427524096	12.793463976523086	12.29634854825962	-86.54842600476962	-88.69544627443395	549.5384422800604
partial	110	deviation_intercept[708]	0.990377614615179	2519.102259999662	1786.5546260364265	2519.043594099136	1769.3828991246287	1.0746657861498463	12.989523462491839	12.282985351070161	-451.3014903822006	-453.44851065186486	549.8571679234218
partial	110	deviation_intercept[709]	0.9889813852591092	2432.1810632188594	1770.5153189491402	2424.3726073181087	1750.8740334395168	1.1730595379538364	13.089971966852783	12.291984838188974	-1142.4580313918711	-1144.6050516615355	550.2451711536769
partial	110	deviation_intercept[710]	0.9870015115116552	2071.9364340172956	1738.0043948675168	2061.872853956051	1724.286358158092	1.382951266118104	13.182292962356021	12.313788076263972	183.89407995188242	181.74705968221807	550.7967762807414
partial	110	deviation_intercept[711]	0.9851088161388575	1684.8991089696367	1773.51389571611	1679.7832332836574	1763.1486790435918	1.6415200347345937	12.994187722321476	12.345501634486878	-1736.9353245022623	-1739.0823447719265	551.3256469178802
partial	110	deviation_intercept[712]	0.9826294792594101	2124.675310000173	1756.739602922156	2130.9626636636303	1737.2201259495937	1.576064195141229	13.188508857543715	12.336968871237751	1090.38307449903	1088.2360542293657	552.020751675706
partial	110	deviation_intercept[713]	0.9820401708747679	2272.159863387324	1803.4866109297673	2261.670335161999	1785.705686601905	1.5560448887060163	12.937143472557343	12.334427359158237	3887.0297098408278	3884.882689571163	552.186356748795
partial	110	deviation_intercept[714]	0.97898130315563	2144.4562620490765	1777.7935296245557	2133.549191858397	1761.516423789501	1.7358598682087092	13.090181892850854	12.35839925171301	147.51984807502552	145.3728278053612	553.0483485380913
partial	110	deviation_intercept[715]	0.9739368797206152	1924.2188686403738	1794.4128465421588	1928.3394218627122	1787.9558684152712	2.0384795413890986	13.027723076377404	12.404524232043123	915.7151964003654	913.5681761307012	554.4787322913091
partial	110	deviation_intercept[716]	0.9502689752657888	2267.605166185739	1935.630730867042	2276.114547748682	1925.6805774021855	2.62387819329372	12.720597888273637	12.514054473108443	769.1302888465156	766.9832685768514	561.3413352786016
partial	110	deviation_intercept[717]	0.9689727362327611	2079.469878354466	1853.2889849267954	2073.4948246346758	1827.0201050741707	2.1503778642813955	12.899383173113545	12.423403219000603	1486.650616646683	1484.5035963770183	555.8972426057838
partial	110	deviation_intercept[718]	0.9625201357264661	2623.7623380308373	1882.2842926546018	2592.855276235912	1877.8546469863936	2.1205828911634312	12.725442716677376	12.418280653173294	1307.9137618269274	1305.7667415572632	557.757458878079
partial	110	deviation_intercept[719]	0.9578642840282545	2275.272915160537	1831.8732557845226	2275.062939326054	1790.1133481339045	2.406172669928228	13.172135905658797	12.470224115876693	4687.572592144403	4685.425571874738	559.111350090869
partial	110	deviation_intercept[720]	0.9499312605106526	2727.508107063305	1914.257252800103	2724.680967926503	1899.4281812677234	2.406742951588125	12.845283070348698	12.470334166240383	3300.8759086097916	3298.7288883401275	561.4411090272058
partial	110	deviation_load[701]	0.39211607650611335	1840.647186641634	1982.0533315719206	1841.3711484384376	1985.397433903064	0.41040487806681253	0.5119075710067684	0.5181333653890258	-22.59065583006286	-22.93289676482987	22.587743754671926
partial	110	deviation_load[702]	0.5771864987138882	1980.4026386851356	1852.1128335162919	1971.014062470099	1855.284319151526	0.27267897737461394	0.43902655417136316	0.4175929179121548	-35.75399515240916	-36.096236087176166	18.61753138476881
partial	110	deviation_load[703]	0.5456629409936804	2034.7619119095602	2153.3286275790806	2021.099027414745	2148.0619788563545	0.2870868046185328	0.4133782418641433	0.4271403209419618	-37.450732637473045	-37.792973572240065	19.147758740226188
partial	110	deviation_load[704]	0.5184486686420796	1942.2413702831566	1932.7338950627664	1936.058983481044	1940.7238132375073	0.30980562338978024	0.4522179307960584	0.44272965190085567	11.5183675434678	11.176126608700791	19.643881006481
partial	110	deviation_load[705]	0.4713038424981374	2356.784312161997	1966.8844888065444	2364.247771034074	1983.3306736626448	0.3080961483951715	0.46325445311244773	0.4415351141690342	-20.94317518484206	-21.28541611960907	20.60296317183017
partial	110	deviation_load[706]	0.46233508914574906	2366.2378573380747	2261.369327638202	2364.355395206782	2263.5165734829297	0.3136903921151448	0.4438312332713425	0.4454567122557205	-5.82115944716084	-6.16340038192785	20.8018398578768
partial	110	deviation_load[707]	0.43145893601465557	2312.414693580568	2207.19011334648	2320.4146062241284	2226.082856523431	0.3370610474817855	0.4586246452174929	0.4622122565638442	-0.5732538167728567	-0.9154947515398665	21.533292633137407
partial	110	deviation_load[708]	0.40202787564995346	2569.496917673174	2248.353790267793	2574.252586905745	2249.0159411828245	0.33999065762661657	0.4769818159163367	0.46435295590929715	-24.542578124875806	-24.88481905964282	22.307561191219712
partial	110	deviation_load[709]	0.3622402392521617	2408.376876788208	2352.5530796191097	2409.2495806330576	2350.64803071463	0.38235739271742897	0.4865502854459473	0.49621285367671875	-44.02431174030638	-44.3665526750734	23.500755842734574
partial	110	deviation_load[710]	0.31752536421192745	2017.2143505416268	1986.7768276245474	2017.5941321089695	1986.4769234897649	0.46165476201728406	0.5619037749919144	0.5596026623252945	-73.38898704067479	-73.73122797544178	25.100996611045165
partial	110	deviation_load[711]	0.2978587629977047	1864.0502458221572	1871.935330716562	1856.9059184777473	1864.4282585144028	0.5039556000412817	0.6059240848204843	0.5949800561374228	14.960264766141457	14.618023831374446	25.91641858179518
partial	110	deviation_load[712]	0.2571803332132363	2062.8611779792836	2066.9015255094887	2061.3677233036033	2065.81664462093	0.5294503748428501	0.61629708131255	0.6167233738148384	116.8846998147629	116.54245887999586	27.890821046256374
partial	110	deviation_load[713]	0.2578471623854901	1997.6044111730594	1858.2656400260214	1999.0729598153712	1865.7857189240565	0.5366996994542964	0.6493404673178399	0.6229579341999383	-12.559254590774858	-12.901495525541868	27.854732898060433
partial	110	deviation_load[714]	0.23638042228084855	1953.7266155718673	1837.2064854447856	1956.8798643114978	1834.7902327689228	0.5746863334186633	0.6768855057069614	0.655968293598486	-2.4487920002245662	-2.7910329349915766	29.092056638469877
partial	110	deviation_load[715]	0.1958617259451718	1941.7045504125206	1971.3718605130603	1936.8792397725608	1969.5996591780674	0.6512076331204539	0.7191784092161831	0.7239484800886498	-41.22856240836787	-41.57080334313489	31.959898242305112
partial	110	deviation_load[716]	0.12449479297533629	2253.4768045592796	2200.915042551528	2241.8662959700696	2183.4785569098362	0.7921895251345067	0.8644071827358111	0.8529913622781639	-34.29019160937623	-34.63243254414324	40.08709477322137
partial	110	deviation_load[717]	0.16840400866670682	2058.3685626205465	1931.0067894784902	2051.732473189338	1975.1163233131708	0.6939046397838183	0.7766130053829435	0.7625835491943379	92.90892609786178	92.56668516309477	34.46703807439796
partial	110	deviation_load[718]	0.14510439407883197	2307.299009361662	2288.229938510158	2304.542912345804	2276.8738911097316	0.7151613527570152	0.778850977237535	0.7819755628314522	112.20978081940339	111.86753988463637	37.1312777663644
partial	110	deviation_load[719]	0.13694381195413116	2174.0032222283207	2046.393338570439	2172.7367064543696	2039.2549036899425	0.7617719110706386	0.8487512283466868	0.8248190497827601	-30.887449835589038	-31.229690770356054	38.22160941612126
partial	110	deviation_load[720]	0.11984402211199384	2419.8868247394275	2613.3180694765892	2422.693363487086	2589.9701403436557	0.7787581148360857	0.807326502623566	0.8405321063536934	44.78525626041628	44.44301532564926	40.85751872981002
partial	110	population_intercept_at_load0	0.9989041609043781	2106.7630074353115	1773.437314523653	2105.555406771046	1757.7801400735113	0.39498303783470284	12.970372115419256	12.24225609039691	5469.822429354427	5471.969449624093	547.5053755294447
partial	110	log_sigma_intercept_at_subject0	0.0	4826.758208110376	4826.758208110376	4855.148207554599	4855.148207554599	0.028097805874743694	0.028097805874743694	0.028097805874743694	-49.53719296757556	-49.53719296757556	1.9578240247772565
partial	111	population_intercept_at_mean_load	0.9996561065418278	2330.4531809124583	1985.2428697161424	2326.098243841333	1980.9704809165596	0.2108108891374207	12.054728788122963	12.259412056965571	5598.400387181984	5618.61900507731	548.2707909166072
partial	111	population_load	0.8423755603244228	2149.4549178415546	1918.3510868462422	2149.1114486209353	1923.774688608126	0.13198045048098866	0.3614503865140376	0.34270812610366735	59.06494630769761	58.79705048583209	15.410874983519243
partial	111	log_tau_intercept	0.0	4724.220659705682	4724.220659705682	4350.242889793495	4350.242889793495	0.002479282824294686	0.002479282824294686	0.002479282824294686	7.817458543777932	7.817458543777932	0.16352449804194713
partial	111	log_tau_load	0.0	2414.8800413028666	2414.8800413028666	2409.551531492735	2409.551531492735	0.004465995343828243	0.004465995343828243	0.004465995343828243	4.099247263939628	4.099247263939628	0.21922313056576181
partial	111	log_sigma_intercept	0.0	5040.6958016091585	5040.6958016091585	5033.473123569617	5033.473123569617	0.00021152992542254566	0.00021152992542254566	0.00021152992542254566	6.051952357857564	6.051952357857564	0.015007408124859454
partial	111	log_sigma_subj_slope	0.0	4817.761298514806	4817.761298514806	4843.094192614628	4843.094192614628	3.958675402265516e-5	3.958675402265516e-5	3.958675402265516e-5	0.07820889054653188	0.07820889054653188	0.0027549349608977187
partial	111	deviation_intercept[701]	0.9906137692335416	1636.8379214580664	1963.6006042962952	1647.016809137818	1958.3333627160725	1.3124861114029234	12.137487670791659	12.30607339386974	-4838.008666159219	-4858.895460482778	549.7916231806138
partial	111	deviation_intercept[702]	0.9955914420326082	2164.1769258964396	1975.4356127806943	2155.5112154891153	1971.7041126976844	0.784301156807968	12.039751302634459	12.260993062849902	-3897.2939375176784	-3918.1807318412384	548.4155004418022
partial	111	deviation_intercept[703]	0.9948758800206409	2125.887599791603	1956.8226969473792	2122.4158206391594	1957.7944003774642	0.8524330029264429	12.107195709732382	12.265539719358513	-3616.1096415694374	-3636.9964358929983	548.6126882364825
partial	111	deviation_intercept[704]	0.9940671480047704	1930.6457883985677	1962.9494206795619	1934.0307183268158	1959.3668305975375	0.9612636307757347	12.09301353342637	12.273583435595949	-635.1427982844817	-656.0295926080424	548.8358071891622
partial	111	deviation_intercept[705]	0.9928707032006227	2032.8567874183045	1969.4891536775308	2071.6436024566083	1966.6861695731	1.0187550547448112	12.086692032062475	12.27821992164382	-1330.0923035880612	-1350.9790979116215	549.1663910429311
partial	111	deviation_intercept[706]	0.9927138561590911	2324.0684664320493	1985.0071041499284	2331.65444758482	1978.318097918845	0.97085647852796	12.03615806988201	12.274338470344656	60.1963268295335	39.30953250597303	549.2097729909005
partial	111	deviation_intercept[707]	0.9915267618166139	1727.9680245537827	1972.5766648671788	1725.0334970569743	1967.7121280778574	1.2179347427524096	12.09107147297908	12.29634854825962	-67.80865195087348	-88.69544627443395	549.5384422800604
partial	111	deviation_intercept[708]	0.990377614615179	2519.102259999662	1967.7437261382815	2519.043594099136	1967.8042494944439	1.0746657861498463	12.09360103952002	12.282985351070161	-432.5617163283044	-453.44851065186486	549.8571679234218
partial	111	deviation_intercept[709]	0.9889813852591092	2432.1810632188594	1967.0054139100619	2424.3726073181087	1964.1422821195788	1.1730595379538364	12.086000766866505	12.291984838188974	-1123.7182573379753	-1144.6050516615355	550.2451711536769
partial	111	deviation_intercept[710]	0.9870015115116552	2071.9364340172956	1958.7624082920213	2061.872853956051	1959.0856079835269	1.382951266118104	12.09965567550101	12.313788076263972	202.6338540057786	181.74705968221807	550.7967762807414
partial	111	deviation_intercept[711]	0.9851088161388575	1684.8991089696367	1972.4161734900013	1679.7832332836574	1967.4356414543513	1.6415200347345937	12.111702076460826	12.345501634486878	-1718.195550448366	-1739.0823447719265	551.3256469178802
partial	111	deviation_intercept[712]	0.9826294792594101	2124.675310000173	1938.0885465234849	2130.9626636636303	1942.5676387648398	1.576064195141229	12.185219994358008	12.336968871237751	1109.122848552926	1088.2360542293657	552.020751675706
partial	111	deviation_intercept[713]	0.9820401708747679	2272.159863387324	1973.5706081380615	2261.670335161999	1969.922760917796	1.5560448887060163	12.13147962699261	12.334427359158237	3905.7694838947236	3884.882689571163	552.186356748795
partial	111	deviation_intercept[714]	0.97898130315563	2144.4562620490765	2000.7083808512807	2133.549191858397	1996.896470416104	1.7358598682087092	12.097468848997643	12.35839925171301	166.25962212892168	145.3728278053612	553.0483485380913
partial	111	deviation_intercept[715]	0.9739368797206152	1924.2188686403738	1957.3634843991947	1928.3394218627122	1950.6837896998443	2.0384795413890986	12.20197622514235	12.404524232043123	934.4549704542615	913.5681761307012	554.4787322913091
partial	111	deviation_intercept[716]	0.9502689752657888	2267.605166185739	2051.535501807542	2276.114547748682	2052.254175275937	2.62387819329372	12.115529035224545	12.514054473108443	787.8700629004117	766.9832685768514	561.3413352786016
partial	111	deviation_intercept[717]	0.9689727362327611	2079.469878354466	1985.0662739186005	2073.4948246346758	1981.8309012386264	2.1503778642813955	12.208932740260375	12.423403219000603	1505.3903907005792	1484.5035963770183	555.8972426057838
partial	111	deviation_intercept[718]	0.9625201357264661	2623.7623380308373	1976.318365232065	2592.855276235912	1972.2532560140714	2.1205828911634312	12.199994373429263	12.418280653173294	1326.6535358808237	1305.7667415572632	557.757458878079
partial	111	deviation_intercept[719]	0.9578642840282545	2275.272915160537	1991.5448526510754	2275.062939326054	1988.4652454352445	2.406172669928228	12.251827039159409	12.470224115876693	4706.312366198299	4685.425571874738	559.111350090869
partial	111	deviation_intercept[720]	0.9499312605106526	2727.508107063305	1963.2469951522285	2724.680967926503	1966.0203505597258	2.406742951588125	12.395940151126046	12.470334166240383	3319.6156826636875	3298.7288883401275	561.4411090272058
partial	111	deviation_load[701]	0.39211607650611335	1840.647186641634	1864.8969240923218	1841.3711484384376	1860.7908508067594	0.41040487806681253	0.5285667069013021	0.5181333653890258	-23.2007925866954	-22.93289676482987	22.587743754671926
partial	111	deviation_load[702]	0.5771864987138882	1980.4026386851356	1994.9669704542214	1971.014062470099	1982.60131789573	0.27267897737461394	0.42592439704986623	0.4175929179121548	-36.364131909041696	-36.096236087176166	18.61753138476881
partial	111	deviation_load[703]	0.5456629409936804	2034.7619119095602	2072.6217151714736	2021.099027414745	2072.910077124237	0.2870868046185328	0.42518930744707706	0.4271403209419618	-38.06086939410559	-37.792973572240065	19.147758740226188
partial	111	deviation_load[704]	0.5184486686420796	1942.2413702831566	1992.0259976850532	1936.058983481044	1989.1627112796405	0.30980562338978024	0.4438387975774688	0.44272965190085567	10.908230786835261	11.176126608700791	19.643881006481
partial	111	deviation_load[705]	0.4713038424981374	2356.784312161997	2135.6625482988047	2364.247771034074	2136.6672701127713	0.3080961483951715	0.4470569758536001	0.4415351141690342	-21.553311941474597	-21.28541611960907	20.60296317183017
partial	111	deviation_load[706]	0.46233508914574906	2366.2378573380747	2078.941058108171	2364.355395206782	2080.053392390329	0.3136903921151448	0.4622095777716316	0.4454567122557205	-6.43129620379338	-6.16340038192785	20.8018398578768
partial	111	deviation_load[707]	0.43145893601465557	2312.414693580568	1997.1561798344223	2320.4146062241284	2003.7613379703162	0.3370610474817855	0.487127066617602	0.4622122565638442	-1.1833905734053969	-0.9154947515398665	21.533292633137407
partial	111	deviation_load[708]	0.40202787564995346	2569.496917673174	2255.525390760607	2574.252586905745	2258.1204439632693	0.33999065762661657	0.47446791276135736	0.46435295590929715	-25.15271488150835	-24.88481905964282	22.307561191219712
partial	111	deviation_load[709]	0.3622402392521617	2408.376876788208	2270.4717635096617	2409.2495806330576	2271.0598075101484	0.38235739271742897	0.4974764175522857	0.49621285367671875	-44.63444849693893	-44.3665526750734	23.500755842734574
partial	111	deviation_load[710]	0.31752536421192745	2017.2143505416268	1938.4432352384852	2017.5941321089695	1935.6143191906287	0.46165476201728406	0.5774680557705896	0.5596026623252945	-73.99912379730735	-73.73122797544178	25.100996611045165
partial	111	deviation_load[711]	0.2978587629977047	1864.0502458221572	1826.521142327801	1856.9059184777473	1825.290144262389	0.5039556000412817	0.6166056015835478	0.5949800561374228	14.350128009508916	14.618023831374446	25.91641858179518
partial	111	deviation_load[712]	0.2571803332132363	2062.8611779792836	1889.5248792049083	2061.3677233036033	1888.5540122422308	0.5294503748428501	0.6391034010768305	0.6167233738148384	116.27456305813034	116.54245887999586	27.890821046256374
partial	111	deviation_load[713]	0.2578471623854901	1997.6044111730594	1879.8431716474265	1999.0729598153712	1898.9501381248538	0.5366996994542964	0.6416958874511104	0.6229579341999383	-13.1693913474074	-12.901495525541868	27.854732898060433
partial	111	deviation_load[714]	0.23638042228084855	1953.7266155718673	1953.0970608620987	1956.8798643114978	1946.9732112025315	0.5746863334186633	0.6618926667980843	0.655968293598486	-3.058928756857106	-2.7910329349915766	29.092056638469877
partial	111	deviation_load[715]	0.1958617259451718	1941.7045504125206	1817.047303396111	1936.8792397725608	1813.9897834229173	0.6512076331204539	0.7572372374689673	0.7239484800886498	-41.83869916500042	-41.57080334313489	31.959898242305112
partial	111	deviation_load[716]	0.12449479297533629	2253.4768045592796	2377.9030635215845	2241.8662959700696	2366.5914975851556	0.7921895251345067	0.8336753853747176	0.8529913622781639	-34.900328366008765	-34.63243254414324	40.08709477322137
partial	111	deviation_load[717]	0.16840400866670682	2058.3685626205465	2066.065243413354	2051.732473189338	2064.112446034746	0.6939046397838183	0.750567893816519	0.7625835491943379	92.29878934122925	92.56668516309477	34.46703807439796
partial	111	deviation_load[718]	0.14510439407883197	2307.299009361662	2236.3308852741716	2304.542912345804	2208.4690854880014	0.7151613527570152	0.793632036749708	0.7819755628314522	111.59964406277082	111.86753988463637	37.1312777663644
partial	111	deviation_load[719]	0.13694381195413116	2174.0032222283207	2214.4544307627807	2172.7367064543696	2219.2649497892544	0.7617719110706386	0.8036886041125071	0.8248190497827601	-31.497586592221577	-31.229690770356054	38.22160941612126
partial	111	deviation_load[720]	0.11984402211199384	2419.8868247394275	2499.1543870748856	2422.693363487086	2508.295573216403	0.7787581148360857	0.8144043155333842	0.8405321063536934	44.17511950378374	44.44301532564926	40.85751872981002
partial	111	population_intercept_at_load0	0.9989041609043781	2106.7630074353115	1971.1240166999792	2105.555406771046	1967.202219449497	0.39498303783470284	12.048528491524795	12.24225609039691	5451.082655300532	5471.969449624093	547.5053755294447
partial	111	log_sigma_intercept_at_subject0	0.0	4826.758208110376	4826.758208110376	4855.148207554599	4855.148207554599	0.028097805874743694	0.028097805874743694	0.028097805874743694	-49.53719296757556	-49.53719296757556	1.9578240247772565
partial	112	population_intercept_at_mean_load	0.9996561065418278	2330.4531809124583	1976.4200881277038	2326.098243841333	1979.727290054588	0.2108108891374207	12.286471303120608	12.259412056965571	5618.876117582378	5618.61900507731	548.2707909166072
partial	112	population_load	0.8423755603244228	2149.4549178415546	2040.3683272641028	2149.1114486209353	2039.1395064418284	0.13198045048098866	0.34658707907722575	0.34270812610366735	58.36264839662375	58.79705048583209	15.410874983519243
partial	112	log_tau_intercept	0.0	4724.220659705682	4724.220659705682	4350.242889793495	4350.242889793495	0.002479282824294686	0.002479282824294686	0.002479282824294686	7.817458543777932	7.817458543777932	0.16352449804194713
partial	112	log_tau_load	0.0	2414.8800413028666	2414.8800413028666	2409.551531492735	2409.551531492735	0.004465995343828243	0.004465995343828243	0.004465995343828243	4.099247263939628	4.099247263939628	0.21922313056576181
partial	112	log_sigma_intercept	0.0	5040.6958016091585	5040.6958016091585	5033.473123569617	5033.473123569617	0.00021152992542254566	0.00021152992542254566	0.00021152992542254566	6.051952357857564	6.051952357857564	0.015007408124859454
partial	112	log_sigma_subj_slope	0.0	4817.761298514806	4817.761298514806	4843.094192614628	4843.094192614628	3.958675402265516e-5	3.958675402265516e-5	3.958675402265516e-5	0.07820889054653188	0.07820889054653188	0.0027549349608977187
partial	112	deviation_intercept[701]	0.9906137692335416	1636.8379214580664	1958.6126859097283	1647.016809137818	1957.1649432849733	1.3124861114029234	12.37152782557367	12.30607339386974	-4860.236043548767	-4858.895460482778	549.7916231806138
partial	112	deviation_intercept[702]	0.9955914420326082	2164.1769258964396	1971.5394923644592	2155.5112154891153	1973.6942443254075	0.784301156807968	12.273950202023652	12.260993062849902	-3919.521314907228	-3918.1807318412384	548.4155004418022
partial	112	deviation_intercept[703]	0.9948758800206409	2125.887599791603	1983.2727180389136	2122.4158206391594	1984.9116001677844	0.8524330029264429	12.243274300972699	12.265539719358513	-3638.337018958987	-3636.9964358929983	548.6126882364825
partial	112	deviation_intercept[704]	0.9940671480047704	1930.6457883985677	1969.7620845613556	1934.0307183268158	1973.9843110568472	0.9612636307757347	12.296373903844493	12.273583435595949	-657.3701756740307	-656.0295926080424	548.8358071891622
partial	112	deviation_intercept[705]	0.9928707032006227	2032.8567874183045	1961.9743998349238	2071.6436024566083	1966.501579313529	1.0187550547448112	12.315368701182075	12.27821992164382	-1352.31968097761	-1350.9790979116215	549.1663910429311
partial	112	deviation_intercept[706]	0.9927138561590911	2324.0684664320493	1969.04625713822	2331.65444758482	1970.728586915634	0.97085647852796	12.31699457492424	12.274338470344656	37.968949439984485	39.30953250597303	549.2097729909005
partial	112	deviation_intercept[707]	0.9915267618166139	1727.9680245537827	1980.1533526045446	1725.0334970569743	1980.3807773751673	1.2179347427524096	12.298107116161944	12.29634854825962	-90.03602934042249	-88.69544627443395	549.5384422800604
partial	112	deviation_intercept[708]	0.990377614615179	2519.102259999662	1976.2439542010513	2519.043594099136	1975.8050888077971	1.0746657861498463	12.310650488837396	12.282985351070161	-454.78909371785335	-453.44851065186486	549.8571679234218
partial	112	deviation_intercept[709]	0.9889813852591092	2432.1810632188594	1969.2428456265286	2424.3726073181087	1971.1469300505842	1.1730595379538364	12.351201468056399	12.291984838188974	-1145.945634727524	-1144.6050516615355	550.2451711536769
partial	112	deviation_intercept[710]	0.9870015115116552	2071.9364340172956	1977.0211560017924	2061.872853956051	1978.5311731266977	1.382951266118104	12.381221996047984	12.313788076263972	180.40647661622955	181.74705968221807	550.7967762807414
partial	112	deviation_intercept[711]	0.9851088161388575	1684.8991089696367	1980.8401326352225	1679.7832332836574	1985.494035212523	1.6415200347345937	12.359242510583412	12.345501634486878	-1740.4229278379153	-1739.0823447719265	551.3256469178802
partial	112	deviation_intercept[712]	0.9826294792594101	2124.675310000173	1991.037681299796	2130.9626636636303	1993.1615504689626	1.576064195141229	12.261559378028277	12.336968871237751	1086.8954711633767	1088.2360542293657	552.020751675706
partial	112	deviation_intercept[713]	0.9820401708747679	2272.159863387324	1970.233618429078	2261.670335161999	1970.9517206473256	1.5560448887060163	12.411879038096826	12.334427359158237	3883.5421065051746	3884.882689571163	552.186356748795
partial	112	deviation_intercept[714]	0.97898130315563	2144.4562620490765	1964.5658643368622	2133.549191858397	1968.167339659136	1.7358598682087092	12.450659451821446	12.35839925171301	144.03224473937263	145.3728278053612	553.0483485380913
partial	112	deviation_intercept[715]	0.9739368797206152	1924.2188686403738	1954.0890066154152	1928.3394218627122	1954.2372224682244	2.0384795413890986	12.518970286226772	12.404524232043123	912.2275930647124	913.5681761307012	554.4787322913091
partial	112	deviation_intercept[716]	0.9502689752657888	2267.605166185739	1954.0024855084057	2276.114547748682	1955.305726761071	2.62387819329372	12.75502007102313	12.514054473108443	765.6426855108629	766.9832685768514	561.3413352786016
partial	112	deviation_intercept[717]	0.9689727362327611	2079.469878354466	1997.514077382743	2073.4948246346758	2006.3237617680488	2.1503778642813955	12.341583904855229	12.423403219000603	1483.1630133110298	1484.5035963770183	555.8972426057838
partial	112	deviation_intercept[718]	0.9625201357264661	2623.7623380308373	2031.2802493419308	2592.855276235912	2037.3592231213338	2.1205828911634312	12.253033945944727	12.418280653173294	1304.426158491275	1305.7667415572632	557.757458878079
partial	112	deviation_intercept[719]	0.9578642840282545	2275.272915160537	1977.311134739382	2275.062939326054	1977.6262862375515	2.406172669928228	12.563970323936262	12.470224115876693	4684.084988808751	4685.425571874738	559.111350090869
partial	112	deviation_intercept[720]	0.9499312605106526	2727.508107063305	2006.8309178695488	2724.680967926503	2010.9685020998058	2.406742951588125	12.427152744839333	12.470334166240383	3297.3883052741394	3298.7288883401275	561.4411090272058
partial	112	deviation_load[701]	0.39211607650611335	1840.647186641634	1908.1611001977656	1841.3711484384376	1907.9754039563113	0.41040487806681253	0.5207403125202015	0.5181333653890258	-22.498494675621544	-22.93289676482987	22.587743754671926
partial	112	deviation_load[702]	0.5771864987138882	1980.4026386851356	2087.81921810917	1971.014062470099	2084.98036598302	0.27267897737461394	0.4068978914742595	0.4175929179121548	-35.66183399796784	-36.096236087176166	18.61753138476881
partial	112	deviation_load[703]	0.5456629409936804	2034.7619119095602	2093.645534512619	2021.099027414745	2101.2099321866303	0.2870868046185328	0.4223039644975858	0.4271403209419618	-37.35857148303174	-37.792973572240065	19.147758740226188
partial	112	deviation_load[704]	0.5184486686420796	1942.2413702831566	2020.0444650864026	1936.058983481044	2024.8381013171595	0.30980562338978024	0.4413251152784896	0.44272965190085567	11.610528697909114	11.176126608700791	19.643881006481
partial	112	deviation_load[705]	0.4713038424981374	2356.784312161997	2172.478465868782	2364.247771034074	2170.459795558017	0.3080961483951715	0.44978204630684016	0.4415351141690342	-20.851014030400744	-21.28541611960907	20.60296317183017
partial	112	deviation_load[706]	0.46233508914574906	2366.2378573380747	2218.3663645342995	2364.355395206782	2219.17559344307	0.3136903921151448	0.4447217563127739	0.4454567122557205	-5.728998292719524	-6.16340038192785	20.8018398578768
partial	112	deviation_load[707]	0.43145893601465557	2312.414693580568	2207.9560462417153	2320.4146062241284	2202.90924586366	0.3370610474817855	0.46608279677911263	0.4622122565638442	-0.4810926623315404	-0.9154947515398665	21.533292633137407
partial	112	deviation_load[708]	0.40202787564995346	2569.496917673174	2230.9654656582456	2574.252586905745	2225.688735169521	0.33999065762661657	0.4772831697570636	0.46435295590929715	-24.450416970434485	-24.88481905964282	22.307561191219712
partial	112	deviation_load[709]	0.3622402392521617	2408.376876788208	2186.0279817534506	2409.2495806330576	2189.5376932711597	0.38235739271742897	0.5022222013938386	0.49621285367671875	-43.932150585865074	-44.3665526750734	23.500755842734574
partial	112	deviation_load[710]	0.31752536421192745	2017.2143505416268	1998.7782237553145	2017.5941321089695	1995.5384183252675	0.46165476201728406	0.5677026372656745	0.5596026623252945	-73.29682588623348	-73.73122797544178	25.100996611045165
partial	112	deviation_load[711]	0.2978587629977047	1864.0502458221572	1827.8372725619538	1856.9059184777473	1834.2861163488897	0.5039556000412817	0.600926549268264	0.5949800561374228	15.052425920582772	14.618023831374446	25.91641858179518
partial	112	deviation_load[712]	0.2571803332132363	2062.8611779792836	2000.5437629662865	2061.3677233036033	1998.9311167755961	0.5294503748428501	0.6202077211429692	0.6167233738148384	116.9768609692042	116.54245887999586	27.890821046256374
partial	112	deviation_load[713]	0.2578471623854901	1997.6044111730594	2199.4044981442066	1999.0729598153712	2199.497604646177	0.5366996994542964	0.5998047548560929	0.6229579341999383	-12.46709343633354	-12.901495525541868	27.854732898060433
partial	112	deviation_load[714]	0.23638042228084855	1953.7266155718673	2223.8383726232933	1956.8798643114978	2221.247741124093	0.5746863334186633	0.6202475255526204	0.655968293598486	-2.35663084578325	-2.7910329349915766	29.092056638469877
partial	112	deviation_load[715]	0.1958617259451718	1941.7045504125206	1919.6213258023006	1936.8792397725608	1913.0933977184345	0.6512076331204539	0.7162536188787747	0.7239484800886498	-41.13640125392655	-41.57080334313489	31.959898242305112
partial	112	deviation_load[716]	0.12449479297533629	2253.4768045592796	2248.058027078533	2241.8662959700696	2214.7506609282323	0.7921895251345067	0.8491272814086924	0.8529913622781639	-34.19803045493491	-34.63243254414324	40.08709477322137
partial	112	deviation_load[717]	0.16840400866670682	2058.3685626205465	2057.485722040978	2051.732473189338	2053.3375841889097	0.6939046397838183	0.7581478409591672	0.7625835491943379	93.00108725230311	92.56668516309477	34.46703807439796
partial	112	deviation_load[718]	0.14510439407883197	2307.299009361662	2268.687785422718	2304.542912345804	2267.6860138063157	0.7151613527570152	0.7770811283311921	0.7819755628314522	112.30194197384469	111.86753988463637	37.1312777663644
partial	112	deviation_load[719]	0.13694381195413116	2174.0032222283207	2219.0920824386963	2172.7367064543696	2220.4666207431187	0.7617719110706386	0.8068068691278366	0.8248190497827601	-30.795288681147728	-31.229690770356054	38.22160941612126
partial	112	deviation_load[720]	0.11984402211199384	2419.8868247394275	2558.3792156881036	2422.693363487086	2559.1973753699453	0.7787581148360857	0.8058191511737863	0.8405321063536934	44.87741741485759	44.44301532564926	40.85751872981002
partial	112	population_intercept_at_load0	0.9989041609043781	2106.7630074353115	1974.3360963268365	2105.555406771046	1975.596442545424	0.39498303783470284	12.259892018728666	12.24225609039691	5473.310032690082	5471.969449624093	547.5053755294447
partial	112	log_sigma_intercept_at_subject0	0.0	4826.758208110376	4826.758208110376	4855.148207554599	4855.148207554599	0.028097805874743694	0.028097805874743694	0.028097805874743694	-49.53719296757556	-49.53719296757556	1.9578240247772565
partial	113	population_intercept_at_mean_load	0.9996561065418278	2330.4531809124583	1876.935075587444	2326.098243841333	1877.0185837497681	0.2108108891374207	12.888746269532863	12.259412056965571	5610.142956116471	5618.61900507731	548.2707909166072
partial	113	population_load	0.8423755603244228	2149.4549178415546	2017.118627672549	2149.1114486209353	2011.7452428058073	0.13198045048098866	0.3487634124707721	0.34270812610366735	58.72997528800568	58.79705048583209	15.410874983519243
partial	113	log_tau_intercept	0.0	4724.220659705682	4724.220659705682	4350.242889793495	4350.242889793495	0.002479282824294686	0.002479282824294686	0.002479282824294686	7.817458543777932	7.817458543777932	0.16352449804194713
partial	113	log_tau_load	0.0	2414.8800413028666	2414.8800413028666	2409.551531492735	2409.551531492735	0.004465995343828243	0.004465995343828243	0.004465995343828243	4.099247263939628	4.099247263939628	0.21922313056576181
partial	113	log_sigma_intercept	0.0	5040.6958016091585	5040.6958016091585	5033.473123569617	5033.473123569617	0.00021152992542254566	0.00021152992542254566	0.00021152992542254566	6.051952357857564	6.051952357857564	0.015007408124859454
partial	113	log_sigma_subj_slope	0.0	4817.761298514806	4817.761298514806	4843.094192614628	4843.094192614628	3.958675402265516e-5	3.958675402265516e-5	3.958675402265516e-5	0.07820889054653188	0.07820889054653188	0.0027549349608977187
partial	113	deviation_intercept[701]	0.9906137692335416	1636.8379214580664	1878.1501283779683	1647.016809137818	1882.5652813866157	1.3124861114029234	12.884368713797423	12.30607339386974	-4850.586708144166	-4858.895460482778	549.7916231806138
partial	113	deviation_intercept[702]	0.9955914420326082	2164.1769258964396	1878.2727503792667	2155.5112154891153	1879.2592491593919	0.784301156807968	12.887559968992123	12.260993062849902	-3909.871979502627	-3918.1807318412384	548.4155004418022
partial	113	deviation_intercept[703]	0.9948758800206409	2125.887599791603	1871.3658088487887	2122.4158206391594	1869.1867680713892	0.8524330029264429	12.91446948119964	12.265539719358513	-3628.687683554386	-3636.9964358929983	548.6126882364825
partial	113	deviation_intercept[704]	0.9940671480047704	1930.6457883985677	1856.6152475556275	1934.0307183268158	1858.4768710181363	0.9612636307757347	12.906691242817551	12.273583435595949	-647.7208402694298	-656.0295926080424	548.8358071891622
partial	113	deviation_intercept[705]	0.9928707032006227	2032.8567874183045	1865.704460308543	2071.6436024566083	1864.5688310596786	1.0187550547448112	12.901083110187056	12.27821992164382	-1342.670345573009	-1350.9790979116215	549.1663910429311
partial	113	deviation_intercept[706]	0.9927138561590911	2324.0684664320493	1869.7802919467488	2331.65444758482	1870.5463889105838	0.97085647852796	12.939547013095492	12.274338470344656	47.61828484458543	39.30953250597303	549.2097729909005
partial	113	deviation_intercept[707]	0.9915267618166139	1727.9680245537827	1871.7407345138868	1725.0334970569743	1874.4248748204818	1.2179347427524096	12.897763077994036	12.29634854825962	-80.38669393582153	-88.69544627443395	549.5384422800604
partial	113	deviation_intercept[708]	0.990377614615179	2519.102259999662	1880.1597227499667	2519.043594099136	1879.506883604798	1.0746657861498463	12.937681908046917	12.282985351070161	-445.13975831325246	-453.44851065186486	549.8571679234218
partial	113	deviation_intercept[709]	0.9889813852591092	2432.1810632188594	1878.5461071756702	2424.3726073181087	1879.8724924862872	1.1730595379538364	12.927602761852967	12.291984838188974	-1136.2962993229235	-1144.6050516615355	550.2451711536769
partial	113	deviation_intercept[710]	0.9870015115116552	2071.9364340172956	1894.836293529996	2061.872853956051	1896.7646184142295	1.382951266118104	12.854605524835124	12.313788076263972	190.05581202083053	181.74705968221807	550.7967762807414
partial	113	deviation_intercept[711]	0.9851088161388575	1684.8991089696367	1870.5601363978706	1679.7832332836574	1866.2868329436956	1.6415200347345937	13.030331402457762	12.345501634486878	-1730.7735924333142	-1739.0823447719265	551.3256469178802
partial	113	deviation_intercept[712]	0.9826294792594101	2124.675310000173	1892.2968548328981	2130.9626636636303	1892.8394377911732	1.576064195141229	12.93875833972811	12.336968871237751	1096.5448065679782	1088.2360542293657	552.020751675706
partial	113	deviation_intercept[713]	0.9820401708747679	2272.159863387324	1871.1605692073758	2261.670335161999	1867.403393516211	1.5560448887060163	12.967267109994971	12.334427359158237	3893.191441909775	3884.882689571163	552.186356748795
partial	113	deviation_intercept[714]	0.97898130315563	2144.4562620490765	1865.1124477422948	2133.549191858397	1865.2082946196592	1.7358598682087092	13.010647617392568	12.35839925171301	153.68158014397358	145.3728278053612	553.0483485380913
partial	113	deviation_intercept[715]	0.9739368797206152	1924.2188686403738	1875.3508632005696	1928.3394218627122	1872.9573844421975	2.0384795413890986	13.019861185793856	12.404524232043123	921.8769284693135	913.5681761307012	554.4787322913091
partial	113	deviation_intercept[716]	0.9502689752657888	2267.605166185739	1883.4795183130875	2276.114547748682	1881.3791463991554	2.62387819329372	13.187318193223879	12.514054473108443	775.2920209154636	766.9832685768514	561.3413352786016
partial	113	deviation_intercept[717]	0.9689727362327611	2079.469878354466	1869.5543854453408	2073.4948246346758	1873.7687856502362	2.1503778642813955	13.01395448189948	12.423403219000603	1492.8123487156306	1484.5035963770183	555.8972426057838
partial	113	deviation_intercept[718]	0.9625201357264661	2623.7623380308373	1904.4328221503642	2592.855276235912	1905.9842693608425	2.1205828911634312	12.99175956080322	12.418280653173294	1314.0754938958758	1305.7667415572632	557.757458878079
partial	113	deviation_intercept[719]	0.9578642840282545	2275.272915160537	1889.430594871581	2275.062939326054	1892.480628846255	2.406172669928228	13.015700106971257	12.470224115876693	4693.73432421335	4685.425571874738	559.111350090869
partial	113	deviation_intercept[720]	0.9499312605106526	2727.508107063305	1909.3437080803124	2724.680967926503	1907.0061325997156	2.406742951588125	12.99776990182446	12.470334166240383	3307.03764067874	3298.7288883401275	561.4411090272058
partial	113	deviation_load[701]	0.39211607650611335	1840.647186641634	1888.368358693045	1841.3711484384376	1892.6928661612221	0.41040487806681253	0.5324640050915452	0.5181333653890258	-22.86582156700347	-22.93289676482987	22.587743754671926
partial	113	deviation_load[702]	0.5771864987138882	1980.4026386851356	1851.1398363602118	1971.014062470099	1830.295148962894	0.27267897737461394	0.4304411927986437	0.4175929179121548	-36.02916088934976	-36.096236087176166	18.61753138476881
partial	113	deviation_load[703]	0.5456629409936804	2034.7619119095602	1840.503781460801	2021.099027414745	1846.0224366935342	0.2870868046185328	0.44344610694142494	0.4271403209419618	-37.72589837441365	-37.792973572240065	19.147758740226188
partial	113	deviation_load[704]	0.5184486686420796	1942.2413702831566	1882.5173788878021	1936.058983481044	1878.9435234471443	0.30980562338978024	0.4491013794189317	0.44272965190085567	11.24320180652719	11.176126608700791	19.643881006481
partial	113	deviation_load[705]	0.4713038424981374	2356.784312161997	2217.650519901729	2364.247771034074	2202.60641253338	0.3080961483951715	0.44078405015859884	0.4415351141690342	-21.218340921782662	-21.28541611960907	20.60296317183017
partial	113	deviation_load[706]	0.46233508914574906	2366.2378573380747	2149.94172532136	2364.355395206782	2151.5562479926825	0.3136903921151448	0.45195949219773346	0.4454567122557205	-6.096325184101447	-6.16340038192785	20.8018398578768
partial	113	deviation_load[707]	0.43145893601465557	2312.414693580568	2086.948721253201	2320.4146062241284	2078.045594953708	0.3370610474817855	0.46916065013904723	0.4622122565638442	-0.848419553713464	-0.9154947515398665	21.533292633137407
partial	113	deviation_load[708]	0.40202787564995346	2569.496917673174	2364.815750519514	2574.252586905745	2365.8315898347782	0.33999065762661657	0.46661640156807516	0.46435295590929715	-24.81774386181641	-24.88481905964282	22.307561191219712
partial	113	deviation_load[709]	0.3622402392521617	2408.376876788208	2290.0202429675996	2409.2495806330576	2295.1404227889043	0.38235739271742897	0.4942423368103896	0.49621285367671875	-44.299477477246995	-44.3665526750734	23.500755842734574
partial	113	deviation_load[710]	0.31752536421192745	2017.2143505416268	1908.3693200087798	2017.5941321089695	1909.2436902998468	0.46165476201728406	0.5799222337060593	0.5596026623252945	-73.66415277761541	-73.73122797544178	25.100996611045165
partial	113	deviation_load[711]	0.2978587629977047	1864.0502458221572	1491.880832926203	1856.9059184777473	1509.0248154228645	0.5039556000412817	0.6720442029946075	0.5949800561374228	14.68509902920085	14.618023831374446	25.91641858179518
partial	113	deviation_load[712]	0.2571803332132363	2062.8611779792836	1992.6267523396623	2061.3677233036033	1993.3484146153712	0.5294503748428501	0.6204975155363899	0.6167233738148384	116.60953407782227	116.54245887999586	27.890821046256374
partial	113	deviation_load[713]	0.2578471623854901	1997.6044111730594	1954.3487930385645	1999.0729598153712	1937.8457232791905	0.5366996994542964	0.6455386178398085	0.6229579341999383	-12.834420327715463	-12.901495525541868	27.854732898060433
partial	113	deviation_load[714]	0.23638042228084855	1953.7266155718673	1904.2463775747556	1956.8798643114978	1903.7537529860906	0.5746863334186633	0.6722618757419253	0.655968293598486	-2.723957737165173	-2.7910329349915766	29.092056638469877
partial	113	deviation_load[715]	0.1958617259451718	1941.7045504125206	2020.231863867043	1936.8792397725608	2024.6877333102002	0.6512076331204539	0.7023463455470593	0.7239484800886498	-41.503728145308486	-41.57080334313489	31.959898242305112
partial	113	deviation_load[716]	0.12449479297533629	2253.4768045592796	2307.953933044841	2241.8662959700696	2271.950906442201	0.7921895251345067	0.8502000364384072	0.8529913622781639	-34.56535734631684	-34.63243254414324	40.08709477322137
partial	113	deviation_load[717]	0.16840400866670682	2058.3685626205465	2074.7576407145957	2051.732473189338	2075.595361432868	0.6939046397838183	0.7586028930653897	0.7625835491943379	92.63376036092122	92.56668516309477	34.46703807439796
partial	113	deviation_load[718]	0.14510439407883197	2307.299009361662	2379.286810291224	2304.542912345804	2377.7967300689215	0.7151613527570152	0.7508138422108972	0.7819755628314522	111.93461508246277	111.86753988463637	37.1312777663644
partial	113	deviation_load[719]	0.13694381195413116	2174.0032222283207	2070.885043910521	2172.7367064543696	2054.2080073533293	0.7617719110706386	0.8438443915890845	0.8248190497827601	-31.16261557252965	-31.229690770356054	38.22160941612126
partial	113	deviation_load[720]	0.11984402211199384	2419.8868247394275	2370.771351599894	2422.693363487086	2374.667421847598	0.7787581148360857	0.8302001168767587	0.8405321063536934	44.51009052347567	44.44301532564926	40.85751872981002
partial	113	population_intercept_at_load0	0.9989041609043781	2106.7630074353115	1869.0610477514142	2105.555406771046	1870.5336329745298	0.39498303783470284	12.891326377110135	12.24225609039691	5463.66069728548	5471.969449624093	547.5053755294447
partial	113	log_sigma_intercept_at_subject0	0.0	4826.758208110376	4826.758208110376	4855.148207554599	4855.148207554599	0.028097805874743694	0.028097805874743694	0.028097805874743694	-49.53719296757556	-49.53719296757556	1.9578240247772565
partial	114	population_intercept_at_mean_load	0.9996561065418278	2330.4531809124583	2096.596210747647	2326.098243841333	2100.0818833635217	0.2108108891374207	11.760551223424551	12.259412056965571	5613.115158975666	5618.61900507731	548.2707909166072
partial	114	population_load	0.8423755603244228	2149.4549178415546	2293.938576718675	2149.1114486209353	2304.7478955971374	0.13198045048098866	0.3182670524387219	0.34270812610366735	59.09124363519376	58.79705048583209	15.410874983519243
partial	114	log_tau_intercept	0.0	4724.220659705682	4724.220659705682	4350.242889793495	4350.242889793495	0.002479282824294686	0.002479282824294686	0.002479282824294686	7.817458543777932	7.817458543777932	0.16352449804194713
partial	114	log_tau_load	0.0	2414.8800413028666	2414.8800413028666	2409.551531492735	2409.551531492735	0.004465995343828243	0.004465995343828243	0.004465995343828243	4.099247263939628	4.099247263939628	0.21922313056576181
partial	114	log_sigma_intercept	0.0	5040.6958016091585	5040.6958016091585	5033.473123569617	5033.473123569617	0.00021152992542254566	0.00021152992542254566	0.00021152992542254566	6.051952357857564	6.051952357857564	0.015007408124859454
partial	114	log_sigma_subj_slope	0.0	4817.761298514806	4817.761298514806	4843.094192614628	4843.094192614628	3.958675402265516e-5	3.958675402265516e-5	3.958675402265516e-5	0.07820889054653188	0.07820889054653188	0.0027549349608977187
partial	114	deviation_intercept[701]	0.9906137692335416	1636.8379214580664	2104.028714633445	1647.016809137818	2109.165015681581	1.3124861114029234	11.827717969509857	12.30607339386974	-4852.657848074579	-4858.895460482778	549.7916231806138
partial	114	deviation_intercept[702]	0.9955914420326082	2164.1769258964396	2100.061939693978	2155.5112154891153	2104.6405840314956	0.784301156807968	11.767940861947647	12.260993062849902	-3911.943119433041	-3918.1807318412384	548.4155004418022
partial	114	deviation_intercept[703]	0.9948758800206409	2125.887599791603	2108.328586465727	2122.4158206391594	2111.406616994445	0.8524330029264429	11.773155456002224	12.265539719358513	-3630.7588234848	-3636.9964358929983	548.6126882364825
partial	114	deviation_intercept[704]	0.9940671480047704	1930.6457883985677	2112.6500557033237	1934.0307183268158	2116.3376014595515	0.9612636307757347	11.785695747119702	12.273583435595949	-649.7919801998439	-656.0295926080424	548.8358071891622
partial	114	deviation_intercept[705]	0.9928707032006227	2032.8567874183045	2103.621654002148	2071.6436024566083	2104.354418485303	1.0187550547448112	11.834903209674112	12.27821992164382	-1344.741485503423	-1350.9790979116215	549.1663910429311
partial	114	deviation_intercept[706]	0.9927138561590911	2324.0684664320493	2096.127160192845	2331.65444758482	2104.110261633929	0.97085647852796	11.83103218810465	12.274338470344656	45.54714491417156	39.30953250597303	549.2097729909005
partial	114	deviation_intercept[707]	0.9915267618166139	1727.9680245537827	2094.663594210099	1725.0334970569743	2099.2863559166794	1.2179347427524096	11.828852036595435	12.29634854825962	-82.45783386623542	-88.69544627443395	549.5384422800604
partial	114	deviation_intercept[708]	0.990377614615179	2519.102259999662	2106.463899976392	2519.043594099136	2109.64327485044	1.0746657861498463	11.816812977745885	12.282985351070161	-447.2108982436663	-453.44851065186486	549.8571679234218
partial	114	deviation_intercept[709]	0.9889813852591092	2432.1810632188594	2100.4098975562415	2424.3726073181087	2106.55707678422	1.1730595379538364	11.765021827437526	12.291984838188974	-1138.3674392533371	-1144.6050516615355	550.2451711536769
partial	114	deviation_intercept[710]	0.9870015115116552	2071.9364340172956	2119.144424003935	2061.872853956051	2117.0425126619807	1.382951266118104	11.819682875639279	12.313788076263972	187.9846720904166	181.74705968221807	550.7967762807414
partial	114	deviation_intercept[711]	0.9851088161388575	1684.8991089696367	2099.5767354732548	1679.7832332836574	2103.830092274299	1.6415200347345937	11.838113433844088	12.345501634486878	-1732.8447323637283	-1739.0823447719265	551.3256469178802
partial	114	deviation_intercept[712]	0.9826294792594101	2124.675310000173	2094.383898571732	2130.9626636636303	2099.6592494978386	1.576064195141229	11.885069799205667	12.336968871237751	1094.473666637564	1088.2360542293657	552.020751675706
partial	114	deviation_intercept[713]	0.9820401708747679	2272.159863387324	2115.9529341103353	2261.670335161999	2122.5903279696404	1.5560448887060163	11.857784300437858	12.334427359158237	3891.120301979361	3884.882689571163	552.186356748795
partial	114	deviation_intercept[714]	0.97898130315563	2144.4562620490765	2111.472860896578	2133.549191858397	2111.880715252056	1.7358598682087092	11.851416695847108	12.35839925171301	151.6104402135597	145.3728278053612	553.0483485380913
partial	114	deviation_intercept[715]	0.9739368797206152	1924.2188686403738	2096.521393901156	1928.3394218627122	2100.646168557524	2.0384795413890986	11.975257550380192	12.404524232043123	919.8057885388996	913.5681761307012	554.4787322913091
partial	114	deviation_intercept[716]	0.9502689752657888	2267.605166185739	2127.5413355355317	2276.114547748682	2126.114123310786	2.62387819329372	12.077497425428628	12.514054473108443	773.2208809850498	766.9832685768514	561.3413352786016
partial	114	deviation_intercept[717]	0.9689727362327611	2079.469878354466	2063.2184294286285	2073.4948246346758	2069.9194575121496	2.1503778642813955	12.015831258906081	12.423403219000603	1490.7412087852167	1484.5035963770183	555.8972426057838
partial	114	deviation_intercept[718]	0.9625201357264661	2623.7623380308373	2047.7438213963062	2592.855276235912	2044.4708007415438	2.1205828911634312	12.125839244524327	12.418280653173294	1312.0043539654619	1305.7667415572632	557.757458878079
partial	114	deviation_intercept[719]	0.9578642840282545	2275.272915160537	2113.7948815399104	2275.062939326054	2120.732279219284	2.406172669928228	11.979752603130718	12.470224115876693	4691.6631842829365	4685.425571874738	559.111350090869
partial	114	deviation_intercept[720]	0.9499312605106526	2727.508107063305	2207.6056927622294	2724.680967926503	2204.0775227622953	2.406742951588125	11.885784884287427	12.470334166240383	3304.966500748326	3298.7288883401275	561.4411090272058
partial	114	deviation_load[701]	0.39211607650611335	1840.647186641634	1946.2594061735088	1841.3711484384376	1950.762654484274	0.41040487806681253	0.5093734233774666	0.5181333653890258	-23.22708991419156	-22.93289676482987	22.587743754671926
partial	114	deviation_load[702]	0.5771864987138882	1980.4026386851356	2156.6640884310495	1971.014062470099	2169.633010227549	0.27267897737461394	0.39927205421180056	0.4175929179121548	-36.39042923653785	-36.096236087176166	18.61753138476881
partial	114	deviation_load[703]	0.5456629409936804	2034.7619119095602	2200.708758648832	2021.099027414745	2215.159316550662	0.2870868046185328	0.40587514009006875	0.4271403209419618	-38.087166721601754	-37.792973572240065	19.147758740226188
partial	114	deviation_load[704]	0.5184486686420796	1942.2413702831566	2081.669767959845	1936.058983481044	2084.989369951884	0.30980562338978024	0.4400056269354632	0.44272965190085567	10.881933459339105	11.176126608700791	19.643881006481
partial	114	deviation_load[705]	0.4713038424981374	2356.784312161997	2354.455591421433	2364.247771034074	2352.5676061061627	0.3080961483951715	0.4218758765177358	0.4415351141690342	-21.579609268970753	-21.28541611960907	20.60296317183017
partial	114	deviation_load[706]	0.46233508914574906	2366.2378573380747	2372.2065722933557	2364.355395206782	2376.1954220976772	0.3136903921151448	0.4240452889947864	0.4454567122557205	-6.4575935312895325	-6.16340038192785	20.8018398578768
partial	114	deviation_load[707]	0.43145893601465557	2312.414693580568	2459.554673682374	2320.4146062241284	2456.466628035415	0.3370610474817855	0.44043291599728474	0.4622122565638442	-1.2096879009015495	-0.9154947515398665	21.533292633137407
partial	114	deviation_load[708]	0.40202787564995346	2569.496917673174	2426.115380301174	2574.252586905745	2422.7269353599286	0.33999065762661657	0.4529122017432815	0.46435295590929715	-25.179012209004497	-24.88481905964282	22.307561191219712
partial	114	deviation_load[709]	0.3622402392521617	2408.376876788208	2463.5324142336763	2409.2495806330576	2461.2488649442794	0.38235739271742897	0.46266225589366233	0.49621285367671875	-44.66074582443508	-44.3665526750734	23.500755842734574
partial	114	deviation_load[710]	0.31752536421192745	2017.2143505416268	2132.5710853768323	2017.5941321089695	2136.3155384137203	0.46165476201728406	0.5392057934508855	0.5596026623252945	-74.02542112480349	-73.73122797544178	25.100996611045165
partial	114	deviation_load[711]	0.2978587629977047	1864.0502458221572	1862.063883438624	1856.9059184777473	1866.9103040898185	0.5039556000412817	0.597511180429238	0.5949800561374228	14.323830682012764	14.618023831374446	25.91641858179518
partial	114	deviation_load[712]	0.2571803332132363	2062.8611779792836	2085.9942694710444	2061.3677233036033	2086.4692712971755	0.5294503748428501	0.6157436954708483	0.6167233738148384	116.24826573063419	116.54245887999586	27.890821046256374
partial	114	deviation_load[713]	0.2578471623854901	1997.6044111730594	2045.9795130387465	1999.0729598153712	2044.3746544802127	0.5366996994542964	0.6112354088498134	0.6229579341999383	-13.195688674903549	-12.901495525541868	27.854732898060433
partial	114	deviation_load[714]	0.23638042228084855	1953.7266155718673	2052.713135532526	1956.8798643114978	2058.6613935242467	0.5746863334186633	0.6386486839626546	0.655968293598486	-3.085226084353259	-2.7910329349915766	29.092056638469877
partial	114	deviation_load[715]	0.1958617259451718	1941.7045504125206	2028.3150009612473	1936.8792397725608	2028.8947665747119	0.6512076331204539	0.714390859191291	0.7239484800886498	-41.86499649249657	-41.57080334313489	31.959898242305112
partial	114	deviation_load[716]	0.12449479297533629	2253.4768045592796	2187.487404930791	2241.8662959700696	2162.2386691500624	0.7921895251345067	0.8680940475528364	0.8529913622781639	-34.92662569350492	-34.63243254414324	40.08709477322137
partial	114	deviation_load[717]	0.16840400866670682	2058.3685626205465	2040.9616039399968	2051.732473189338	2028.3485311721377	0.6939046397838183	0.7739913286975945	0.7625835491943379	92.2724920137331	92.56668516309477	34.46703807439796
partial	114	deviation_load[718]	0.14510439407883197	2307.299009361662	2202.602530407457	2304.542912345804	2216.442793752168	0.7151613527570152	0.7898926635290018	0.7819755628314522	111.57334673527468	111.86753988463637	37.1312777663644
partial	114	deviation_load[719]	0.13694381195413116	2174.0032222283207	2073.739884769491	2172.7367064543696	2062.4068636575216	0.7617719110706386	0.8345602230214129	0.8248190497827601	-31.523883919717736	-31.229690770356054	38.22160941612126
partial	114	deviation_load[720]	0.11984402211199384	2419.8868247394275	2636.471591750293	2422.693363487086	2648.5875599710225	0.7787581148360857	0.7946321903951676	0.8405321063536934	44.148822176287574	44.44301532564926	40.85751872981002
partial	114	population_intercept_at_load0	0.9989041609043781	2106.7630074353115	2098.6177245505355	2105.555406771046	2101.554231410964	0.39498303783470284	11.781050135612672	12.24225609039691	5465.731837215895	5471.969449624093	547.5053755294447
partial	114	log_sigma_intercept_at_subject0	0.0	4826.758208110376	4826.758208110376	4855.148207554599	4855.148207554599	0.028097805874743694	0.028097805874743694	0.028097805874743694	-49.53719296757556	-49.53719296757556	1.9578240247772565
partial	115	population_intercept_at_mean_load	0.9996561065418278	2330.4531809124583	2077.780527950396	2326.098243841333	2080.225613629566	0.2108108891374207	11.950310561393753	12.259412056965571	5622.006978997698	5618.61900507731	548.2707909166072
partial	115	population_load	0.8423755603244228	2149.4549178415546	1884.713852246954	2149.1114486209353	1875.2251174425064	0.13198045048098866	0.3500673567392844	0.34270812610366735	58.86656677680228	58.79705048583209	15.410874983519243
partial	115	log_tau_intercept	0.0	4724.220659705682	4724.220659705682	4350.242889793495	4350.242889793495	0.002479282824294686	0.002479282824294686	0.002479282824294686	7.817458543777932	7.817458543777932	0.16352449804194713
partial	115	log_tau_load	0.0	2414.8800413028666	2414.8800413028666	2409.551531492735	2409.551531492735	0.004465995343828243	0.004465995343828243	0.004465995343828243	4.099247263939628	4.099247263939628	0.21922313056576181
partial	115	log_sigma_intercept	0.0	5040.6958016091585	5040.6958016091585	5033.473123569617	5033.473123569617	0.00021152992542254566	0.00021152992542254566	0.00021152992542254566	6.051952357857564	6.051952357857564	0.015007408124859454
partial	115	log_sigma_subj_slope	0.0	4817.761298514806	4817.761298514806	4843.094192614628	4843.094192614628	3.958675402265516e-5	3.958675402265516e-5	3.958675402265516e-5	0.07820889054653188	0.07820889054653188	0.0027549349608977187
partial	115	deviation_intercept[701]	0.9906137692335416	1636.8379214580664	2054.0991523523608	1647.016809137818	2057.9044423920604	1.3124861114029234	12.103006450446761	12.30607339386974	-4862.110049291443	-4858.895460482778	549.7916231806138
partial	115	deviation_intercept[702]	0.9955914420326082	2164.1769258964396	2086.1474912186636	2155.5112154891153	2088.9843794572243	0.784301156807968	11.920640541005124	12.260993062849902	-3921.3953206499023	-3918.1807318412384	548.4155004418022
partial	115	deviation_intercept[703]	0.9948758800206409	2125.887599791603	2082.5842336718774	2122.4158206391594	2081.7560379507277	0.8524330029264429	11.98875171118591	12.265539719358513	-3640.2110247016617	-3636.9964358929983	548.6126882364825
partial	115	deviation_intercept[704]	0.9940671480047704	1930.6457883985677	2073.173172163642	1934.0307183268158	2083.924733603932	0.9612636307757347	11.947082573141897	12.273583435595949	-659.2441814167057	-656.0295926080424	548.8358071891622
partial	115	deviation_intercept[705]	0.9928707032006227	2032.8567874183045	2099.172716113069	2071.6436024566083	2102.9513008292024	1.0187550547448112	11.933943039475368	12.27821992164382	-1354.193686720285	-1350.9790979116215	549.1663910429311
partial	115	deviation_intercept[706]	0.9927138561590911	2324.0684664320493	2070.2191561354484	2331.65444758482	2075.214026518629	0.97085647852796	11.995016868241816	12.274338470344656	36.09494369730966	39.30953250597303	549.2097729909005
partial	115	deviation_intercept[707]	0.9915267618166139	1727.9680245537827	2066.577393656132	1725.0334970569743	2069.0012066796075	1.2179347427524096	12.049118244327985	12.29634854825962	-91.91003508309731	-88.69544627443395	549.5384422800604
partial	115	deviation_intercept[708]	0.990377614615179	2519.102259999662	2079.138787661523	2519.043594099136	2081.926261190244	1.0746657861498463	12.031837525491305	12.282985351070161	-456.66309946052826	-453.44851065186486	549.8571679234218
partial	115	deviation_intercept[709]	0.9889813852591092	2432.1810632188594	2100.550656312298	2424.3726073181087	2107.364743262113	1.1730595379538364	11.99785797442472	12.291984838188974	-1147.819640470199	-1144.6050516615355	550.2451711536769
partial	115	deviation_intercept[710]	0.9870015115116552	2071.9364340172956	2098.8029702626864	2061.872853956051	2102.414984692401	1.382951266118104	11.986242207511888	12.313788076263972	178.53247087355476	181.74705968221807	550.7967762807414
partial	115	deviation_intercept[711]	0.9851088161388575	1684.8991089696367	2051.51917569084	1679.7832332836574	2057.6752172808606	1.6415200347345937	12.157780821294324	12.345501634486878	-1742.29693358059	-1739.0823447719265	551.3256469178802
partial	115	deviation_intercept[712]	0.9826294792594101	2124.675310000173	2133.009847143794	2130.9626636636303	2132.200569158609	1.576064195141229	11.895886682118192	12.336968871237751	1085.021465420702	1088.2360542293657	552.020751675706
partial	115	deviation_intercept[713]	0.9820401708747679	2272.159863387324	2043.5928325240825	2261.670335161999	2049.5650341489672	1.5560448887060163	12.148569204968386	12.334427359158237	3881.6681007624993	3884.882689571163	552.186356748795
partial	115	deviation_intercept[714]	0.97898130315563	2144.4562620490765	2085.244685333614	2133.549191858397	2084.0491842745428	1.7358598682087092	12.052821318582208	12.35839925171301	142.1582389966978	145.3728278053612	553.0483485380913
partial	115	deviation_intercept[715]	0.9739368797206152	1924.2188686403738	2071.9632610850826	1928.3394218627122	2079.659514827513	2.0384795413890986	12.136788968639166	12.404524232043123	910.3535873220377	913.5681761307012	554.4787322913091
partial	115	deviation_intercept[716]	0.9502689752657888	2267.605166185739	2125.9400896325405	2276.114547748682	2128.2000811222274	2.62387819329372	12.131353572744372	12.514054473108443	763.7686797681877	766.9832685768514	561.3413352786016
partial	115	deviation_intercept[717]	0.9689727362327611	2079.469878354466	2073.9806102063617	2073.4948246346758	2066.2065470986413	2.1503778642813955	12.190811854609162	12.423403219000603	1481.2890075683551	1484.5035963770183	555.8972426057838
partial	115	deviation_intercept[718]	0.9625201357264661	2623.7623380308373	2049.0863275539227	2592.855276235912	2045.135071107045	2.1205828911634312	12.282606566577378	12.418280653173294	1302.5521527485998	1305.7667415572632	557.757458878079
partial	115	deviation_intercept[719]	0.9578642840282545	2275.272915160537	2136.4959643155735	2275.062939326054	2138.0452657678115	2.406172669928228	12.099881466252976	12.470224115876693	4682.210983066076	4685.425571874738	559.111350090869
partial	115	deviation_intercept[720]	0.9499312605106526	2727.508107063305	2080.5812963835965	2724.680967926503	2084.562425995183	2.406742951588125	12.140508659964384	12.470334166240383	3295.514299531464	3298.7288883401275	561.4411090272058
partial	115	deviation_load[701]	0.39211607650611335	1840.647186641634	1826.1431272991322	1841.3711484384376	1814.314029095422	0.41040487806681253	0.5207780492296403	0.5181333653890258	-23.00241305580008	-22.93289676482987	22.587743754671926
partial	115	deviation_load[702]	0.5771864987138882	1980.4026386851356	1822.9125753231726	1971.014062470099	1831.1560191691754	0.27267897737461394	0.4305967133120803	0.4175929179121548	-36.165752378146365	-36.096236087176166	18.61753138476881
partial	115	deviation_load[703]	0.5456629409936804	2034.7619119095602	1874.901392231588	2021.099027414745	1878.8943019215649	0.2870868046185328	0.4357317050179297	0.4271403209419618	-37.86248986321028	-37.792973572240065	19.147758740226188
partial	115	deviation_load[704]	0.5184486686420796	1942.2413702831566	1926.6201239185882	1936.058983481044	1925.6315066942705	0.30980562338978024	0.4413799049853276	0.44272965190085567	11.106610317730578	11.176126608700791	19.643881006481
partial	115	deviation_load[705]	0.4713038424981374	2356.784312161997	2187.4793474142075	2364.247771034074	2195.3911203828548	0.3080961483951715	0.4378595574578228	0.4415351141690342	-21.354932410579277	-21.28541611960907	20.60296317183017
partial	115	deviation_load[706]	0.46233508914574906	2366.2378573380747	2082.8349381580415	2364.355395206782	2080.4242034927884	0.3136903921151448	0.45565342386377317	0.4454567122557205	-6.23291667289806	-6.16340038192785	20.8018398578768
partial	115	deviation_load[707]	0.43145893601465557	2312.414693580568	2019.1766277712904	2320.4146062241284	2012.8971474989416	0.3370610474817855	0.4757349243861549	0.4622122565638442	-0.9850110425100781	-0.9154947515398665	21.533292633137407
partial	115	deviation_load[708]	0.40202787564995346	2569.496917673174	2095.614977350337	2574.252586905745	2082.0176058110155	0.33999065762661657	0.48609924755824446	0.46435295590929715	-24.954335350613025	-24.88481905964282	22.307561191219712
partial	115	deviation_load[709]	0.3622402392521617	2408.376876788208	2213.3860933461033	2409.2495806330576	2219.382085288661	0.38235739271742897	0.49111135110765003	0.49621285367671875	-44.436068966043614	-44.3665526750734	23.500755842734574
partial	115	deviation_load[710]	0.31752536421192745	2017.2143505416268	1964.8537553008562	2017.5941321089695	1959.9215729637403	0.46165476201728406	0.5567024746069901	0.5596026623252945	-73.80074426641201	-73.73122797544178	25.100996611045165
partial	115	deviation_load[711]	0.2978587629977047	1864.0502458221572	1779.7044460144639	1856.9059184777473	1759.5842928067634	0.5039556000412817	0.6117646018488917	0.5949800561374228	14.548507540404236	14.618023831374446	25.91641858179518
partial	115	deviation_load[712]	0.2571803332132363	2062.8611779792836	2071.9833361710957	2061.3677233036033	2076.2595932957397	0.5294503748428501	0.6146835101218372	0.6167233738148384	116.47294258902565	116.54245887999586	27.890821046256374
partial	115	deviation_load[713]	0.2578471623854901	1997.6044111730594	1948.0908033194228	1999.0729598153712	1946.631674110937	0.5366996994542964	0.6357040403408705	0.6229579341999383	-12.971011816512078	-12.901495525541868	27.854732898060433
partial	115	deviation_load[714]	0.23638042228084855	1953.7266155718673	2055.077865318152	1956.8798643114978	2059.768030483208	0.5746863334186633	0.6439991256010843	0.655968293598486	-2.860549225961788	-2.7910329349915766	29.092056638469877
partial	115	deviation_load[715]	0.1958617259451718	1941.7045504125206	1948.5095836550504	1936.8792397725608	1935.8330724388957	0.6512076331204539	0.7301177228862994	0.7239484800886498	-41.6403196341051	-41.57080334313489	31.959898242305112
partial	115	deviation_load[716]	0.12449479297533629	2253.4768045592796	2123.0913589984516	2241.8662959700696	2090.079750656358	0.7921895251345067	0.8680562271623232	0.8529913622781639	-34.701948835113456	-34.63243254414324	40.08709477322137
partial	115	deviation_load[717]	0.16840400866670682	2058.3685626205465	2110.7860955602596	2051.732473189338	2087.6541779092327	0.6939046397838183	0.7552561882387813	0.7625835491943379	92.49716887212458	92.56668516309477	34.46703807439796
partial	115	deviation_load[718]	0.14510439407883197	2307.299009361662	2417.7721568483216	2304.542912345804	2420.395175898223	0.7151613527570152	0.7576747200380887	0.7819755628314522	111.79802359366614	111.86753988463637	37.1312777663644
partial	115	deviation_load[719]	0.13694381195413116	2174.0032222283207	2187.8678003405057	2172.7367064543696	2178.409054464796	0.7617719110706386	0.8185375860918611	0.8248190497827601	-31.299207061326264	-31.229690770356054	38.22160941612126
partial	115	deviation_load[720]	0.11984402211199384	2419.8868247394275	2721.366689956996	2422.693363487086	2718.7483479718435	0.7787581148360857	0.8009437533681271	0.8405321063536934	44.37349903467906	44.44301532564926	40.85751872981002
partial	115	population_intercept_at_load0	0.9989041609043781	2106.7630074353115	2077.968959126163	2105.555406771046	2080.741686040087	0.39498303783470284	11.969114473657724	12.24225609039691	5475.184038432756	5471.969449624093	547.5053755294447
partial	115	log_sigma_intercept_at_subject0	0.0	4826.758208110376	4826.758208110376	4855.148207554599	4855.148207554599	0.028097805874743694	0.028097805874743694	0.028097805874743694	-49.53719296757556	-49.53719296757556	1.9578240247772565
partial	116	population_intercept_at_mean_load	0.9996561065418278	2330.4531809124583	1951.790106879724	2326.098243841333	1947.8922799242446	0.2108108891374207	12.125544437187955	12.259412056965571	5629.993875529838	5618.61900507731	548.2707909166072
partial	116	population_load	0.8423755603244228	2149.4549178415546	1994.0355134342592	2149.1114486209353	2020.950274081057	0.13198045048098866	0.3438387509195558	0.34270812610366735	58.48275741583595	58.79705048583209	15.410874983519243
partial	116	log_tau_intercept	0.0	4724.220659705682	4724.220659705682	4350.242889793495	4350.242889793495	0.002479282824294686	0.002479282824294686	0.002479282824294686	7.817458543777932	7.817458543777932	0.16352449804194713
partial	116	log_tau_load	0.0	2414.8800413028666	2414.8800413028666	2409.551531492735	2409.551531492735	0.004465995343828243	0.004465995343828243	0.004465995343828243	4.099247263939628	4.099247263939628	0.21922313056576181
partial	116	log_sigma_intercept	0.0	5040.6958016091585	5040.6958016091585	5033.473123569617	5033.473123569617	0.00021152992542254566	0.00021152992542254566	0.00021152992542254566	6.051952357857564	6.051952357857564	0.015007408124859454
partial	116	log_sigma_subj_slope	0.0	4817.761298514806	4817.761298514806	4843.094192614628	4843.094192614628	3.958675402265516e-5	3.958675402265516e-5	3.958675402265516e-5	0.07820889054653188	0.07820889054653188	0.0027549349608977187
partial	116	deviation_intercept[701]	0.9906137692335416	1636.8379214580664	1949.5048467330262	1647.016809137818	1946.816239947127	1.3124861114029234	12.155172716572094	12.30607339386974	-4871.054229763838	-4858.895460482778	549.7916231806138
partial	116	deviation_intercept[702]	0.9955914420326082	2164.1769258964396	1949.1926569367113	2155.5112154891153	1945.1739228205572	0.784301156807968	12.162271978075978	12.260993062849902	-3930.3395011222988	-3918.1807318412384	548.4155004418022
partial	116	deviation_intercept[703]	0.9948758800206409	2125.887599791603	1933.5964887793243	2122.4158206391594	1931.152518477982	0.8524330029264429	12.214871419123806	12.265539719358513	-3649.155205174057	-3636.9964358929983	548.6126882364825
partial	116	deviation_intercept[704]	0.9940671480047704	1930.6457883985677	1927.2573336547812	1934.0307183268158	1934.3406822224974	0.9612636307757347	12.217415879740996	12.273583435595949	-668.1883618891012	-656.0295926080424	548.8358071891622
partial	116	deviation_intercept[705]	0.9928707032006227	2032.8567874183045	1961.4366184904807	2071.6436024566083	1956.0279843035014	1.0187550547448112	12.115975769319313	12.27821992164382	-1363.1378671926805	-1350.9790979116215	549.1663910429311
partial	116	deviation_intercept[706]	0.9927138561590911	2324.0684664320493	1945.227136809095	2331.65444758482	1942.6215505001787	0.97085647852796	12.186615786988535	12.274338470344656	27.150763224914154	39.30953250597303	549.2097729909005
partial	116	deviation_intercept[707]	0.9915267618166139	1727.9680245537827	1940.9027225910515	1725.0334970569743	1935.9690745450814	1.2179347427524096	12.203586225507046	12.29634854825962	-100.85421555549281	-88.69544627443395	549.5384422800604
partial	116	deviation_intercept[708]	0.990377614615179	2519.102259999662	1953.2727803903767	2519.043594099136	1951.9080219725777	1.0746657861498463	12.153931742203886	12.282985351070161	-465.60727993292375	-453.44851065186486	549.8571679234218
partial	116	deviation_intercept[709]	0.9889813852591092	2432.1810632188594	1951.5163762679472	2424.3726073181087	1946.4921442993968	1.1730595379538364	12.23555586355216	12.291984838188974	-1156.7638209425943	-1144.6050516615355	550.2451711536769
partial	116	deviation_intercept[710]	0.9870015115116552	2071.9364340172956	1941.9108971546411	2061.872853956051	1935.5715135989435	1.382951266118104	12.254871065666034	12.313788076263972	169.5882904011592	181.74705968221807	550.7967762807414
partial	116	deviation_intercept[711]	0.9851088161388575	1684.8991089696367	1954.6606806055197	1679.7832332836574	1950.9539395131549	1.6415200347345937	12.199338529920691	12.345501634486878	-1751.2411140529855	-1739.0823447719265	551.3256469178802
partial	116	deviation_intercept[712]	0.9826294792594101	2124.675310000173	1919.2769546399925	2130.9626636636303	1921.8621366456393	1.576064195141229	12.24490038932686	12.336968871237751	1076.0772849483067	1088.2360542293657	552.020751675706
partial	116	deviation_intercept[713]	0.9820401708747679	2272.159863387324	1935.802044225247	2261.670335161999	1932.2180297388331	1.5560448887060163	12.284176239332627	12.334427359158237	3872.7239202901037	3884.882689571163	552.186356748795
partial	116	deviation_intercept[714]	0.97898130315563	2144.4562620490765	1954.3544827627538	2133.549191858397	1951.5495748674446	1.7358598682087092	12.261428290662318	12.35839925171301	133.2140585243023	145.3728278053612	553.0483485380913
partial	116	deviation_intercept[715]	0.9739368797206152	1924.2188686403738	1954.6622860163548	1928.3394218627122	1949.0316003705043	2.0384795413890986	12.3666991404061	12.404524232043123	901.4094068496424	913.5681761307012	554.4787322913091
partial	116	deviation_intercept[716]	0.9502689752657888	2267.605166185739	1948.283351953966	2276.114547748682	1942.6248750164652	2.62387819329372	12.51343578800529	12.514054473108443	754.8244992957923	766.9832685768514	561.3413352786016
partial	116	deviation_intercept[717]	0.9689727362327611	2079.469878354466	1944.2345040714547	2073.4948246346758	1938.5244191234342	2.1503778642813955	12.344877375732944	12.423403219000603	1472.3448270959595	1484.5035963770183	555.8972426057838
partial	116	deviation_intercept[718]	0.9625201357264661	2623.7623380308373	1938.277391526451	2592.855276235912	1933.9758735997398	2.1205828911634312	12.439612963906724	12.418280653173294	1293.6079722762047	1305.7667415572632	557.757458878079
partial	116	deviation_intercept[719]	0.9578642840282545	2275.272915160537	1953.1305813492763	2275.062939326054	1953.3897330097527	2.406172669928228	12.340487563008804	12.470224115876693	4673.26680259368	4685.425571874738	559.111350090869
partial	116	deviation_intercept[720]	0.9499312605106526	2727.508107063305	1777.7149204277086	2724.680967926503	1782.626327880635	2.406742951588125	12.950417910572963	12.470334166240383	3286.570119059069	3298.7288883401275	561.4411090272058
partial	116	deviation_load[701]	0.39211607650611335	1840.647186641634	1920.1812764201384	1841.3711484384376	1942.916543434311	0.41040487806681253	0.5172628727523719	0.5181333653890258	-22.61860369483374	-22.93289676482987	22.587743754671926
partial	116	deviation_load[702]	0.5771864987138882	1980.4026386851356	1973.6483105740879	1971.014062470099	1968.174142979062	0.27267897737461394	0.4223610210760286	0.4175929179121548	-35.78194301718003	-36.096236087176166	18.61753138476881
partial	116	deviation_load[703]	0.5456629409936804	2034.7619119095602	2078.0420369528406	2021.099027414745	2082.89723112264	0.2870868046185328	0.4225381310787002	0.4271403209419618	-37.47868050224394	-37.792973572240065	19.147758740226188
partial	116	deviation_load[704]	0.5184486686420796	1942.2413702831566	2078.4393502408684	1936.058983481044	2081.5325916782967	0.30980562338978024	0.4328800088185241	0.44272965190085567	11.490419678696922	11.176126608700791	19.643881006481
partial	116	deviation_load[705]	0.4713038424981374	2356.784312161997	2158.2026178729557	2364.247771034074	2204.089807975699	0.3080961483951715	0.44181523629596736	0.4415351141690342	-20.971123049612935	-21.28541611960907	20.60296317183017
partial	116	deviation_load[706]	0.46233508914574906	2366.2378573380747	2337.3618318828467	2364.355395206782	2337.307869245821	0.3136903921151448	0.4359310391287659	0.4454567122557205	-5.849107311931716	-6.16340038192785	20.8018398578768
partial	116	deviation_load[707]	0.43145893601465557	2312.414693580568	2159.445700718885	2320.4146062241284	2170.35752575742	0.3370610474817855	0.46241982436933	0.4622122565638442	-0.601201681543733	-0.9154947515398665	21.533292633137407
partial	116	deviation_load[708]	0.40202787564995346	2569.496917673174	2212.9223885224164	2574.252586905745	2224.5748232186943	0.33999065762661657	0.4756060424916697	0.46435295590929715	-24.570525989646683	-24.88481905964282	22.307561191219712
partial	116	deviation_load[709]	0.3622402392521617	2408.376876788208	2184.5714038739557	2409.2495806330576	2189.8485781922673	0.38235739271742897	0.4981007754364943	0.49621285367671875	-44.05225960507726	-44.3665526750734	23.500755842734574
partial	116	deviation_load[710]	0.31752536421192745	2017.2143505416268	2027.9324430355027	2017.5941321089695	2022.673573155763	0.46165476201728406	0.5508342040170565	0.5596026623252945	-73.41693490544567	-73.73122797544178	25.100996611045165
partial	116	deviation_load[711]	0.2978587629977047	1864.0502458221572	1815.9359872675159	1856.9059184777473	1824.294051731527	0.5039556000412817	0.6176324011876818	0.5949800561374228	14.93231690137058	14.618023831374446	25.91641858179518
partial	116	deviation_load[712]	0.2571803332132363	2062.8611779792836	1961.3180088130528	2061.3677233036033	1967.1677919089936	0.5294503748428501	0.6316436903245591	0.6167233738148384	116.856751949992	116.54245887999586	27.890821046256374
partial	116	deviation_load[713]	0.2578471623854901	1997.6044111730594	1919.0917722968377	1999.0729598153712	1921.6004197957516	0.5366996994542964	0.6393067927762198	0.6229579341999383	-12.587202455545732	-12.901495525541868	27.854732898060433
partial	116	deviation_load[714]	0.23638042228084855	1953.7266155718673	2202.8456273401366	1956.8798643114978	2209.376153402931	0.5746863334186633	0.6189810415764796	0.655968293598486	-2.476739864995443	-2.7910329349915766	29.092056638469877
partial	116	deviation_load[715]	0.1958617259451718	1941.7045504125206	1987.0090761007357	1936.8792397725608	1987.6780430060815	0.6512076331204539	0.720913899206253	0.7239484800886498	-41.25651027313876	-41.57080334313489	31.959898242305112
partial	116	deviation_load[716]	0.12449479297533629	2253.4768045592796	2039.5158593756184	2241.8662959700696	1984.6002479369217	0.7921895251345067	0.8971844947356098	0.8529913622781639	-34.31813947414712	-34.63243254414324	40.08709477322137
partial	116	deviation_load[717]	0.16840400866670682	2058.3685626205465	1994.1969849487114	2051.732473189338	1990.547710331005	0.6939046397838183	0.7712410816811878	0.7625835491943379	92.88097823309093	92.56668516309477	34.46703807439796
partial	116	deviation_load[718]	0.14510439407883197	2307.299009361662	2173.6401808331366	2304.542912345804	2179.4800468728354	0.7151613527570152	0.7905956381373775	0.7819755628314522	112.18183295463251	111.86753988463637	37.1312777663644
partial	116	deviation_load[719]	0.13694381195413116	2174.0032222283207	2178.7904717382203	2172.7367064543696	2163.7243786460754	0.7617719110706386	0.8245005596784705	0.8248190497827601	-30.91539770035992	-31.229690770356054	38.22160941612126
partial	116	deviation_load[720]	0.11984402211199384	2419.8868247394275	2111.113710535972	2422.693363487086	2132.1523136076953	0.7787581148360857	0.8896068759972712	0.8405321063536934	44.75730839564541	44.44301532564926	40.85751872981002
partial	116	population_intercept_at_load0	0.9989041609043781	2106.7630074353115	1944.36148408751	2105.555406771046	1938.7032663656883	0.39498303783470284	12.159327722387015	12.24225609039691	5484.128218905151	5471.969449624093	547.5053755294447
partial	116	log_sigma_intercept_at_subject0	0.0	4826.758208110376	4826.758208110376	4855.148207554599	4855.148207554599	0.028097805874743694	0.028097805874743694	0.028097805874743694	-49.53719296757556	-49.53719296757556	1.9578240247772565
partial	117	population_intercept_at_mean_load	0.9996561065418278	2330.4531809124583	2012.0899128537092	2326.098243841333	2012.5754946213451	0.2108108891374207	12.006532298368898	12.259412056965571	5614.127670295652	5618.61900507731	548.2707909166072
partial	117	population_load	0.8423755603244228	2149.4549178415546	1941.7884371782097	2149.1114486209353	1949.0525905705306	0.13198045048098866	0.35136807757849836	0.34270812610366735	58.82440020748687	58.79705048583209	15.410874983519243
partial	117	log_tau_intercept	0.0	4724.220659705682	4724.220659705682	4350.242889793495	4350.242889793495	0.002479282824294686	0.002479282824294686	0.002479282824294686	7.817458543777932	7.817458543777932	0.16352449804194713
partial	117	log_tau_load	0.0	2414.8800413028666	2414.8800413028666	2409.551531492735	2409.551531492735	0.004465995343828243	0.004465995343828243	0.004465995343828243	4.099247263939628	4.099247263939628	0.21922313056576181
partial	117	log_sigma_intercept	0.0	5040.6958016091585	5040.6958016091585	5033.473123569617	5033.473123569617	0.00021152992542254566	0.00021152992542254566	0.00021152992542254566	6.051952357857564	6.051952357857564	0.015007408124859454
partial	117	log_sigma_subj_slope	0.0	4817.761298514806	4817.761298514806	4843.094192614628	4843.094192614628	3.958675402265516e-5	3.958675402265516e-5	3.958675402265516e-5	0.07820889054653188	0.07820889054653188	0.0027549349608977187
partial	117	deviation_intercept[701]	0.9906137692335416	1636.8379214580664	2012.0350876314244	1647.016809137818	2019.179197222967	1.3124861114029234	12.029825267441558	12.30607339386974	-4854.335910977944	-4858.895460482778	549.7916231806138
partial	117	deviation_intercept[702]	0.9955914420326082	2164.1769258964396	2021.8122099856214	2155.5112154891153	2025.7359478116323	0.784301156807968	11.969937624251575	12.260993062849902	-3913.621182336405	-3918.1807318412384	548.4155004418022
partial	117	deviation_intercept[703]	0.9948758800206409	2125.887599791603	2017.558299307415	2122.4158206391594	2018.536075764425	0.8524330029264429	11.988466642477077	12.265539719358513	-3632.436886388163	-3636.9964358929983	548.6126882364825
partial	117	deviation_intercept[704]	0.9940671480047704	1930.6457883985677	2026.4712875403327	1934.0307183268158	2029.4998232326393	0.9612636307757347	11.980898237463562	12.273583435595949	-651.470043103208	-656.0295926080424	548.8358071891622
partial	117	deviation_intercept[705]	0.9928707032006227	2032.8567874183045	2039.3977652574042	2071.6436024566083	2043.0638032534998	1.0187550547448112	11.919210402893574	12.27821992164382	-1346.4195484067873	-1350.9790979116215	549.1663910429311
partial	117	deviation_intercept[706]	0.9927138561590911	2324.0684664320493	2057.985413244066	2331.65444758482	2059.6384390465832	0.97085647852796	11.87844894837589	12.274338470344656	43.86908201080732	39.30953250597303	549.2097729909005
partial	117	deviation_intercept[707]	0.9915267618166139	1727.9680245537827	2023.132946603162	1725.0334970569743	2025.5297961873814	1.2179347427524096	11.9877590141453	12.29634854825962	-84.13589676959967	-88.69544627443395	549.5384422800604
partial	117	deviation_intercept[708]	0.990377614615179	2519.102259999662	2048.8483041040804	2519.043594099136	2049.545163819658	1.0746657861498463	11.883044162790947	12.282985351070161	-448.8889611470305	-453.44851065186486	549.8571679234218
partial	117	deviation_intercept[709]	0.9889813852591092	2432.1810632188594	2042.2741409367338	2424.3726073181087	2042.855106683378	1.1730595379538364	11.978732940727873	12.291984838188974	-1140.0455021567013	-1144.6050516615355	550.2451711536769
partial	117	deviation_intercept[710]	0.9870015115116552	2071.9364340172956	2033.2403190627076	2061.872853956051	2035.6746149012413	1.382951266118104	11.965491418830888	12.313788076263972	186.3066091870524	181.74705968221807	550.7967762807414
partial	117	deviation_intercept[711]	0.9851088161388575	1684.8991089696367	2028.6200938861332	1679.7832332836574	2026.92494256357	1.6415200347345937	12.082438451314939	12.345501634486878	-1734.5227952670925	-1739.0823447719265	551.3256469178802
partial	117	deviation_intercept[712]	0.9826294792594101	2124.675310000173	2034.4633234104354	2130.9626636636303	2031.4871325340298	1.576064195141229	12.015981679830986	12.336968871237751	1092.7956037341999	1088.2360542293657	552.020751675706
partial	117	deviation_intercept[713]	0.9820401708747679	2272.159863387324	2038.0761639852608	2261.670335161999	2041.5669007161453	1.5560448887060163	11.997778400785549	12.334427359158237	3889.442239075997	3884.882689571163	552.186356748795
partial	117	deviation_intercept[714]	0.97898130315563	2144.4562620490765	2058.755693029343	2133.549191858397	2056.7668662880233	1.7358598682087092	12.032583239396446	12.35839925171301	149.93237731019548	145.3728278053612	553.0483485380913
partial	117	deviation_intercept[715]	0.9739368797206152	1924.2188686403738	2022.03517459815	1928.3394218627122	2021.0267910188345	2.0384795413890986	12.11294476946591	12.404524232043123	918.1277256355353	913.5681761307012	554.4787322913091
partial	117	deviation_intercept[716]	0.9502689752657888	2267.605166185739	2032.3078811343903	2276.114547748682	2035.7503979943447	2.62387819329372	12.21128675223171	12.514054473108443	771.5428180816856	766.9832685768514	561.3413352786016
partial	117	deviation_intercept[717]	0.9689727362327611	2079.469878354466	2034.0180747554948	2073.4948246346758	2031.689686302207	2.1503778642813955	12.15278183836812	12.423403219000603	1489.0631458818527	1484.5035963770183	555.8972426057838
partial	117	deviation_intercept[718]	0.9625201357264661	2623.7623380308373	2019.8639285617096	2592.855276235912	2022.4505798556884	2.1205828911634312	12.280107810845502	12.418280653173294	1310.3262910620974	1305.7667415572632	557.757458878079
partial	117	deviation_intercept[719]	0.9578642840282545	2275.272915160537	1949.9835874196388	2275.062939326054	1956.5042876565833	2.406172669928228	12.327358533767898	12.470224115876693	4689.985121379573	4685.425571874738	559.111350090869
partial	117	deviation_intercept[720]	0.9499312605106526	2727.508107063305	2058.862604040291	2724.680967926503	2051.7670178798157	2.406742951588125	12.149856475584514	12.470334166240383	3303.2884378449617	3298.7288883401275	561.4411090272058
partial	117	deviation_load[701]	0.39211607650611335	1840.647186641634	1831.3890217768703	1841.3711484384376	1830.9037830509033	0.41040487806681253	0.5299948540009692	0.5181333653890258	-22.960246486484657	-22.93289676482987	22.587743754671926
partial	117	deviation_load[702]	0.5771864987138882	1980.4026386851356	2021.102714344949	1971.014062470099	2018.0579865319394	0.27267897737461394	0.4278257356365141	0.4175929179121548	-36.12358580883095	-36.096236087176166	18.61753138476881
partial	117	deviation_load[703]	0.5456629409936804	2034.7619119095602	1945.4666492737244	2021.099027414745	1948.3614188205934	0.2870868046185328	0.43818172620941476	0.4271403209419618	-37.82032329389484	-37.792973572240065	19.147758740226188
partial	117	deviation_load[704]	0.5184486686420796	1942.2413702831566	1815.4784793348074	1936.058983481044	1813.5024011121805	0.30980562338978024	0.45978538061525814	0.44272965190085567	11.148776887046003	11.176126608700791	19.643881006481
partial	117	deviation_load[705]	0.4713038424981374	2356.784312161997	2039.0356059893402	2364.247771034074	2048.317191237234	0.3080961483951715	0.46282137978931576	0.4415351141690342	-21.31276584126385	-21.28541611960907	20.60296317183017
partial	117	deviation_load[706]	0.46233508914574906	2366.2378573380747	2148.617045872764	2364.355395206782	2143.348744410148	0.3136903921151448	0.4433278594561736	0.4454567122557205	-6.190750103582637	-6.16340038192785	20.8018398578768
partial	117	deviation_load[707]	0.43145893601465557	2312.414693580568	2213.716213104112	2320.4146062241284	2210.605651431218	0.3370610474817855	0.4680393880804759	0.4622122565638442	-0.9428444731946527	-0.9154947515398665	21.533292633137407
partial	117	deviation_load[708]	0.40202787564995346	2569.496917673174	2250.332282710435	2574.252586905745	2260.294897916519	0.33999065762661657	0.4685903737896193	0.46435295590929715	-24.912168781297602	-24.88481905964282	22.307561191219712
partial	117	deviation_load[709]	0.3622402392521617	2408.376876788208	2184.380981970032	2409.2495806330576	2179.2350899535772	0.38235739271742897	0.5024560141839167	0.49621285367671875	-44.393902396728194	-44.3665526750734	23.500755842734574
partial	117	deviation_load[710]	0.31752536421192745	2017.2143505416268	1996.1161714457498	2017.5941321089695	1995.250608634075	0.46165476201728406	0.5630797839986431	0.5596026623252945	-73.75857769709657	-73.73122797544178	25.100996611045165
partial	117	deviation_load[711]	0.2978587629977047	1864.0502458221572	1935.8074880741153	1856.9059184777473	1929.0426736622223	0.5039556000412817	0.5927511088877321	0.5949800561374228	14.59067410971966	14.618023831374446	25.91641858179518
partial	117	deviation_load[712]	0.2571803332132363	2062.8611779792836	2068.301324824554	2061.3677233036033	2066.7810966038273	0.5294503748428501	0.6109833881979334	0.6167233738148384	116.51510915834109	116.54245887999586	27.890821046256374
partial	117	deviation_load[713]	0.2578471623854901	1997.6044111730594	1962.7153636898393	1999.0729598153712	1960.7406008659657	0.5366996994542964	0.6305061877082045	0.6229579341999383	-12.928845247196648	-12.901495525541868	27.854732898060433
partial	117	deviation_load[714]	0.23638042228084855	1953.7266155718673	2059.4475480365872	1956.8798643114978	2057.9066148702964	0.5746863334186633	0.6453039129287578	0.655968293598486	-2.8183826566463623	-2.7910329349915766	29.092056638469877
partial	117	deviation_load[715]	0.1958617259451718	1941.7045504125206	1963.5568210868234	1936.8792397725608	1963.6871119690393	0.6512076331204539	0.7261878851174909	0.7239484800886498	-41.598153064789685	-41.57080334313489	31.959898242305112
partial	117	deviation_load[716]	0.12449479297533629	2253.4768045592796	2191.268815321781	2241.8662959700696	2177.515026642731	0.7921895251345067	0.8654001475415799	0.8529913622781639	-34.65978226579803	-34.63243254414324	40.08709477322137
partial	117	deviation_load[717]	0.16840400866670682	2058.3685626205465	1934.5977907033225	2051.732473189338	1913.1235307701677	0.6939046397838183	0.7814174419675423	0.7625835491943379	92.53933544143999	92.56668516309477	34.46703807439796
partial	117	deviation_load[718]	0.14510439407883197	2307.299009361662	2169.767519224306	2304.542912345804	2162.5599040929133	0.7151613527570152	0.795155766570367	0.7819755628314522	111.8401901629816	111.86753988463637	37.1312777663644
partial	117	deviation_load[719]	0.13694381195413116	2174.0032222283207	2200.186835371656	2172.7367064543696	2194.074729490281	0.7617719110706386	0.8098746666619996	0.8248190497827601	-31.257040492010834	-31.229690770356054	38.22160941612126
partial	117	deviation_load[720]	0.11984402211199384	2419.8868247394275	2506.8775111501755	2422.693363487086	2458.386381467068	0.7787581148360857	0.8299244323554595	0.8405321063536934	44.41566560399448	44.44301532564926	40.85751872981002
partial	117	population_intercept_at_load0	0.9989041609043781	2106.7630074353115	2027.6550064716462	2105.555406771046	2031.3661819834	0.39498303783470284	11.924649436239962	12.24225609039691	5467.409900119258	5471.969449624093	547.5053755294447
partial	117	log_sigma_intercept_at_subject0	0.0	4826.758208110376	4826.758208110376	4855.148207554599	4855.148207554599	0.028097805874743694	0.028097805874743694	0.028097805874743694	-49.53719296757556	-49.53719296757556	1.9578240247772565
partial	118	population_intercept_at_mean_load	0.9996561065418278	2330.4531809124583	1689.9321565670111	2326.098243841333	1694.3909292305316	0.2108108891374207	13.151953204796436	12.259412056965571	5609.7902797196	5618.61900507731	548.2707909166072
partial	118	population_load	0.8423755603244228	2149.4549178415546	1900.8555087434793	2149.1114486209353	1900.228177493867	0.13198045048098866	0.3575890657077701	0.34270812610366735	59.12683094339055	58.79705048583209	15.410874983519243
partial	118	log_tau_intercept	0.0	4724.220659705682	4724.220659705682	4350.242889793495	4350.242889793495	0.002479282824294686	0.002479282824294686	0.002479282824294686	7.817458543777932	7.817458543777932	0.16352449804194713
partial	118	log_tau_load	0.0	2414.8800413028666	2414.8800413028666	2409.551531492735	2409.551531492735	0.004465995343828243	0.004465995343828243	0.004465995343828243	4.099247263939628	4.099247263939628	0.21922313056576181
partial	118	log_sigma_intercept	0.0	5040.6958016091585	5040.6958016091585	5033.473123569617	5033.473123569617	0.00021152992542254566	0.00021152992542254566	0.00021152992542254566	6.051952357857564	6.051952357857564	0.015007408124859454
partial	118	log_sigma_subj_slope	0.0	4817.761298514806	4817.761298514806	4843.094192614628	4843.094192614628	3.958675402265516e-5	3.958675402265516e-5	3.958675402265516e-5	0.07820889054653188	0.07820889054653188	0.0027549349608977187
partial	118	deviation_intercept[701]	0.9906137692335416	1636.8379214580664	1661.7072781106244	1647.016809137818	1662.3699622511213	1.3124861114029234	13.393538164965504	12.30607339386974	-4849.244208193896	-4858.895460482778	549.7916231806138
partial	118	deviation_intercept[702]	0.9955914420326082	2164.1769258964396	1709.967431616616	2155.5112154891153	1704.9495828102547	0.784301156807968	13.13493815233909	12.260993062849902	-3908.5294795523555	-3918.1807318412384	548.4155004418022
partial	118	deviation_intercept[703]	0.9948758800206409	2125.887599791603	1705.4326489814337	2122.4158206391594	1705.9129711175362	0.8524330029264429	13.12697372743931	12.265539719358513	-3627.345183604115	-3636.9964358929983	548.6126882364825
partial	118	deviation_intercept[704]	0.9940671480047704	1930.6457883985677	1664.1742072383952	1934.0307183268158	1658.4113267752298	0.9612636307757347	13.28545552930518	12.273583435595949	-646.3783403191592	-656.0295926080424	548.8358071891622
partial	118	deviation_intercept[705]	0.9928707032006227	2032.8567874183045	1697.2070513605554	2071.6436024566083	1696.7107369511673	1.0187550547448112	13.167296951795631	12.27821992164382	-1341.3278456227386	-1350.9790979116215	549.1663910429311
partial	118	deviation_intercept[706]	0.9927138561590911	2324.0684664320493	1671.5820758428624	2331.65444758482	1676.020502803217	0.97085647852796	13.23175634748712	12.274338470344656	48.960784794856075	39.30953250597303	549.2097729909005
partial	118	deviation_intercept[707]	0.9915267618166139	1727.9680245537827	1713.5912908024936	1725.0334970569743	1715.2742253242018	1.2179347427524096	13.15021124785319	12.29634854825962	-79.04419398555093	-88.69544627443395	549.5384422800604
partial	118	deviation_intercept[708]	0.990377614615179	2519.102259999662	1716.4132524702052	2519.043594099136	1718.6340346896393	1.0746657861498463	13.102266900248175	12.282985351070161	-443.7972583629818	-453.44851065186486	549.8571679234218
partial	118	deviation_intercept[709]	0.9889813852591092	2432.1810632188594	1719.3691879155472	2424.3726073181087	1721.6953250339761	1.1730595379538364	13.084306640321298	12.291984838188974	-1134.9537993726526	-1144.6050516615355	550.2451711536769
partial	118	deviation_intercept[710]	0.9870015115116552	2071.9364340172956	1702.9074291342106	2061.872853956051	1705.4190535055252	1.382951266118104	13.155235075357519	12.313788076263972	191.39831197110115	181.74705968221807	550.7967762807414
partial	118	deviation_intercept[711]	0.9851088161388575	1684.8991089696367	1677.6923392565566	1679.7832332836574	1675.0478344572196	1.6415200347345937	13.312261851213707	12.345501634486878	-1729.431092483044	-1739.0823447719265	551.3256469178802
partial	118	deviation_intercept[712]	0.9826294792594101	2124.675310000173	1704.4718940436928	2130.9626636636303	1700.7889527469317	1.576064195141229	13.214143089210417	12.336968871237751	1097.8873065182486	1088.2360542293657	552.020751675706
partial	118	deviation_intercept[713]	0.9820401708747679	2272.159863387324	1677.3081756848935	2261.670335161999	1683.9179340825738	1.5560448887060163	13.370506501614075	12.334427359158237	3894.533941860046	3884.882689571163	552.186356748795
partial	118	deviation_intercept[714]	0.97898130315563	2144.4562620490765	1680.3478415280883	2133.549191858397	1679.1663070253824	1.7358598682087092	13.386118258465919	12.35839925171301	155.02408009424423	145.3728278053612	553.0483485380913
partial	118	deviation_intercept[715]	0.9739368797206152	1924.2188686403738	1690.3760288326732	1928.3394218627122	1691.154538220528	2.0384795413890986	13.266102700652164	12.404524232043123	923.2194284195841	913.5681761307012	554.4787322913091
partial	118	deviation_intercept[716]	0.9502689752657888	2267.605166185739	1746.1663282252835	2276.114547748682	1745.3528664362273	2.62387819329372	13.254848329766743	12.514054473108443	776.6345208657343	766.9832685768514	561.3413352786016
partial	118	deviation_intercept[717]	0.9689727362327611	2079.469878354466	1747.0030989312995	2073.4948246346758	1756.0066166555396	2.1503778642813955	13.127318179274816	12.423403219000603	1494.1548486659017	1484.5035963770183	555.8972426057838
partial	118	deviation_intercept[718]	0.9625201357264661	2623.7623380308373	1683.132221973166	2592.855276235912	1677.632478756894	2.1205828911634312	13.379149289751068	12.418280653173294	1315.4179938461461	1305.7667415572632	557.757458878079
partial	118	deviation_intercept[719]	0.9578642840282545	2275.272915160537	1733.1099857875508	2275.062939326054	1733.2473596793222	2.406172669928228	13.253954857891225	12.470224115876693	4695.0768241636215	4685.425571874738	559.111350090869
partial	118	deviation_intercept[720]	0.9499312605106526	2727.508107063305	1762.8638781312236	2724.680967926503	1769.2551846990948	2.406742951588125	13.275745700773449	12.470334166240383	3308.3801406290104	3298.7288883401275	561.4411090272058
partial	118	deviation_load[701]	0.39211607650611335	1840.647186641634	1852.9115725979316	1841.3711484384376	1851.2834454000867	0.41040487806681253	0.5237697768697118	0.5181333653890258	-23.26267722238833	-22.93289676482987	22.587743754671926
partial	118	deviation_load[702]	0.5771864987138882	1980.4026386851356	1857.7812917271883	1971.014062470099	1846.2564387418754	0.27267897737461394	0.4335288446306015	0.4175929179121548	-36.42601654473462	-36.096236087176166	18.61753138476881
partial	118	deviation_load[703]	0.5456629409936804	2034.7619119095602	1877.1618571448867	2021.099027414745	1876.1847168585589	0.2870868046185328	0.4408422234541069	0.4271403209419618	-38.122754029798514	-37.792973572240065	19.147758740226188
partial	118	deviation_load[704]	0.5184486686420796	1942.2413702831566	1880.5475159111768	1936.058983481044	1887.9323685074528	0.30980562338978024	0.4543480861439008	0.44272965190085567	10.846346151142331	11.176126608700791	19.643881006481
partial	118	deviation_load[705]	0.4713038424981374	2356.784312161997	2159.527393777603	2364.247771034074	2158.242043500016	0.3080961483951715	0.44990471608863936	0.4415351141690342	-21.61519657716753	-21.28541611960907	20.60296317183017
partial	118	deviation_load[706]	0.46233508914574906	2366.2378573380747	2112.879263897241	2364.355395206782	2115.4573056782247	0.3136903921151448	0.45638433504228004	0.4454567122557205	-6.4931808394863095	-6.16340038192785	20.8018398578768
partial	118	deviation_load[707]	0.43145893601465557	2312.414693580568	2166.0089486515117	2320.4146062241284	2163.5368903284025	0.3370610474817855	0.47329904149185537	0.4622122565638442	-1.2452752090983261	-0.9154947515398665	21.533292633137407
partial	118	deviation_load[708]	0.40202787564995346	2569.496917673174	2075.2718908632137	2574.252586905745	2073.131895154581	0.33999065762661657	0.48615531323313577	0.46435295590929715	-25.21459951720128	-24.88481905964282	22.307561191219712
partial	118	deviation_load[709]	0.3622402392521617	2408.376876788208	2178.0274747957515	2409.2495806330576	2186.2477045986343	0.38235739271742897	0.5125896764974112	0.49621285367671875	-44.69633313263185	-44.3665526750734	23.500755842734574
partial	118	deviation_load[710]	0.31752536421192745	2017.2143505416268	1882.5688828205268	2017.5941321089695	1877.2145770160946	0.46165476201728406	0.5738808960758154	0.5596026623252945	-74.06100843300027	-73.73122797544178	25.100996611045165
partial	118	deviation_load[711]	0.2978587629977047	1864.0502458221572	1893.6247004913791	1856.9059184777473	1889.6728066541937	0.5039556000412817	0.5895569418510892	0.5949800561374228	14.28824337381599	14.618023831374446	25.91641858179518
partial	118	deviation_load[712]	0.2571803332132363	2062.8611779792836	2071.542667841105	2061.3677233036033	2072.224585401717	0.5294503748428501	0.6094346632898213	0.6167233738148384	116.21267842243739	116.54245887999586	27.890821046256374
partial	118	deviation_load[713]	0.2578471623854901	1997.6044111730594	1987.3060427105952	1999.0729598153712	1975.0417232401835	0.5366996994542964	0.6281032911805624	0.6229579341999383	-13.231275983100325	-12.901495525541868	27.854732898060433
partial	118	deviation_load[714]	0.23638042228084855	1953.7266155718673	2021.9841756119527	1956.8798643114978	2025.497767942718	0.5746863334186633	0.6440047676026273	0.655968293598486	-3.120813392550036	-2.7910329349915766	29.092056638469877
partial	118	deviation_load[715]	0.1958617259451718	1941.7045504125206	2035.3462962681422	1936.8792397725608	2031.8243071870677	0.6512076331204539	0.7048886593484885	0.7239484800886498	-41.90058380069335	-41.57080334313489	31.959898242305112
partial	118	deviation_load[716]	0.12449479297533629	2253.4768045592796	2192.3815109274396	2241.8662959700696	2117.6809472434634	0.7921895251345067	0.8832975865182936	0.8529913622781639	-34.9622130017017	-34.63243254414324	40.08709477322137
partial	118	deviation_load[717]	0.16840400866670682	2058.3685626205465	2180.205994498952	2051.732473189338	2168.9543930329064	0.6939046397838183	0.7303189378179606	0.7625835491943379	92.23690470553633	92.56668516309477	34.46703807439796
partial	118	deviation_load[718]	0.14510439407883197	2307.299009361662	2462.933956321004	2304.542912345804	2434.4983994950458	0.7151613527570152	0.7472850333598714	0.7819755628314522	111.5377594270779	111.86753988463637	37.1312777663644
partial	118	deviation_load[719]	0.13694381195413116	2174.0032222283207	2155.399424224574	2172.7367064543696	2148.6217115710297	0.7617719110706386	0.8244868039387507	0.8248190497827601	-31.559471227914514	-31.229690770356054	38.22160941612126
partial	118	deviation_load[720]	0.11984402211199384	2419.8868247394275	2285.7758182294147	2422.693363487086	2293.590206870277	0.7787581148360857	0.8514999349713072	0.8405321063536934	44.11323486809081	44.44301532564926	40.85751872981002
partial	118	population_intercept_at_load0	0.9989041609043781	2106.7630074353115	1692.9702002832203	2105.555406771046	1689.1317024734944	0.39498303783470284	13.154798058009888	12.24225609039691	5462.318197335209	5471.969449624093	547.5053755294447
partial	118	log_sigma_intercept_at_subject0	0.0	4826.758208110376	4826.758208110376	4855.148207554599	4855.148207554599	0.028097805874743694	0.028097805874743694	0.028097805874743694	-49.53719296757556	-49.53719296757556	1.9578240247772565
partial	119	population_intercept_at_mean_load	0.9996561065418278	2330.4531809124583	1904.8018008628762	2326.098243841333	1908.9187294540009	0.2108108891374207	12.587350677735197	12.259412056965571	5604.941876438468	5618.61900507731	548.2707909166072
partial	119	population_load	0.8423755603244228	2149.4549178415546	1944.358304496106	2149.1114486209353	1922.1835443177115	0.13198045048098866	0.36055781712852647	0.34270812610366735	58.942741590967515	58.79705048583209	15.410874983519243
partial	119	log_tau_intercept	0.0	4724.220659705682	4724.220659705682	4350.242889793495	4350.242889793495	0.002479282824294686	0.002479282824294686	0.002479282824294686	7.817458543777932	7.817458543777932	0.16352449804194713
partial	119	log_tau_load	0.0	2414.8800413028666	2414.8800413028666	2409.551531492735	2409.551531492735	0.004465995343828243	0.004465995343828243	0.004465995343828243	4.099247263939628	4.099247263939628	0.21922313056576181
partial	119	log_sigma_intercept	0.0	5040.6958016091585	5040.6958016091585	5033.473123569617	5033.473123569617	0.00021152992542254566	0.00021152992542254566	0.00021152992542254566	6.051952357857564	6.051952357857564	0.015007408124859454
partial	119	log_sigma_subj_slope	0.0	4817.761298514806	4817.761298514806	4843.094192614628	4843.094192614628	3.958675402265516e-5	3.958675402265516e-5	3.958675402265516e-5	0.07820889054653188	0.07820889054653188	0.0027549349608977187
partial	119	deviation_intercept[701]	0.9906137692335416	1636.8379214580664	1905.5161202142267	1647.016809137818	1907.6499041005416	1.3124861114029234	12.621037899349654	12.30607339386974	-4844.854954163849	-4858.895460482778	549.7916231806138
partial	119	deviation_intercept[702]	0.9955914420326082	2164.1769258964396	1921.9814618768573	2155.5112154891153	1924.2492391801088	0.784301156807968	12.531747256955049	12.260993062849902	-3904.1402255223084	-3918.1807318412384	548.4155004418022
partial	119	deviation_intercept[703]	0.9948758800206409	2125.887599791603	1912.7367681601295	2122.4158206391594	1913.818204583707	0.8524330029264429	12.577528430740095	12.265539719358513	-3622.955929574067	-3636.9964358929983	548.6126882364825
partial	119	deviation_intercept[704]	0.9940671480047704	1930.6457883985677	1909.2151623217217	1934.0307183268158	1913.646951292458	0.9612636307757347	12.55693452802979	12.273583435595949	-641.9890862891112	-656.0295926080424	548.8358071891622
partial	119	deviation_intercept[705]	0.9928707032006227	2032.8567874183045	1913.4633271438722	2071.6436024566083	1918.1162077981583	1.0187550547448112	12.567192983682697	12.27821992164382	-1336.9385915926905	-1350.9790979116215	549.1663910429311
partial	119	deviation_intercept[706]	0.9927138561590911	2324.0684664320493	1909.762665910282	2331.65444758482	1910.3013229996343	0.97085647852796	12.589614813522083	12.274338470344656	53.350038824904026	39.30953250597303	549.2097729909005
partial	119	deviation_intercept[707]	0.9915267618166139	1727.9680245537827	1913.8492174275013	1725.0334970569743	1917.2491228370086	1.2179347427524096	12.603207377542272	12.29634854825962	-74.65493995550293	-88.69544627443395	549.5384422800604
partial	119	deviation_intercept[708]	0.990377614615179	2519.102259999662	1907.0243050647293	2519.043594099136	1909.286004208497	1.0746657861498463	12.579540299122618	12.282985351070161	-439.4080043329338	-453.44851065186486	549.8571679234218
partial	119	deviation_intercept[709]	0.9889813852591092	2432.1810632188594	1890.9781629162303	2424.3726073181087	1895.7726005076909	1.1730595379538364	12.610381411395874	12.291984838188974	-1130.5645453426046	-1144.6050516615355	550.2451711536769
partial	119	deviation_intercept[710]	0.9870015115116552	2071.9364340172956	1934.0449800905749	2061.872853956051	1938.0420013447085	1.382951266118104	12.498482309796309	12.313788076263972	195.78756600114912	181.74705968221807	550.7967762807414
partial	119	deviation_intercept[711]	0.9851088161388575	1684.8991089696367	1891.9181321310289	1679.7832332836574	1896.651589157014	1.6415200347345937	12.631793831931603	12.345501634486878	-1725.0418384529958	-1739.0823447719265	551.3256469178802
partial	119	deviation_intercept[712]	0.9826294792594101	2124.675310000173	1907.5035455987488	2130.9626636636303	1910.954179516698	1.576064195141229	12.661803235157308	12.336968871237751	1102.2765605482966	1088.2360542293657	552.020751675706
partial	119	deviation_intercept[713]	0.9820401708747679	2272.159863387324	1901.3982702715498	2261.670335161999	1903.6610828914727	1.5560448887060163	12.70649383134655	12.334427359158237	3898.9231958900937	3884.882689571163	552.186356748795
partial	119	deviation_intercept[714]	0.97898130315563	2144.4562620490765	1900.2406658075238	2133.549191858397	1903.3356698066016	1.7358598682087092	12.672026111503417	12.35839925171301	159.41333412429222	145.3728278053612	553.0483485380913
partial	119	deviation_intercept[715]	0.9739368797206152	1924.2188686403738	1885.5077249740027	1928.3394218627122	1889.1360349279364	2.0384795413890986	12.839073886650564	12.404524232043123	927.608682449632	913.5681761307012	554.4787322913091
partial	119	deviation_intercept[716]	0.9502689752657888	2267.605166185739	1930.2878835839358	2276.114547748682	1936.5418185273898	2.62387819329372	12.758429989214541	12.514054473108443	781.0237748957824	766.9832685768514	561.3413352786016
partial	119	deviation_intercept[717]	0.9689727362327611	2079.469878354466	1955.9727040416692	2073.4948246346758	1963.9501592135614	2.1503778642813955	12.534704271224358	12.423403219000603	1498.5441026959493	1484.5035963770183	555.8972426057838
partial	119	deviation_intercept[718]	0.9625201357264661	2623.7623380308373	1894.1166764169598	2592.855276235912	1897.8121567167505	2.1205828911634312	12.837339480011723	12.418280653173294	1319.8072478761947	1305.7667415572632	557.757458878079
partial	119	deviation_intercept[719]	0.9578642840282545	2275.272915160537	1958.477541111954	2275.062939326054	1960.3382082391831	2.406172669928228	12.62268784820676	12.470224115876693	4699.46607819367	4685.425571874738	559.111350090869
partial	119	deviation_intercept[720]	0.9499312605106526	2727.508107063305	1936.6620100162463	2724.680967926503	1938.9662308110526	2.406742951588125	12.62266304747884	12.470334166240383	3312.769394659058	3298.7288883401275	561.4411090272058
partial	119	deviation_load[701]	0.39211607650611335	1840.647186641634	2002.60319504335	1841.3711484384376	1998.6590918060504	0.41040487806681253	0.5125106815195398	0.5181333653890258	-23.078587869965297	-22.93289676482987	22.587743754671926
partial	119	deviation_load[702]	0.5771864987138882	1980.4026386851356	1856.9965394742146	1971.014062470099	1864.5118186435043	0.27267897737461394	0.4387717162209507	0.4175929179121548	-36.24192719231159	-36.096236087176166	18.61753138476881
partial	119	deviation_load[703]	0.5456629409936804	2034.7619119095602	1859.1354510906021	2021.099027414745	1869.5804306079701	0.2870868046185328	0.44983777239645734	0.4271403209419618	-37.938664677375485	-37.792973572240065	19.147758740226188
partial	119	deviation_load[704]	0.5184486686420796	1942.2413702831566	1855.5387437125903	1936.058983481044	1836.1815982972757	0.30980562338978024	0.4705344615266629	0.44272965190085567	11.030435503565364	11.176126608700791	19.643881006481
partial	119	deviation_load[705]	0.4713038424981374	2356.784312161997	2188.5665337538853	2364.247771034074	2191.50879937977	0.3080961483951715	0.4518288075341727	0.4415351141690342	-21.431107224744494	-21.28541611960907	20.60296317183017
partial	119	deviation_load[706]	0.46233508914574906	2366.2378573380747	1987.1099373048535	2364.355395206782	1984.4319100414066	0.3136903921151448	0.46506621446941937	0.4454567122557205	-6.3090914870632755	-6.16340038192785	20.8018398578768
partial	119	deviation_load[707]	0.43145893601465557	2312.414693580568	2156.069712834946	2320.4146062241284	2164.739962756068	0.3370610474817855	0.4676906335601571	0.4622122565638442	-1.0611858566752919	-0.9154947515398665	21.533292633137407
partial	119	deviation_load[708]	0.40202787564995346	2569.496917673174	2367.9385422035302	2574.252586905745	2376.146940311716	0.33999065762661657	0.46387889375447466	0.46435295590929715	-25.03051016477824	-24.88481905964282	22.307561191219712
partial	119	deviation_load[709]	0.3622402392521617	2408.376876788208	2013.5078922444475	2409.2495806330576	2018.382126461736	0.38235739271742897	0.5276841483263418	0.49621285367671875	-44.51224378020883	-44.3665526750734	23.500755842734574
partial	119	deviation_load[710]	0.31752536421192745	2017.2143505416268	2124.1255899556345	2017.5941321089695	2128.9755836606982	0.46165476201728406	0.547542289147664	0.5596026623252945	-73.87691908057724	-73.73122797544178	25.100996611045165
partial	119	deviation_load[711]	0.2978587629977047	1864.0502458221572	1928.0552459740868	1856.9059184777473	1919.094904759326	0.5039556000412817	0.5913018799773938	0.5949800561374228	14.472332726239019	14.618023831374446	25.91641858179518
partial	119	deviation_load[712]	0.2571803332132363	2062.8611779792836	1961.3171088500144	2061.3677233036033	1962.9127160014364	0.5294503748428501	0.6355848567584238	0.6167233738148384	116.39676777486044	116.54245887999586	27.890821046256374
partial	119	deviation_load[713]	0.2578471623854901	1997.6044111730594	1740.8481182364317	1999.0729598153712	1731.555520180824	0.5366996994542964	0.6683263731507775	0.6229579341999383	-13.04718663067729	-12.901495525541868	27.854732898060433
partial	119	deviation_load[714]	0.23638042228084855	1953.7266155718673	1896.2417372151635	1956.8798643114978	1900.1838048359264	0.5746863334186633	0.669966624357877	0.655968293598486	-2.9367240401270025	-2.7910329349915766	29.092056638469877
partial	119	deviation_load[715]	0.1958617259451718	1941.7045504125206	2091.864676442545	1936.8792397725608	2090.9655562986186	0.6512076331204539	0.7047312746717116	0.7239484800886498	-41.71649444827031	-41.57080334313489	31.959898242305112
partial	119	deviation_load[716]	0.12449479297533629	2253.4768045592796	2131.84821986733	2241.8662959700696	2113.5700472429735	0.7921895251345067	0.8776805148729684	0.8529913622781639	-34.77812364927867	-34.63243254414324	40.08709477322137
partial	119	deviation_load[717]	0.16840400866670682	2058.3685626205465	2004.575581529961	2051.732473189338	1978.5879271247345	0.6939046397838183	0.774770625928745	0.7625835491943379	92.42099405795935	92.56668516309477	34.46703807439796
partial	119	deviation_load[718]	0.14510439407883197	2307.299009361662	2296.8771645984802	2304.542912345804	2308.882208482681	0.7151613527570152	0.7882029254367852	0.7819755628314522	111.72184877950093	111.86753988463637	37.1312777663644
partial	119	deviation_load[719]	0.13694381195413116	2174.0032222283207	2149.468727972462	2172.7367064543696	2146.021542729472	0.7617719110706386	0.8273768936825613	0.8248190497827601	-31.375381875491474	-31.229690770356054	38.22160941612126
partial	119	deviation_load[720]	0.11984402211199384	2419.8868247394275	2375.0176735068203	2422.693363487086	2357.7713948596	0.7787581148360857	0.8460805868479173	0.8405321063536934	44.297324220513836	44.44301532564926	40.85751872981002
partial	119	population_intercept_at_load0	0.9989041609043781	2106.7630074353115	1901.0294612253535	2105.555406771046	1905.9323357322437	0.39498303783470284	12.555122180776879	12.24225609039691	5457.928943305161	5471.969449624093	547.5053755294447
partial	119	log_sigma_intercept_at_subject0	0.0	4826.758208110376	4826.758208110376	4855.148207554599	4855.148207554599	0.028097805874743694	0.028097805874743694	0.028097805874743694	-49.53719296757556	-49.53719296757556	1.9578240247772565
partial	120	population_intercept_at_mean_load	0.9996561065418278	2330.4531809124583	1818.5651786941219	2326.098243841333	1812.3492841543575	0.2108108891374207	12.825492663346052	12.259412056965571	5615.248187726924	5618.61900507731	548.2707909166072
partial	120	population_load	0.8423755603244228	2149.4549178415546	1862.107359664023	2149.1114486209353	1804.683403820193	0.13198045048098866	0.3522401762697933	0.34270812610366735	59.12592127685247	58.79705048583209	15.410874983519243
partial	120	log_tau_intercept	0.0	4724.220659705682	4724.220659705682	4350.242889793495	4350.242889793495	0.002479282824294686	0.002479282824294686	0.002479282824294686	7.817458543777932	7.817458543777932	0.16352449804194713
partial	120	log_tau_load	0.0	2414.8800413028666	2414.8800413028666	2409.551531492735	2409.551531492735	0.004465995343828243	0.004465995343828243	0.004465995343828243	4.099247263939628	4.099247263939628	0.21922313056576181
partial	120	log_sigma_intercept	0.0	5040.6958016091585	5040.6958016091585	5033.473123569617	5033.473123569617	0.00021152992542254566	0.00021152992542254566	0.00021152992542254566	6.051952357857564	6.051952357857564	0.015007408124859454
partial	120	log_sigma_subj_slope	0.0	4817.761298514806	4817.761298514806	4843.094192614628	4843.094192614628	3.958675402265516e-5	3.958675402265516e-5	3.958675402265516e-5	0.07820889054653188	0.07820889054653188	0.0027549349608977187
partial	120	deviation_intercept[701]	0.9906137692335416	1636.8379214580664	1835.4029177769312	1647.016809137818	1823.0641565907306	1.3124861114029234	12.875283265169886	12.30607339386974	-4854.704385059818	-4858.895460482778	549.7916231806138
partial	120	deviation_intercept[702]	0.9955914420326082	2164.1769258964396	1812.4721943054453	2155.5112154891153	1805.8361791934976	0.784301156807968	12.855953905596168	12.260993062849902	-3913.9896564182777	-3918.1807318412384	548.4155004418022
partial	120	deviation_intercept[703]	0.9948758800206409	2125.887599791603	1825.7134352226994	2122.4158206391594	1815.1191141659822	0.8524330029264429	12.771200838405322	12.265539719358513	-3632.805360470037	-3636.9964358929983	548.6126882364825
partial	120	deviation_intercept[704]	0.9940671480047704	1930.6457883985677	1817.210746091913	1934.0307183268158	1810.8820256035012	0.9612636307757347	12.83497071681221	12.273583435595949	-651.8385171850811	-656.0295926080424	548.8358071891622
partial	120	deviation_intercept[705]	0.9928707032006227	2032.8567874183045	1801.3707029310622	2071.6436024566083	1798.9466607442425	1.0187550547448112	12.912453910064123	12.27821992164382	-1346.78802248866	-1350.9790979116215	549.1663910429311
partial	120	deviation_intercept[706]	0.9927138561590911	2324.0684664320493	1801.2199702930852	2331.65444758482	1787.6259222655701	0.97085647852796	12.919341094368061	12.274338470344656	43.500607928934365	39.30953250597303	549.2097729909005
partial	120	deviation_intercept[707]	0.9915267618166139	1727.9680245537827	1815.137903412699	1725.0334970569743	1803.3760899995182	1.2179347427524096	12.901266336615825	12.29634854825962	-84.50437085147263	-88.69544627443395	549.5384422800604
partial	120	deviation_intercept[708]	0.990377614615179	2519.102259999662	1801.3913816101037	2519.043594099136	1794.481972960205	1.0746657861498463	12.937879401310074	12.282985351070161	-449.2574352289035	-453.44851065186486	549.8571679234218
partial	120	deviation_intercept[709]	0.9889813852591092	2432.1810632188594	1771.8250666372132	2424.3726073181087	1761.916228531243	1.1730595379538364	13.035981362413299	12.291984838188974	-1140.413976238574	-1144.6050516615355	550.2451711536769
partial	120	deviation_intercept[710]	0.9870015115116552	2071.9364340172956	1812.623584567339	2061.872853956051	1803.3893275880603	1.382951266118104	12.87818661194349	12.313788076263972	185.93813510517938	181.74705968221807	550.7967762807414
partial	120	deviation_intercept[711]	0.9851088161388575	1684.8991089696367	1804.8172759586337	1679.7832332836574	1804.9261870708722	1.6415200347345937	12.866047314405368	12.345501634486878	-1734.8912693489656	-1739.0823447719265	551.3256469178802
partial	120	deviation_intercept[712]	0.9826294792594101	2124.675310000173	1808.5057250474408	2130.9626636636303	1800.143020999168	1.576064195141229	12.944691338853778	12.336968871237751	1092.4271296523264	1088.2360542293657	552.020751675706
partial	120	deviation_intercept[713]	0.9820401708747679	2272.159863387324	1799.6585800802272	2261.670335161999	1787.923093043633	1.5560448887060163	13.017135575088277	12.334427359158237	3889.073764994124	3884.882689571163	552.186356748795
partial	120	deviation_intercept[714]	0.97898130315563	2144.4562620490765	1811.7992384644567	2133.549191858397	1803.2830615229082	1.7358598682087092	13.04219228973608	12.35839925171301	149.56390322832252	145.3728278053612	553.0483485380913
partial	120	deviation_intercept[715]	0.9739368797206152	1924.2188686403738	1819.2093311070662	1928.3394218627122	1811.9375229329562	2.0384795413890986	12.9468406742747	12.404524232043123	917.7592515536625	913.5681761307012	554.4787322913091
partial	120	deviation_intercept[716]	0.9502689752657888	2267.605166185739	1831.316881752326	2276.114547748682	1832.3624720101411	2.62387819329372	13.053168091723215	12.514054473108443	771.1743439998127	766.9832685768514	561.3413352786016
partial	120	deviation_intercept[717]	0.9689727362327611	2079.469878354466	1793.2505841175687	2073.4948246346758	1787.4785436421569	2.1503778642813955	13.20323415968921	12.423403219000603	1488.69467179998	1484.5035963770183	555.8972426057838
partial	120	deviation_intercept[718]	0.9625201357264661	2623.7623380308373	1837.2981819898857	2592.855276235912	1821.4024101621283	2.1205828911634312	12.99803964846942	12.418280653173294	1309.9578169802246	1305.7667415572632	557.757458878079
partial	120	deviation_intercept[719]	0.9578642840282545	2275.272915160537	1749.9360780368263	2275.062939326054	1744.5056653923039	2.406172669928228	13.305487278346911	12.470224115876693	4689.616647297701	4685.425571874738	559.111350090869
partial	120	deviation_intercept[720]	0.9499312605106526	2727.508107063305	1822.473264376803	2724.680967926503	1813.6066576145531	2.406742951588125	13.138840401790029	12.470334166240383	3302.919963763089	3298.7288883401275	561.4411090272058
partial	120	deviation_load[701]	0.39211607650611335	1840.647186641634	1777.2945228749659	1841.3711484384376	1780.6018323170567	0.41040487806681253	0.5231502771585649	0.5181333653890258	-23.261767555850252	-22.93289676482987	22.587743754671926
partial	120	deviation_load[702]	0.5771864987138882	1980.4026386851356	1960.8367691848675	1971.014062470099	1972.2598145855338	0.27267897737461394	0.40926400665722695	0.4175929179121548	-36.425106878196544	-36.096236087176166	18.61753138476881
partial	120	deviation_load[703]	0.5456629409936804	2034.7619119095602	2072.1950986097177	2021.099027414745	2063.204253403294	0.2870868046185328	0.4103566420993588	0.4271403209419618	-38.12184436326043	-37.792973572240065	19.147758740226188
partial	120	deviation_load[704]	0.5184486686420796	1942.2413702831566	1919.0515160147845	1936.058983481044	1900.020411916011	0.30980562338978024	0.44532983971215506	0.44272965190085567	10.84725581768041	11.176126608700791	19.643881006481
partial	120	deviation_load[705]	0.4713038424981374	2356.784312161997	2028.5202962148933	2364.247771034074	2000.3223183963387	0.3080961483951715	0.4525944497290277	0.4415351141690342	-21.614286910629446	-21.28541611960907	20.60296317183017
partial	120	deviation_load[706]	0.46233508914574906	2366.2378573380747	2261.639876334151	2364.355395206782	2254.550529338338	0.3136903921151448	0.42590300888076993	0.4454567122557205	-6.4922711729482305	-6.16340038192785	20.8018398578768
partial	120	deviation_load[707]	0.43145893601465557	2312.414693580568	2104.4777487496735	2320.4146062241284	2086.8829353433216	0.3370610474817855	0.4775031269623011	0.4622122565638442	-1.2443655425602473	-0.9154947515398665	21.533292633137407
partial	120	deviation_load[708]	0.40202787564995346	2569.496917673174	2351.5731697474907	2574.252586905745	2348.7894100037447	0.33999065762661657	0.4573107115187537	0.46435295590929715	-25.21368985066319	-24.88481905964282	22.307561191219712
partial	120	deviation_load[709]	0.3622402392521617	2408.376876788208	2271.0850925162854	2409.2495806330576	2260.873306359734	0.38235739271742897	0.48813797058619024	0.49621285367671875	-44.69542346609378	-44.3665526750734	23.500755842734574
partial	120	deviation_load[710]	0.31752536421192745	2017.2143505416268	2080.030845551609	2017.5941321089695	2072.6983337205893	0.46165476201728406	0.54953652942601	0.5596026623252945	-74.06009876646218	-73.73122797544178	25.100996611045165
partial	120	deviation_load[711]	0.2978587629977047	1864.0502458221572	1797.3857356028464	1856.9059184777473	1818.8612051941102	0.5039556000412817	0.6109623927732281	0.5949800561374228	14.289153040354066	14.618023831374446	25.91641858179518
partial	120	deviation_load[712]	0.2571803332132363	2062.8611779792836	2157.606474554902	2061.3677233036033	2156.1370151300275	0.5294503748428501	0.6012076309850297	0.6167233738148384	116.21358808897546	116.54245887999586	27.890821046256374
partial	120	deviation_load[713]	0.2578471623854901	1997.6044111730594	1933.6213569224683	1999.0729598153712	1931.5680702574375	0.5366996994542964	0.6279693142333416	0.6229579341999383	-13.230366316562248	-12.901495525541868	27.854732898060433
partial	120	deviation_load[714]	0.23638042228084855	1953.7266155718673	1891.081025166177	1956.8798643114978	1893.8707855116882	0.5746863334186633	0.6583517244543171	0.655968293598486	-3.119903726011957	-2.7910329349915766	29.092056638469877
partial	120	deviation_load[715]	0.1958617259451718	1941.7045504125206	1993.8793165456048	1936.8792397725608	1995.3708043084532	0.6512076331204539	0.7115317602867443	0.7239484800886498	-41.89967413415527	-41.57080334313489	31.959898242305112
partial	120	deviation_load[716]	0.12449479297533629	2253.4768045592796	2150.5760409619757	2241.8662959700696	2128.086898075126	0.7921895251345067	0.8715960847887049	0.8529913622781639	-34.96130333516361	-34.63243254414324	40.08709477322137
partial	120	deviation_load[717]	0.16840400866670682	2058.3685626205465	1944.1329594708345	2051.732473189338	1928.6220019987065	0.6939046397838183	0.7819862172053912	0.7625835491943379	92.23781437207441	92.56668516309477	34.46703807439796
partial	120	deviation_load[718]	0.14510439407883197	2307.299009361662	2112.141116815453	2304.542912345804	2105.620527384201	0.7151613527570152	0.7940762579998332	0.7819755628314522	111.53866909361597	111.86753988463637	37.1312777663644
partial	120	deviation_load[719]	0.13694381195413116	2174.0032222283207	2207.1906525443233	2172.7367064543696	2189.8576639787548	0.7617719110706386	0.8251039106034291	0.8248190497827601	-31.558561561376433	-31.229690770356054	38.22160941612126
partial	120	deviation_load[720]	0.11984402211199384	2419.8868247394275	2040.3349342474137	2422.693363487086	2077.804094030829	0.7787581148360857	0.8946164034436309	0.8405321063536934	44.11414453462888	44.44301532564926	40.85751872981002
partial	120	population_intercept_at_load0	0.9989041609043781	2106.7630074353115	1816.5733032468745	2105.555406771046	1804.9921894833606	0.39498303783470284	12.832973739229613	12.24225609039691	5467.778374201131	5471.969449624093	547.5053755294447
partial	120	log_sigma_intercept_at_subject0	0.0	4826.758208110376	4826.758208110376	4855.148207554599	4855.148207554599	0.028097805874743694	0.028097805874743694	0.028097805874743694	-49.53719296757556	-49.53719296757556	1.9578240247772565
