arm	recovery_seed	parameter	conditional_noise_variance_fraction	conditional_mean_bulk_ess	recovered_bulk_ess	conditional_mean_mean_ess	recovered_mean_ess	conditional_mean_mcse	recovered_mcse	predicted_recovered_mcse	recovered_mean	conditional_mean	posterior_sd_from_total_variance
scaled_total	101	population_intercept_at_mean_load	0.9996713313630762	2213.008920746509	2030.3970363733326	2246.6521065101056	2025.9868294006026	0.21183654393158427	12.741277803819733	12.384167883196255	5627.672277267043	5618.680868836907	553.8468170558788
scaled_total	101	population_load	0.8486738753388134	2467.842932646298	2179.0602456956767	2478.1039156522147	2172.7839783720924	0.12147595989041604	0.3400933720937187	0.3424869454267134	59.022347841825976	58.745683772668855	15.545086439729102
scaled_total	101	log_tau_intercept	0.0	98.87039931613431	98.87039931613431	100.15702310487681	100.15702310487681	0.016092002696656227	0.016092002696656227	0.016092002696656227	7.829217212205876	7.829217212205876	0.1610463182207523
scaled_total	101	log_tau_load	0.0	319.94715330140946	319.94715330140946	319.64678471294457	319.64678471294457	0.012380298392931836	0.012380298392931836	0.012380298392931836	4.110906031277505	4.110906031277505	0.22134324999120386
scaled_total	101	log_sigma_intercept	0.0	4881.874316919948	4881.874316919948	4884.086732650507	4884.086732650507	0.00021406907292478156	0.00021406907292478156	0.00021406907292478156	6.051301868446332	6.051301868446332	0.014960482900004806
scaled_total	101	log_sigma_subj_slope	0.0	3867.5831562565095	3867.5831562565095	3863.7881965612482	3863.7881965612482	4.496455188786939e-5	4.496455188786939e-5	4.496455188786939e-5	0.0782043668725733	0.0782043668725733	0.0027949685496262778
scaled_total	101	deviation_intercept[701]	0.990959464869329	3459.480483675098	2046.9287261362106	3434.0916280509405	2037.4926232475973	0.900972426522826	12.735913443659685	12.393215756773602	-4865.710774767952	-4857.4094122230545	555.2906620414428
scaled_total	101	deviation_intercept[702]	0.9955984439077074	2446.2542193148615	2028.5089320746308	2443.9603005756285	2021.0773792188404	0.7434679607444481	12.758284623506416	12.38276181185928	-3925.4781485820563	-3917.176786037157	553.9954664445193
scaled_total	101	deviation_intercept[703]	0.9946648835603578	2395.4428009985418	2023.6784598369884	2401.465306307737	2019.797692501871	0.8261211013360139	12.784690075155067	12.387999094069214	-3646.1704830321146	-3637.869120487216	554.2553866002969
scaled_total	101	deviation_intercept[704]	0.9942006316870904	3242.7044016033365	2031.2034365531479	3236.0602081750617	2025.4707662152903	0.7421528285024898	12.782696009522516	12.382682920168847	-664.0738700148617	-655.7725074699625	554.3847790294828
scaled_total	101	deviation_intercept[705]	0.9927520691609134	2263.1737811199623	2016.1507624435387	2256.3489757470493	2008.2888344737507	0.994332878660758	12.848406109210101	12.400352549592	-1362.9404189598924	-1354.639056414993	554.7890936162702
scaled_total	101	deviation_intercept[706]	0.9931620023520072	2147.800073434119	2026.7940916691311	2149.820392830219	2024.4829193857395	0.9892399618918798	12.739896172069935	12.399945208862452	30.977678900098496	39.279041444997524	554.6745856428865
scaled_total	101	deviation_intercept[707]	0.9920454781021224	2187.6953212554954	2031.0481425610337	2174.441614448029	2022.6865706666817	1.0614894686469285	12.706770827430159	12.405918159194641	-98.7069135597751	-90.40555101487608	554.9866345777481
scaled_total	101	deviation_intercept[708]	0.9899717354408466	1639.3347392122325	2001.0259375184178	1640.5974301069418	1995.0964062548544	1.3735636703672582	12.809087302964977	12.436507654367436	-460.14873679340434	-451.8473742485053	555.5676094371017
scaled_total	101	deviation_intercept[709]	0.9892251564752383	1818.2893159675339	2015.5985725162288	1819.062506310975	2010.9455453047397	1.3526405850028427	12.848135655575426	12.43421417029576	-1153.4377401390911	-1145.136377594192	555.7772163497272
scaled_total	101	deviation_intercept[710]	0.9876793064697088	1894.6383233599395	2055.9645253853173	1910.869709375542	2046.8802798115116	1.4123501401039837	12.742097572289234	12.440851192697338	173.597575863554	181.89893840845295	556.2119790807778
scaled_total	101	deviation_intercept[711]	0.9862642854108659	3392.4948015850464	2022.5078848853752	3364.8507262434086	2017.313357680938	1.1245904463588763	12.801302883135433	12.411476509772264	-1746.070015770899	-1737.7686532260007	556.6108425376981
scaled_total	101	deviation_intercept[712]	0.9833981970122664	2513.3185407255223	2016.2151044795253	2513.6189765656777	2007.5244626268902	1.4325556972046922	12.892085317832382	12.443161226399852	1078.83560454372	1087.1369670886188	557.4213662969823
scaled_total	101	deviation_intercept[713]	0.982566330596688	2602.740024157355	2027.5933186615673	2598.853843892534	2023.1055232200772	1.4443446972124137	12.812432000832622	12.44452397984562	3878.0231497206246	3886.3245122655235	557.6572801461892
scaled_total	101	deviation_intercept[714]	0.9788890022324176	2042.517268954461	2010.669035353704	2045.085311022214	2002.8673716054363	1.795065317197297	12.940347794687295	12.490088269247407	140.38242035433976	148.68378289923882	558.7037555973825
scaled_total	101	deviation_intercept[715]	0.976162073236768	3056.4530063246875	2012.0943251800738	3064.047066778545	2008.1606667053861	1.560536297993002	12.881830808116247	12.458544016775827	906.4854763411834	914.7868388860821	559.4835866226159
scaled_total	101	deviation_intercept[716]	0.958731745763698	2803.306306544052	2103.42806058206	2820.8312515784583	2099.273511338824	2.1593311843402963	12.781191841897293	12.547619560866973	754.6164296665753	762.9177922114744	564.5465546159347
scaled_total	101	deviation_intercept[717]	0.9688738452947696	1762.2594975542	2052.8396943792427	1760.92500315734	2051.133654646073	2.3610598986803404	12.875888681268547	12.583904375262213	1474.4858282169857	1482.7871907618853	561.5839654537931
scaled_total	101	deviation_intercept[718]	0.9615612381608069	1559.2801980039176	2069.5168843432484	1555.4377485905554	2063.04428800367	2.8023231793164105	12.876971469146996	12.67410985757663	1298.4818997476814	1306.7832622925807	563.7153246502924
scaled_total	101	deviation_intercept[719]	0.9624681945759324	2770.5304452652686	2069.414153518725	2802.5697679291593	2059.2880482742203	2.0619428955083903	12.896624820933894	12.531227153991127	4680.357813839817	4688.659176384717	563.4496609463005
scaled_total	101	deviation_intercept[720]	0.9595575606080907	2140.5293402437164	2060.36148272024	2155.725441093163	2056.2435704714962	2.4441887879271684	12.841168364314374	12.599766041939665	3287.2685157538626	3295.569878298762	564.3035721753056
scaled_total	101	deviation_load[701]	0.38827144165941707	3335.056990890501	2554.560321549126	3311.507249570641	2541.9150369303293	0.31236499343867363	0.454047136717002	0.44733967863622964	-23.306951851304238	-23.03028778214712	22.982424069442875
scaled_total	101	deviation_load[702]	0.5739696068022717	2562.768179552089	2350.056300469981	2565.2882097428187	2350.478969074897	0.24359665423212842	0.40078255495152476	0.4023434216058586	-36.827197490669334	-36.55053342151223	18.902494052784117
scaled_total	101	deviation_load[703]	0.5364430762948403	2740.858503383922	2544.648130727067	2759.284638894138	2544.8156743172876	0.25342824748616194	0.3879116845811915	0.4083708799367677	-38.13980544495101	-37.8631413757939	19.552474848486646
scaled_total	101	deviation_load[704]	0.5154747309091977	3204.4096693053816	2508.464983379944	3193.587497222097	2507.44236725741	0.2456850180168866	0.40137713170689404	0.4036112325423816	10.590921282007596	10.867585351164717	19.94618614825483
scaled_total	101	deviation_load[705]	0.4521795963801538	2526.0422804469554	2262.7073193670094	2511.2375169130337	2256.136652891577	0.314545360267057	0.4490834480034843	0.4488648823665706	-20.636869343026806	-20.36020527386968	21.296492277637494
scaled_total	101	deviation_load[706]	0.47782889594902966	2242.736489352247	2210.3958735064916	2242.4538265488954	2208.3470560107803	0.3161345894433593	0.45315502303018834	0.4499799746643665	-6.188185354879683	-5.9115212857225625	20.717023245249095
scaled_total	101	deviation_load[707]	0.43520801044401547	2156.880204177143	2182.5470249112514	2170.43122481775	2167.79498398142	0.3501759921045588	0.48118536771796844	0.4745146197988368	-0.7846075860131835	-0.5079435168560638	21.707765322796458
scaled_total	101	deviation_load[708]	0.39017310271827843	1711.3782254452215	1986.6110838079244	1698.1023971031507	1987.998997386748	0.4344664494009114	0.5257088300026115	0.5397239985506085	-25.372721652400067	-25.096057583242946	22.926348748208397
scaled_total	101	deviation_load[709]	0.36610893056912797	1982.731448239712	1952.2111248931344	1983.8914571682785	1953.8642680307028	0.4230646705702757	0.543938603586587	0.5305889316986913	-43.91050730515217	-43.633843235995045	23.667827573211063
scaled_total	101	deviation_load[710]	0.3356487764007683	1647.5918050075268	1858.831325192283	1650.6735596902324	1877.9727860438638	0.4958945052264691	0.572795145704845	0.5902984493205341	-74.53352916415434	-74.25686509499722	24.71843802529402
scaled_total	101	deviation_load[711]	0.3117032830700651	3051.870764944016	2769.928604581726	3039.5840861007264	2760.7340153458836	0.3859878530803032	0.49587354191408917	0.5015251954607708	13.350132951132993	13.626797020290114	25.650324859371565
scaled_total	101	deviation_load[712]	0.2712749131127403	2026.2916047984368	2071.211902860658	2022.165386695374	2082.10148764424	0.5219540427641015	0.594715936443149	0.6123535920644314	117.0358214297461	117.31248549890323	27.495317659968972
scaled_total	101	deviation_load[713]	0.2743609721799751	2313.035493682811	2504.5663260030688	2304.0187836498567	2529.190948585997	0.485198780069051	0.5414158888694726	0.5813422014071556	-13.652091614018664	-13.375427544861546	27.34024433978759
scaled_total	101	deviation_load[714]	0.23952832628031975	2293.469205760531	2213.367436611526	2290.528670564103	2207.7067721760313	0.5331614900522832	0.6162821174963125	0.6219341391427178	-4.612567797877249	-4.33590372872013	29.26072739997303
scaled_total	101	deviation_load[715]	0.2064471438506952	2833.059034752253	2692.1869679841707	2846.862743443536	2680.7327773061234	0.5262156785833798	0.6092684858937192	0.6159901292580827	-42.180230170067475	-41.903566100910346	31.518033924254677
scaled_total	101	deviation_load[716]	0.14782661175511078	2733.2138050296862	2706.767162946134	2714.8675070404424	2704.676593476276	0.6598981499074104	0.730439837342555	0.7334892413714366	-34.33117932196267	-34.05451525280556	37.246652461570214
scaled_total	101	deviation_load[717]	0.16538803144277042	1740.2527870055362	1704.798956760792	1726.5705323865736	1684.1865507742993	0.7742151421342773	0.8670510687631787	0.8378245551823018	93.11158744069347	93.38825150985058	35.213688576751665
scaled_total	101	deviation_load[718]	0.13732280723411733	1163.9548897222721	1402.033863153528	1171.52405577291	1425.5143988066561	1.0486746613273359	1.028736586149	1.096475920513727	111.54972795975286	111.82639202890999	38.644903005740666
scaled_total	101	deviation_load[719]	0.1505651530404293	2914.6035203429105	2634.4355799090936	2922.658248683173	2604.630402503429	0.6291835247475788	0.715918725430321	0.7059835740087794	-31.646994446047028	-31.370330376889907	36.90636929727383
scaled_total	101	deviation_load[720]	0.14271843105020102	1844.8504072525554	1818.0091464451864	1822.9724492771031	1812.1135421731278	0.822044290895302	0.8966377381903398	0.8822118312230813	44.86888056143665	45.14554463059377	37.90735886664904
scaled_total	101	population_intercept_at_load0	0.9989276766921099	2409.4833104423587	2019.1867488258324	2438.269658131122	2015.69481125301	0.3667780169343075	12.737930604535276	12.365863156055598	5480.460792995486	5472.159430450589	553.0715160830924
scaled_total	101	log_sigma_intercept_at_subject0	0.0	3865.6945206423975	3865.6945206423975	3863.790562931674	3863.790562931674	0.03195871589116609	0.03195871589116609	0.03195871589116609	-49.534628129837515	-49.534628129837515	1.9865344900587925
scaled_total	102	population_intercept_at_mean_load	0.9996713313630762	2213.008920746509	2051.9967306878225	2246.6521065101056	2058.7905135844426	0.21183654393158427	12.259479254518428	12.384167883196255	5638.289469573903	5618.680868836907	553.8468170558788
scaled_total	102	population_load	0.8486738753388134	2467.842932646298	1953.8547659526853	2478.1039156522147	1952.9356375958685	0.12147595989041604	0.35068844961476325	0.3424869454267134	57.92398784776209	58.745683772668855	15.545086439729102
scaled_total	102	log_tau_intercept	0.0	98.87039931613431	98.87039931613431	100.15702310487681	100.15702310487681	0.016092002696656227	0.016092002696656227	0.016092002696656227	7.829217212205876	7.829217212205876	0.1610463182207523
scaled_total	102	log_tau_load	0.0	319.94715330140946	319.94715330140946	319.64678471294457	319.64678471294457	0.012380298392931836	0.012380298392931836	0.012380298392931836	4.110906031277505	4.110906031277505	0.22134324999120386
scaled_total	102	log_sigma_intercept	0.0	4881.874316919948	4881.874316919948	4884.086732650507	4884.086732650507	0.00021406907292478156	0.00021406907292478156	0.00021406907292478156	6.051301868446332	6.051301868446332	0.014960482900004806
scaled_total	102	log_sigma_subj_slope	0.0	3867.5831562565095	3867.5831562565095	3863.7881965612482	3863.7881965612482	4.496455188786939e-5	4.496455188786939e-5	4.496455188786939e-5	0.0782043668725733	0.0782043668725733	0.0027949685496262778
scaled_total	102	deviation_intercept[701]	0.990959464869329	3459.480483675098	2056.363535515497	3434.0916280509405	2055.5738533181525	0.900972426522826	12.298753182965298	12.393215756773602	-4879.067458316739	-4857.4094122230545	555.2906620414428
scaled_total	102	deviation_intercept[702]	0.9955984439077074	2446.2542193148615	2064.2033798978014	2443.9603005756285	2068.603085335917	0.7434679607444481	12.198939883530095	12.38276181185928	-3938.8348321308417	-3917.176786037157	553.9954664445193
scaled_total	102	deviation_intercept[703]	0.9946648835603578	2395.4428009985418	2057.2711021602704	2401.465306307737	2059.3411034196356	0.8261211013360139	12.250648389085423	12.387999094069214	-3659.5271665809023	-3637.869120487216	554.2553866002969
scaled_total	102	deviation_intercept[704]	0.9942006316870904	3242.7044016033365	2049.096952699097	3236.0602081750617	2052.239416081566	0.7421528285024898	12.28321470059901	12.382682920168847	-677.4305535636481	-655.7725074699625	554.3847790294828
scaled_total	102	deviation_intercept[705]	0.9927520691609134	2263.1737811199623	2036.8728823267222	2256.3489757470493	2040.769796833166	0.994332878660758	12.261528906058016	12.400352549592	-1376.2971025086786	-1354.639056414993	554.7890936162702
scaled_total	102	deviation_intercept[706]	0.9931620023520072	2147.800073434119	2065.9673725410216	2149.820392830219	2071.808366239744	0.9892399618918798	12.216390926890424	12.399945208862452	17.620995351311983	39.279041444997524	554.6745856428865
scaled_total	102	deviation_intercept[707]	0.9920454781021224	2187.6953212554954	2046.5119773129431	2174.441614448029	2053.573157708873	1.0614894686469285	12.305542246900577	12.405918159194641	-112.06359710856162	-90.40555101487608	554.9866345777481
scaled_total	102	deviation_intercept[708]	0.9899717354408466	1639.3347392122325	2051.045773493169	1640.5974301069418	2052.7334822342877	1.3735636703672582	12.270594548611921	12.436507654367436	-473.5054203421909	-451.8473742485053	555.5676094371017
scaled_total	102	deviation_intercept[709]	0.9892251564752383	1818.2893159675339	2048.6495474785916	1819.062506310975	2052.7817089214022	1.3526405850028427	12.30722322060652	12.43421417029576	-1166.7944236878775	-1145.136377594192	555.7772163497272
scaled_total	102	deviation_intercept[710]	0.9876793064697088	1894.6383233599395	2066.998793348039	1910.869709375542	2072.5915572233334	1.4123501401039837	12.27398900958816	12.440851192697338	160.24089231476745	181.89893840845295	556.2119790807778
scaled_total	102	deviation_intercept[711]	0.9862642854108659	3392.4948015850464	2068.51102764041	3364.8507262434086	2070.4605205832804	1.1245904463588763	12.2772307066303	12.411476509772264	-1759.426699319686	-1737.7686532260007	556.6108425376981
scaled_total	102	deviation_intercept[712]	0.9833981970122664	2513.3185407255223	2092.796337431934	2513.6189765656777	2095.62027196052	1.4325556972046922	12.224279042452864	12.443161226399852	1065.4789209949333	1087.1369670886188	557.4213662969823
scaled_total	102	deviation_intercept[713]	0.982566330596688	2602.740024157355	2090.7199256826293	2598.853843892534	2090.1946740590834	1.4443446972124137	12.23803027991887	12.44452397984562	3864.6664661718373	3886.3245122655235	557.6572801461892
scaled_total	102	deviation_intercept[714]	0.9788890022324176	2042.517268954461	2045.9919459526316	2045.085311022214	2051.006565001976	1.795065317197297	12.332836403974783	12.490088269247407	127.02573680555324	148.68378289923882	558.7037555973825
scaled_total	102	deviation_intercept[715]	0.976162073236768	3056.4530063246875	2049.2035731617416	3064.047066778545	2055.397036655506	1.560536297993002	12.354797801747434	12.458544016775827	893.1287927923969	914.7868388860821	559.4835866226159
scaled_total	102	deviation_intercept[716]	0.958731745763698	2803.306306544052	2089.8113952682743	2820.8312515784583	2091.0414565512865	2.1593311843402963	12.391675962206001	12.547619560866973	741.2597461177888	762.9177922114744	564.5465546159347
scaled_total	102	deviation_intercept[717]	0.9688738452947696	1762.2594975542	2073.3978577004955	1760.92500315734	2079.938323327388	2.3610598986803404	12.331630506921854	12.583904375262213	1461.1291446681996	1482.7871907618853	561.5839654537931
scaled_total	102	deviation_intercept[718]	0.9615612381608069	1559.2801980039176	2097.3802551150043	1555.4377485905554	2101.471411624042	2.8023231793164105	12.426706924860172	12.67410985757663	1285.1252161988946	1306.7832622925807	563.7153246502924
scaled_total	102	deviation_intercept[719]	0.9624681945759324	2770.5304452652686	2115.6436931863673	2802.5697679291593	2119.285517099093	2.0619428955083903	12.344397598025097	12.531227153991127	4667.001130291032	4688.659176384717	563.4496609463005
scaled_total	102	deviation_intercept[720]	0.9595575606080907	2140.5293402437164	2081.5203734049123	2155.725441093163	2083.0527484213685	2.4441887879271684	12.391286635592373	12.599766041939665	3273.911832205076	3295.569878298762	564.3035721753056
scaled_total	102	deviation_load[701]	0.38827144165941707	3335.056990890501	2332.0835316566445	3311.507249570641	2351.772481544517	0.31236499343867363	0.4734161414776804	0.44733967863622964	-22.20859185724036	-23.03028778214712	22.982424069442875
scaled_total	102	deviation_load[702]	0.5739696068022717	2562.768179552089	2100.970814022579	2565.2882097428187	2145.8280399914556	0.24359665423212842	0.4065210589850178	0.4023434216058586	-35.72883749660548	-36.55053342151223	18.902494052784117
scaled_total	102	deviation_load[703]	0.5364430762948403	2740.858503383922	2225.658397268326	2759.284638894138	2222.2404485947277	0.25342824748616194	0.4094245972834632	0.4083708799367677	-37.04144545088713	-37.8631413757939	19.552474848486646
scaled_total	102	deviation_load[704]	0.5154747309091977	3204.4096693053816	2323.071176916958	3193.587497222097	2321.881871038255	0.2456850180168866	0.4138993360536482	0.4036112325423816	11.689281276071467	10.867585351164717	19.94618614825483
scaled_total	102	deviation_load[705]	0.4521795963801538	2526.0422804469554	2240.646861259042	2511.2375169130337	2245.5431811506965	0.314545360267057	0.4594160629396085	0.4488648823665706	-19.538509348962926	-20.36020527386968	21.296492277637494
scaled_total	102	deviation_load[706]	0.47782889594902966	2242.736489352247	2142.312661854449	2242.4538265488954	2146.9669439583495	0.3161345894433593	0.4565763017533783	0.4499799746643665	-5.089825360815808	-5.9115212857225625	20.717023245249095
scaled_total	102	deviation_load[707]	0.43520801044401547	2156.880204177143	2118.16487589995	2170.43122481775	2120.948543125927	0.3501759921045588	0.46744766883260913	0.4745146197988368	0.31375240805069216	-0.5079435168560638	21.707765322796458
scaled_total	102	deviation_load[708]	0.39017310271827843	1711.3782254452215	1893.279991588674	1698.1023971031507	1892.4414911140443	0.4344664494009114	0.5137314755323658	0.5397239985506085	-24.274361658336186	-25.096057583242946	22.926348748208397
scaled_total	102	deviation_load[709]	0.36610893056912797	1982.731448239712	1933.107929673449	1983.8914571682785	1898.1520250103852	0.4230646705702757	0.5338339599498013	0.5305889316986913	-42.81214731108828	-43.633843235995045	23.667827573211063
scaled_total	102	deviation_load[710]	0.3356487764007683	1647.5918050075268	1601.5067637665409	1650.6735596902324	1601.8986564298282	0.4958945052264691	0.6173038319675569	0.5902984493205341	-73.43516917009046	-74.25686509499722	24.71843802529402
scaled_total	102	deviation_load[711]	0.3117032830700651	3051.870764944016	2643.9937234511426	3039.5840861007264	2660.047867818165	0.3859878530803032	0.4981877800216371	0.5015251954607708	14.448492945196868	13.626797020290114	25.650324859371565
scaled_total	102	deviation_load[712]	0.2712749131127403	2026.2916047984368	2096.421892487453	2022.165386695374	2062.4482780466224	0.5219540427641015	0.6085626216022292	0.6123535920644314	118.13418142380995	117.31248549890323	27.495317659968972
scaled_total	102	deviation_load[713]	0.2743609721799751	2313.035493682811	2303.728325035891	2304.0187836498567	2293.4517196568077	0.485198780069051	0.5677019315525321	0.5813422014071556	-12.55373161995479	-13.375427544861546	27.34024433978759
scaled_total	102	deviation_load[714]	0.23952832628031975	2293.469205760531	2183.528353674493	2290.528670564103	2179.4283504738632	0.5331614900522832	0.6208314519209913	0.6219341391427178	-3.514207803813374	-4.33590372872013	29.26072739997303
scaled_total	102	deviation_load[715]	0.2064471438506952	2833.059034752253	2675.5529471098257	2846.862743443536	2710.9959286290336	0.5262156785833798	0.609078275447461	0.6159901292580827	-41.08187017600359	-41.903566100910346	31.518033924254677
scaled_total	102	deviation_load[716]	0.14782661175511078	2733.2138050296862	2578.511368961738	2714.8675070404424	2570.8511569163497	0.6598981499074104	0.7271215231335176	0.7334892413714366	-33.2328193278988	-34.05451525280556	37.246652461570214
scaled_total	102	deviation_load[717]	0.16538803144277042	1740.2527870055362	1734.5193133408297	1726.5705323865736	1722.4677185562807	0.7742151421342773	0.8593142666183783	0.8378245551823018	94.20994743475735	93.38825150985058	35.213688576751665
scaled_total	102	deviation_load[718]	0.13732280723411733	1163.9548897222721	1160.360662507887	1171.52405577291	1163.5876307960434	1.0486746613273359	1.1436734354585476	1.096475920513727	112.64808795381676	111.82639202890999	38.644903005740666
scaled_total	102	deviation_load[719]	0.1505651530404293	2914.6035203429105	2718.817175654189	2922.658248683173	2711.364571352779	0.6291835247475788	0.7087563052332382	0.7059835740087794	-30.548634451983155	-31.370330376889907	36.90636929727383
scaled_total	102	deviation_load[720]	0.14271843105020102	1844.8504072525554	1937.6254789568814	1822.9724492771031	1916.3969914453246	0.822044290895302	0.8648239839142403	0.8822118312230813	45.967240555500524	45.14554463059377	37.90735886664904
scaled_total	102	population_intercept_at_load0	0.9989276766921099	2409.4833104423587	2061.8181400637923	2438.269658131122	2064.57165680543	0.3667780169343075	12.214314938391091	12.365863156055598	5493.817476544272	5472.159430450589	553.0715160830924
scaled_total	102	log_sigma_intercept_at_subject0	0.0	3865.6945206423975	3865.6945206423975	3863.790562931674	3863.790562931674	0.03195871589116609	0.03195871589116609	0.03195871589116609	-49.534628129837515	-49.534628129837515	1.9865344900587925
scaled_total	103	population_intercept_at_mean_load	0.9996713313630762	2213.008920746509	1987.4426275665219	2246.6521065101056	1990.8586262609888	0.21183654393158427	12.397074244699613	12.384167883196255	5624.315139146324	5618.680868836907	553.8468170558788
scaled_total	103	population_load	0.8486738753388134	2467.842932646298	2045.5319253058738	2478.1039156522147	2059.8788430671702	0.12147595989041604	0.3384058688957629	0.3424869454267134	58.15763610247689	58.745683772668855	15.545086439729102
scaled_total	103	log_tau_intercept	0.0	98.87039931613431	98.87039931613431	100.15702310487681	100.15702310487681	0.016092002696656227	0.016092002696656227	0.016092002696656227	7.829217212205876	7.829217212205876	0.1610463182207523
scaled_total	103	log_tau_load	0.0	319.94715330140946	319.94715330140946	319.64678471294457	319.64678471294457	0.012380298392931836	0.012380298392931836	0.012380298392931836	4.110906031277505	4.110906031277505	0.22134324999120386
scaled_total	103	log_sigma_intercept	0.0	4881.874316919948	4881.874316919948	4884.086732650507	4884.086732650507	0.00021406907292478156	0.00021406907292478156	0.00021406907292478156	6.051301868446332	6.051301868446332	0.014960482900004806
scaled_total	103	log_sigma_subj_slope	0.0	3867.5831562565095	3867.5831562565095	3863.7881965612482	3863.7881965612482	4.496455188786939e-5	4.496455188786939e-5	4.496455188786939e-5	0.0782043668725733	0.0782043668725733	0.0027949685496262778
scaled_total	103	deviation_intercept[701]	0.990959464869329	3459.480483675098	2026.9286629840576	3434.0916280509405	2025.36963544431	0.900972426522826	12.289427852237257	12.393215756773602	-4864.510370550091	-4857.4094122230545	555.2906620414428
scaled_total	103	deviation_intercept[702]	0.9955984439077074	2446.2542193148615	2023.3128068382712	2443.9603005756285	2016.8711546853926	0.7434679607444481	12.308710157945434	12.38276181185928	-3924.2777443641935	-3917.176786037157	553.9954664445193
scaled_total	103	deviation_intercept[703]	0.9946648835603578	2395.4428009985418	2026.3867971100296	2401.465306307737	2021.2960908376028	0.8261211013360139	12.264978767017347	12.387999094069214	-3644.9700788142522	-3637.869120487216	554.2553866002969
scaled_total	103	deviation_intercept[704]	0.9942006316870904	3242.7044016033365	2022.7318302657502	3236.0602081750617	2017.1076720570795	0.7421528285024898	12.293010490062361	12.382682920168847	-662.8734657969995	-655.7725074699625	554.3847790294828
scaled_total	103	deviation_intercept[705]	0.9927520691609134	2263.1737811199623	2016.0387406237558	2256.3489757470493	2014.747059979261	0.994332878660758	12.365740040197416	12.400352549592	-1361.74001474203	-1354.639056414993	554.7890936162702
scaled_total	103	deviation_intercept[706]	0.9931620023520072	2147.800073434119	2010.9368583764194	2149.820392830219	2007.4390197110622	0.9892399618918798	12.352358737064222	12.399945208862452	32.178083117960654	39.279041444997524	554.6745856428865
scaled_total	103	deviation_intercept[707]	0.9920454781021224	2187.6953212554954	2031.7613903130461	2174.441614448029	2029.4213770482097	1.0614894686469285	12.298822298198083	12.405918159194641	-97.50650934191296	-90.40555101487608	554.9866345777481
scaled_total	103	deviation_intercept[708]	0.9899717354408466	1639.3347392122325	1969.170245895783	1640.5974301069418	1961.7312418841195	1.3735636703672582	12.521768221904013	12.436507654367436	-458.94833257554217	-451.8473742485053	555.5676094371017
scaled_total	103	deviation_intercept[709]	0.9892251564752383	1818.2893159675339	2018.516627845565	1819.062506310975	2018.4533396012982	1.3526405850028427	12.342202705105164	12.43421417029576	-1152.2373359212288	-1145.136377594192	555.7772163497272
scaled_total	103	deviation_intercept[710]	0.9876793064697088	1894.6383233599395	1972.776869709207	1910.869709375542	1965.0274896197038	1.4123501401039837	12.486755010136335	12.440851192697338	174.79798008141614	181.89893840845295	556.2119790807778
scaled_total	103	deviation_intercept[711]	0.9862642854108659	3392.4948015850464	1989.3222162797892	3364.8507262434086	1989.2645844574079	1.1245904463588763	12.42768996280275	12.411476509772264	-1744.8696115530374	-1737.7686532260007	556.6108425376981
scaled_total	103	deviation_intercept[712]	0.9833981970122664	2513.3185407255223	1960.317978999338	2513.6189765656777	1971.7955681332255	1.4325556972046922	12.545771536036757	12.443161226399852	1080.036008761582	1087.1369670886188	557.4213662969823
scaled_total	103	deviation_intercept[713]	0.982566330596688	2602.740024157355	1932.1595556047098	2598.853843892534	1944.8958004358396	1.4443446972124137	12.659554721625499	12.44452397984562	3879.2235539384856	3886.3245122655235	557.6572801461892
scaled_total	103	deviation_intercept[714]	0.9788890022324176	2042.517268954461	1956.7159772949692	2045.085311022214	1950.9748284173625	1.795065317197297	12.515709187935327	12.490088269247407	141.58282457220193	148.68378289923882	558.7037555973825
scaled_total	103	deviation_intercept[715]	0.976162073236768	3056.4530063246875	2053.960584157839	3064.047066778545	2046.560029547901	1.560536297993002	12.287993307287602	12.458544016775827	907.6858805590455	914.7868388860821	559.4835866226159
scaled_total	103	deviation_intercept[716]	0.958731745763698	2803.306306544052	2080.040710088911	2820.8312515784583	2073.6321144596527	2.1593311843402963	12.355436498795173	12.547619560866973	755.8168338844375	762.9177922114744	564.5465546159347
scaled_total	103	deviation_intercept[717]	0.9688738452947696	1762.2594975542	2013.3607154359838	1760.92500315734	2008.4576847574592	2.3610598986803404	12.494836977178512	12.583904375262213	1475.6862324348485	1482.7871907618853	561.5839654537931
scaled_total	103	deviation_intercept[718]	0.9615612381608069	1559.2801980039176	1913.0706264126138	1555.4377485905554	1880.3977585876817	2.8023231793164105	12.981321901497822	12.67410985757663	1299.6823039655435	1306.7832622925807	563.7153246502924
scaled_total	103	deviation_intercept[719]	0.9624681945759324	2770.5304452652686	2049.5214997601643	2802.5697679291593	2049.1886904035864	2.0619428955083903	12.359170273050351	12.531227153991127	4681.55821805768	4688.659176384717	563.4496609463005
scaled_total	103	deviation_intercept[720]	0.9595575606080907	2140.5293402437164	2020.7298320359653	2155.725441093163	2036.223782299782	2.4441887879271684	12.506315863615209	12.599766041939665	3288.468919971724	3295.569878298762	564.3035721753056
scaled_total	103	deviation_load[701]	0.38827144165941707	3335.056990890501	2727.118011382002	3311.507249570641	2979.1320105544055	0.31236499343867363	0.42387203277565005	0.44733967863622964	-22.442240111955147	-23.03028778214712	22.982424069442875
scaled_total	103	deviation_load[702]	0.5739696068022717	2562.768179552089	2292.809957349867	2565.2882097428187	2291.9793844953433	0.24359665423212842	0.3922140573125308	0.4023434216058586	-35.96248575132026	-36.55053342151223	18.902494052784117
scaled_total	103	deviation_load[703]	0.5364430762948403	2740.858503383922	2556.4324238733548	2759.284638894138	2583.419070237855	0.25342824748616194	0.38576689570714956	0.4083708799367677	-37.27509370560193	-37.8631413757939	19.552474848486646
scaled_total	103	deviation_load[704]	0.5154747309091977	3204.4096693053816	2522.029021351135	3193.587497222097	2533.18409411153	0.2456850180168866	0.3955153900696692	0.4036112325423816	11.455633021356684	10.867585351164717	19.94618614825483
scaled_total	103	deviation_load[705]	0.4521795963801538	2526.0422804469554	2204.3175729685354	2511.2375169130337	2207.8087288372562	0.314545360267057	0.44255028677073466	0.4488648823665706	-19.772157603677712	-20.36020527386968	21.296492277637494
scaled_total	103	deviation_load[706]	0.47782889594902966	2242.736489352247	2088.4236225805994	2242.4538265488954	2085.6601736518355	0.3161345894433593	0.4502297898759302	0.4499799746643665	-5.323473615530593	-5.9115212857225625	20.717023245249095
scaled_total	103	deviation_load[707]	0.43520801044401547	2156.880204177143	2125.959029520926	2170.43122481775	2126.356387455262	0.3501759921045588	0.4730147480844751	0.4745146197988368	0.0801041533359076	-0.5079435168560638	21.707765322796458
scaled_total	103	deviation_load[708]	0.39017310271827843	1711.3782254452215	2030.7660764940124	1698.1023971031507	2024.4149755156186	0.4344664494009114	0.5080297482095844	0.5397239985506085	-24.508009913050973	-25.096057583242946	22.926348748208397
scaled_total	103	deviation_load[709]	0.36610893056912797	1982.731448239712	1972.5203101100178	1983.8914571682785	1976.4374429716613	0.4230646705702757	0.5286658817916998	0.5305889316986913	-43.04579556580307	-43.633843235995045	23.667827573211063
scaled_total	103	deviation_load[710]	0.3356487764007683	1647.5918050075268	2017.4525154252901	1650.6735596902324	2019.5211909048542	0.4958945052264691	0.5476486178732579	0.5902984493205341	-73.66881742480525	-74.25686509499722	24.71843802529402
scaled_total	103	deviation_load[711]	0.3117032830700651	3051.870764944016	2784.820493872269	3039.5840861007264	2774.3421597909537	0.3859878530803032	0.4878879277866322	0.5015251954607708	14.214844690482085	13.626797020290114	25.650324859371565
scaled_total	103	deviation_load[712]	0.2712749131127403	2026.2916047984368	2086.5944896992564	2022.165386695374	2084.112769950365	0.5219540427641015	0.6046452391438516	0.6123535920644314	117.90053316909517	117.31248549890323	27.495317659968972
scaled_total	103	deviation_load[713]	0.2743609721799751	2313.035493682811	2681.516224017692	2304.0187836498567	2682.2419924716132	0.485198780069051	0.537302028740041	0.5813422014071556	-12.787379874669572	-13.375427544861546	27.34024433978759
scaled_total	103	deviation_load[714]	0.23952832628031975	2293.469205760531	2314.9528110575584	2290.528670564103	2309.2201566086637	0.5331614900522832	0.6152025045654773	0.6219341391427178	-3.7478560585281584	-4.33590372872013	29.26072739997303
scaled_total	103	deviation_load[715]	0.2064471438506952	2833.059034752253	2706.907920447889	2846.862743443536	2708.318410638041	0.5262156785833798	0.615091832687248	0.6159901292580827	-41.31551843071838	-41.903566100910346	31.518033924254677
scaled_total	103	deviation_load[716]	0.14782661175511078	2733.2138050296862	2503.297911718943	2714.8675070404424	2475.1196373413386	0.6598981499074104	0.7390401211645601	0.7334892413714366	-33.466467582613596	-34.05451525280556	37.246652461570214
scaled_total	103	deviation_load[717]	0.16538803144277042	1740.2527870055362	1704.1907211193006	1726.5705323865736	1689.0433978390736	0.7742151421342773	0.8628357883977015	0.8378245551823018	93.97629918004256	93.38825150985058	35.213688576751665
scaled_total	103	deviation_load[718]	0.13732280723411733	1163.9548897222721	1316.345159322366	1171.52405577291	1330.0025812808458	1.0486746613273359	1.0555910403503048	1.096475920513727	112.41443969910196	111.82639202890999	38.644903005740666
scaled_total	103	deviation_load[719]	0.1505651530404293	2914.6035203429105	2779.201724472679	2922.658248683173	2774.900139089031	0.6291835247475788	0.705055539174048	0.7059835740087794	-30.782282706697938	-31.370330376889907	36.90636929727383
scaled_total	103	deviation_load[720]	0.14271843105020102	1844.8504072525554	1767.3097284798716	1822.9724492771031	1758.3983101721033	0.822044290895302	0.9028001473151196	0.8822118312230813	45.73359230078575	45.14554463059377	37.90735886664904
scaled_total	103	population_intercept_at_load0	0.9989276766921099	2409.4833104423587	2015.6575824225795	2438.269658131122	2013.8284028541502	0.3667780169343075	12.287707597259452	12.365863156055598	5479.260388777625	5472.159430450589	553.0715160830924
scaled_total	103	log_sigma_intercept_at_subject0	0.0	3865.6945206423975	3865.6945206423975	3863.790562931674	3863.790562931674	0.03195871589116609	0.03195871589116609	0.03195871589116609	-49.534628129837515	-49.534628129837515	1.9865344900587925
scaled_total	104	population_intercept_at_mean_load	0.9996713313630762	2213.008920746509	2085.502736295105	2246.6521065101056	2086.5529753179903	0.21183654393158427	11.99817788154375	12.384167883196255	5623.21544273841	5618.680868836907	553.8468170558788
scaled_total	104	population_load	0.8486738753388134	2467.842932646298	1914.939169790457	2478.1039156522147	1925.7345763847693	0.12147595989041604	0.3443784040228619	0.3424869454267134	58.04587814409817	58.745683772668855	15.545086439729102
scaled_total	104	log_tau_intercept	0.0	98.87039931613431	98.87039931613431	100.15702310487681	100.15702310487681	0.016092002696656227	0.016092002696656227	0.016092002696656227	7.829217212205876	7.829217212205876	0.1610463182207523
scaled_total	104	log_tau_load	0.0	319.94715330140946	319.94715330140946	319.64678471294457	319.64678471294457	0.012380298392931836	0.012380298392931836	0.012380298392931836	4.110906031277505	4.110906031277505	0.22134324999120386
scaled_total	104	log_sigma_intercept	0.0	4881.874316919948	4881.874316919948	4884.086732650507	4884.086732650507	0.00021406907292478156	0.00021406907292478156	0.00021406907292478156	6.051301868446332	6.051301868446332	0.014960482900004806
scaled_total	104	log_sigma_subj_slope	0.0	3867.5831562565095	3867.5831562565095	3863.7881965612482	3863.7881965612482	4.496455188786939e-5	4.496455188786939e-5	4.496455188786939e-5	0.0782043668725733	0.0782043668725733	0.0027949685496262778
scaled_total	104	deviation_intercept[701]	0.990959464869329	3459.480483675098	2087.449858099754	3434.0916280509405	2093.8771977268925	0.900972426522826	11.96954588994822	12.393215756773602	-4863.689416949496	-4857.4094122230545	555.2906620414428
scaled_total	104	deviation_intercept[702]	0.9955984439077074	2446.2542193148615	2084.591135298872	2443.9603005756285	2084.3292682937345	0.7434679607444481	12.007797089823498	12.38276181185928	-3923.4567907636	-3917.176786037157	553.9954664445193
scaled_total	104	deviation_intercept[703]	0.9946648835603578	2395.4428009985418	2081.709563831576	2401.465306307737	2071.384368396752	0.8261211013360139	12.02126688660426	12.387999094069214	-3644.1491252136584	-3637.869120487216	554.2553866002969
scaled_total	104	deviation_intercept[704]	0.9942006316870904	3242.7044016033365	2088.934315339804	3236.0602081750617	2090.6740773718248	0.7421528285024898	11.99153957813419	12.382682920168847	-662.0525121964055	-655.7725074699625	554.3847790294828
scaled_total	104	deviation_intercept[705]	0.9927520691609134	2263.1737811199623	2112.10151037094	2256.3489757470493	2116.5093608419916	0.994332878660758	11.938887969199119	12.400352549592	-1360.9190611414365	-1354.639056414993	554.7890936162702
scaled_total	104	deviation_intercept[706]	0.9931620023520072	2147.800073434119	2059.0869094610644	2149.820392830219	2063.468509386092	0.9892399618918798	12.06689894583661	12.399945208862452	32.99903671855472	39.279041444997524	554.6745856428865
scaled_total	104	deviation_intercept[707]	0.9920454781021224	2187.6953212554954	2062.7194160343643	2174.441614448029	2065.130203564123	1.0614894686469285	12.106222795109721	12.405918159194641	-96.68555574131891	-90.40555101487608	554.9866345777481
scaled_total	104	deviation_intercept[708]	0.9899717354408466	1639.3347392122325	2031.9852322394042	1640.5974301069418	2033.6824646345174	1.3735636703672582	12.206696005964043	12.436507654367436	-458.1273789749482	-451.8473742485053	555.5676094371017
scaled_total	104	deviation_intercept[709]	0.9892251564752383	1818.2893159675339	2046.532254141736	1819.062506310975	2047.6293932421643	1.3526405850028427	12.125903428124472	12.43421417029576	-1151.416382320635	-1145.136377594192	555.7772163497272
scaled_total	104	deviation_intercept[710]	0.9876793064697088	1894.6383233599395	2068.4523192653332	1910.869709375542	2069.437629681589	1.4123501401039837	12.118222610783821	12.440851192697338	175.61893368201015	181.89893840845295	556.2119790807778
scaled_total	104	deviation_intercept[711]	0.9862642854108659	3392.4948015850464	2106.088001080576	3364.8507262434086	2113.9791736758434	1.1245904463588763	11.968738259156735	12.411476509772264	-1744.0486579524431	-1737.7686532260007	556.6108425376981
scaled_total	104	deviation_intercept[712]	0.9833981970122664	2513.3185407255223	2062.2610838060423	2513.6189765656777	2063.227092369723	1.4325556972046922	12.110981298278999	12.443161226399852	1080.8569623621759	1087.1369670886188	557.4213662969823
scaled_total	104	deviation_intercept[713]	0.982566330596688	2602.740024157355	2071.775208817576	2598.853843892534	2076.6253921855046	1.4443446972124137	12.111421587105767	12.44452397984562	3880.0445075390803	3886.3245122655235	557.6572801461892
scaled_total	104	deviation_intercept[714]	0.9788890022324176	2042.517268954461	2069.934636370373	2045.085311022214	2082.1258366010343	1.795065317197297	12.121533519454204	12.490088269247407	142.40377817279602	148.68378289923882	558.7037555973825
scaled_total	104	deviation_intercept[715]	0.976162073236768	3056.4530063246875	2087.078855561074	3064.047066778545	2096.0627087954217	1.560536297993002	12.113235362523874	12.458544016775827	908.5068341596397	914.7868388860821	559.4835866226159
scaled_total	104	deviation_intercept[716]	0.958731745763698	2803.306306544052	2048.2513429939413	2820.8312515784583	2009.6655770553134	2.1593311843402963	12.439189347203907	12.547619560866973	756.6377874850314	762.9177922114744	564.5465546159347
scaled_total	104	deviation_intercept[717]	0.9688738452947696	1762.2594975542	2020.193851330141	1760.92500315734	2028.4547051543634	2.3610598986803404	12.238311076985473	12.583904375262213	1476.5071860354424	1482.7871907618853	561.5839654537931
scaled_total	104	deviation_intercept[718]	0.9615612381608069	1559.2801980039176	2065.9047942167526	1555.4377485905554	2059.66630882214	2.8023231793164105	12.159026564907926	12.67410985757663	1300.5032575661376	1306.7832622925807	563.7153246502924
scaled_total	104	deviation_intercept[719]	0.9624681945759324	2770.5304452652686	2108.0829495714324	2802.5697679291593	2117.641849201229	2.0619428955083903	12.156184787443998	12.531227153991127	4682.379171658275	4688.659176384717	563.4496609463005
scaled_total	104	deviation_intercept[720]	0.9595575606080907	2140.5293402437164	2018.8658344618711	2155.725441093163	2023.1201648285614	2.4441887879271684	12.41563298829834	12.599766041939665	3289.2898735723184	3295.569878298762	564.3035721753056
scaled_total	104	deviation_load[701]	0.38827144165941707	3335.056990890501	2861.5258279764034	3311.507249570641	2869.622890740298	0.31236499343867363	0.4206822391596139	0.44733967863622964	-22.330482153576412	-23.03028778214712	22.982424069442875
scaled_total	104	deviation_load[702]	0.5739696068022717	2562.768179552089	2144.001617593529	2565.2882097428187	2135.7536808945365	0.24359665423212842	0.39901503227822305	0.4023434216058586	-35.85072779294152	-36.55053342151223	18.902494052784117
scaled_total	104	deviation_load[703]	0.5364430762948403	2740.858503383922	2135.617823025317	2759.284638894138	2134.4973738076537	0.25342824748616194	0.4104969756381602	0.4083708799367677	-37.163335747223186	-37.8631413757939	19.552474848486646
scaled_total	104	deviation_load[704]	0.5154747309091977	3204.4096693053816	2329.1922851142144	3193.587497222097	2348.8581204382904	0.2456850180168866	0.40513385493553083	0.4036112325423816	11.567390979735414	10.867585351164717	19.94618614825483
scaled_total	104	deviation_load[705]	0.4521795963801538	2526.0422804469554	2432.7224231281343	2511.2375169130337	2443.637947279832	0.314545360267057	0.4175048289647032	0.4488648823665706	-19.66039964529898	-20.36020527386968	21.296492277637494
scaled_total	104	deviation_load[706]	0.47782889594902966	2242.736489352247	1797.4977166698277	2242.4538265488954	1808.5459169225737	0.3161345894433593	0.4797654028441427	0.4499799746643665	-5.21171565715186	-5.9115212857225625	20.717023245249095
scaled_total	104	deviation_load[707]	0.43520801044401547	2156.880204177143	2049.831254660332	2170.43122481775	2048.705491375887	0.3501759921045588	0.4775687910829377	0.4745146197988368	0.1918621117146395	-0.5079435168560638	21.707765322796458
scaled_total	104	deviation_load[708]	0.39017310271827843	1711.3782254452215	1786.245602114599	1698.1023971031507	1786.7810360369715	0.4344664494009114	0.5292478274655431	0.5397239985506085	-24.39625195467224	-25.096057583242946	22.926348748208397
scaled_total	104	deviation_load[709]	0.36610893056912797	1982.731448239712	1943.4642121579163	1983.8914571682785	1954.4094123206569	0.4230646705702757	0.5379489005297202	0.5305889316986913	-42.93403760742434	-43.633843235995045	23.667827573211063
scaled_total	104	deviation_load[710]	0.3356487764007683	1647.5918050075268	1616.4624915985087	1650.6735596902324	1623.205780004537	0.4958945052264691	0.609344479124203	0.5902984493205341	-73.55705946642652	-74.25686509499722	24.71843802529402
scaled_total	104	deviation_load[711]	0.3117032830700651	3051.870764944016	2667.668413851784	3039.5840861007264	2627.653866647953	0.3859878530803032	0.501331059817391	0.5015251954607708	14.326602648860819	13.626797020290114	25.650324859371565
scaled_total	104	deviation_load[712]	0.2712749131127403	2026.2916047984368	2076.005503407219	2022.165386695374	2074.359113454413	0.5219540427641015	0.606776230052828	0.6123535920644314	118.0122911274739	117.31248549890323	27.495317659968972
scaled_total	104	deviation_load[713]	0.2743609721799751	2313.035493682811	2206.5727712790567	2304.0187836498567	2217.6351357642397	0.485198780069051	0.5714091570332025	0.5813422014071556	-12.675621916290842	-13.375427544861546	27.34024433978759
scaled_total	104	deviation_load[714]	0.23952832628031975	2293.469205760531	2223.4780870196187	2290.528670564103	2230.9100462447495	0.5331614900522832	0.6206424107860818	0.6219341391427178	-3.6360981001494257	-4.33590372872013	29.26072739997303
scaled_total	104	deviation_load[715]	0.2064471438506952	2833.059034752253	2814.0385312015137	2846.862743443536	2797.43374999932	0.5262156785833798	0.5931179876661392	0.6159901292580827	-41.203760472339646	-41.903566100910346	31.518033924254677
scaled_total	104	deviation_load[716]	0.14782661175511078	2733.2138050296862	2582.674655220603	2714.8675070404424	2572.398532134378	0.6598981499074104	0.7217267495407569	0.7334892413714366	-33.35470962423485	-34.05451525280556	37.246652461570214
scaled_total	104	deviation_load[717]	0.16538803144277042	1740.2527870055362	1652.494444496947	1726.5705323865736	1642.3083078319157	0.7742151421342773	0.863174139238987	0.8378245551823018	94.08805713842128	93.38825150985058	35.213688576751665
scaled_total	104	deviation_load[718]	0.13732280723411733	1163.9548897222721	1150.4457381416814	1171.52405577291	1160.7063214810755	1.0486746613273359	1.1313745760294798	1.096475920513727	112.5261976574807	111.82639202890999	38.644903005740666
scaled_total	104	deviation_load[719]	0.1505651530404293	2914.6035203429105	3043.397566693396	2922.658248683173	3046.876919365807	0.6291835247475788	0.6722990141611284	0.7059835740087794	-30.670524748319206	-31.370330376889907	36.90636929727383
scaled_total	104	deviation_load[720]	0.14271843105020102	1844.8504072525554	1695.6165133396983	1822.9724492771031	1686.906934451369	0.822044290895302	0.9358155105024992	0.8822118312230813	45.84535025916447	45.14554463059377	37.90735886664904
scaled_total	104	population_intercept_at_load0	0.9989276766921099	2409.4833104423587	2076.3962238091076	2438.269658131122	2077.612231748622	0.3667780169343075	11.98840513174822	12.365863156055598	5478.439435177031	5472.159430450589	553.0715160830924
scaled_total	104	log_sigma_intercept_at_subject0	0.0	3865.6945206423975	3865.6945206423975	3863.790562931674	3863.790562931674	0.03195871589116609	0.03195871589116609	0.03195871589116609	-49.534628129837515	-49.534628129837515	1.9865344900587925
scaled_total	105	population_intercept_at_mean_load	0.9996713313630762	2213.008920746509	2191.841059758627	2246.6521065101056	2190.0812866153515	0.21183654393158427	11.937059474074209	12.384167883196255	5630.514607790824	5618.680868836907	553.8468170558788
scaled_total	105	population_load	0.8486738753388134	2467.842932646298	2006.7043437336865	2478.1039156522147	2032.864943882348	0.12147595989041604	0.34240658676233615	0.3424869454267134	58.48508858366152	58.745683772668855	15.545086439729102
scaled_total	105	log_tau_intercept	0.0	98.87039931613431	98.87039931613431	100.15702310487681	100.15702310487681	0.016092002696656227	0.016092002696656227	0.016092002696656227	7.829217212205876	7.829217212205876	0.1610463182207523
scaled_total	105	log_tau_load	0.0	319.94715330140946	319.94715330140946	319.64678471294457	319.64678471294457	0.012380298392931836	0.012380298392931836	0.012380298392931836	4.110906031277505	4.110906031277505	0.22134324999120386
scaled_total	105	log_sigma_intercept	0.0	4881.874316919948	4881.874316919948	4884.086732650507	4884.086732650507	0.00021406907292478156	0.00021406907292478156	0.00021406907292478156	6.051301868446332	6.051301868446332	0.014960482900004806
scaled_total	105	log_sigma_subj_slope	0.0	3867.5831562565095	3867.5831562565095	3863.7881965612482	3863.7881965612482	4.496455188786939e-5	4.496455188786939e-5	4.496455188786939e-5	0.0782043668725733	0.0782043668725733	0.0027949685496262778
scaled_total	105	deviation_intercept[701]	0.990959464869329	3459.480483675098	2169.5444144723865	3434.0916280509405	2170.7349949907452	0.900972426522826	12.038021747099423	12.393215756773602	-4869.893118621006	-4857.4094122230545	555.2906620414428
scaled_total	105	deviation_intercept[702]	0.9955984439077074	2446.2542193148615	2193.6149840409626	2443.9603005756285	2195.0559816028685	0.7434679607444481	11.954652731693555	12.38276181185928	-3929.660492435109	-3917.176786037157	553.9954664445193
scaled_total	105	deviation_intercept[703]	0.9946648835603578	2395.4428009985418	2204.4286460147177	2401.465306307737	2201.71573607123	0.8261211013360139	11.946468432736859	12.387999094069214	-3650.3528268851683	-3637.869120487216	554.2553866002969
scaled_total	105	deviation_intercept[704]	0.9942006316870904	3242.7044016033365	2176.522700720419	3236.0602081750617	2179.366187912005	0.7421528285024898	11.961647775973617	12.382682920168847	-668.2562138679147	-655.7725074699625	554.3847790294828
scaled_total	105	deviation_intercept[705]	0.9927520691609134	2263.1737811199623	2179.3318561818023	2256.3489757470493	2180.861678140532	0.994332878660758	11.97168312515848	12.400352549592	-1367.1227628129452	-1354.639056414993	554.7890936162702
scaled_total	105	deviation_intercept[706]	0.9931620023520072	2147.800073434119	2204.0428474724895	2149.820392830219	2201.66300072723	0.9892399618918798	11.943061797765747	12.399945208862452	26.795335047045555	39.279041444997524	554.6745856428865
scaled_total	105	deviation_intercept[707]	0.9920454781021224	2187.6953212554954	2187.6082878766756	2174.441614448029	2187.1585319391734	1.0614894686469285	11.990255119769076	12.405918159194641	-102.88925741282804	-90.40555101487608	554.9866345777481
scaled_total	105	deviation_intercept[708]	0.9899717354408466	1639.3347392122325	2181.3648910388465	1640.5974301069418	2180.4659617454104	1.3735636703672582	12.006640954412442	12.436507654367436	-464.3310806464574	-451.8473742485053	555.5676094371017
scaled_total	105	deviation_intercept[709]	0.9892251564752383	1818.2893159675339	2170.826696094991	1819.062506310975	2170.3793103896073	1.3526405850028427	12.025837240978458	12.43421417029576	-1157.6200839921441	-1145.136377594192	555.7772163497272
scaled_total	105	deviation_intercept[710]	0.9876793064697088	1894.6383233599395	2172.855879111685	1910.869709375542	2174.025088631778	1.4123501401039837	12.029445130668607	12.440851192697338	169.41523201050103	181.89893840845295	556.2119790807778
scaled_total	105	deviation_intercept[711]	0.9862642854108659	3392.4948015850464	2219.2197366365654	3364.8507262434086	2220.282229602187	1.1245904463588763	11.902763589810133	12.411476509772264	-1750.2523596239523	-1737.7686532260007	556.6108425376981
scaled_total	105	deviation_intercept[712]	0.9833981970122664	2513.3185407255223	2184.063553435247	2513.6189765656777	2186.701442197409	1.4325556972046922	12.018374732436653	12.443161226399852	1074.6532606906667	1087.1369670886188	557.4213662969823
scaled_total	105	deviation_intercept[713]	0.982566330596688	2602.740024157355	2146.6303092357603	2598.853843892534	2145.0173061775135	1.4443446972124137	12.103290859744694	12.44452397984562	3873.840805867572	3886.3245122655235	557.6572801461892
scaled_total	105	deviation_intercept[714]	0.9788890022324176	2042.517268954461	2197.6168454554972	2045.085311022214	2201.977152691327	1.795065317197297	11.98783570399897	12.490088269247407	136.20007650128682	148.68378289923882	558.7037555973825
scaled_total	105	deviation_intercept[715]	0.976162073236768	3056.4530063246875	2175.8027848172032	3064.047066778545	2175.182149476797	1.560536297993002	12.074296569105293	12.458544016775827	902.3031324881304	914.7868388860821	559.4835866226159
scaled_total	105	deviation_intercept[716]	0.958731745763698	2803.306306544052	2277.8599792210493	2820.8312515784583	2273.5835144226085	2.1593311843402963	11.986362440724767	12.547619560866973	750.4340858135223	762.9177922114744	564.5465546159347
scaled_total	105	deviation_intercept[717]	0.9688738452947696	1762.2594975542	2197.52418236464	1760.92500315734	2193.283539431134	2.3610598986803404	12.082844762259388	12.583904375262213	1470.3034843639332	1482.7871907618853	561.5839654537931
scaled_total	105	deviation_intercept[718]	0.9615612381608069	1559.2801980039176	2283.558289550752	1555.4377485905554	2280.733942304917	2.8023231793164105	11.927390411916988	12.67410985757663	1294.2995558946284	1306.7832622925807	563.7153246502924
scaled_total	105	deviation_intercept[719]	0.9624681945759324	2770.5304452652686	2194.789037416859	2802.5697679291593	2193.084963191203	2.0619428955083903	12.069620919391587	12.531227153991127	4676.175469986767	4688.659176384717	563.4496609463005
scaled_total	105	deviation_intercept[720]	0.9595575606080907	2140.5293402437164	2208.3834664143524	2155.725441093163	2209.960310224613	2.4441887879271684	12.186746844059888	12.599766041939665	3283.08617190081	3295.569878298762	564.3035721753056
scaled_total	105	deviation_load[701]	0.38827144165941707	3335.056990890501	2536.232168948771	3311.507249570641	2532.03024575582	0.31236499343867363	0.45725819016752733	0.44733967863622964	-22.76969259313979	-23.03028778214712	22.982424069442875
scaled_total	105	deviation_load[702]	0.5739696068022717	2562.768179552089	2261.4799396177855	2565.2882097428187	2253.902730660796	0.24359665423212842	0.3942053800168116	0.4023434216058586	-36.2899382325049	-36.55053342151223	18.902494052784117
scaled_total	105	deviation_load[703]	0.5364430762948403	2740.858503383922	2257.7303910740548	2759.284638894138	2235.756539785302	0.25342824748616194	0.4121963181195706	0.4083708799367677	-37.60254618678657	-37.8631413757939	19.552474848486646
scaled_total	105	deviation_load[704]	0.5154747309091977	3204.4096693053816	2260.9100820183826	3193.587497222097	2264.722491186612	0.2456850180168866	0.4235862298943472	0.4036112325423816	11.128180540172048	10.867585351164717	19.94618614825483
scaled_total	105	deviation_load[705]	0.4521795963801538	2526.0422804469554	2277.718877830094	2511.2375169130337	2268.9020100338366	0.314545360267057	0.4586065090563745	0.4488648823665706	-20.09961008486234	-20.36020527386968	21.296492277637494
scaled_total	105	deviation_load[706]	0.47782889594902966	2242.736489352247	1877.6094676241146	2242.4538265488954	1886.837797909143	0.3161345894433593	0.48112907018349044	0.4499799746643665	-5.650926096715228	-5.9115212857225625	20.717023245249095
scaled_total	105	deviation_load[707]	0.43520801044401547	2156.880204177143	2166.8567552588593	2170.43122481775	2168.005174967203	0.3501759921045588	0.46647878055102404	0.4745146197988368	-0.24734832784872957	-0.5079435168560638	21.707765322796458
scaled_total	105	deviation_load[708]	0.39017310271827843	1711.3782254452215	1934.8592397847563	1698.1023971031507	1927.2170101621587	0.4344664494009114	0.5264806314674056	0.5397239985506085	-24.83546239423561	-25.096057583242946	22.926348748208397
scaled_total	105	deviation_load[709]	0.36610893056912797	1982.731448239712	1776.0753770417111	1983.8914571682785	1810.9074265034228	0.4230646705702757	0.5555062198663596	0.5305889316986913	-43.373248046987705	-43.633843235995045	23.667827573211063
scaled_total	105	deviation_load[710]	0.3356487764007683	1647.5918050075268	1675.579329144216	1650.6735596902324	1705.9300162838583	0.4958945052264691	0.5885295552167714	0.5902984493205341	-73.9962699059899	-74.25686509499722	24.71843802529402
scaled_total	105	deviation_load[711]	0.3117032830700651	3051.870764944016	2512.760647924722	3039.5840861007264	2517.214122672319	0.3859878530803032	0.5075180197834752	0.5015251954607708	13.887392209297449	13.626797020290114	25.650324859371565
scaled_total	105	deviation_load[712]	0.2712749131127403	2026.2916047984368	2117.6240022772877	2022.165386695374	2118.023454095922	0.5219540427641015	0.6110213320440765	0.6123535920644314	117.57308068791055	117.31248549890323	27.495317659968972
scaled_total	105	deviation_load[713]	0.2743609721799751	2313.035493682811	2604.878364982607	2304.0187836498567	2608.3887216402622	0.485198780069051	0.5277999900738478	0.5813422014071556	-13.11483235585421	-13.375427544861546	27.34024433978759
scaled_total	105	deviation_load[714]	0.23952832628031975	2293.469205760531	2187.694088098639	2290.528670564103	2201.618390419714	0.5331614900522832	0.6226264265611297	0.6219341391427178	-4.075308539712795	-4.33590372872013	29.26072739997303
scaled_total	105	deviation_load[715]	0.2064471438506952	2833.059034752253	2699.8754494923082	2846.862743443536	2736.331093073304	0.5262156785833798	0.6074700220340878	0.6159901292580827	-41.642970911903	-41.903566100910346	31.518033924254677
scaled_total	105	deviation_load[716]	0.14782661175511078	2733.2138050296862	2379.440907992853	2714.8675070404424	2377.9955801234605	0.6598981499074104	0.7554394387986083	0.7334892413714366	-33.79392006379821	-34.05451525280556	37.246652461570214
scaled_total	105	deviation_load[717]	0.16538803144277042	1740.2527870055362	1794.6095294692643	1726.5705323865736	1776.0261771142486	0.7742151421342773	0.8338410974336338	0.8378245551823018	93.64884669885794	93.38825150985058	35.213688576751665
scaled_total	105	deviation_load[718]	0.13732280723411733	1163.9548897222721	1353.9684332199884	1171.52405577291	1359.9278590291353	1.0486746613273359	1.0551379481186582	1.096475920513727	112.08698721791731	111.82639202890999	38.644903005740666
scaled_total	105	deviation_load[719]	0.1505651530404293	2914.6035203429105	2541.555409677176	2922.658248683173	2527.8448804086456	0.6291835247475788	0.7323888430548021	0.7059835740087794	-31.109735187882574	-31.370330376889907	36.90636929727383
scaled_total	105	deviation_load[720]	0.14271843105020102	1844.8504072525554	1752.7435138204123	1822.9724492771031	1757.7013812427738	0.822044290895302	0.8961271586221422	0.8822118312230813	45.4061398196011	45.14554463059377	37.90735886664904
scaled_total	105	population_intercept_at_load0	0.9989276766921099	2409.4833104423587	2184.3718899707014	2438.269658131122	2184.4970279181994	0.3667780169343075	11.947819434009752	12.365863156055598	5484.643136848541	5472.159430450589	553.0715160830924
scaled_total	105	log_sigma_intercept_at_subject0	0.0	3865.6945206423975	3865.6945206423975	3863.790562931674	3863.790562931674	0.03195871589116609	0.03195871589116609	0.03195871589116609	-49.534628129837515	-49.534628129837515	1.9865344900587925
scaled_total	106	population_intercept_at_mean_load	0.9996713313630762	2213.008920746509	1946.3640653361804	2246.6521065101056	1955.715136731655	0.21183654393158427	12.272580772427744	12.384167883196255	5629.271571493918	5618.680868836907	553.8468170558788
scaled_total	106	population_load	0.8486738753388134	2467.842932646298	1992.6110952107047	2478.1039156522147	1978.289124251495	0.12147595989041604	0.3500160723896612	0.3424869454267134	58.42070508511667	58.745683772668855	15.545086439729102
scaled_total	106	log_tau_intercept	0.0	98.87039931613431	98.87039931613431	100.15702310487681	100.15702310487681	0.016092002696656227	0.016092002696656227	0.016092002696656227	7.829217212205876	7.829217212205876	0.1610463182207523
scaled_total	106	log_tau_load	0.0	319.94715330140946	319.94715330140946	319.64678471294457	319.64678471294457	0.012380298392931836	0.012380298392931836	0.012380298392931836	4.110906031277505	4.110906031277505	0.22134324999120386
scaled_total	106	log_sigma_intercept	0.0	4881.874316919948	4881.874316919948	4884.086732650507	4884.086732650507	0.00021406907292478156	0.00021406907292478156	0.00021406907292478156	6.051301868446332	6.051301868446332	0.014960482900004806
scaled_total	106	log_sigma_subj_slope	0.0	3867.5831562565095	3867.5831562565095	3863.7881965612482	3863.7881965612482	4.496455188786939e-5	4.496455188786939e-5	4.496455188786939e-5	0.0782043668725733	0.0782043668725733	0.0027949685496262778
scaled_total	106	deviation_intercept[701]	0.990959464869329	3459.480483675098	1960.3453321848226	3434.0916280509405	1966.681157477027	0.900972426522826	12.278454049312295	12.393215756773602	-4868.810665403729	-4857.4094122230545	555.2906620414428
scaled_total	106	deviation_intercept[702]	0.9955984439077074	2446.2542193148615	1926.9007729190066	2443.9603005756285	1918.0831118879535	0.7434679607444481	12.382079190726637	12.38276181185928	-3928.5780392178317	-3917.176786037157	553.9954664445193
scaled_total	106	deviation_intercept[703]	0.9946648835603578	2395.4428009985418	1932.639913979851	2401.465306307737	1936.0601592848518	0.8261211013360139	12.313397078183609	12.387999094069214	-3649.2703736678914	-3637.869120487216	554.2553866002969
scaled_total	106	deviation_intercept[704]	0.9942006316870904	3242.7044016033365	1945.5847041862287	3236.0602081750617	1937.2411309878503	0.7421528285024898	12.33610983783298	12.382682920168847	-667.1737606506374	-655.7725074699625	554.3847790294828
scaled_total	106	deviation_intercept[705]	0.9927520691609134	2263.1737811199623	1950.8491965679327	2256.3489757470493	1933.0521037200667	0.994332878660758	12.345807264670283	12.400352549592	-1366.0403095956683	-1354.639056414993	554.7890936162702
scaled_total	106	deviation_intercept[706]	0.9931620023520072	2147.800073434119	1958.243199122826	2149.820392830219	1954.9783094068189	0.9892399618918798	12.283481215959267	12.399945208862452	27.877788264322678	39.279041444997524	554.6745856428865
scaled_total	106	deviation_intercept[707]	0.9920454781021224	2187.6953212554954	1957.5930888256771	2174.441614448029	1957.5410766827927	1.0614894686469285	12.28429851501186	12.405918159194641	-101.80680419555094	-90.40555101487608	554.9866345777481
scaled_total	106	deviation_intercept[708]	0.9899717354408466	1639.3347392122325	1963.3840156932795	1640.5974301069418	1967.5391925273707	1.3735636703672582	12.256113302167417	12.436507654367436	-463.2486274291802	-451.8473742485053	555.5676094371017
scaled_total	106	deviation_intercept[709]	0.9892251564752383	1818.2893159675339	1948.4762142576772	1819.062506310975	1947.8060052874566	1.3526405850028427	12.31686259678678	12.43421417029576	-1156.5376307748668	-1145.136377594192	555.7772163497272
scaled_total	106	deviation_intercept[710]	0.9876793064697088	1894.6383233599395	1944.7900079635976	1910.869709375542	1947.6284560411084	1.4123501401039837	12.337325713075689	12.440851192697338	170.49768522777813	181.89893840845295	556.2119790807778
scaled_total	106	deviation_intercept[711]	0.9862642854108659	3392.4948015850464	1940.5126209550936	3364.8507262434086	1941.89402627516	1.1245904463588763	12.40564706787415	12.411476509772264	-1749.1699064066754	-1737.7686532260007	556.6108425376981
scaled_total	106	deviation_intercept[712]	0.9833981970122664	2513.3185407255223	1921.3620317912994	2513.6189765656777	1906.6869559561053	1.4325556972046922	12.451899224321744	12.443161226399852	1075.735713907944	1087.1369670886188	557.4213662969823
scaled_total	106	deviation_intercept[713]	0.982566330596688	2602.740024157355	1985.1370463757448	2598.853843892534	2002.8699076865469	1.4443446972124137	12.251528719521987	12.44452397984562	3874.9232590848483	3886.3245122655235	557.6572801461892
scaled_total	106	deviation_intercept[714]	0.9788890022324176	2042.517268954461	1974.1525380688581	2045.085311022214	1977.179560190017	1.795065317197297	12.324821278874783	12.490088269247407	137.28252971856398	148.68378289923882	558.7037555973825
scaled_total	106	deviation_intercept[715]	0.976162073236768	3056.4530063246875	1968.8996783644936	3064.047066778545	1969.6041442867154	1.560536297993002	12.321968221616038	12.458544016775827	903.3855857054074	914.7868388860821	559.4835866226159
scaled_total	106	deviation_intercept[716]	0.958731745763698	2803.306306544052	1945.6986007186658	2820.8312515784583	1946.9514598337357	2.1593311843402963	12.579571503633153	12.547619560866973	751.5165390307995	762.9177922114744	564.5465546159347
scaled_total	106	deviation_intercept[717]	0.9688738452947696	1762.2594975542	1986.0689330213818	1760.92500315734	1987.342710368624	2.3610598986803404	12.377668767844558	12.583904375262213	1471.3859375812108	1482.7871907618853	561.5839654537931
scaled_total	106	deviation_intercept[718]	0.9615612381608069	1559.2801980039176	1859.9701982176148	1555.4377485905554	1865.8480838042888	2.8023231793164105	12.803740751066778	12.67410985757663	1295.3820091119055	1306.7832622925807	563.7153246502924
scaled_total	106	deviation_intercept[719]	0.9624681945759324	2770.5304452652686	1949.7970090049578	2802.5697679291593	1949.7107053635368	2.0619428955083903	12.473739549342296	12.531227153991127	4677.2579232040425	4688.659176384717	563.4496609463005
scaled_total	106	deviation_intercept[720]	0.9595575606080907	2140.5293402437164	1999.7567638026053	2155.725441093163	1996.2714158992264	2.4441887879271684	12.371189854738976	12.599766041939665	3284.168625118087	3295.569878298762	564.3035721753056
scaled_total	106	deviation_load[701]	0.38827144165941707	3335.056990890501	2938.408308310696	3311.507249570641	2948.1184336258975	0.31236499343867363	0.4263123655646379	0.44733967863622964	-22.70530909459492	-23.03028778214712	22.982424069442875
scaled_total	106	deviation_load[702]	0.5739696068022717	2562.768179552089	2140.9274376386984	2565.2882097428187	2107.7560717142433	0.24359665423212842	0.41327394956302443	0.4023434216058586	-36.22555473396002	-36.55053342151223	18.902494052784117
scaled_total	106	deviation_load[703]	0.5364430762948403	2740.858503383922	2451.2596013172397	2759.284638894138	2427.944854728113	0.25342824748616194	0.3934848982898839	0.4083708799367677	-37.53816268824169	-37.8631413757939	19.552474848486646
scaled_total	106	deviation_load[704]	0.5154747309091977	3204.4096693053816	2436.4568789424216	3193.587497222097	2425.5687395297605	0.2456850180168866	0.3981006126655421	0.4036112325423816	11.192564038716915	10.867585351164717	19.94618614825483
scaled_total	106	deviation_load[705]	0.4521795963801538	2526.0422804469554	2178.0325765447496	2511.2375169130337	2169.8153710129955	0.314545360267057	0.45627419739002506	0.4488648823665706	-20.03522658631748	-20.36020527386968	21.296492277637494
scaled_total	106	deviation_load[706]	0.47782889594902966	2242.736489352247	2028.8754827369592	2242.4538265488954	2024.3185836284474	0.3161345894433593	0.46534679903700465	0.4499799746643665	-5.586542598170364	-5.9115212857225625	20.717023245249095
scaled_total	106	deviation_load[707]	0.43520801044401547	2156.880204177143	1972.8240885038836	2170.43122481775	1984.292156590646	0.3501759921045588	0.4892369093160948	0.4745146197988368	-0.18296482930386473	-0.5079435168560638	21.707765322796458
scaled_total	106	deviation_load[708]	0.39017310271827843	1711.3782254452215	1939.2823615939187	1698.1023971031507	1931.2795638263826	0.4344664494009114	0.5216442600367874	0.5397239985506085	-24.771078895690742	-25.096057583242946	22.926348748208397
scaled_total	106	deviation_load[709]	0.36610893056912797	1982.731448239712	1966.8296388010194	1983.8914571682785	1974.2192586668914	0.4230646705702757	0.539091761658818	0.5305889316986913	-43.30886454844284	-43.633843235995045	23.667827573211063
scaled_total	106	deviation_load[710]	0.3356487764007683	1647.5918050075268	1737.1096142350207	1650.6735596902324	1784.2881081766395	0.4958945052264691	0.5803842695224412	0.5902984493205341	-73.931886407445	-74.25686509499722	24.71843802529402
scaled_total	106	deviation_load[711]	0.3117032830700651	3051.870764944016	2603.0265957426955	3039.5840861007264	2597.0529689105256	0.3859878530803032	0.497377679451574	0.5015251954607708	13.951775707842314	13.626797020290114	25.650324859371565
scaled_total	106	deviation_load[712]	0.2712749131127403	2026.2916047984368	2259.1538068192513	2022.165386695374	2198.4936236959315	0.5219540427641015	0.590891033808434	0.6123535920644314	117.6374641864554	117.31248549890323	27.495317659968972
scaled_total	106	deviation_load[713]	0.2743609721799751	2313.035493682811	2429.609619598449	2304.0187836498567	2417.6404762570382	0.485198780069051	0.5642610992574522	0.5813422014071556	-13.050448857309346	-13.375427544861546	27.34024433978759
scaled_total	106	deviation_load[714]	0.23952832628031975	2293.469205760531	2139.717981380413	2290.528670564103	2139.6595267474163	0.5331614900522832	0.6256684824187201	0.6219341391427178	-4.010925041167931	-4.33590372872013	29.26072739997303
scaled_total	106	deviation_load[715]	0.2064471438506952	2833.059034752253	2404.8799946994	2846.862743443536	2389.4638277555114	0.5262156785833798	0.6469409133185321	0.6159901292580827	-41.57858741335815	-41.903566100910346	31.518033924254677
scaled_total	106	deviation_load[716]	0.14782661175511078	2733.2138050296862	2448.5063635868946	2714.8675070404424	2454.4651894567037	0.6598981499074104	0.7487848569112665	0.7334892413714366	-33.72953656525335	-34.05451525280556	37.246652461570214
scaled_total	106	deviation_load[717]	0.16538803144277042	1740.2527870055362	1871.7808762392096	1726.5705323865736	1863.291899077768	0.7742151421342773	0.8185737041158624	0.8378245551823018	93.7132301974028	93.38825150985058	35.213688576751665
scaled_total	106	deviation_load[718]	0.13732280723411733	1163.9548897222721	1183.3135774310547	1171.52405577291	1188.1404632830256	1.0486746613273359	1.1149878680090448	1.096475920513727	112.15137071646215	111.82639202890999	38.644903005740666
scaled_total	106	deviation_load[719]	0.1505651530404293	2914.6035203429105	2482.4528771995842	2922.658248683173	2497.946045016348	0.6291835247475788	0.7522377973690793	0.7059835740087794	-31.04535168933771	-31.370330376889907	36.90636929727383
scaled_total	106	deviation_load[720]	0.14271843105020102	1844.8504072525554	1854.1440328670667	1822.9724492771031	1861.4068062436331	0.822044290895302	0.8761962745992806	0.8822118312230813	45.470523318145965	45.14554463059377	37.90735886664904
scaled_total	106	population_intercept_at_load0	0.9989276766921099	2409.4833104423587	1951.0293409632804	2438.269658131122	1950.2760330948615	0.3667780169343075	12.261656025615608	12.365863156055598	5483.560683631264	5472.159430450589	553.0715160830924
scaled_total	106	log_sigma_intercept_at_subject0	0.0	3865.6945206423975	3865.6945206423975	3863.790562931674	3863.790562931674	0.03195871589116609	0.03195871589116609	0.03195871589116609	-49.534628129837515	-49.534628129837515	1.9865344900587925
scaled_total	107	population_intercept_at_mean_load	0.9996713313630762	2213.008920746509	1977.5729820396762	2246.6521065101056	1980.0584055718764	0.21183654393158427	12.210899606237078	12.384167883196255	5627.3611159958455	5618.680868836907	553.8468170558788
scaled_total	107	population_load	0.8486738753388134	2467.842932646298	2114.2210486523127	2478.1039156522147	2104.2471238551225	0.12147595989041604	0.3305073556315353	0.3424869454267134	58.54697447039242	58.745683772668855	15.545086439729102
scaled_total	107	log_tau_intercept	0.0	98.87039931613431	98.87039931613431	100.15702310487681	100.15702310487681	0.016092002696656227	0.016092002696656227	0.016092002696656227	7.829217212205876	7.829217212205876	0.1610463182207523
scaled_total	107	log_tau_load	0.0	319.94715330140946	319.94715330140946	319.64678471294457	319.64678471294457	0.012380298392931836	0.012380298392931836	0.012380298392931836	4.110906031277505	4.110906031277505	0.22134324999120386
scaled_total	107	log_sigma_intercept	0.0	4881.874316919948	4881.874316919948	4884.086732650507	4884.086732650507	0.00021406907292478156	0.00021406907292478156	0.00021406907292478156	6.051301868446332	6.051301868446332	0.014960482900004806
scaled_total	107	log_sigma_subj_slope	0.0	3867.5831562565095	3867.5831562565095	3863.7881965612482	3863.7881965612482	4.496455188786939e-5	4.496455188786939e-5	4.496455188786939e-5	0.0782043668725733	0.0782043668725733	0.0027949685496262778
scaled_total	107	deviation_intercept[701]	0.990959464869329	3459.480483675098	1971.3346412934266	3434.0916280509405	1970.6816045116195	0.900972426522826	12.265589325766678	12.393215756773602	-4866.585273202794	-4857.4094122230545	555.2906620414428
scaled_total	107	deviation_intercept[702]	0.9955984439077074	2446.2542193148615	1975.0851603502497	2443.9603005756285	1978.538518975054	0.7434679607444481	12.198346220199726	12.38276181185928	-3926.3526470168968	-3917.176786037157	553.9954664445193
scaled_total	107	deviation_intercept[703]	0.9946648835603578	2395.4428009985418	1973.335332087813	2401.465306307737	1977.4035684178525	0.8261211013360139	12.222284622833003	12.387999094069214	-3647.0449814669564	-3637.869120487216	554.2553866002969
scaled_total	107	deviation_intercept[704]	0.9942006316870904	3242.7044016033365	1970.7169155058255	3236.0602081750617	1976.7614352654605	0.7421528285024898	12.259448469891819	12.382682920168847	-664.9483684497028	-655.7725074699625	554.3847790294828
scaled_total	107	deviation_intercept[705]	0.9927520691609134	2263.1737811199623	1982.442880742756	2256.3489757470493	1987.4394337284336	0.994332878660758	12.243683989531819	12.400352549592	-1363.8149173947336	-1354.639056414993	554.7890936162702
scaled_total	107	deviation_intercept[706]	0.9931620023520072	2147.800073434119	1969.6415235170252	2149.820392830219	1971.0562760571233	0.9892399618918798	12.241407345693219	12.399945208862452	30.103180465257292	39.279041444997524	554.6745856428865
scaled_total	107	deviation_intercept[707]	0.9920454781021224	2187.6953212554954	1953.7368817023319	2174.441614448029	1960.610892671656	1.0614894686469285	12.303996071918727	12.405918159194641	-99.5814119946163	-90.40555101487608	554.9866345777481
scaled_total	107	deviation_intercept[708]	0.9899717354408466	1639.3347392122325	1983.2799582588514	1640.5974301069418	1989.4599946472217	1.3735636703672582	12.245229601745653	12.436507654367436	-461.0232352282456	-451.8473742485053	555.5676094371017
scaled_total	107	deviation_intercept[709]	0.9892251564752383	1818.2893159675339	1968.8120759114802	1819.062506310975	1976.058922971751	1.3526405850028427	12.296648980736185	12.43421417029576	-1154.312238573932	-1145.136377594192	555.7772163497272
scaled_total	107	deviation_intercept[710]	0.9876793064697088	1894.6383233599395	1987.4896756748785	1910.869709375542	1987.1451912179841	1.4123501401039837	12.263747382472372	12.440851192697338	172.7230774287128	181.89893840845295	556.2119790807778
scaled_total	107	deviation_intercept[711]	0.9862642854108659	3392.4948015850464	1982.8481942471028	3364.8507262434086	1981.8096597152617	1.1245904463588763	12.31005613256069	12.411476509772264	-1746.9445142057407	-1737.7686532260007	556.6108425376981
scaled_total	107	deviation_intercept[712]	0.9833981970122664	2513.3185407255223	1974.859478445786	2513.6189765656777	1976.3391493283218	1.4325556972046922	12.30665246555092	12.443161226399852	1077.9611061088783	1087.1369670886188	557.4213662969823
scaled_total	107	deviation_intercept[713]	0.982566330596688	2602.740024157355	2012.6858171429544	2598.853843892534	2013.0872764504013	1.4443446972124137	12.173175756635196	12.44452397984562	3877.1486512857823	3886.3245122655235	557.6572801461892
scaled_total	107	deviation_intercept[714]	0.9788890022324176	2042.517268954461	1982.114946010052	2045.085311022214	1980.5340270262902	1.795065317197297	12.281488525501691	12.490088269247407	139.50792191949856	148.68378289923882	558.7037555973825
scaled_total	107	deviation_intercept[715]	0.976162073236768	3056.4530063246875	2019.8089101203936	3064.047066778545	2022.5948056169814	1.560536297993002	12.221344632692029	12.458544016775827	905.6109779063419	914.7868388860821	559.4835866226159
scaled_total	107	deviation_intercept[716]	0.958731745763698	2803.306306544052	2003.6883731741982	2820.8312515784583	2006.6860834896647	2.1593311843402963	12.375598466683261	12.547619560866973	753.7419312317342	762.9177922114744	564.5465546159347
scaled_total	107	deviation_intercept[717]	0.9688738452947696	1762.2594975542	1992.9627663016772	1760.92500315734	1996.4984005735307	2.3610598986803404	12.326814230149282	12.583904375262213	1473.611329782145	1482.7871907618853	561.5839654537931
scaled_total	107	deviation_intercept[718]	0.9615612381608069	1559.2801980039176	2025.9764217884108	1555.4377485905554	2031.8601140640965	2.8023231793164105	12.219644338869305	12.67410985757663	1297.6074013128402	1306.7832622925807	563.7153246502924
scaled_total	107	deviation_intercept[719]	0.9624681945759324	2770.5304452652686	1992.9208456156766	2802.5697679291593	1996.2858835295845	2.0619428955083903	12.408100179718629	12.531227153991127	4679.483315404977	4688.659176384717	563.4496609463005
scaled_total	107	deviation_intercept[720]	0.9595575606080907	2140.5293402437164	2056.5338676631113	2155.725441093163	2056.9006758379064	2.4441887879271684	12.231977511809648	12.599766041939665	3286.3940173190213	3295.569878298762	564.3035721753056
scaled_total	107	deviation_load[701]	0.38827144165941707	3335.056990890501	2235.9185815699693	3311.507249570641	2238.624773541735	0.31236499343867363	0.4826687462442604	0.44733967863622964	-22.83157847987069	-23.03028778214712	22.982424069442875
scaled_total	107	deviation_load[702]	0.5739696068022717	2562.768179552089	2304.8551107892918	2565.2882097428187	2300.244519286726	0.24359665423212842	0.38980940817117987	0.4023434216058586	-36.35182411923579	-36.55053342151223	18.902494052784117
scaled_total	107	deviation_load[703]	0.5364430762948403	2740.858503383922	2111.6822471597857	2759.284638894138	2134.620065727021	0.25342824748616194	0.4161748532355598	0.4083708799367677	-37.66443207351747	-37.8631413757939	19.552474848486646
scaled_total	107	deviation_load[704]	0.5154747309091977	3204.4096693053816	2496.203066849978	3193.587497222097	2498.691727148152	0.2456850180168866	0.39735635848786566	0.4036112325423816	11.066294653441146	10.867585351164717	19.94618614825483
scaled_total	107	deviation_load[705]	0.4521795963801538	2526.0422804469554	2194.902168157155	2511.2375169130337	2204.0837285635544	0.314545360267057	0.44484699449031173	0.4488648823665706	-20.161495971593244	-20.36020527386968	21.296492277637494
scaled_total	107	deviation_load[706]	0.47782889594902966	2242.736489352247	2054.1835261956558	2242.4538265488954	2046.3350066748167	0.3161345894433593	0.4464527287089742	0.4499799746643665	-5.712811983446129	-5.9115212857225625	20.717023245249095
scaled_total	107	deviation_load[707]	0.43520801044401547	2156.880204177143	2078.1084932734475	2170.43122481775	2080.399688407684	0.3501759921045588	0.47439832090059414	0.4745146197988368	-0.30923421457963157	-0.5079435168560638	21.707765322796458
scaled_total	107	deviation_load[708]	0.39017310271827843	1711.3782254452215	1708.8560299833093	1698.1023971031507	1712.8526873190515	0.4344664494009114	0.5494038153683857	0.5397239985506085	-24.897348280966508	-25.096057583242946	22.926348748208397
scaled_total	107	deviation_load[709]	0.36610893056912797	1982.731448239712	2090.4421965238657	1983.8914571682785	2081.0990661587357	0.4230646705702757	0.5146822142674795	0.5305889316986913	-43.43513393371861	-43.633843235995045	23.667827573211063
scaled_total	107	deviation_load[710]	0.3356487764007683	1647.5918050075268	1612.6601614606327	1650.6735596902324	1633.0959085254765	0.4958945052264691	0.6059258076929134	0.5902984493205341	-74.0581557927208	-74.25686509499722	24.71843802529402
scaled_total	107	deviation_load[711]	0.3117032830700651	3051.870764944016	2788.661774565785	3039.5840861007264	2772.7013146650106	0.3859878530803032	0.4843786741820308	0.5015251954607708	13.825506322566548	13.626797020290114	25.650324859371565
scaled_total	107	deviation_load[712]	0.2712749131127403	2026.2916047984368	2151.708916454493	2022.165386695374	2147.3492456170925	0.5219540427641015	0.5827871883075457	0.6123535920644314	117.51119480117964	117.31248549890323	27.495317659968972
scaled_total	107	deviation_load[713]	0.2743609721799751	2313.035493682811	2219.79291146305	2304.0187836498567	2215.015628780378	0.485198780069051	0.5802564507692993	0.5813422014071556	-13.176718242585114	-13.375427544861546	27.34024433978759
scaled_total	107	deviation_load[714]	0.23952832628031975	2293.469205760531	2113.336908119076	2290.528670564103	2115.2487435500334	0.5331614900522832	0.6300760632391175	0.6219341391427178	-4.137194426443697	-4.33590372872013	29.26072739997303
scaled_total	107	deviation_load[715]	0.2064471438506952	2833.059034752253	2631.488752452798	2846.862743443536	2627.1830521667007	0.5262156785833798	0.6274600386155393	0.6159901292580827	-41.70485679863392	-41.903566100910346	31.518033924254677
scaled_total	107	deviation_load[716]	0.14782661175511078	2733.2138050296862	2829.4180428980426	2714.8675070404424	2796.275753232263	0.6598981499074104	0.7046304466425604	0.7334892413714366	-33.85580595052913	-34.05451525280556	37.246652461570214
scaled_total	107	deviation_load[717]	0.16538803144277042	1740.2527870055362	1721.4780505689455	1726.5705323865736	1713.0578975328892	0.7742151421342773	0.8474388334248998	0.8378245551823018	93.58696081212702	93.38825150985058	35.213688576751665
scaled_total	107	deviation_load[718]	0.13732280723411733	1163.9548897222721	1285.2293015787734	1171.52405577291	1287.141358646131	1.0486746613273359	1.073546465690255	1.096475920513727	112.0251013311864	111.82639202890999	38.644903005740666
scaled_total	107	deviation_load[719]	0.1505651530404293	2914.6035203429105	2568.8023160160046	2922.658248683173	2555.06545739044	0.6291835247475788	0.730324277012316	0.7059835740087794	-31.171621074613483	-31.370330376889907	36.90636929727383
scaled_total	107	deviation_load[720]	0.14271843105020102	1844.8504072525554	1942.4747064241672	1822.9724492771031	1917.61000588305	0.822044290895302	0.8658294534722413	0.8822118312230813	45.344253932870195	45.14554463059377	37.90735886664904
scaled_total	107	population_intercept_at_load0	0.9989276766921099	2409.4833104423587	1972.7870631848282	2438.269658131122	1977.6613362225035	0.3667780169343075	12.209184242814866	12.365863156055598	5481.335291430328	5472.159430450589	553.0715160830924
scaled_total	107	log_sigma_intercept_at_subject0	0.0	3865.6945206423975	3865.6945206423975	3863.790562931674	3863.790562931674	0.03195871589116609	0.03195871589116609	0.03195871589116609	-49.534628129837515	-49.534628129837515	1.9865344900587925
scaled_total	108	population_intercept_at_mean_load	0.9996713313630762	2213.008920746509	2044.1777532232118	2246.6521065101056	2039.2052061576633	0.21183654393158427	12.302549137693877	12.384167883196255	5629.6817531024635	5618.680868836907	553.8468170558788
scaled_total	108	population_load	0.8486738753388134	2467.842932646298	1928.9308799055013	2478.1039156522147	1930.0130769885575	0.12147595989041604	0.34723637520816725	0.3424869454267134	59.05996359566134	58.745683772668855	15.545086439729102
scaled_total	108	log_tau_intercept	0.0	98.87039931613431	98.87039931613431	100.15702310487681	100.15702310487681	0.016092002696656227	0.016092002696656227	0.016092002696656227	7.829217212205876	7.829217212205876	0.1610463182207523
scaled_total	108	log_tau_load	0.0	319.94715330140946	319.94715330140946	319.64678471294457	319.64678471294457	0.012380298392931836	0.012380298392931836	0.012380298392931836	4.110906031277505	4.110906031277505	0.22134324999120386
scaled_total	108	log_sigma_intercept	0.0	4881.874316919948	4881.874316919948	4884.086732650507	4884.086732650507	0.00021406907292478156	0.00021406907292478156	0.00021406907292478156	6.051301868446332	6.051301868446332	0.014960482900004806
scaled_total	108	log_sigma_subj_slope	0.0	3867.5831562565095	3867.5831562565095	3863.7881965612482	3863.7881965612482	4.496455188786939e-5	4.496455188786939e-5	4.496455188786939e-5	0.0782043668725733	0.0782043668725733	0.0027949685496262778
scaled_total	108	deviation_intercept[701]	0.990959464869329	3459.480483675098	2078.3324801378258	3434.0916280509405	2068.821033602971	0.900972426522826	12.263064909821749	12.393215756773602	-4867.626430700295	-4857.4094122230545	555.2906620414428
scaled_total	108	deviation_intercept[702]	0.9955984439077074	2446.2542193148615	2047.788006260049	2443.9603005756285	2045.856395192341	0.7434679607444481	12.307307879727526	12.38276181185928	-3927.3938045143977	-3917.176786037157	553.9954664445193
scaled_total	108	deviation_intercept[703]	0.9946648835603578	2395.4428009985418	2056.17293796825	2401.465306307737	2052.2220659178506	0.8261211013360139	12.252701593722934	12.387999094069214	-3648.0861389644574	-3637.869120487216	554.2553866002969
scaled_total	108	deviation_intercept[704]	0.9942006316870904	3242.7044016033365	2053.5575196691034	3236.0602081750617	2051.454586272939	0.7421528285024898	12.293264553391975	12.382682920168847	-665.9895259472034	-655.7725074699625	554.3847790294828
scaled_total	108	deviation_intercept[705]	0.9927520691609134	2263.1737811199623	2056.826737246239	2256.3489757470493	2058.7379835448064	0.994332878660758	12.289473281518477	12.400352549592	-1364.856074892234	-1354.639056414993	554.7890936162702
scaled_total	108	deviation_intercept[706]	0.9931620023520072	2147.800073434119	2069.9208434781153	2149.820392830219	2065.588764401447	0.9892399618918798	12.234630857087382	12.399945208862452	29.062022967756903	39.279041444997524	554.6745856428865
scaled_total	108	deviation_intercept[707]	0.9920454781021224	2187.6953212554954	2067.2149669203923	2174.441614448029	2064.1744507151557	1.0614894686469285	12.243398473677297	12.405918159194641	-100.62256949211668	-90.40555101487608	554.9866345777481
scaled_total	108	deviation_intercept[708]	0.9899717354408466	1639.3347392122325	2044.1900932722099	1640.5974301069418	2044.7512990289872	1.3735636703672582	12.334000113373842	12.436507654367436	-462.06439272574585	-451.8473742485053	555.5676094371017
scaled_total	108	deviation_intercept[709]	0.9892251564752383	1818.2893159675339	2050.396061451568	1819.062506310975	2044.462650985977	1.3526405850028427	12.289029776629574	12.43421417029576	-1155.3533960714326	-1145.136377594192	555.7772163497272
scaled_total	108	deviation_intercept[710]	0.9876793064697088	1894.6383233599395	2038.7989821964272	1910.869709375542	2036.882666510507	1.4123501401039837	12.357898299916778	12.440851192697338	171.68191993121238	181.89893840845295	556.2119790807778
scaled_total	108	deviation_intercept[711]	0.9862642854108659	3392.4948015850464	2066.932502237927	3364.8507262434086	2061.484490938924	1.1245904463588763	12.328665351712887	12.411476509772264	-1747.9856717032408	-1737.7686532260007	556.6108425376981
scaled_total	108	deviation_intercept[712]	0.9833981970122664	2513.3185407255223	2063.3079650812374	2513.6189765656777	2061.1821222741187	1.4325556972046922	12.32760428066856	12.443161226399852	1076.9199486113782	1087.1369670886188	557.4213662969823
scaled_total	108	deviation_intercept[713]	0.982566330596688	2602.740024157355	2118.419068870068	2598.853843892534	2118.0574550726787	1.4443446972124137	12.189676190713724	12.44452397984562	3876.1074937882827	3886.3245122655235	557.6572801461892
scaled_total	108	deviation_intercept[714]	0.9788890022324176	2042.517268954461	2050.4366149603666	2045.085311022214	2051.6463095016766	1.795065317197297	12.315931924675665	12.490088269247407	138.46676442199816	148.68378289923882	558.7037555973825
scaled_total	108	deviation_intercept[715]	0.976162073236768	3056.4530063246875	2064.9228406833286	3064.047066778545	2063.8261344075663	1.560536297993002	12.360828443199923	12.458544016775827	904.5698204088416	914.7868388860821	559.4835866226159
scaled_total	108	deviation_intercept[716]	0.958731745763698	2803.306306544052	2145.032795490309	2820.8312515784583	2135.4357554152593	2.1593311843402963	12.283949435038766	12.547619560866973	752.7007737342336	762.9177922114744	564.5465546159347
scaled_total	108	deviation_intercept[717]	0.9688738452947696	1762.2594975542	2087.5473236033217	1760.92500315734	2089.063644625757	2.3610598986803404	12.314932850184366	12.583904375262213	1472.5701722846445	1482.7871907618853	561.5839654537931
scaled_total	108	deviation_intercept[718]	0.9615612381608069	1559.2801980039176	2059.5299462414255	1555.4377485905554	2056.0970391682713	2.8023231793164105	12.540362795843496	12.67410985757663	1296.5662438153397	1306.7832622925807	563.7153246502924
scaled_total	108	deviation_intercept[719]	0.9624681945759324	2770.5304452652686	2109.366495190859	2802.5697679291593	2109.2908578913507	2.0619428955083903	12.378761039975426	12.531227153991127	4678.442157907477	4688.659176384717	563.4496609463005
scaled_total	108	deviation_intercept[720]	0.9595575606080907	2140.5293402437164	2031.1297333232053	2155.725441093163	2033.7173091227921	2.4441887879271684	12.627394665626369	12.599766041939665	3285.3528598215207	3295.569878298762	564.3035721753056
scaled_total	108	deviation_load[701]	0.38827144165941707	3335.056990890501	2558.8979802591116	3311.507249570641	2554.6105544168545	0.31236499343867363	0.4595715940714781	0.44733967863622964	-23.344567605139584	-23.03028778214712	22.982424069442875
scaled_total	108	deviation_load[702]	0.5739696068022717	2562.768179552089	2189.5355214215983	2565.2882097428187	2182.04737972489	0.24359665423212842	0.4023290659258881	0.4023434216058586	-36.864813244504695	-36.55053342151223	18.902494052784117
scaled_total	108	deviation_load[703]	0.5364430762948403	2740.858503383922	1889.4460249935184	2759.284638894138	1876.6462374311168	0.25342824748616194	0.44266746041862204	0.4083708799367677	-38.17742119878637	-37.8631413757939	19.552474848486646
scaled_total	108	deviation_load[704]	0.5154747309091977	3204.4096693053816	2219.304622876873	3193.587497222097	2240.8296870054583	0.2456850180168866	0.4162007573223767	0.4036112325423816	10.553305528172244	10.867585351164717	19.94618614825483
scaled_total	108	deviation_load[705]	0.4521795963801538	2526.0422804469554	2251.2039173401963	2511.2375169130337	2247.1223000319555	0.314545360267057	0.44531910890858006	0.4488648823665706	-20.674485096862146	-20.36020527386968	21.296492277637494
scaled_total	108	deviation_load[706]	0.47782889594902966	2242.736489352247	1703.8549887980996	2242.4538265488954	1695.791420159276	0.3161345894433593	0.49207486842915216	0.4499799746643665	-6.225801108715031	-5.9115212857225625	20.717023245249095
scaled_total	108	deviation_load[707]	0.43520801044401547	2156.880204177143	2006.440003269339	2170.43122481775	2000.22800406341	0.3501759921045588	0.47409221221580006	0.4745146197988368	-0.8222233398485324	-0.5079435168560638	21.707765322796458
scaled_total	108	deviation_load[708]	0.39017310271827843	1711.3782254452215	1836.5282899325796	1698.1023971031507	1844.254624807388	0.4344664494009114	0.5254352505400216	0.5397239985506085	-25.410337406235413	-25.096057583242946	22.926348748208397
scaled_total	108	deviation_load[709]	0.36610893056912797	1982.731448239712	1890.0145655551946	1983.8914571682785	1897.8951815938763	0.4230646705702757	0.5341631704454401	0.5305889316986913	-43.948123058987505	-43.633843235995045	23.667827573211063
scaled_total	108	deviation_load[710]	0.3356487764007683	1647.5918050075268	2061.631040843206	1650.6735596902324	2061.4736009860767	0.4958945052264691	0.5432863806938553	0.5902984493205341	-74.5711449179897	-74.25686509499722	24.71843802529402
scaled_total	108	deviation_load[711]	0.3117032830700651	3051.870764944016	2400.0878696735767	3039.5840861007264	2404.273447229333	0.3859878530803032	0.5210549868430638	0.5015251954607708	13.312517197297645	13.626797020290114	25.650324859371565
scaled_total	108	deviation_load[712]	0.2712749131127403	2026.2916047984368	2386.9800982699844	2022.165386695374	2383.157392592886	0.5219540427641015	0.557468168425916	0.6123535920644314	116.99820567591073	117.31248549890323	27.495317659968972
scaled_total	108	deviation_load[713]	0.2743609721799751	2313.035493682811	2099.4109706339054	2304.0187836498567	2119.279130669787	0.485198780069051	0.5858943603724607	0.5813422014071556	-13.689707367854014	-13.375427544861546	27.34024433978759
scaled_total	108	deviation_load[714]	0.23952832628031975	2293.469205760531	2032.3494225592872	2290.528670564103	2039.835351741754	0.5331614900522832	0.6407477034303236	0.6219341391427178	-4.650183551712598	-4.33590372872013	29.26072739997303
scaled_total	108	deviation_load[715]	0.2064471438506952	2833.059034752253	2624.604093003371	2846.862743443536	2640.421710813426	0.5262156785833798	0.6204917801861266	0.6159901292580827	-42.217845923902814	-41.903566100910346	31.518033924254677
scaled_total	108	deviation_load[716]	0.14782661175511078	2733.2138050296862	2524.4751067837665	2714.8675070404424	2550.2016271851603	0.6598981499074104	0.7382378083505245	0.7334892413714366	-34.36879507579802	-34.05451525280556	37.246652461570214
scaled_total	108	deviation_load[717]	0.16538803144277042	1740.2527870055362	1930.3452566362066	1726.5705323865736	1916.4405606614598	0.7742151421342773	0.8087539446921361	0.8378245551823018	93.07397168685813	93.38825150985058	35.213688576751665
scaled_total	108	deviation_load[718]	0.13732280723411733	1163.9548897222721	1418.4494771846278	1171.52405577291	1432.7692768603415	1.0486746613273359	1.0353956623923015	1.096475920513727	111.51211220591753	111.82639202890999	38.644903005740666
scaled_total	108	deviation_load[719]	0.1505651530404293	2914.6035203429105	2753.1554535486794	2922.658248683173	2760.568131049858	0.6291835247475788	0.7070440536010028	0.7059835740087794	-31.68461019988237	-31.370330376889907	36.90636929727383
scaled_total	108	deviation_load[720]	0.14271843105020102	1844.8504072525554	1790.125329672976	1822.9724492771031	1770.4293308012616	0.822044290895302	0.9104096659034976	0.8822118312230813	44.8312648076013	45.14554463059377	37.90735886664904
scaled_total	108	population_intercept_at_load0	0.9989276766921099	2409.4833104423587	2052.399194759735	2438.269658131122	2050.453629277613	0.3667780169343075	12.254313220125647	12.365863156055598	5482.376448927829	5472.159430450589	553.0715160830924
scaled_total	108	log_sigma_intercept_at_subject0	0.0	3865.6945206423975	3865.6945206423975	3863.790562931674	3863.790562931674	0.03195871589116609	0.03195871589116609	0.03195871589116609	-49.534628129837515	-49.534628129837515	1.9865344900587925
scaled_total	109	population_intercept_at_mean_load	0.9996713313630762	2213.008920746509	1924.5234106865696	2246.6521065101056	1919.581151454167	0.21183654393158427	12.689150966396591	12.384167883196255	5603.375334534092	5618.680868836907	553.8468170558788
scaled_total	109	population_load	0.8486738753388134	2467.842932646298	1988.217681694584	2478.1039156522147	1957.9498846054883	0.12147595989041604	0.3542565537109821	0.3424869454267134	59.15450040576488	58.745683772668855	15.545086439729102
scaled_total	109	log_tau_intercept	0.0	98.87039931613431	98.87039931613431	100.15702310487681	100.15702310487681	0.016092002696656227	0.016092002696656227	0.016092002696656227	7.829217212205876	7.829217212205876	0.1610463182207523
scaled_total	109	log_tau_load	0.0	319.94715330140946	319.94715330140946	319.64678471294457	319.64678471294457	0.012380298392931836	0.012380298392931836	0.012380298392931836	4.110906031277505	4.110906031277505	0.22134324999120386
scaled_total	109	log_sigma_intercept	0.0	4881.874316919948	4881.874316919948	4884.086732650507	4884.086732650507	0.00021406907292478156	0.00021406907292478156	0.00021406907292478156	6.051301868446332	6.051301868446332	0.014960482900004806
scaled_total	109	log_sigma_subj_slope	0.0	3867.5831562565095	3867.5831562565095	3863.7881965612482	3863.7881965612482	4.496455188786939e-5	4.496455188786939e-5	4.496455188786939e-5	0.0782043668725733	0.0782043668725733	0.0027949685496262778
scaled_total	109	deviation_intercept[701]	0.990959464869329	3459.480483675098	1930.5815898970318	3434.0916280509405	1931.0908875039613	0.900972426522826	12.666329610129289	12.393215756773602	-4841.084221712826	-4857.4094122230545	555.2906620414428
scaled_total	109	deviation_intercept[702]	0.9955984439077074	2446.2542193148615	1926.248826419761	2443.9603005756285	1923.4056185853203	0.7434679607444481	12.68384913879956	12.38276181185928	-3900.8515955269295	-3917.176786037157	553.9954664445193
scaled_total	109	deviation_intercept[703]	0.9946648835603578	2395.4428009985418	1930.206287533687	2401.465306307737	1927.5641795912434	0.8261211013360139	12.638726614667465	12.387999094069214	-3621.5439299769887	-3637.869120487216	554.2553866002969
scaled_total	109	deviation_intercept[704]	0.9942006316870904	3242.7044016033365	1930.977486786089	3236.0602081750617	1926.9263772070958	0.7421528285024898	12.662815815434055	12.382682920168847	-639.447316959735	-655.7725074699625	554.3847790294828
scaled_total	109	deviation_intercept[705]	0.9927520691609134	2263.1737811199623	1932.8741541484872	2256.3489757470493	1930.7504543270832	0.994332878660758	12.651092550629825	12.400352549592	-1338.3138659047656	-1354.639056414993	554.7890936162702
scaled_total	109	deviation_intercept[706]	0.9931620023520072	2147.800073434119	1923.9457895737266	2149.820392830219	1921.1394038371825	0.9892399618918798	12.660091106843618	12.399945208862452	55.60423195522516	39.279041444997524	554.6745856428865
scaled_total	109	deviation_intercept[707]	0.9920454781021224	2187.6953212554954	1923.931961061031	2174.441614448029	1923.5847049859422	1.0614894686469285	12.650287462832932	12.405918159194641	-74.08036050464844	-90.40555101487608	554.9866345777481
scaled_total	109	deviation_intercept[708]	0.9899717354408466	1639.3347392122325	1911.0757762893834	1640.5974301069418	1908.113467028615	1.3735636703672582	12.740382058119758	12.436507654367436	-435.52218373827765	-451.8473742485053	555.5676094371017
scaled_total	109	deviation_intercept[709]	0.9892251564752383	1818.2893159675339	1921.3475683597635	1819.062506310975	1916.7612437445537	1.3526405850028427	12.756153089185556	12.43421417029576	-1128.8111870839643	-1145.136377594192	555.7772163497272
scaled_total	109	deviation_intercept[710]	0.9876793064697088	1894.6383233599395	1923.3616373482375	1910.869709375542	1918.5050448530367	1.4123501401039837	12.714043029173599	12.440851192697338	198.22412891868066	181.89893840845295	556.2119790807778
scaled_total	109	deviation_intercept[711]	0.9862642854108659	3392.4948015850464	1938.0216341652897	3364.8507262434086	1935.4568262590285	1.1245904463588763	12.677970652131606	12.411476509772264	-1721.443462715773	-1737.7686532260007	556.6108425376981
scaled_total	109	deviation_intercept[712]	0.9833981970122664	2513.3185407255223	1920.5875115908577	2513.6189765656777	1917.5210564844635	1.4325556972046922	12.797654354343742	12.443161226399852	1103.4621575988465	1087.1369670886188	557.4213662969823
scaled_total	109	deviation_intercept[713]	0.982566330596688	2602.740024157355	1934.2107965015302	2598.853843892534	1934.3600537760365	1.4443446972124137	12.74931156574984	12.44452397984562	3902.649702775751	3886.3245122655235	557.6572801461892
scaled_total	109	deviation_intercept[714]	0.9788890022324176	2042.517268954461	1942.8669230031585	2045.085311022214	1943.4309734056085	1.795065317197297	12.726414104054523	12.490088269247407	165.00897340946642	148.68378289923882	558.7037555973825
scaled_total	109	deviation_intercept[715]	0.976162073236768	3056.4530063246875	1923.2398761198638	3064.047066778545	1919.8495140861587	1.560536297993002	12.733934920180198	12.458544016775827	931.1120293963098	914.7868388860821	559.4835866226159
scaled_total	109	deviation_intercept[716]	0.958731745763698	2803.306306544052	1926.267174419474	2820.8312515784583	1926.5762660759767	2.1593311843402963	13.067287037603547	12.547619560866973	779.242982721702	762.9177922114744	564.5465546159347
scaled_total	109	deviation_intercept[717]	0.9688738452947696	1762.2594975542	1940.4137922150644	1760.92500315734	1937.848736728687	2.3610598986803404	12.85200474726567	12.583904375262213	1499.1123812721128	1482.7871907618853	561.5839654537931
scaled_total	109	deviation_intercept[718]	0.9615612381608069	1559.2801980039176	1937.7716472217069	1555.4377485905554	1935.8768538597938	2.8023231793164105	12.818237977872831	12.67410985757663	1323.108452802808	1306.7832622925807	563.7153246502924
scaled_total	109	deviation_intercept[719]	0.9624681945759324	2770.5304452652686	1982.2303834466993	2802.5697679291593	1978.5336622700468	2.0619428955083903	12.776187920417582	12.531227153991127	4704.984366894943	4688.659176384717	563.4496609463005
scaled_total	109	deviation_intercept[720]	0.9595575606080907	2140.5293402437164	1943.2408068307475	2155.725441093163	1942.4729676916015	2.4441887879271684	12.865196117714568	12.599766041939665	3311.8950688089894	3295.569878298762	564.3035721753056
scaled_total	109	deviation_load[701]	0.38827144165941707	3335.056990890501	3012.3564498552505	3311.507249570641	2982.2678405016327	0.31236499343867363	0.41777428379324805	0.44733967863622964	-23.43910441524313	-23.03028778214712	22.982424069442875
scaled_total	109	deviation_load[702]	0.5739696068022717	2562.768179552089	2106.245825652623	2565.2882097428187	2130.6128575192197	0.24359665423212842	0.4124205659117556	0.4023434216058586	-36.95935005460824	-36.55053342151223	18.902494052784117
scaled_total	109	deviation_load[703]	0.5364430762948403	2740.858503383922	1878.1599791555366	2759.284638894138	1835.683920953216	0.25342824748616194	0.4612946383770818	0.4083708799367677	-38.27195800888992	-37.8631413757939	19.552474848486646
scaled_total	109	deviation_load[704]	0.5154747309091977	3204.4096693053816	2508.6694004395995	3193.587497222097	2507.328395417158	0.2456850180168866	0.39855657197828287	0.4036112325423816	10.458768718068702	10.867585351164717	19.94618614825483
scaled_total	109	deviation_load[705]	0.4521795963801538	2526.0422804469554	2276.1742863772047	2511.2375169130337	2267.6528324784726	0.314545360267057	0.4490376139334986	0.4488648823665706	-20.769021906965694	-20.36020527386968	21.296492277637494
scaled_total	109	deviation_load[706]	0.47782889594902966	2242.736489352247	2093.9309865202554	2242.4538265488954	2084.147817086048	0.3161345894433593	0.45487887914949793	0.4499799746643665	-6.320337918818575	-5.9115212857225625	20.717023245249095
scaled_total	109	deviation_load[707]	0.43520801044401547	2156.880204177143	2173.9430260583836	2170.43122481775	2178.632826219339	0.3501759921045588	0.47308818402493086	0.4745146197988368	-0.9167601499520749	-0.5079435168560638	21.707765322796458
scaled_total	109	deviation_load[708]	0.39017310271827843	1711.3782254452215	1865.9882430607042	1698.1023971031507	1865.215867893658	0.4344664494009114	0.5338913344316443	0.5397239985506085	-25.504874216338962	-25.096057583242946	22.926348748208397
scaled_total	109	deviation_load[709]	0.36610893056912797	1982.731448239712	2063.9936193384715	1983.8914571682785	2059.336968464779	0.4230646705702757	0.5244907927348468	0.5305889316986913	-44.04265986909106	-43.633843235995045	23.667827573211063
scaled_total	109	deviation_load[710]	0.3356487764007683	1647.5918050075268	1534.6419792214494	1650.6735596902324	1473.8782419363492	0.4958945052264691	0.6499049845491676	0.5902984493205341	-74.66568172809322	-74.25686509499722	24.71843802529402
scaled_total	109	deviation_load[711]	0.3117032830700651	3051.870764944016	2780.640644773863	3039.5840861007264	2787.3855450220503	0.3859878530803032	0.4910817420719928	0.5015251954607708	13.217980387194102	13.626797020290114	25.650324859371565
scaled_total	109	deviation_load[712]	0.2712749131127403	2026.2916047984368	2248.079092335518	2022.165386695374	2249.445992115951	0.5219540427641015	0.5836441333684598	0.6123535920644314	116.9036688658072	117.31248549890323	27.495317659968972
scaled_total	109	deviation_load[713]	0.2743609721799751	2313.035493682811	2097.7296223484173	2304.0187836498567	2102.2730926999675	0.485198780069051	0.5890079161594296	0.5813422014071556	-13.784244177957559	-13.375427544861546	27.34024433978759
scaled_total	109	deviation_load[714]	0.23952832628031975	2293.469205760531	2349.029093128532	2290.528670564103	2362.787008558948	0.5331614900522832	0.6059036400264904	0.6219341391427178	-4.744720361816141	-4.33590372872013	29.26072739997303
scaled_total	109	deviation_load[715]	0.2064471438506952	2833.059034752253	2105.239914880209	2846.862743443536	2087.078549010654	0.5262156785833798	0.6836916269560084	0.6159901292580827	-42.312382734006356	-41.903566100910346	31.518033924254677
scaled_total	109	deviation_load[716]	0.14782661175511078	2733.2138050296862	2448.3179339789212	2714.8675070404424	2434.677475483585	0.6598981499074104	0.7487116065966655	0.7334892413714366	-34.46333188590155	-34.05451525280556	37.246652461570214
scaled_total	109	deviation_load[717]	0.16538803144277042	1740.2527870055362	1802.7808699129262	1726.5705323865736	1786.6412512698273	0.7742151421342773	0.8343287596072733	0.8378245551823018	92.9794348767546	93.38825150985058	35.213688576751665
scaled_total	109	deviation_load[718]	0.13732280723411733	1163.9548897222721	1345.3414739650273	1171.52405577291	1360.1915159098003	1.0486746613273359	1.0370965580104712	1.096475920513727	111.41757539581394	111.82639202890999	38.644903005740666
scaled_total	109	deviation_load[719]	0.1505651530404293	2914.6035203429105	2519.0267785247133	2922.658248683173	2503.8919607437406	0.6291835247475788	0.7400711046547797	0.7059835740087794	-31.77914700998592	-31.370330376889907	36.90636929727383
scaled_total	109	deviation_load[720]	0.14271843105020102	1844.8504072525554	2018.5484664393623	1822.9724492771031	1988.0139383821477	0.822044290895302	0.8574691214448557	0.8822118312230813	44.73672799749776	45.14554463059377	37.90735886664904
scaled_total	109	population_intercept_at_load0	0.9989276766921099	2409.4833104423587	1925.408754488827	2438.269658131122	1921.2942687396678	0.3667780169343075	12.662047649275408	12.365863156055598	5455.834239940359	5472.159430450589	553.0715160830924
scaled_total	109	log_sigma_intercept_at_subject0	0.0	3865.6945206423975	3865.6945206423975	3863.790562931674	3863.790562931674	0.03195871589116609	0.03195871589116609	0.03195871589116609	-49.534628129837515	-49.534628129837515	1.9865344900587925
scaled_total	110	population_intercept_at_mean_load	0.9996713313630762	2213.008920746509	1733.2887300032419	2246.6521065101056	1712.415411704133	0.21183654393158427	13.234749229067653	12.384167883196255	5614.646737086304	5618.680868836907	553.8468170558788
scaled_total	110	population_load	0.8486738753388134	2467.842932646298	2071.6744578870826	2478.1039156522147	2065.309820814027	0.12147595989041604	0.3502538348008574	0.3424869454267134	58.447401733960405	58.745683772668855	15.545086439729102
scaled_total	110	log_tau_intercept	0.0	98.87039931613431	98.87039931613431	100.15702310487681	100.15702310487681	0.016092002696656227	0.016092002696656227	0.016092002696656227	7.829217212205876	7.829217212205876	0.1610463182207523
scaled_total	110	log_tau_load	0.0	319.94715330140946	319.94715330140946	319.64678471294457	319.64678471294457	0.012380298392931836	0.012380298392931836	0.012380298392931836	4.110906031277505	4.110906031277505	0.22134324999120386
scaled_total	110	log_sigma_intercept	0.0	4881.874316919948	4881.874316919948	4884.086732650507	4884.086732650507	0.00021406907292478156	0.00021406907292478156	0.00021406907292478156	6.051301868446332	6.051301868446332	0.014960482900004806
scaled_total	110	log_sigma_subj_slope	0.0	3867.5831562565095	3867.5831562565095	3863.7881965612482	3863.7881965612482	4.496455188786939e-5	4.496455188786939e-5	4.496455188786939e-5	0.0782043668725733	0.0782043668725733	0.0027949685496262778
scaled_total	110	deviation_intercept[701]	0.990959464869329	3459.480483675098	1756.8307709002731	3434.0916280509405	1733.8002268046516	0.900972426522826	13.198809588107533	12.393215756773602	-4854.119245144397	-4857.4094122230545	555.2906620414428
scaled_total	110	deviation_intercept[702]	0.9955984439077074	2446.2542193148615	1693.046508960496	2443.9603005756285	1677.4777706464765	0.7434679607444481	13.407544121328796	12.38276181185928	-3913.8866189585	-3917.176786037157	553.9954664445193
scaled_total	110	deviation_intercept[703]	0.9946648835603578	2395.4428009985418	1700.779942890392	2401.465306307737	1685.2996563922943	0.8261211013360139	13.347238877147532	12.387999094069214	-3634.5789534085593	-3637.869120487216	554.2553866002969
scaled_total	110	deviation_intercept[704]	0.9942006316870904	3242.7044016033365	1745.1306831962315	3236.0602081750617	1717.652176251727	0.7421528285024898	13.231087871651384	12.382682920168847	-652.4823403913064	-655.7725074699625	554.3847790294828
scaled_total	110	deviation_intercept[705]	0.9927520691609134	2263.1737811199623	1669.9228797589474	2256.3489757470493	1652.2187669057334	0.994332878660758	13.510349723258397	12.400352549592	-1351.348889336337	-1354.639056414993	554.7890936162702
scaled_total	110	deviation_intercept[706]	0.9931620023520072	2147.800073434119	1703.8282270355955	2149.820392830219	1675.5023624159799	0.9892399618918798	13.424868899985881	12.399945208862452	42.56920852365381	39.279041444997524	554.6745856428865
scaled_total	110	deviation_intercept[707]	0.9920454781021224	2187.6953212554954	1722.751883349863	2174.441614448029	1716.1038569401628	1.0614894686469285	13.213183635842546	12.405918159194641	-87.11538393621979	-90.40555101487608	554.9866345777481
scaled_total	110	deviation_intercept[708]	0.9899717354408466	1639.3347392122325	1707.8654598354854	1640.5974301069418	1692.840820119238	1.3735636703672582	13.3647640709847	12.436507654367436	-448.55720716984894	-451.8473742485053	555.5676094371017
scaled_total	110	deviation_intercept[709]	0.9892251564752383	1818.2893159675339	1722.494008202474	1819.062506310975	1694.6338398918151	1.3526405850028427	13.336887260913825	12.43421417029576	-1141.8462105155359	-1145.136377594192	555.7772163497272
scaled_total	110	deviation_intercept[710]	0.9876793064697088	1894.6383233599395	1758.9074578020109	1910.869709375542	1749.4810771728526	1.4123501401039837	13.16409969071523	12.440851192697338	185.18910548710934	181.89893840845295	556.2119790807778
scaled_total	110	deviation_intercept[711]	0.9862642854108659	3392.4948015850464	1775.8236854623658	3364.8507262434086	1746.782459362954	1.1245904463588763	13.204843712437311	12.411476509772264	-1734.4784861473443	-1737.7686532260007	556.6108425376981
scaled_total	110	deviation_intercept[712]	0.9833981970122664	2513.3185407255223	1677.262533041401	2513.6189765656777	1652.446415820098	1.4325556972046922	13.539801060136258	12.443161226399852	1090.427134167275	1087.1369670886188	557.4213662969823
scaled_total	110	deviation_intercept[713]	0.982566330596688	2602.740024157355	1718.7537752570997	2598.853843892534	1703.3144468832922	1.4443446972124137	13.425720950036116	12.44452397984562	3889.614679344179	3886.3245122655235	557.6572801461892
scaled_total	110	deviation_intercept[714]	0.9788890022324176	2042.517268954461	1765.7060381370102	2045.085311022214	1746.2914917684236	1.795065317197297	13.305705430564407	12.490088269247407	151.9739499778951	148.68378289923882	558.7037555973825
scaled_total	110	deviation_intercept[715]	0.976162073236768	3056.4530063246875	1703.4291563084028	3064.047066778545	1706.867595129421	1.560536297993002	13.368040693248707	12.458544016775827	918.0770059647384	914.7868388860821	559.4835866226159
scaled_total	110	deviation_intercept[716]	0.958731745763698	2803.306306544052	1779.1750584962024	2820.8312515784583	1779.5885084479942	2.1593311843402963	13.344517796147855	12.547619560866973	766.2079592901305	762.9177922114744	564.5465546159347
scaled_total	110	deviation_intercept[717]	0.9688738452947696	1762.2594975542	1666.023036204062	1760.92500315734	1655.8186028537393	2.3610598986803404	13.600826142044736	12.583904375262213	1486.0773578405415	1482.7871907618853	561.5839654537931
scaled_total	110	deviation_intercept[718]	0.9615612381608069	1559.2801980039176	1757.3493538548585	1555.4377485905554	1742.8364258546285	2.8023231793164105	13.41945464114498	12.67410985757663	1310.073429371237	1306.7832622925807	563.7153246502924
scaled_total	110	deviation_intercept[719]	0.9624681945759324	2770.5304452652686	1807.079408940613	2802.5697679291593	1784.023135447861	2.0619428955083903	13.278310016791309	12.531227153991127	4691.949343463372	4688.659176384717	563.4496609463005
scaled_total	110	deviation_intercept[720]	0.9595575606080907	2140.5293402437164	1779.9711869792602	2155.725441093163	1764.2722425980949	2.4441887879271684	13.283397475810132	12.599766041939665	3298.8600453774175	3295.569878298762	564.3035721753056
scaled_total	110	deviation_load[701]	0.38827144165941707	3335.056990890501	2715.227267099492	3311.507249570641	2726.6930315006225	0.31236499343867363	0.44503631195366733	0.44733967863622964	-22.732005743438656	-23.03028778214712	22.982424069442875
scaled_total	110	deviation_load[702]	0.5739696068022717	2562.768179552089	2253.9059167887353	2565.2882097428187	2243.3391362660027	0.24359665423212842	0.4114603439030545	0.4023434216058586	-36.252251382803756	-36.55053342151223	18.902494052784117
scaled_total	110	deviation_load[703]	0.5364430762948403	2740.858503383922	2443.839231108252	2759.284638894138	2431.996025060117	0.25342824748616194	0.3992589675224044	0.4083708799367677	-37.56485933708543	-37.8631413757939	19.552474848486646
scaled_total	110	deviation_load[704]	0.5154747309091977	3204.4096693053816	2438.1895807690353	3193.587497222097	2476.5728128271953	0.2456850180168866	0.41559660780902025	0.4036112325423816	11.165867389873176	10.867585351164717	19.94618614825483
scaled_total	110	deviation_load[705]	0.4521795963801538	2526.0422804469554	2182.0608260681906	2511.2375169130337	2169.607241038336	0.314545360267057	0.46800892051507037	0.4488648823665706	-20.06192323516122	-20.36020527386968	21.296492277637494
scaled_total	110	deviation_load[706]	0.47782889594902966	2242.736489352247	2151.831867334345	2242.4538265488954	2153.603140219098	0.3161345894433593	0.45012990023884575	0.4499799746643665	-5.6132392470141	-5.9115212857225625	20.717023245249095
scaled_total	110	deviation_load[707]	0.43520801044401547	2156.880204177143	2107.4666442489056	2170.43122481775	2104.689394901454	0.3501759921045588	0.47567535778024617	0.4745146197988368	-0.20966147814760103	-0.5079435168560638	21.707765322796458
scaled_total	110	deviation_load[708]	0.39017310271827843	1711.3782254452215	2028.5264930534775	1698.1023971031507	2018.7388384622893	0.4344664494009114	0.5107744677915634	0.5397239985506085	-24.79777554453448	-25.096057583242946	22.926348748208397
scaled_total	110	deviation_load[709]	0.36610893056912797	1982.731448239712	1969.5948346004297	1983.8914571682785	1966.5109449220106	0.4230646705702757	0.5389191592148967	0.5305889316986913	-43.33556119728659	-43.633843235995045	23.667827573211063
scaled_total	110	deviation_load[710]	0.3356487764007683	1647.5918050075268	2071.61404749273	1650.6735596902324	2077.835541920126	0.4958945052264691	0.5486493649036317	0.5902984493205341	-73.95858305628877	-74.25686509499722	24.71843802529402
scaled_total	110	deviation_load[711]	0.3117032830700651	3051.870764944016	2595.1213173387305	3039.5840861007264	2596.29597229629	0.3859878530803032	0.5025998639408973	0.5015251954607708	13.925079058998577	13.626797020290114	25.650324859371565
scaled_total	110	deviation_load[712]	0.2712749131127403	2026.2916047984368	2308.056170388895	2022.165386695374	2308.8817307890763	0.5219540427641015	0.5750727365547427	0.6123535920644314	117.61076753761166	117.31248549890323	27.495317659968972
scaled_total	110	deviation_load[713]	0.2743609721799751	2313.035493682811	2209.7173161469677	2304.0187836498567	2190.9078068108565	0.485198780069051	0.5889886671119492	0.5813422014071556	-13.077145506153084	-13.375427544861546	27.34024433978759
scaled_total	110	deviation_load[714]	0.23952832628031975	2293.469205760531	2125.7806161833396	2290.528670564103	2121.498047802801	0.5331614900522832	0.6366224782631303	0.6219341391427178	-4.037621690011666	-4.33590372872013	29.26072739997303
scaled_total	110	deviation_load[715]	0.2064471438506952	2833.059034752253	2665.0242364889627	2846.862743443536	2688.6329039848515	0.5262156785833798	0.6119474299228482	0.6159901292580827	-41.605284062201896	-41.903566100910346	31.518033924254677
scaled_total	110	deviation_load[716]	0.14782661175511078	2733.2138050296862	2600.2296156560483	2714.8675070404424	2579.1708371118675	0.6598981499074104	0.7277831076447563	0.7334892413714366	-33.75623321409708	-34.05451525280556	37.246652461570214
scaled_total	110	deviation_load[717]	0.16538803144277042	1740.2527870055362	1716.5011653839342	1726.5705323865736	1712.5894458251057	0.7742151421342773	0.8524191901753059	0.8378245551823018	93.68653354855904	93.38825150985058	35.213688576751665
scaled_total	110	deviation_load[718]	0.13732280723411733	1163.9548897222721	1189.0022973936739	1171.52405577291	1195.3007222466233	1.0486746613273359	1.116056350236512	1.096475920513727	112.12467406761844	111.82639202890999	38.644903005740666
scaled_total	110	deviation_load[719]	0.1505651530404293	2914.6035203429105	2665.8079538720135	2922.658248683173	2677.8235430751224	0.6291835247475788	0.7102045995780589	0.7059835740087794	-31.07204833818145	-31.370330376889907	36.90636929727383
scaled_total	110	deviation_load[720]	0.14271843105020102	1844.8504072525554	1784.4982427048903	1822.9724492771031	1764.6463399708693	0.822044290895302	0.9136057610083306	0.8822118312230813	45.44382666930222	45.14554463059377	37.90735886664904
scaled_total	110	population_intercept_at_load0	0.9989276766921099	2409.4833104423587	1734.9230558897234	2438.269658131122	1711.508058238409	0.3667780169343075	13.240667584791153	12.365863156055598	5468.869263371931	5472.159430450589	553.0715160830924
scaled_total	110	log_sigma_intercept_at_subject0	0.0	3865.6945206423975	3865.6945206423975	3863.790562931674	3863.790562931674	0.03195871589116609	0.03195871589116609	0.03195871589116609	-49.534628129837515	-49.534628129837515	1.9865344900587925
scaled_total	111	population_intercept_at_mean_load	0.9996713313630762	2213.008920746509	1903.4593967399614	2246.6521065101056	1882.4266109431894	0.21183654393158427	12.68371733042003	12.384167883196255	5593.740063549114	5618.680868836907	553.8468170558788
scaled_total	111	population_load	0.8486738753388134	2467.842932646298	1947.6771584025346	2478.1039156522147	1953.386557623203	0.12147595989041604	0.35238836613710467	0.3424869454267134	58.98502908038904	58.745683772668855	15.545086439729102
scaled_total	111	log_tau_intercept	0.0	98.87039931613431	98.87039931613431	100.15702310487681	100.15702310487681	0.016092002696656227	0.016092002696656227	0.016092002696656227	7.829217212205876	7.829217212205876	0.1610463182207523
scaled_total	111	log_tau_load	0.0	319.94715330140946	319.94715330140946	319.64678471294457	319.64678471294457	0.012380298392931836	0.012380298392931836	0.012380298392931836	4.110906031277505	4.110906031277505	0.22134324999120386
scaled_total	111	log_sigma_intercept	0.0	4881.874316919948	4881.874316919948	4884.086732650507	4884.086732650507	0.00021406907292478156	0.00021406907292478156	0.00021406907292478156	6.051301868446332	6.051301868446332	0.014960482900004806
scaled_total	111	log_sigma_subj_slope	0.0	3867.5831562565095	3867.5831562565095	3863.7881965612482	3863.7881965612482	4.496455188786939e-5	4.496455188786939e-5	4.496455188786939e-5	0.0782043668725733	0.0782043668725733	0.0027949685496262778
scaled_total	111	deviation_intercept[701]	0.990959464869329	3459.480483675098	1897.011173918317	3434.0916280509405	1882.8066892600207	0.900972426522826	12.677860014774094	12.393215756773602	-4831.871640205008	-4857.4094122230545	555.2906620414428
scaled_total	111	deviation_intercept[702]	0.9955984439077074	2446.2542193148615	1905.4820867830333	2443.9603005756285	1887.4087480657902	0.7434679607444481	12.642375982549071	12.38276181185928	-3891.6390140191115	-3917.176786037157	553.9954664445193
scaled_total	111	deviation_intercept[703]	0.9946648835603578	2395.4428009985418	1898.3939226517168	2401.465306307737	1881.2590603697915	0.8261211013360139	12.66670585759199	12.387999094069214	-3612.3313484691707	-3637.869120487216	554.2553866002969
scaled_total	111	deviation_intercept[704]	0.9942006316870904	3242.7044016033365	1909.2240735357216	3236.0602081750617	1896.7538280314784	0.7421528285024898	12.603320503454256	12.382682920168847	-630.2347354519173	-655.7725074699625	554.3847790294828
scaled_total	111	deviation_intercept[705]	0.9927520691609134	2263.1737811199623	1915.303237971172	2256.3489757470493	1904.404491132282	0.994332878660758	12.594422681493555	12.400352549592	-1329.1012843969484	-1354.639056414993	554.7890936162702
scaled_total	111	deviation_intercept[706]	0.9931620023520072	2147.800073434119	1879.2481819335183	2149.820392830219	1863.4990933922827	0.9892399618918798	12.739806413102912	12.399945208862452	64.81681346304276	39.279041444997524	554.6745856428865
scaled_total	111	deviation_intercept[707]	0.9920454781021224	2187.6953212554954	1911.771400001116	2174.441614448029	1896.7106092369913	1.0614894686469285	12.602937765813937	12.405918159194641	-64.86777899683084	-90.40555101487608	554.9866345777481
scaled_total	111	deviation_intercept[708]	0.9899717354408466	1639.3347392122325	1888.7267110153043	1640.5974301069418	1874.8837632776954	1.3735636703672582	12.710521332608954	12.436507654367436	-426.30960223046003	-451.8473742485053	555.5676094371017
scaled_total	111	deviation_intercept[709]	0.9892251564752383	1818.2893159675339	1915.9961080330954	1819.062506310975	1892.2999003482644	1.3526405850028427	12.677749869040124	12.43421417029576	-1119.5986055761468	-1145.136377594192	555.7772163497272
scaled_total	111	deviation_intercept[710]	0.9876793064697088	1894.6383233599395	1889.8766427049238	1910.869709375542	1877.7766808710473	1.4123501401039837	12.708221618089265	12.440851192697338	207.4367104264982	181.89893840845295	556.2119790807778
scaled_total	111	deviation_intercept[711]	0.9862642854108659	3392.4948015850464	1915.891534637906	3364.8507262434086	1905.116301943147	1.1245904463588763	12.65183384086955	12.411476509772264	-1712.230881207955	-1737.7686532260007	556.6108425376981
scaled_total	111	deviation_intercept[712]	0.9833981970122664	2513.3185407255223	1923.1289223461195	2513.6189765656777	1906.0146671350906	1.4325556972046922	12.629245119762789	12.443161226399852	1112.6747391066642	1087.1369670886188	557.4213662969823
scaled_total	111	deviation_intercept[713]	0.982566330596688	2602.740024157355	1973.616993460447	2598.853843892534	1957.1084984920308	1.4443446972124137	12.533401835057926	12.44452397984562	3911.8622842835684	3886.3245122655235	557.6572801461892
scaled_total	111	deviation_intercept[714]	0.9788890022324176	2042.517268954461	1931.3953178153347	2045.085311022214	1919.6577605172079	1.795065317197297	12.673122232704483	12.490088269247407	174.22155491728407	148.68378289923882	558.7037555973825
scaled_total	111	deviation_intercept[715]	0.976162073236768	3056.4530063246875	1918.4497290814493	3064.047066778545	1912.2253496483054	1.560536297993002	12.694090890038375	12.458544016775827	940.3246109041274	914.7868388860821	559.4835866226159
scaled_total	111	deviation_intercept[716]	0.958731745763698	2803.306306544052	1861.622111228405	2820.8312515784583	1853.9753689441236	2.1593311843402963	12.93718612600757	12.547619560866973	788.4555642295196	762.9177922114744	564.5465546159347
scaled_total	111	deviation_intercept[717]	0.9688738452947696	1762.2594975542	1881.6039160755988	1760.92500315734	1872.928084147792	2.3610598986803404	12.808087806964428	12.583904375262213	1508.3249627799305	1482.7871907618853	561.5839654537931
scaled_total	111	deviation_intercept[718]	0.9615612381608069	1559.2801980039176	1923.080450950205	1555.4377485905554	1905.776113711537	2.8023231793164105	12.721128407719528	12.67410985757663	1332.3210343106257	1306.7832622925807	563.7153246502924
scaled_total	111	deviation_intercept[719]	0.9624681945759324	2770.5304452652686	1922.759463233693	2802.5697679291593	1917.6985028219235	2.0619428955083903	12.756685771634388	12.531227153991127	4714.196948402762	4688.659176384717	563.4496609463005
scaled_total	111	deviation_intercept[720]	0.9595575606080907	2140.5293402437164	1928.9260518518975	2155.725441093163	1919.0906167316014	2.4441887879271684	12.678347729773952	12.599766041939665	3321.107650316807	3295.569878298762	564.3035721753056
scaled_total	111	deviation_load[701]	0.38827144165941707	3335.056990890501	2662.4627478516877	3311.507249570641	2641.745205138028	0.31236499343867363	0.45257734924194903	0.44733967863622964	-23.2696330898673	-23.03028778214712	22.982424069442875
scaled_total	111	deviation_load[702]	0.5739696068022717	2562.768179552089	2132.484600088343	2565.2882097428187	2138.3141622710177	0.24359665423212842	0.4089333872951032	0.4023434216058586	-36.789878729232406	-36.55053342151223	18.902494052784117
scaled_total	111	deviation_load[703]	0.5364430762948403	2740.858503383922	2579.8958406875267	2759.284638894138	2590.494488757575	0.25342824748616194	0.38412437422478096	0.4083708799367677	-38.102486683514066	-37.8631413757939	19.552474848486646
scaled_total	111	deviation_load[704]	0.5154747309091977	3204.4096693053816	2200.6402929532323	3193.587497222097	2200.1626025754886	0.2456850180168866	0.4290967199085247	0.4036112325423816	10.628240043444537	10.867585351164717	19.94618614825483
scaled_total	111	deviation_load[705]	0.4521795963801538	2526.0422804469554	2169.203170084379	2511.2375169130337	2179.2127134194507	0.314545360267057	0.4521581066801987	0.4488648823665706	-20.59955058158985	-20.36020527386968	21.296492277637494
scaled_total	111	deviation_load[706]	0.47782889594902966	2242.736489352247	1983.0600796699912	2242.4538265488954	1982.8845385192928	0.3161345894433593	0.4684968671161446	0.4499799746643665	-6.150866593442739	-5.9115212857225625	20.717023245249095
scaled_total	111	deviation_load[707]	0.43520801044401547	2156.880204177143	2171.1306359794635	2170.43122481775	2181.657092616682	0.3501759921045588	0.46230653849060965	0.4745146197988368	-0.7472888245762397	-0.5079435168560638	21.707765322796458
scaled_total	111	deviation_load[708]	0.39017310271827843	1711.3782254452215	1747.6364641654475	1698.1023971031507	1745.2038501987824	0.4344664494009114	0.5409316812665774	0.5397239985506085	-25.335402890963124	-25.096057583242946	22.926348748208397
scaled_total	111	deviation_load[709]	0.36610893056912797	1982.731448239712	1935.4548114977813	1983.8914571682785	1939.819042975267	0.4230646705702757	0.5369782901459184	0.5305889316986913	-43.87318854371522	-43.633843235995045	23.667827573211063
scaled_total	111	deviation_load[710]	0.3356487764007683	1647.5918050075268	2138.1266495467294	1650.6735596902324	2143.7959777432193	0.4958945052264691	0.5423795638407599	0.5902984493205341	-74.49621040271741	-74.25686509499722	24.71843802529402
scaled_total	111	deviation_load[711]	0.3117032830700651	3051.870764944016	2520.4823646549694	3039.5840861007264	2512.0914588496253	0.3859878530803032	0.5127675843512528	0.5015251954607708	13.387451712569936	13.626797020290114	25.650324859371565
scaled_total	111	deviation_load[712]	0.2712749131127403	2026.2916047984368	2016.840275064013	2022.165386695374	2007.6177239519284	0.5219540427641015	0.6184699706147766	0.6123535920644314	117.07314019118303	117.31248549890323	27.495317659968972
scaled_total	111	deviation_load[713]	0.2743609721799751	2313.035493682811	2245.3394387059734	2304.0187836498567	2251.6315898964513	0.485198780069051	0.5756099599037631	0.5813422014071556	-13.614772852581721	-13.375427544861546	27.34024433978759
scaled_total	111	deviation_load[714]	0.23952832628031975	2293.469205760531	2120.4712467297645	2290.528670564103	2117.5015277360244	0.5331614900522832	0.6299396638833051	0.6219341391427178	-4.575249036440305	-4.33590372872013	29.26072739997303
scaled_total	111	deviation_load[715]	0.2064471438506952	2833.059034752253	2803.453613625025	2846.862743443536	2803.185155529951	0.5262156785833798	0.6014395482731395	0.6159901292580827	-42.142911408630525	-41.903566100910346	31.518033924254677
scaled_total	111	deviation_load[716]	0.14782661175511078	2733.2138050296862	2688.3167805994126	2714.8675070404424	2690.262153451924	0.6598981499074104	0.717111560099299	0.7334892413714366	-34.29386056052573	-34.05451525280556	37.246652461570214
scaled_total	111	deviation_load[717]	0.16538803144277042	1740.2527870055362	1815.876405291762	1726.5705323865736	1786.5256289551742	0.7742151421342773	0.8397702430347793	0.8378245551823018	93.14890620213043	93.38825150985058	35.213688576751665
scaled_total	111	deviation_load[718]	0.13732280723411733	1163.9548897222721	1187.5818802397243	1171.52405577291	1197.8281310505718	1.0486746613273359	1.1267525933727625	1.096475920513727	111.58704672118981	111.82639202890999	38.644903005740666
scaled_total	111	deviation_load[719]	0.1505651530404293	2914.6035203429105	2838.2344223834675	2922.658248683173	2843.777961686177	0.6291835247475788	0.693704385217899	0.7059835740087794	-31.60967568461008	-31.370330376889907	36.90636929727383
scaled_total	111	deviation_load[720]	0.14271843105020102	1844.8504072525554	1858.8051963201738	1822.9724492771031	1862.5801217535002	0.822044290895302	0.8984227773714674	0.8822118312230813	44.9061993228736	45.14554463059377	37.90735886664904
scaled_total	111	population_intercept_at_load0	0.9989276766921099	2409.4833104423587	1906.5415214831344	2438.269658131122	1889.2675563577682	0.3667780169343075	12.615431985024502	12.365863156055598	5446.621658432541	5472.159430450589	553.0715160830924
scaled_total	111	log_sigma_intercept_at_subject0	0.0	3865.6945206423975	3865.6945206423975	3863.790562931674	3863.790562931674	0.03195871589116609	0.03195871589116609	0.03195871589116609	-49.534628129837515	-49.534628129837515	1.9865344900587925
scaled_total	112	population_intercept_at_mean_load	0.9996713313630762	2213.008920746509	2008.5819867141718	2246.6521065101056	2011.5825721815272	0.21183654393158427	12.360497939886978	12.384167883196255	5620.889981957316	5618.680868836907	553.8468170558788
scaled_total	112	population_load	0.8486738753388134	2467.842932646298	2127.9326176628865	2478.1039156522147	2133.421238793536	0.12147595989041604	0.33111114095690874	0.3424869454267134	58.21271072521183	58.745683772668855	15.545086439729102
scaled_total	112	log_tau_intercept	0.0	98.87039931613431	98.87039931613431	100.15702310487681	100.15702310487681	0.016092002696656227	0.016092002696656227	0.016092002696656227	7.829217212205876	7.829217212205876	0.1610463182207523
scaled_total	112	log_tau_load	0.0	319.94715330140946	319.94715330140946	319.64678471294457	319.64678471294457	0.012380298392931836	0.012380298392931836	0.012380298392931836	4.110906031277505	4.110906031277505	0.22134324999120386
scaled_total	112	log_sigma_intercept	0.0	4881.874316919948	4881.874316919948	4884.086732650507	4884.086732650507	0.00021406907292478156	0.00021406907292478156	0.00021406907292478156	6.051301868446332	6.051301868446332	0.014960482900004806
scaled_total	112	log_sigma_subj_slope	0.0	3867.5831562565095	3867.5831562565095	3863.7881965612482	3863.7881965612482	4.496455188786939e-5	4.496455188786939e-5	4.496455188786939e-5	0.0782043668725733	0.0782043668725733	0.0027949685496262778
scaled_total	112	deviation_intercept[701]	0.990959464869329	3459.480483675098	2001.9069007133057	3434.0916280509405	2004.423117172459	0.900972426522826	12.403323121452102	12.393215756773602	-4860.947848155273	-4857.4094122230545	555.2906620414428
scaled_total	112	deviation_intercept[702]	0.9955984439077074	2446.2542193148615	2001.28715237166	2443.9603005756285	2003.6613518919003	0.7434679607444481	12.363008930724318	12.38276181185928	-3920.7152219693767	-3917.176786037157	553.9954664445193
scaled_total	112	deviation_intercept[703]	0.9946648835603578	2395.4428009985418	2021.7542892359095	2401.465306307737	2025.024617164545	0.8261211013360139	12.318868983330841	12.387999094069214	-3641.407556419436	-3637.869120487216	554.2553866002969
scaled_total	112	deviation_intercept[704]	0.9942006316870904	3242.7044016033365	1991.2361911947705	3236.0602081750617	1992.0646762780593	0.7421528285024898	12.398021272143335	12.382682920168847	-659.3109434021824	-655.7725074699625	554.3847790294828
scaled_total	112	deviation_intercept[705]	0.9927520691609134	2263.1737811199623	2022.455036607568	2256.3489757470493	2021.4069565646323	0.994332878660758	12.353208920672802	12.400352549592	-1358.1774923472128	-1354.639056414993	554.7890936162702
scaled_total	112	deviation_intercept[706]	0.9931620023520072	2147.800073434119	2014.749963198782	2149.820392830219	2013.4304501883457	0.9892399618918798	12.337749684281023	12.399945208862452	35.74060551277776	39.279041444997524	554.6745856428865
scaled_total	112	deviation_intercept[707]	0.9920454781021224	2187.6953212554954	1992.2741541751075	2174.441614448029	1996.1206581702938	1.0614894686469285	12.425017684207734	12.405918159194641	-93.94398694709584	-90.40555101487608	554.9866345777481
scaled_total	112	deviation_intercept[708]	0.9899717354408466	1639.3347392122325	2003.6005664040176	1640.5974301069418	2003.705420219018	1.3735636703672582	12.402236202250306	12.436507654367436	-455.3858101807251	-451.8473742485053	555.5676094371017
scaled_total	112	deviation_intercept[709]	0.9892251564752383	1818.2893159675339	1997.3210285932116	1819.062506310975	2000.3838795586364	1.3526405850028427	12.431362959923623	12.43421417029576	-1148.6748135264115	-1145.136377594192	555.7772163497272
scaled_total	112	deviation_intercept[710]	0.9876793064697088	1894.6383233599395	2015.8684210608446	1910.869709375542	2019.5918357590833	1.4123501401039837	12.401299760997365	12.440851192697338	178.36050247623322	181.89893840845295	556.2119790807778
scaled_total	112	deviation_intercept[711]	0.9862642854108659	3392.4948015850464	2015.4773647437407	3364.8507262434086	2017.8230099108982	1.1245904463588763	12.383124670138452	12.411476509772264	-1741.3070891582202	-1737.7686532260007	556.6108425376981
scaled_total	112	deviation_intercept[712]	0.9833981970122664	2513.3185407255223	2016.5586990227978	2513.6189765656777	2020.308119263087	1.4325556972046922	12.416016221210352	12.443161226399852	1083.5985311563993	1087.1369670886188	557.4213662969823
scaled_total	112	deviation_intercept[713]	0.982566330596688	2602.740024157355	1967.9663149363244	2598.853843892534	1971.4932605170527	1.4443446972124137	12.508795730866444	12.44452397984562	3882.7860763333038	3886.3245122655235	557.6572801461892
scaled_total	112	deviation_intercept[714]	0.9788890022324176	2042.517268954461	2022.810390381386	2045.085311022214	2029.816052534695	1.795065317197297	12.415487724921778	12.490088269247407	145.14534696701907	148.68378289923882	558.7037555973825
scaled_total	112	deviation_intercept[715]	0.976162073236768	3056.4530063246875	2028.1681043474875	3064.047066778545	2028.644540597707	1.560536297993002	12.432007720326792	12.458544016775827	911.2484029538624	914.7868388860821	559.4835866226159
scaled_total	112	deviation_intercept[716]	0.958731745763698	2803.306306544052	2053.175462761478	2820.8312515784583	2055.099494127966	2.1593311843402963	12.431873688671875	12.547619560866973	759.3793562792547	762.9177922114744	564.5465546159347
scaled_total	112	deviation_intercept[717]	0.9688738452947696	1762.2594975542	2031.4479369975752	1760.92500315734	2028.8207175106265	2.3610598986803404	12.453259381806141	12.583904375262213	1479.2487548296656	1482.7871907618853	561.5839654537931
scaled_total	112	deviation_intercept[718]	0.9615612381608069	1559.2801980039176	2002.3933866874302	1555.4377485905554	2007.0018296869066	2.8023231793164105	12.585299952797381	12.67410985757663	1303.2448263603608	1306.7832622925807	563.7153246502924
scaled_total	112	deviation_intercept[719]	0.9624681945759324	2770.5304452652686	2127.293445595298	2802.5697679291593	2129.7332352636467	2.0619428955083903	12.36135919666184	12.531227153991127	4685.1207404524985	4688.659176384717	563.4496609463005
scaled_total	112	deviation_intercept[720]	0.9595575606080907	2140.5293402437164	1938.3990962926368	2155.725441093163	1937.3026755557635	2.4441887879271684	12.764919630971624	12.599766041939665	3292.0314423665423	3295.569878298762	564.3035721753056
scaled_total	112	deviation_load[701]	0.38827144165941707	3335.056990890501	2671.394051067583	3311.507249570641	2674.099632676792	0.31236499343867363	0.4406591389114583	0.44733967863622964	-22.497314734690093	-23.03028778214712	22.982424069442875
scaled_total	112	deviation_load[702]	0.5739696068022717	2562.768179552089	2189.212975568123	2565.2882097428187	2210.016882111326	0.24359665423212842	0.398482405125693	0.4023434216058586	-36.01756037405519	-36.55053342151223	18.902494052784117
scaled_total	112	deviation_load[703]	0.5364430762948403	2740.858503383922	2390.5022082541727	2759.284638894138	2379.672990595575	0.25342824748616194	0.3932486837062841	0.4083708799367677	-37.33016832833686	-37.8631413757939	19.552474848486646
scaled_total	112	deviation_load[704]	0.5154747309091977	3204.4096693053816	2310.645939260714	3193.587497222097	2309.8757685315113	0.2456850180168866	0.40899268073018963	0.4036112325423816	11.40055839862174	10.867585351164717	19.94618614825483
scaled_total	112	deviation_load[705]	0.4521795963801538	2526.0422804469554	2384.314234523553	2511.2375169130337	2384.8500689662465	0.314545360267057	0.43778119061074394	0.4488648823665706	-19.82723222641265	-20.36020527386968	21.296492277637494
scaled_total	112	deviation_load[706]	0.47782889594902966	2242.736489352247	2094.0092272948677	2242.4538265488954	2098.2530086678094	0.3161345894433593	0.44817255881276247	0.4499799746643665	-5.378548238265535	-5.9115212857225625	20.717023245249095
scaled_total	112	deviation_load[707]	0.43520801044401547	2156.880204177143	2181.959427071476	2170.43122481775	2195.4089365186874	0.3501759921045588	0.46295915710196617	0.4745146197988368	0.025029530600964776	-0.5079435168560638	21.707765322796458
scaled_total	112	deviation_load[708]	0.39017310271827843	1711.3782254452215	1975.8179777992216	1698.1023971031507	1974.1276705889031	0.4344664494009114	0.5158416340275819	0.5397239985506085	-24.563084535785915	-25.096057583242946	22.926348748208397
scaled_total	112	deviation_load[709]	0.36610893056912797	1982.731448239712	1997.0955030864338	1983.8914571682785	1984.9680148930818	0.4230646705702757	0.5252847574180514	0.5305889316986913	-43.100870188538025	-43.633843235995045	23.667827573211063
scaled_total	112	deviation_load[710]	0.3356487764007683	1647.5918050075268	1724.9477935443	1650.6735596902324	1729.455107623005	0.4958945052264691	0.5831706481164972	0.5902984493205341	-73.7238920475402	-74.25686509499722	24.71843802529402
scaled_total	112	deviation_load[711]	0.3117032830700651	3051.870764944016	2514.1668907589387	3039.5840861007264	2518.043448611184	0.3859878530803032	0.5042618152672743	0.5015251954607708	14.159770067747145	13.626797020290114	25.650324859371565
scaled_total	112	deviation_load[712]	0.2712749131127403	2026.2916047984368	2211.9052473275456	2022.165386695374	2220.136907584122	0.5219540427641015	0.5902811438697557	0.6123535920644314	117.84545854636022	117.31248549890323	27.495317659968972
scaled_total	112	deviation_load[713]	0.2743609721799751	2313.035493682811	2524.8927050513535	2304.0187836498567	2517.6383183474986	0.485198780069051	0.5340688770315634	0.5813422014071556	-12.842454497404518	-13.375427544861546	27.34024433978759
scaled_total	112	deviation_load[714]	0.23952832628031975	2293.469205760531	2262.979171407233	2290.528670564103	2273.9696782198375	0.5331614900522832	0.6102386597487328	0.6219341391427178	-3.802930681263101	-4.33590372872013	29.26072739997303
scaled_total	112	deviation_load[715]	0.2064471438506952	2833.059034752253	2679.5563183268696	2846.862743443536	2681.414654228224	0.5262156785833798	0.6109417364234033	0.6159901292580827	-41.37059305345331	-41.903566100910346	31.518033924254677
scaled_total	112	deviation_load[716]	0.14782661175511078	2733.2138050296862	2310.845651579759	2714.8675070404424	2314.5067701239823	0.6598981499074104	0.7694431273483837	0.7334892413714366	-33.521542205348524	-34.05451525280556	37.246652461570214
scaled_total	112	deviation_load[717]	0.16538803144277042	1740.2527870055362	1755.5501153725631	1726.5705323865736	1741.4715539212173	0.7742151421342773	0.8442304068478181	0.8378245551823018	93.92122455730762	93.38825150985058	35.213688576751665
scaled_total	112	deviation_load[718]	0.13732280723411733	1163.9548897222721	1270.121303729316	1171.52405577291	1266.5166601269216	1.0486746613273359	1.0899830483904425	1.096475920513727	112.35936507636704	111.82639202890999	38.644903005740666
scaled_total	112	deviation_load[719]	0.1505651530404293	2914.6035203429105	2885.9261855899335	2922.658248683173	2876.598445076635	0.6291835247475788	0.6926570654805125	0.7059835740087794	-30.83735732943288	-31.370330376889907	36.90636929727383
scaled_total	112	deviation_load[720]	0.14271843105020102	1844.8504072525554	1920.6559158720768	1822.9724492771031	1888.1804513062623	0.822044290895302	0.8682973473174785	0.8822118312230813	45.678517678050795	45.14554463059377	37.90735886664904
scaled_total	112	population_intercept_at_load0	0.9989276766921099	2409.4833104423587	2002.1533373644731	2438.269658131122	2002.253617576664	0.3667780169343075	12.357724119757563	12.365863156055598	5475.697866382807	5472.159430450589	553.0715160830924
scaled_total	112	log_sigma_intercept_at_subject0	0.0	3865.6945206423975	3865.6945206423975	3863.790562931674	3863.790562931674	0.03195871589116609	0.03195871589116609	0.03195871589116609	-49.534628129837515	-49.534628129837515	1.9865344900587925
scaled_total	113	population_intercept_at_mean_load	0.9996713313630762	2213.008920746509	1890.2848971946432	2246.6521065101056	1888.0805373959524	0.21183654393158427	12.996529738210391	12.384167883196255	5608.480736278406	5618.680868836907	553.8468170558788
scaled_total	113	population_load	0.8486738753388134	2467.842932646298	2039.4215911203185	2478.1039156522147	2032.093901803905	0.12147595989041604	0.34532726109066786	0.3424869454267134	58.68437022329915	58.745683772668855	15.545086439729102
scaled_total	113	log_tau_intercept	0.0	98.87039931613431	98.87039931613431	100.15702310487681	100.15702310487681	0.016092002696656227	0.016092002696656227	0.016092002696656227	7.829217212205876	7.829217212205876	0.1610463182207523
scaled_total	113	log_tau_load	0.0	319.94715330140946	319.94715330140946	319.64678471294457	319.64678471294457	0.012380298392931836	0.012380298392931836	0.012380298392931836	4.110906031277505	4.110906031277505	0.22134324999120386
scaled_total	113	log_sigma_intercept	0.0	4881.874316919948	4881.874316919948	4884.086732650507	4884.086732650507	0.00021406907292478156	0.00021406907292478156	0.00021406907292478156	6.051301868446332	6.051301868446332	0.014960482900004806
scaled_total	113	log_sigma_subj_slope	0.0	3867.5831562565095	3867.5831562565095	3863.7881965612482	3863.7881965612482	4.496455188786939e-5	4.496455188786939e-5	4.496455188786939e-5	0.0782043668725733	0.0782043668725733	0.0027949685496262778
scaled_total	113	deviation_intercept[701]	0.990959464869329	3459.480483675098	1899.7949237282874	3434.0916280509405	1897.1303910475253	0.900972426522826	12.998618044978762	12.393215756773602	-4847.362205783872	-4857.4094122230545	555.2906620414428
scaled_total	113	deviation_intercept[702]	0.9955984439077074	2446.2542193148615	1880.3056406412393	2443.9603005756285	1878.7963067521123	0.7434679607444481	13.030211471128933	12.38276181185928	-3907.129579597974	-3917.176786037157	553.9954664445193
scaled_total	113	deviation_intercept[703]	0.9946648835603578	2395.4428009985418	1898.3907806081718	2401.465306307737	1890.7259861590967	0.8261211013360139	13.003493809063057	12.387999094069214	-3627.821914048034	-3637.869120487216	554.2553866002969
scaled_total	113	deviation_intercept[704]	0.9942006316870904	3242.7044016033365	1892.708276858808	3236.0602081750617	1885.917980961717	0.7421528285024898	13.020499993667924	12.382682920168847	-645.7253010307802	-655.7725074699625	554.3847790294828
scaled_total	113	deviation_intercept[705]	0.9927520691609134	2263.1737811199623	1901.7789536953835	2256.3489757470493	1898.0901249333565	0.994332878660758	12.959032263749014	12.400352549592	-1344.5918499758109	-1354.639056414993	554.7890936162702
scaled_total	113	deviation_intercept[706]	0.9931620023520072	2147.800073434119	1882.5953514877501	2149.820392830219	1877.9488215438307	0.9892399618918798	13.027564202661837	12.399945208862452	49.326247884179914	39.279041444997524	554.6745856428865
scaled_total	113	deviation_intercept[707]	0.9920454781021224	2187.6953212554954	1894.6869795848322	2174.441614448029	1886.1447324560854	1.0614894686469285	13.01663541718198	12.405918159194641	-80.35834457569366	-90.40555101487608	554.9866345777481
scaled_total	113	deviation_intercept[708]	0.9899717354408466	1639.3347392122325	1878.0786661531572	1640.5974301069418	1874.458495189435	1.3735636703672582	13.019135796831037	12.436507654367436	-441.8001678093229	-451.8473742485053	555.5676094371017
scaled_total	113	deviation_intercept[709]	0.9892251564752383	1818.2893159675339	1911.8599752129492	1819.062506310975	1907.631374187749	1.3526405850028427	13.01051578318978	12.43421417029576	-1135.0891711550094	-1145.136377594192	555.7772163497272
scaled_total	113	deviation_intercept[710]	0.9876793064697088	1894.6383233599395	1900.9729592547085	1910.869709375542	1894.0013486393009	1.4123501401039837	13.059003015440332	12.440851192697338	191.94614484763542	181.89893840845295	556.2119790807778
scaled_total	113	deviation_intercept[711]	0.9862642854108659	3392.4948015850464	1906.0553292361806	3364.8507262434086	1906.5526186413817	1.1245904463588763	12.978626167627551	12.411476509772264	-1727.7214467868182	-1737.7686532260007	556.6108425376981
scaled_total	113	deviation_intercept[712]	0.9833981970122664	2513.3185407255223	1862.387447341443	2513.6189765656777	1858.9234590446708	1.4325556972046922	13.164585741843245	12.443161226399852	1097.1841735278015	1087.1369670886188	557.4213662969823
scaled_total	113	deviation_intercept[713]	0.982566330596688	2602.740024157355	1908.1288414028356	2598.853843892534	1905.7121669444925	1.4443446972124137	13.052290586952221	12.44452397984562	3896.3717187047055	3886.3245122655235	557.6572801461892
scaled_total	113	deviation_intercept[714]	0.9788890022324176	2042.517268954461	1919.290923604786	2045.085311022214	1915.2621657544125	1.795065317197297	13.026606570134296	12.490088269247407	158.7309893384212	148.68378289923882	558.7037555973825
scaled_total	113	deviation_intercept[715]	0.976162073236768	3056.4530063246875	1926.4888196800066	3064.047066778545	1927.9121578634013	1.560536297993002	12.937964523790045	12.458544016775827	924.8340453252647	914.7868388860821	559.4835866226159
scaled_total	113	deviation_intercept[716]	0.958731745763698	2803.306306544052	1890.8759461070392	2820.8312515784583	1887.5648931322912	2.1593311843402963	13.203904709271486	12.547619560866973	772.9649986506565	762.9177922114744	564.5465546159347
scaled_total	113	deviation_intercept[717]	0.9688738452947696	1762.2594975542	1866.3855269733137	1760.92500315734	1863.8120401269045	2.3610598986803404	13.233894625650567	12.583904375262213	1492.8343972010678	1482.7871907618853	561.5839654537931
scaled_total	113	deviation_intercept[718]	0.9615612381608069	1559.2801980039176	1880.1364105472476	1555.4377485905554	1877.6027839150383	2.8023231793164105	13.243851755607622	12.67410985757663	1316.830468731763	1306.7832622925807	563.7153246502924
scaled_total	113	deviation_intercept[719]	0.9624681945759324	2770.5304452652686	1897.4001006834376	2802.5697679291593	1896.6411028047785	2.0619428955083903	13.069440082726015	12.531227153991127	4698.7063828239	4688.659176384717	563.4496609463005
scaled_total	113	deviation_intercept[720]	0.9595575606080907	2140.5293402437164	1874.1228404757865	2155.725441093163	1870.8695267252867	2.4441887879271684	13.208884533387842	12.599766041939665	3305.6170847379435	3295.569878298762	564.3035721753056
scaled_total	113	deviation_load[701]	0.38827144165941707	3335.056990890501	2771.5665922941193	3311.507249570641	2784.74801204984	0.31236499343867363	0.4389237434236067	0.44733967863622964	-22.9689742327774	-23.03028778214712	22.982424069442875
scaled_total	113	deviation_load[702]	0.5739696068022717	2562.768179552089	2257.596980268491	2565.2882097428187	2260.923868481565	0.24359665423212842	0.40287654282602153	0.4023434216058586	-36.4892198721425	-36.55053342151223	18.902494052784117
scaled_total	113	deviation_load[703]	0.5364430762948403	2740.858503383922	2282.2857945883443	2759.284638894138	2292.2988462743197	0.25342824748616194	0.4133670963538801	0.4083708799367677	-37.80182782642418	-37.8631413757939	19.552474848486646
scaled_total	113	deviation_load[704]	0.5154747309091977	3204.4096693053816	2227.6939503060644	3193.587497222097	2239.6338703970905	0.2456850180168866	0.42908392509969956	0.4036112325423816	10.928898900534437	10.867585351164717	19.94618614825483
scaled_total	113	deviation_load[705]	0.4521795963801538	2526.0422804469554	2079.6723252920597	2511.2375169130337	2071.062042269675	0.314545360267057	0.4717970066455568	0.4488648823665706	-20.29889172449996	-20.36020527386968	21.296492277637494
scaled_total	113	deviation_load[706]	0.47782889594902966	2242.736489352247	2056.0478377629115	2242.4538265488954	2057.1180323989493	0.3161345894433593	0.4598472594431441	0.4499799746643665	-5.850207736352842	-5.9115212857225625	20.717023245249095
scaled_total	113	deviation_load[707]	0.43520801044401547	2156.880204177143	2231.4077528970506	2170.43122481775	2246.3693905964547	0.3501759921045588	0.4604495842015055	0.4745146197988368	-0.44662996748634354	-0.5079435168560638	21.707765322796458
scaled_total	113	deviation_load[708]	0.39017310271827843	1711.3782254452215	1955.101228643786	1698.1023971031507	1948.0938456186793	0.4344664494009114	0.5205570736347692	0.5397239985506085	-25.034744033873228	-25.096057583242946	22.926348748208397
scaled_total	113	deviation_load[709]	0.36610893056912797	1982.731448239712	1775.1752395272847	1983.8914571682785	1793.4871851552934	0.4230646705702757	0.54517926038543	0.5305889316986913	-43.57252968662532	-43.633843235995045	23.667827573211063
scaled_total	113	deviation_load[710]	0.3356487764007683	1647.5918050075268	1571.512923133356	1650.6735596902324	1571.4124919458054	0.4958945052264691	0.6164007063058436	0.5902984493205341	-74.19555154562747	-74.25686509499722	24.71843802529402
scaled_total	113	deviation_load[711]	0.3117032830700651	3051.870764944016	2674.601784763067	3039.5840861007264	2663.494971082053	0.3859878530803032	0.49410972575973544	0.5015251954607708	13.688110569659836	13.626797020290114	25.650324859371565
scaled_total	113	deviation_load[712]	0.2712749131127403	2026.2916047984368	2202.8670481676386	2022.165386695374	2187.8859447751433	0.5219540427641015	0.5899135900019228	0.6123535920644314	117.37379904827294	117.31248549890323	27.495317659968972
scaled_total	113	deviation_load[713]	0.2743609721799751	2313.035493682811	2330.4429371478636	2304.0187836498567	2318.407354123679	0.485198780069051	0.5686586701660609	0.5813422014071556	-13.314113995491825	-13.375427544861546	27.34024433978759
scaled_total	113	deviation_load[714]	0.23952832628031975	2293.469205760531	2163.733359496019	2290.528670564103	2165.8127806351695	0.5331614900522832	0.6281697764131545	0.6219341391427178	-4.274590179350409	-4.33590372872013	29.26072739997303
scaled_total	113	deviation_load[715]	0.2064471438506952	2833.059034752253	2721.8310564908675	2846.862743443536	2750.058248173519	0.5262156785833798	0.6022850752519311	0.6159901292580827	-41.84225255154063	-41.903566100910346	31.518033924254677
scaled_total	113	deviation_load[716]	0.14782661175511078	2733.2138050296862	2592.4156849063033	2714.8675070404424	2568.4780943384776	0.6598981499074104	0.738017058029946	0.7334892413714366	-33.993201703435844	-34.05451525280556	37.246652461570214
scaled_total	113	deviation_load[717]	0.16538803144277042	1740.2527870055362	1770.9617454867723	1726.5705323865736	1757.7956209120518	0.7742151421342773	0.8400608306175534	0.8378245551823018	93.4495650592203	93.38825150985058	35.213688576751665
scaled_total	113	deviation_load[718]	0.13732280723411733	1163.9548897222721	1172.1736665916428	1171.52405577291	1183.1208581444146	1.0486746613273359	1.1147782502279695	1.096475920513727	111.88770557827971	111.82639202890999	38.644903005740666
scaled_total	113	deviation_load[719]	0.1505651530404293	2914.6035203429105	2849.8946582864096	2922.658248683173	2865.070395267531	0.6291835247475788	0.6989661204530352	0.7059835740087794	-31.309016827520185	-31.370330376889907	36.90636929727383
scaled_total	113	deviation_load[720]	0.14271843105020102	1844.8504072525554	2081.4139990821727	1822.9724492771031	2072.4930884231017	0.822044290895302	0.8455563683759513	0.8822118312230813	45.20685817996348	45.14554463059377	37.90735886664904
scaled_total	113	population_intercept_at_load0	0.9989276766921099	2409.4833104423587	1892.667896980893	2438.269658131122	1889.6704030988858	0.3667780169343075	12.980591295714504	12.365863156055598	5462.112224011405	5472.159430450589	553.0715160830924
scaled_total	113	log_sigma_intercept_at_subject0	0.0	3865.6945206423975	3865.6945206423975	3863.790562931674	3863.790562931674	0.03195871589116609	0.03195871589116609	0.03195871589116609	-49.534628129837515	-49.534628129837515	1.9865344900587925
scaled_total	114	population_intercept_at_mean_load	0.9996713313630762	2213.008920746509	2069.290451885562	2246.6521065101056	2071.705276870077	0.21183654393158427	12.1386604107676	12.384167883196255	5616.884931927748	5618.680868836907	553.8468170558788
scaled_total	114	population_load	0.8486738753388134	2467.842932646298	2197.307782193893	2478.1039156522147	2199.571294806236	0.12147595989041604	0.3265119436207968	0.3424869454267134	58.99360693007503	58.745683772668855	15.545086439729102
scaled_total	114	log_tau_intercept	0.0	98.87039931613431	98.87039931613431	100.15702310487681	100.15702310487681	0.016092002696656227	0.016092002696656227	0.016092002696656227	7.829217212205876	7.829217212205876	0.1610463182207523
scaled_total	114	log_tau_load	0.0	319.94715330140946	319.94715330140946	319.64678471294457	319.64678471294457	0.012380298392931836	0.012380298392931836	0.012380298392931836	4.110906031277505	4.110906031277505	0.22134324999120386
scaled_total	114	log_sigma_intercept	0.0	4881.874316919948	4881.874316919948	4884.086732650507	4884.086732650507	0.00021406907292478156	0.00021406907292478156	0.00021406907292478156	6.051301868446332	6.051301868446332	0.014960482900004806
scaled_total	114	log_sigma_subj_slope	0.0	3867.5831562565095	3867.5831562565095	3863.7881965612482	3863.7881965612482	4.496455188786939e-5	4.496455188786939e-5	4.496455188786939e-5	0.0782043668725733	0.0782043668725733	0.0027949685496262778
scaled_total	114	deviation_intercept[701]	0.990959464869329	3459.480483675098	2065.4132960304046	3434.0916280509405	2066.1524659713527	0.900972426522826	12.223131317142817	12.393215756773602	-4854.995114009717	-4857.4094122230545	555.2906620414428
scaled_total	114	deviation_intercept[702]	0.9955984439077074	2446.2542193148615	2070.1105637487904	2443.9603005756285	2073.330522467936	0.7434679607444481	12.15524947089455	12.38276181185928	-3914.7624878238203	-3917.176786037157	553.9954664445193
scaled_total	114	deviation_intercept[703]	0.9946648835603578	2395.4428009985418	2062.541747038448	2401.465306307737	2067.399552843321	0.8261211013360139	12.19341796839613	12.387999094069214	-3635.4548222738795	-3637.869120487216	554.2553866002969
scaled_total	114	deviation_intercept[704]	0.9942006316870904	3242.7044016033365	2076.808475666461	3236.0602081750617	2080.7075621325575	0.7421528285024898	12.122709065357771	12.382682920168847	-653.3582092566264	-655.7725074699625	554.3847790294828
scaled_total	114	deviation_intercept[705]	0.9927520691609134	2263.1737811199623	2062.5231580522036	2256.3489757470493	2064.5574936051985	0.994332878660758	12.217727184962705	12.400352549592	-1352.224758201657	-1354.639056414993	554.7890936162702
scaled_total	114	deviation_intercept[706]	0.9931620023520072	2147.800073434119	2078.2232154619724	2149.820392830219	2080.0291455937695	0.9892399618918798	12.139015244945853	12.399945208862452	41.69333965833376	39.279041444997524	554.6745856428865
scaled_total	114	deviation_intercept[707]	0.9920454781021224	2187.6953212554954	2058.5440982898795	2174.441614448029	2062.9075880162727	1.0614894686469285	12.208366219934941	12.405918159194641	-87.99125280153984	-90.40555101487608	554.9866345777481
scaled_total	114	deviation_intercept[708]	0.9899717354408466	1639.3347392122325	2058.0057232173353	1640.5974301069418	2061.9762538516384	1.3735636703672582	12.240256565520347	12.436507654367436	-449.43307603516905	-451.8473742485053	555.5676094371017
scaled_total	114	deviation_intercept[709]	0.9892251564752383	1818.2893159675339	2060.068962259694	1819.062506310975	2062.633159525305	1.3526405850028427	12.236440503142044	12.43421417029576	-1142.7220793808558	-1145.136377594192	555.7772163497272
scaled_total	114	deviation_intercept[710]	0.9876793064697088	1894.6383233599395	2075.1539457767044	1910.869709375542	2078.9220363987483	1.4123501401039837	12.236509538704166	12.440851192697338	184.31323662178923	181.89893840845295	556.2119790807778
scaled_total	114	deviation_intercept[711]	0.9862642854108659	3392.4948015850464	2068.4298311537946	3364.8507262434086	2071.328948421089	1.1245904463588763	12.250335519455778	12.411476509772264	-1735.3543550126642	-1737.7686532260007	556.6108425376981
scaled_total	114	deviation_intercept[712]	0.9833981970122664	2513.3185407255223	2102.0227005816087	2513.6189765656777	2105.144402510329	1.4325556972046922	12.177969054600297	12.443161226399852	1089.5512653019553	1087.1369670886188	557.4213662969823
scaled_total	114	deviation_intercept[713]	0.982566330596688	2602.740024157355	2075.985652415522	2598.853843892534	2079.9166819118454	1.4443446972124137	12.216113238928124	12.44452397984562	3888.73881047886	3886.3245122655235	557.6572801461892
scaled_total	114	deviation_intercept[714]	0.9788890022324176	2042.517268954461	2073.892182115628	2045.085311022214	2079.9646137469267	1.795065317197297	12.272581360882919	12.490088269247407	151.09808111257502	148.68378289923882	558.7037555973825
scaled_total	114	deviation_intercept[715]	0.976162073236768	3056.4530063246875	2120.3002710037467	3064.047066778545	2123.579014472971	1.560536297993002	12.11039437128808	12.458544016775827	917.2011370994186	914.7868388860821	559.4835866226159
scaled_total	114	deviation_intercept[716]	0.958731745763698	2803.306306544052	2105.8766619337584	2820.8312515784583	2108.410632738834	2.1593311843402963	12.272934622336617	12.547619560866973	765.3320904248105	762.9177922114744	564.5465546159347
scaled_total	114	deviation_intercept[717]	0.9688738452947696	1762.2594975542	2074.9151269968806	1760.92500315734	2080.8829040887185	2.3610598986803404	12.319885076134822	12.583904375262213	1485.2014889752215	1482.7871907618853	561.5839654537931
scaled_total	114	deviation_intercept[718]	0.9615612381608069	1559.2801980039176	2095.661502790152	1555.4377485905554	2101.970643731623	2.8023231793164105	12.237665350933458	12.67410985757663	1309.1975605059167	1306.7832622925807	563.7153246502924
scaled_total	114	deviation_intercept[719]	0.9624681945759324	2770.5304452652686	2129.8324043797925	2802.5697679291593	2136.341321566999	2.0619428955083903	12.175103228063675	12.531227153991127	4691.0734745980535	4688.659176384717	563.4496609463005
scaled_total	114	deviation_intercept[720]	0.9595575606080907	2140.5293402437164	2131.9013735420813	2155.725441093163	2139.3298974382847	2.4441887879271684	12.208059820630524	12.599766041939665	3297.9841765120973	3295.569878298762	564.3035721753056
scaled_total	114	deviation_load[701]	0.38827144165941707	3335.056990890501	2805.4144014284725	3311.507249570641	2797.970090602831	0.31236499343867363	0.4298275533370212	0.44733967863622964	-23.27821093955328	-23.03028778214712	22.982424069442875
scaled_total	114	deviation_load[702]	0.5739696068022717	2562.768179552089	2186.045010382914	2565.2882097428187	2191.795328530749	0.24359665423212842	0.40625072076306035	0.4023434216058586	-36.7984565789184	-36.55053342151223	18.902494052784117
scaled_total	114	deviation_load[703]	0.5364430762948403	2740.858503383922	2545.8398752317626	2759.284638894138	2537.079654310523	0.25342824748616194	0.38845264097932064	0.4083708799367677	-38.11106453320006	-37.8631413757939	19.552474848486646
scaled_total	114	deviation_load[704]	0.5154747309091977	3204.4096693053816	2565.9336106051314	3193.587497222097	2555.811405468746	0.2456850180168866	0.39005498481049933	0.4036112325423816	10.619662193758547	10.867585351164717	19.94618614825483
scaled_total	114	deviation_load[705]	0.4521795963801538	2526.0422804469554	2439.7602415850456	2511.2375169130337	2436.9662672041354	0.314545360267057	0.42986024935248585	0.4488648823665706	-20.608128431275844	-20.36020527386968	21.296492277637494
scaled_total	114	deviation_load[706]	0.47782889594902966	2242.736489352247	2288.117835554284	2242.4538265488954	2291.783759114548	0.3161345894433593	0.4264021766723762	0.4499799746643665	-6.159444443128725	-5.9115212857225625	20.717023245249095
scaled_total	114	deviation_load[707]	0.43520801044401547	2156.880204177143	2096.5058998543245	2170.43122481775	2092.1487067870885	0.3501759921045588	0.4742309065494793	0.4745146197988368	-0.7558666742622273	-0.5079435168560638	21.707765322796458
scaled_total	114	deviation_load[708]	0.39017310271827843	1711.3782254452215	1964.9801070307958	1698.1023971031507	1961.4690567396021	0.4344664494009114	0.5098426679338836	0.5397239985506085	-25.343980740649105	-25.096057583242946	22.926348748208397
scaled_total	114	deviation_load[709]	0.36610893056912797	1982.731448239712	2071.3913107765425	1983.8914571682785	2059.1336399002407	0.4230646705702757	0.5253716675146441	0.5305889316986913	-43.88176639340121	-43.633843235995045	23.667827573211063
scaled_total	114	deviation_load[710]	0.3356487764007683	1647.5918050075268	1968.7326011040088	1650.6735596902324	1974.558487222354	0.4958945052264691	0.5587313364396197	0.5902984493205341	-74.50478825240337	-74.25686509499722	24.71843802529402
scaled_total	114	deviation_load[711]	0.3117032830700651	3051.870764944016	2914.6970173002583	3039.5840861007264	2891.0963844603893	0.3859878530803032	0.4748374111963645	0.5015251954607708	13.378873862883951	13.626797020290114	25.650324859371565
scaled_total	114	deviation_load[712]	0.2712749131127403	2026.2916047984368	2182.370816985933	2022.165386695374	2183.2155997532836	0.5219540427641015	0.5883967108998756	0.6123535920644314	117.06456234149705	117.31248549890323	27.495317659968972
scaled_total	114	deviation_load[713]	0.2743609721799751	2313.035493682811	2338.4389173941577	2304.0187836498567	2339.1547781513586	0.485198780069051	0.5589356366186758	0.5813422014071556	-13.623350702267711	-13.375427544861546	27.34024433978759
scaled_total	114	deviation_load[714]	0.23952832628031975	2293.469205760531	2304.8451730316806	2290.528670564103	2303.961863262352	0.5331614900522832	0.5984175624751136	0.6219341391427178	-4.5838268861262925	-4.33590372872013	29.26072739997303
scaled_total	114	deviation_load[715]	0.2064471438506952	2833.059034752253	2863.875671673703	2846.862743443536	2823.1787856569285	0.5262156785833798	0.5998460119701675	0.6159901292580827	-42.1514892583165	-41.903566100910346	31.518033924254677
scaled_total	114	deviation_load[716]	0.14782661175511078	2733.2138050296862	2574.0750652550864	2714.8675070404424	2569.2105444604904	0.6598981499074104	0.7241667535407176	0.7334892413714366	-34.30243841021172	-34.05451525280556	37.246652461570214
scaled_total	114	deviation_load[717]	0.16538803144277042	1740.2527870055362	1731.897749551425	1726.5705323865736	1722.6282022986604	0.7742151421342773	0.857650138407997	0.8378245551823018	93.14032835244443	93.38825150985058	35.213688576751665
scaled_total	114	deviation_load[718]	0.13732280723411733	1163.9548897222721	1263.1810977926327	1171.52405577291	1268.7069305554999	1.0486746613273359	1.0764142725415065	1.096475920513727	111.5784688715038	111.82639202890999	38.644903005740666
scaled_total	114	deviation_load[719]	0.1505651530404293	2914.6035203429105	3044.866015143227	2922.658248683173	3020.4094519362097	0.6291835247475788	0.670765854644002	0.7059835740087794	-31.618253534296077	-31.370330376889907	36.90636929727383
scaled_total	114	deviation_load[720]	0.14271843105020102	1844.8504072525554	1784.2046157494822	1822.9724492771031	1759.2625869482242	0.822044290895302	0.8991071870519889	0.8822118312230813	44.89762147318761	45.14554463059377	37.90735886664904
scaled_total	114	population_intercept_at_load0	0.9989276766921099	2409.4833104423587	2064.7969279672016	2438.269658131122	2066.5876629404133	0.3667780169343075	12.159340498484502	12.365863156055598	5469.745132237252	5472.159430450589	553.0715160830924
scaled_total	114	log_sigma_intercept_at_subject0	0.0	3865.6945206423975	3865.6945206423975	3863.790562931674	3863.790562931674	0.03195871589116609	0.03195871589116609	0.03195871589116609	-49.534628129837515	-49.534628129837515	1.9865344900587925
scaled_total	115	population_intercept_at_mean_load	0.9996713313630762	2213.008920746509	2118.065208647354	2246.6521065101056	2116.2051165765392	0.21183654393158427	11.885563022005364	12.384167883196255	5622.239789422616	5618.680868836907	553.8468170558788
scaled_total	115	population_load	0.8486738753388134	2467.842932646298	1952.7986107790605	2478.1039156522147	1935.2295191958747	0.12147595989041604	0.35571646253569905	0.3424869454267134	59.02694248912271	58.745683772668855	15.545086439729102
scaled_total	115	log_tau_intercept	0.0	98.87039931613431	98.87039931613431	100.15702310487681	100.15702310487681	0.016092002696656227	0.016092002696656227	0.016092002696656227	7.829217212205876	7.829217212205876	0.1610463182207523
scaled_total	115	log_tau_load	0.0	319.94715330140946	319.94715330140946	319.64678471294457	319.64678471294457	0.012380298392931836	0.012380298392931836	0.012380298392931836	4.110906031277505	4.110906031277505	0.22134324999120386
scaled_total	115	log_sigma_intercept	0.0	4881.874316919948	4881.874316919948	4884.086732650507	4884.086732650507	0.00021406907292478156	0.00021406907292478156	0.00021406907292478156	6.051301868446332	6.051301868446332	0.014960482900004806
scaled_total	115	log_sigma_subj_slope	0.0	3867.5831562565095	3867.5831562565095	3863.7881965612482	3863.7881965612482	4.496455188786939e-5	4.496455188786939e-5	4.496455188786939e-5	0.0782043668725733	0.0782043668725733	0.0027949685496262778
scaled_total	115	deviation_intercept[701]	0.990959464869329	3459.480483675098	2132.726389311732	3434.0916280509405	2130.443194171291	0.900972426522826	11.936136309260583	12.393215756773602	-4860.2668271142675	-4857.4094122230545	555.2906620414428
scaled_total	115	deviation_intercept[702]	0.9955984439077074	2446.2542193148615	2119.940671081932	2443.9603005756285	2115.762213703344	0.7434679607444481	11.939424777759452	12.38276181185928	-3920.034200928371	-3917.176786037157	553.9954664445193
scaled_total	115	deviation_intercept[703]	0.9946648835603578	2395.4428009985418	2121.0919881660757	2401.465306307737	2119.2960680791543	0.8261211013360139	11.952306260313938	12.387999094069214	-3640.72653537843	-3637.869120487216	554.2553866002969
scaled_total	115	deviation_intercept[704]	0.9942006316870904	3242.7044016033365	2134.1317357810303	3236.0602081750617	2130.2091727117536	0.7421528285024898	11.914985980295722	12.382682920168847	-658.6299223611765	-655.7725074699625	554.3847790294828
scaled_total	115	deviation_intercept[705]	0.9927520691609134	2263.1737811199623	2113.320330418567	2256.3489757470493	2108.271264441531	0.994332878660758	11.953138156683897	12.400352549592	-1357.496471306207	-1354.639056414993	554.7890936162702
scaled_total	115	deviation_intercept[706]	0.9931620023520072	2147.800073434119	2076.781922868812	2149.820392830219	2074.9735762815953	0.9892399618918798	12.077895610492307	12.399945208862452	36.421626553783746	39.279041444997524	554.6745856428865
scaled_total	115	deviation_intercept[707]	0.9920454781021224	2187.6953212554954	2120.1382543338545	2174.441614448029	2119.4977057695082	1.0614894686469285	11.931265685422948	12.405918159194641	-93.26296590608985	-90.40555101487608	554.9866345777481
scaled_total	115	deviation_intercept[708]	0.9899717354408466	1639.3347392122325	2138.6723395904423	1640.5974301069418	2134.410230922479	1.3735636703672582	11.931223963002395	12.436507654367436	-454.7047891397191	-451.8473742485053	555.5676094371017
scaled_total	115	deviation_intercept[709]	0.9892251564752383	1818.2893159675339	2134.441274870445	1819.062506310975	2131.3899310380807	1.3526405850028427	11.962093661683925	12.43421417029576	-1147.9937924854055	-1145.136377594192	555.7772163497272
scaled_total	115	deviation_intercept[710]	0.9876793064697088	1894.6383233599395	2152.8639684839154	1910.869709375542	2150.527715684138	1.4123501401039837	11.895125384954452	12.440851192697338	179.0415235172392	181.89893840845295	556.2119790807778
scaled_total	115	deviation_intercept[711]	0.9862642854108659	3392.4948015850464	2138.853797731539	3364.8507262434086	2132.089136272758	1.1245904463588763	11.910206651401065	12.411476509772264	-1740.626068117214	-1737.7686532260007	556.6108425376981
scaled_total	115	deviation_intercept[712]	0.9833981970122664	2513.3185407255223	2125.8708013795153	2513.6189765656777	2127.515658711538	1.4325556972046922	11.892036205539279	12.443161226399852	1084.2795521974049	1087.1369670886188	557.4213662969823
scaled_total	115	deviation_intercept[713]	0.982566330596688	2602.740024157355	2116.079948545453	2598.853843892534	2113.021957410405	1.4443446972124137	12.045235253426437	12.44452397984562	3883.467097374309	3886.3245122655235	557.6572801461892
scaled_total	115	deviation_intercept[714]	0.9788890022324176	2042.517268954461	2116.682832746338	2045.085311022214	2108.2286550664326	1.795065317197297	11.986563940667283	12.490088269247407	145.82636800802499	148.68378289923882	558.7037555973825
scaled_total	115	deviation_intercept[715]	0.976162073236768	3056.4530063246875	2095.533011470332	3064.047066778545	2093.2471870916106	1.560536297993002	12.14345769318958	12.458544016775827	911.9294239948686	914.7868388860821	559.4835866226159
scaled_total	115	deviation_intercept[716]	0.958731745763698	2803.306306544052	2118.7382044582573	2820.8312515784583	2114.481866526065	2.1593311843402963	12.14119523339923	12.547619560866973	760.0603773202605	762.9177922114744	564.5465546159347
scaled_total	115	deviation_intercept[717]	0.9688738452947696	1762.2594975542	2162.3460779734983	1760.92500315734	2161.643767417865	2.3610598986803404	12.02087126293664	12.583904375262213	1479.9297758706714	1482.7871907618853	561.5839654537931
scaled_total	115	deviation_intercept[718]	0.9615612381608069	1559.2801980039176	2096.7120965545982	1555.4377485905554	2096.1704898201756	2.8023231793164105	12.149426152290719	12.67410985757663	1303.9258474013666	1306.7832622925807	563.7153246502924
scaled_total	115	deviation_intercept[719]	0.9624681945759324	2770.5304452652686	2179.6796011579704	2802.5697679291593	2180.21889254454	2.0619428955083903	12.01874459928072	12.531227153991127	4685.801761493503	4688.659176384717	563.4496609463005
scaled_total	115	deviation_intercept[720]	0.9595575606080907	2140.5293402437164	2148.3113853015793	2155.725441093163	2153.4372124281563	2.4441887879271684	11.983586034357979	12.599766041939665	3292.712463407547	3295.569878298762	564.3035721753056
scaled_total	115	deviation_load[701]	0.38827144165941707	3335.056990890501	2751.238989418579	3311.507249570641	2759.783763878073	0.31236499343867363	0.4393511115934759	0.44733967863622964	-23.31154649860096	-23.03028778214712	22.982424069442875
scaled_total	115	deviation_load[702]	0.5739696068022717	2562.768179552089	2172.5889171205204	2565.2882097428187	2170.1484045226634	0.24359665423212842	0.4098448861780855	0.4023434216058586	-36.83179213796607	-36.55053342151223	18.902494052784117
scaled_total	115	deviation_load[703]	0.5364430762948403	2740.858503383922	1974.4511968051231	2759.284638894138	1973.9092869759027	0.25342824748616194	0.44561252224884806	0.4083708799367677	-38.14440009224774	-37.8631413757939	19.552474848486646
scaled_total	115	deviation_load[704]	0.5154747309091977	3204.4096693053816	2344.237076813134	3193.587497222097	2351.8301265220234	0.2456850180168866	0.4215648768279193	0.4036112325423816	10.58632663471087	10.867585351164717	19.94618614825483
scaled_total	115	deviation_load[705]	0.4521795963801538	2526.0422804469554	2197.818710047088	2511.2375169130337	2207.646948797279	0.314545360267057	0.4492920540365313	0.4488648823665706	-20.641463990323523	-20.36020527386968	21.296492277637494
scaled_total	115	deviation_load[706]	0.47782889594902966	2242.736489352247	1986.7676436506226	2242.4538265488954	1989.7145299401539	0.3161345894433593	0.46880337724939075	0.4499799746643665	-6.192780002176405	-5.9115212857225625	20.717023245249095
scaled_total	115	deviation_load[707]	0.43520801044401547	2156.880204177143	2002.9397523614566	2170.43122481775	2013.048308135283	0.3501759921045588	0.48957217817487775	0.4745146197988368	-0.7892022333099058	-0.5079435168560638	21.707765322796458
scaled_total	115	deviation_load[708]	0.39017310271827843	1711.3782254452215	1889.3649222285687	1698.1023971031507	1884.820020930875	0.4344664494009114	0.5433542076269827	0.5397239985506085	-25.377316299696787	-25.096057583242946	22.926348748208397
scaled_total	115	deviation_load[709]	0.36610893056912797	1982.731448239712	1868.3087396394562	1983.8914571682785	1876.3134122832078	0.4230646705702757	0.5446322376108036	0.5305889316986913	-43.915101952448886	-43.633843235995045	23.667827573211063
scaled_total	115	deviation_load[710]	0.3356487764007683	1647.5918050075268	1709.8880253660648	1650.6735596902324	1781.814034392212	0.4958945052264691	0.5912303350725948	0.5902984493205341	-74.53812381145104	-74.25686509499722	24.71843802529402
scaled_total	115	deviation_load[711]	0.3117032830700651	3051.870764944016	2624.7934589659976	3039.5840861007264	2623.404592220382	0.3859878530803032	0.49985306500889354	0.5015251954607708	13.345538303836271	13.626797020290114	25.650324859371565
scaled_total	115	deviation_load[712]	0.2712749131127403	2026.2916047984368	2499.152258045934	2022.165386695374	2503.3682012650715	0.5219540427641015	0.5380085482921076	0.6123535920644314	117.03122678244938	117.31248549890323	27.495317659968972
scaled_total	115	deviation_load[713]	0.2743609721799751	2313.035493682811	2424.5161139579463	2304.0187836498567	2417.5654351045578	0.485198780069051	0.5438549734587663	0.5813422014071556	-13.65668626131539	-13.375427544861546	27.34024433978759
scaled_total	115	deviation_load[714]	0.23952832628031975	2293.469205760531	2215.864045576627	2290.528670564103	2207.7343674194535	0.5331614900522832	0.6206337397245041	0.6219341391427178	-4.617162445173971	-4.33590372872013	29.26072739997303
scaled_total	115	deviation_load[715]	0.2064471438506952	2833.059034752253	2600.215298120587	2846.862743443536	2644.7337186381455	0.5262156785833798	0.615434201073045	0.6159901292580827	-42.184824817364174	-41.903566100910346	31.518033924254677
scaled_total	115	deviation_load[716]	0.14782661175511078	2733.2138050296862	2460.068997842923	2714.8675070404424	2427.715098583266	0.6598981499074104	0.7549117493030331	0.7334892413714366	-34.33577396925941	-34.05451525280556	37.246652461570214
scaled_total	115	deviation_load[717]	0.16538803144277042	1740.2527870055362	1844.9217156112193	1726.5705323865736	1827.5623430863739	0.7742151421342773	0.8238814915537327	0.8378245551823018	93.10699279339674	93.38825150985058	35.213688576751665
scaled_total	115	deviation_load[718]	0.13732280723411733	1163.9548897222721	1327.4571076573475	1171.52405577291	1327.890526541055	1.0486746613273359	1.0486110152063093	1.096475920513727	111.54513331245614	111.82639202890999	38.644903005740666
scaled_total	115	deviation_load[719]	0.1505651530404293	2914.6035203429105	2646.2013784017195	2922.658248683173	2642.4986411851546	0.6291835247475788	0.7240776618580635	0.7059835740087794	-31.651589093343755	-31.370330376889907	36.90636929727383
scaled_total	115	deviation_load[720]	0.14271843105020102	1844.8504072525554	1905.8063879379715	1822.9724492771031	1899.3959382853486	0.822044290895302	0.8627450353864412	0.8822118312230813	44.86428591413993	45.14554463059377	37.90735886664904
scaled_total	115	population_intercept_at_load0	0.9989276766921099	2409.4833104423587	2120.0843344166256	2438.269658131122	2115.0177172828157	0.3667780169343075	11.910850462066009	12.365863156055598	5475.016845341804	5472.159430450589	553.0715160830924
scaled_total	115	log_sigma_intercept_at_subject0	0.0	3865.6945206423975	3865.6945206423975	3863.790562931674	3863.790562931674	0.03195871589116609	0.03195871589116609	0.03195871589116609	-49.534628129837515	-49.534628129837515	1.9865344900587925
scaled_total	116	population_intercept_at_mean_load	0.9996713313630762	2213.008920746509	1965.9306296274992	2246.6521065101056	1968.6929859212082	0.21183654393158427	12.154036844201794	12.384167883196255	5630.053448440423	5618.680868836907	553.8468170558788
scaled_total	116	population_load	0.8486738753388134	2467.842932646298	1886.3625408219207	2478.1039156522147	1886.4636592229213	0.12147595989041604	0.3571784222771568	0.3424869454267134	58.30380198959648	58.745683772668855	15.545086439729102
scaled_total	116	log_tau_intercept	0.0	98.87039931613431	98.87039931613431	100.15702310487681	100.15702310487681	0.016092002696656227	0.016092002696656227	0.016092002696656227	7.829217212205876	7.829217212205876	0.1610463182207523
scaled_total	116	log_tau_load	0.0	319.94715330140946	319.94715330140946	319.64678471294457	319.64678471294457	0.012380298392931836	0.012380298392931836	0.012380298392931836	4.110906031277505	4.110906031277505	0.22134324999120386
scaled_total	116	log_sigma_intercept	0.0	4881.874316919948	4881.874316919948	4884.086732650507	4884.086732650507	0.00021406907292478156	0.00021406907292478156	0.00021406907292478156	6.051301868446332	6.051301868446332	0.014960482900004806
scaled_total	116	log_sigma_subj_slope	0.0	3867.5831562565095	3867.5831562565095	3863.7881965612482	3863.7881965612482	4.496455188786939e-5	4.496455188786939e-5	4.496455188786939e-5	0.0782043668725733	0.0782043668725733	0.0027949685496262778
scaled_total	116	deviation_intercept[701]	0.990959464869329	3459.480483675098	1982.975511567949	3434.0916280509405	1986.8529416872116	0.900972426522826	12.207046186740028	12.393215756773602	-4869.884117979411	-4857.4094122230545	555.2906620414428
scaled_total	116	deviation_intercept[702]	0.9955984439077074	2446.2542193148615	1957.5157583420867	2443.9603005756285	1958.2451952783003	0.7434679607444481	12.211007060046374	12.38276181185928	-3929.651491793514	-3917.176786037157	553.9954664445193
scaled_total	116	deviation_intercept[703]	0.9946648835603578	2395.4428009985418	1967.287492117869	2401.465306307737	1970.331726261186	0.8261211013360139	12.180383720580004	12.387999094069214	-3650.3438262435743	-3637.869120487216	554.2553866002969
scaled_total	116	deviation_intercept[704]	0.9942006316870904	3242.7044016033365	1976.4336796539185	3236.0602081750617	1978.4130412752202	0.7421528285024898	12.173326863662762	12.382682920168847	-668.2472132263207	-655.7725074699625	554.3847790294828
scaled_total	116	deviation_intercept[705]	0.9927520691609134	2263.1737811199623	1947.0576570569824	2256.3489757470493	1949.9763261261176	0.994332878660758	12.268372114576048	12.400352549592	-1367.113762171351	-1354.639056414993	554.7890936162702
scaled_total	116	deviation_intercept[706]	0.9931620023520072	2147.800073434119	1940.44455584896	2149.820392830219	1942.2008219217782	0.9892399618918798	12.290577651582176	12.399945208862452	26.80433568863941	39.279041444997524	554.6745856428865
scaled_total	116	deviation_intercept[707]	0.9920454781021224	2187.6953212554954	1959.6578399399357	2174.441614448029	1962.208815723236	1.0614894686469285	12.214605570460979	12.405918159194641	-102.8802567712342	-90.40555101487608	554.9866345777481
scaled_total	116	deviation_intercept[708]	0.9899717354408466	1639.3347392122325	1985.9204096120354	1640.5974301069418	1989.1604102747478	1.3735636703672582	12.198445936897828	12.436507654367436	-464.3220800048634	-451.8473742485053	555.5676094371017
scaled_total	116	deviation_intercept[709]	0.9892251564752383	1818.2893159675339	1935.3993499105636	1819.062506310975	1955.036263007764	1.3526405850028427	12.313564920734079	12.43421417029576	-1157.61108335055	-1145.136377594192	555.7772163497272
scaled_total	116	deviation_intercept[710]	0.9876793064697088	1894.6383233599395	1961.4676052629095	1910.869709375542	1964.5238664056792	1.4123501401039837	12.294232104662067	12.440851192697338	169.42423265209482	181.89893840845295	556.2119790807778
scaled_total	116	deviation_intercept[711]	0.9862642854108659	3392.4948015850464	1960.8375823480476	3364.8507262434086	1957.8870015990217	1.1245904463588763	12.228596788520035	12.411476509772264	-1750.2433589823586	-1737.7686532260007	556.6108425376981
scaled_total	116	deviation_intercept[712]	0.9833981970122664	2513.3185407255223	1994.553807592995	2513.6189765656777	1972.1605652131054	1.4325556972046922	12.252214380177739	12.443161226399852	1074.6622613322606	1087.1369670886188	557.4213662969823
scaled_total	116	deviation_intercept[713]	0.982566330596688	2602.740024157355	1989.675730992706	2598.853843892534	1989.7680338096343	1.4443446972124137	12.263950621562326	12.44452397984562	3873.849806509166	3886.3245122655235	557.6572801461892
scaled_total	116	deviation_intercept[714]	0.9788890022324176	2042.517268954461	1942.0318081609407	2045.085311022214	1942.4362625506715	1.795065317197297	12.306702881730564	12.490088269247407	136.20907714288066	148.68378289923882	558.7037555973825
scaled_total	116	deviation_intercept[715]	0.976162073236768	3056.4530063246875	2010.4230916350766	3064.047066778545	2010.5936079560015	1.560536297993002	12.190918024972357	12.458544016775827	902.3121331297243	914.7868388860821	559.4835866226159
scaled_total	116	deviation_intercept[716]	0.958731745763698	2803.306306544052	1969.68727538088	2820.8312515784583	1971.9046906581896	2.1593311843402963	12.334064522132904	12.547619560866973	750.4430864551163	762.9177922114744	564.5465546159347
scaled_total	116	deviation_intercept[717]	0.9688738452947696	1762.2594975542	1920.4544770441541	1760.92500315734	1922.7578375985238	2.3610598986803404	12.393451749130772	12.583904375262213	1470.3124850055274	1482.7871907618853	561.5839654537931
scaled_total	116	deviation_intercept[718]	0.9615612381608069	1559.2801980039176	1915.5544839216418	1555.4377485905554	1946.2436420211834	2.8023231793164105	12.507018566797676	12.67410985757663	1294.308556536222	1306.7832622925807	563.7153246502924
scaled_total	116	deviation_intercept[719]	0.9624681945759324	2770.5304452652686	2025.7855439710975	2802.5697679291593	2026.9022881357964	2.0619428955083903	12.205325313013612	12.531227153991127	4676.184470628359	4688.659176384717	563.4496609463005
scaled_total	116	deviation_intercept[720]	0.9595575606080907	2140.5293402437164	1968.8631203547561	2155.725441093163	1972.9942492121959	2.4441887879271684	12.373585152505735	12.599766041939665	3283.095172542403	3295.569878298762	564.3035721753056
scaled_total	116	deviation_load[701]	0.38827144165941707	3335.056990890501	2457.119969476675	3311.507249570641	2474.5172902447457	0.31236499343867363	0.45643875866293443	0.44733967863622964	-22.588405999074737	-23.03028778214712	22.982424069442875
scaled_total	116	deviation_load[702]	0.5739696068022717	2562.768179552089	2061.065392159049	2565.2882097428187	2052.2917379287906	0.24359665423212842	0.4264817855147933	0.4023434216058586	-36.108651638439845	-36.55053342151223	18.902494052784117
scaled_total	116	deviation_load[703]	0.5364430762948403	2740.858503383922	2383.614746220966	2759.284638894138	2326.7394015873215	0.25342824748616194	0.4068881247681865	0.4083708799367677	-37.42125959272151	-37.8631413757939	19.552474848486646
scaled_total	116	deviation_load[704]	0.5154747309091977	3204.4096693053816	2342.945914325601	3193.587497222097	2332.0914850353734	0.2456850180168866	0.41587263073477954	0.4036112325423816	11.309467134237096	10.867585351164717	19.94618614825483
scaled_total	116	deviation_load[705]	0.4521795963801538	2526.0422804469554	2150.495761813132	2511.2375169130337	2138.767900243286	0.314545360267057	0.44387486715838426	0.4488648823665706	-19.918323490797302	-20.36020527386968	21.296492277637494
scaled_total	116	deviation_load[706]	0.47782889594902966	2242.736489352247	2117.0658611347294	2242.4538265488954	2109.775430531632	0.3161345894433593	0.4534634401131707	0.4499799746643665	-5.469639502650181	-5.9115212857225625	20.717023245249095
scaled_total	116	deviation_load[707]	0.43520801044401547	2156.880204177143	2077.990215284193	2170.43122481775	2082.7258574255575	0.3501759921045588	0.47830617301718015	0.4745146197988368	-0.06606173378368288	-0.5079435168560638	21.707765322796458
scaled_total	116	deviation_load[708]	0.39017310271827843	1711.3782254452215	1908.2814989086091	1698.1023971031507	1903.3339120317612	0.4344664494009114	0.5268555933997247	0.5397239985506085	-24.65417580017056	-25.096057583242946	22.926348748208397
scaled_total	116	deviation_load[709]	0.36610893056912797	1982.731448239712	1716.1410990523302	1983.8914571682785	1692.1911344133373	0.4230646705702757	0.5685611712734073	0.5305889316986913	-43.19196145292267	-43.633843235995045	23.667827573211063
scaled_total	116	deviation_load[710]	0.3356487764007683	1647.5918050075268	1983.7922092344359	1650.6735596902324	1983.1009781884695	0.4958945052264691	0.5577081784191787	0.5902984493205341	-73.81498331192485	-74.25686509499722	24.71843802529402
scaled_total	116	deviation_load[711]	0.3117032830700651	3051.870764944016	2380.894532028899	3039.5840861007264	2381.444479482453	0.3859878530803032	0.5220173056997982	0.5015251954607708	14.068678803362495	13.626797020290114	25.650324859371565
scaled_total	116	deviation_load[712]	0.2712749131127403	2026.2916047984368	1938.4620231058914	2022.165386695374	1936.2583519872367	0.5219540427641015	0.6301391635559335	0.6123535920644314	117.7543672819756	117.31248549890323	27.495317659968972
scaled_total	116	deviation_load[713]	0.2743609721799751	2313.035493682811	2220.981876305066	2304.0187836498567	2216.81824801926	0.485198780069051	0.5848234016229806	0.5813422014071556	-12.933545761789164	-13.375427544861546	27.34024433978759
scaled_total	116	deviation_load[714]	0.23952832628031975	2293.469205760531	2143.2950267877236	2290.528670564103	2144.6790541861997	0.5331614900522832	0.6350169610833525	0.6219341391427178	-3.894021945647748	-4.33590372872013	29.26072739997303
scaled_total	116	deviation_load[715]	0.2064471438506952	2833.059034752253	2140.663312288403	2846.862743443536	2128.6013257061945	0.5262156785833798	0.6921600579137206	0.6159901292580827	-41.46168431783798	-41.903566100910346	31.518033924254677
scaled_total	116	deviation_load[716]	0.14782661175511078	2733.2138050296862	2723.3102623107934	2714.8675070404424	2694.6752117389087	0.6598981499074104	0.7144469812056462	0.7334892413714366	-33.61263346973317	-34.05451525280556	37.246652461570214
scaled_total	116	deviation_load[717]	0.16538803144277042	1740.2527870055362	1655.7422023639622	1726.5705323865736	1648.3124850826553	0.7742151421342773	0.8580036653233578	0.8378245551823018	93.83013329292295	93.38825150985058	35.213688576751665
scaled_total	116	deviation_load[718]	0.13732280723411733	1163.9548897222721	1191.6075485224906	1171.52405577291	1198.0493238407166	1.0486746613273359	1.1155406860444728	1.096475920513727	112.26827381198237	111.82639202890999	38.644903005740666
scaled_total	116	deviation_load[719]	0.1505651530404293	2914.6035203429105	2632.6648852396042	2922.658248683173	2631.5319345403304	0.6291835247475788	0.7257125034676158	0.7059835740087794	-30.928448593817528	-31.370330376889907	36.90636929727383
scaled_total	116	deviation_load[720]	0.14271843105020102	1844.8504072525554	1962.3535654782954	1822.9724492771031	1937.6109185025862	0.822044290895302	0.864686115906282	0.8822118312230813	45.58742641366615	45.14554463059377	37.90735886664904
scaled_total	116	population_intercept_at_load0	0.9989276766921099	2409.4833104423587	1963.1008863715895	2438.269658131122	1964.4134385119771	0.3667780169343075	12.178757155349777	12.365863156055598	5484.634136206947	5472.159430450589	553.0715160830924
scaled_total	116	log_sigma_intercept_at_subject0	0.0	3865.6945206423975	3865.6945206423975	3863.790562931674	3863.790562931674	0.03195871589116609	0.03195871589116609	0.03195871589116609	-49.534628129837515	-49.534628129837515	1.9865344900587925
scaled_total	117	population_intercept_at_mean_load	0.9996713313630762	2213.008920746509	1968.1401205143454	2246.6521065101056	1968.2849109779188	0.21183654393158427	12.514851037791432	12.384167883196255	5619.453884020203	5618.680868836907	553.8468170558788
scaled_total	117	population_load	0.8486738753388134	2467.842932646298	2120.071930421433	2478.1039156522147	2106.728844130695	0.12147595989041604	0.3432615521596787	0.3424869454267134	58.62412548585776	58.745683772668855	15.545086439729102
scaled_total	117	log_tau_intercept	0.0	98.87039931613431	98.87039931613431	100.15702310487681	100.15702310487681	0.016092002696656227	0.016092002696656227	0.016092002696656227	7.829217212205876	7.829217212205876	0.1610463182207523
scaled_total	117	log_tau_load	0.0	319.94715330140946	319.94715330140946	319.64678471294457	319.64678471294457	0.012380298392931836	0.012380298392931836	0.012380298392931836	4.110906031277505	4.110906031277505	0.22134324999120386
scaled_total	117	log_sigma_intercept	0.0	4881.874316919948	4881.874316919948	4884.086732650507	4884.086732650507	0.00021406907292478156	0.00021406907292478156	0.00021406907292478156	6.051301868446332	6.051301868446332	0.014960482900004806
scaled_total	117	log_sigma_subj_slope	0.0	3867.5831562565095	3867.5831562565095	3863.7881965612482	3863.7881965612482	4.496455188786939e-5	4.496455188786939e-5	4.496455188786939e-5	0.0782043668725733	0.0782043668725733	0.0027949685496262778
scaled_total	117	deviation_intercept[701]	0.990959464869329	3459.480483675098	1987.5136843883797	3434.0916280509405	1991.7322842097572	0.900972426522826	12.467379906575083	12.393215756773602	-4858.485613851506	-4857.4094122230545	555.2906620414428
scaled_total	117	deviation_intercept[702]	0.9955984439077074	2446.2542193148615	1975.130075004269	2443.9603005756285	1980.4378912809184	0.7434679607444481	12.507787820168101	12.38276181185928	-3918.2529876656085	-3917.176786037157	553.9954664445193
scaled_total	117	deviation_intercept[703]	0.9946648835603578	2395.4428009985418	1992.62269831422	2401.465306307737	1994.7415633801631	0.8261211013360139	12.455894256994272	12.387999094069214	-3638.9453221156673	-3637.869120487216	554.2553866002969
scaled_total	117	deviation_intercept[704]	0.9942006316870904	3242.7044016033365	1973.5831085207265	3236.0602081750617	1974.881327280761	0.7421528285024898	12.45818816472301	12.382682920168847	-656.8487090984145	-655.7725074699625	554.3847790294828
scaled_total	117	deviation_intercept[705]	0.9927520691609134	2263.1737811199623	1993.7495209397166	2256.3489757470493	1995.8802121617396	0.994332878660758	12.434513375288544	12.400352549592	-1355.7152580434451	-1354.639056414993	554.7890936162702
scaled_total	117	deviation_intercept[706]	0.9931620023520072	2147.800073434119	1977.3803715022932	2149.820392830219	1975.9115812254606	0.9892399618918798	12.488739267962425	12.399945208862452	38.20283981654562	39.279041444997524	554.6745856428865
scaled_total	117	deviation_intercept[707]	0.9920454781021224	2187.6953212554954	1978.6278282853016	2174.441614448029	1980.565337724448	1.0614894686469285	12.458337647996272	12.405918159194641	-91.481752643328	-90.40555101487608	554.9866345777481
scaled_total	117	deviation_intercept[708]	0.9899717354408466	1639.3347392122325	1949.2969316004244	1640.5974301069418	1978.277852041915	1.3735636703672582	12.545340482433492	12.436507654367436	-452.9235758769572	-451.8473742485053	555.5676094371017
scaled_total	117	deviation_intercept[709]	0.9892251564752383	1818.2893159675339	1979.44442048873	1819.062506310975	1982.3738741575694	1.3526405850028427	12.514705824883999	12.43421417029576	-1146.2125792226439	-1145.136377594192	555.7772163497272
scaled_total	117	deviation_intercept[710]	0.9876793064697088	1894.6383233599395	1963.7741871838443	1910.869709375542	1968.2532902471216	1.4123501401039837	12.558016229610653	12.440851192697338	180.8227367800011	181.89893840845295	556.2119790807778
scaled_total	117	deviation_intercept[711]	0.9862642854108659	3392.4948015850464	1997.4825280464336	3364.8507262434086	2004.555757216787	1.1245904463588763	12.484114057502152	12.411476509772264	-1738.8448548544525	-1737.7686532260007	556.6108425376981
scaled_total	117	deviation_intercept[712]	0.9833981970122664	2513.3185407255223	1991.0712583348277	2513.6189765656777	1991.4981157531422	1.4325556972046922	12.52576389800658	12.443161226399852	1086.0607654601667	1087.1369670886188	557.4213662969823
scaled_total	117	deviation_intercept[713]	0.982566330596688	2602.740024157355	1994.7507964436243	2598.853843892534	1997.3696421200991	1.4443446972124137	12.496069974901207	12.44452397984562	3885.248310637072	3886.3245122655235	557.6572801461892
scaled_total	117	deviation_intercept[714]	0.9788890022324176	2042.517268954461	1897.3098137429174	2045.085311022214	1921.3341395181465	1.795065317197297	12.799174859486012	12.490088269247407	147.6075812707869	148.68378289923882	558.7037555973825
scaled_total	117	deviation_intercept[715]	0.976162073236768	3056.4530063246875	1990.1294879591605	3064.047066778545	2010.9534580703853	1.560536297993002	12.553416955021248	12.458544016775827	913.7106372576304	914.7868388860821	559.4835866226159
scaled_total	117	deviation_intercept[716]	0.958731745763698	2803.306306544052	1946.5587451419353	2820.8312515784583	2004.5832698574761	2.1593311843402963	12.740154798327517	12.547619560866973	761.8415905830224	762.9177922114744	564.5465546159347
scaled_total	117	deviation_intercept[717]	0.9688738452947696	1762.2594975542	2002.899995534634	1760.92500315734	2004.2477483886598	2.3610598986803404	12.58771430449412	12.583904375262213	1481.7109891334335	1482.7871907618853	561.5839654537931
scaled_total	117	deviation_intercept[718]	0.9615612381608069	1559.2801980039176	2002.743675266426	1555.4377485905554	2003.8672231160367	2.8023231793164105	12.497506282470745	12.67410985757663	1305.7070606641284	1306.7832622925807	563.7153246502924
scaled_total	117	deviation_intercept[719]	0.9624681945759324	2770.5304452652686	1955.304148256299	2802.5697679291593	1969.1315767692233	2.0619428955083903	12.665620833769736	12.531227153991127	4687.582974756265	4688.659176384717	563.4496609463005
scaled_total	117	deviation_intercept[720]	0.9595575606080907	2140.5293402437164	1976.6301829563754	2155.725441093163	1994.8141890379986	2.4441887879271684	12.618813868629807	12.599766041939665	3294.49367667031	3295.569878298762	564.3035721753056
scaled_total	117	deviation_load[701]	0.38827144165941707	3335.056990890501	2673.104629493285	3311.507249570641	2683.4877372706796	0.31236499343867363	0.44585236798758854	0.44733967863622964	-22.90872949533601	-23.03028778214712	22.982424069442875
scaled_total	117	deviation_load[702]	0.5739696068022717	2562.768179552089	2239.4939108857893	2565.2882097428187	2242.0407129976675	0.24359665423212842	0.3942468834039172	0.4023434216058586	-36.42897513470112	-36.55053342151223	18.902494052784117
scaled_total	117	deviation_load[703]	0.5364430762948403	2740.858503383922	2255.6672734517474	2759.284638894138	2201.624607470853	0.25342824748616194	0.41886932382497194	0.4083708799367677	-37.74158308898278	-37.8631413757939	19.552474848486646
scaled_total	117	deviation_load[704]	0.5154747309091977	3204.4096693053816	2568.8782468766776	3193.587497222097	2551.6323302329056	0.2456850180168866	0.3964585627797261	0.4036112325423816	10.98914363797582	10.867585351164717	19.94618614825483
scaled_total	117	deviation_load[705]	0.4521795963801538	2526.0422804469554	2398.5542205388388	2511.2375169130337	2393.018462184488	0.314545360267057	0.43634187412130515	0.4488648823665706	-20.23864698705858	-20.36020527386968	21.296492277637494
scaled_total	117	deviation_load[706]	0.47782889594902966	2242.736489352247	2061.607857749663	2242.4538265488954	2058.2891648390337	0.3161345894433593	0.46041470088911907	0.4499799746643665	-5.789962998911458	-5.9115212857225625	20.717023245249095
scaled_total	117	deviation_load[707]	0.43520801044401547	2156.880204177143	2151.0249200227713	2170.43122481775	2145.2007847293394	0.3501759921045588	0.4734100685639267	0.4745146197988368	-0.3863852300449578	-0.5079435168560638	21.707765322796458
scaled_total	117	deviation_load[708]	0.39017310271827843	1711.3782254452215	1789.9926291483716	1698.1023971031507	1772.3383280049798	0.4344664494009114	0.549242667549208	0.5397239985506085	-24.974499296431837	-25.096057583242946	22.926348748208397
scaled_total	117	deviation_load[709]	0.36610893056912797	1982.731448239712	2073.068976532039	1983.8914571682785	2074.732372419833	0.4230646705702757	0.5163438456165652	0.5305889316986913	-43.51228494918394	-43.633843235995045	23.667827573211063
scaled_total	117	deviation_load[710]	0.3356487764007683	1647.5918050075268	1948.4141517626385	1650.6735596902324	1958.8652733238612	0.4958945052264691	0.5602964999413652	0.5902984493205341	-74.13530680818612	-74.25686509499722	24.71843802529402
scaled_total	117	deviation_load[711]	0.3117032830700651	3051.870764944016	2563.084745706711	3039.5840861007264	2562.1410345397326	0.3859878530803032	0.5031115203387825	0.5015251954607708	13.74835530710122	13.626797020290114	25.650324859371565
scaled_total	117	deviation_load[712]	0.2712749131127403	2026.2916047984368	2153.7223063220404	2022.165386695374	2106.9493292874286	0.5219540427641015	0.6070591918743619	0.6123535920644314	117.43404378571431	117.31248549890323	27.495317659968972
scaled_total	117	deviation_load[713]	0.2743609721799751	2313.035493682811	2118.0271686921164	2304.0187836498567	2124.0122936096996	0.485198780069051	0.5990142181192356	0.5813422014071556	-13.253869258050441	-13.375427544861546	27.34024433978759
scaled_total	117	deviation_load[714]	0.23952832628031975	2293.469205760531	2121.991531519521	2290.528670564103	2123.59562481074	0.5331614900522832	0.6379582295350649	0.6219341391427178	-4.214345441909023	-4.33590372872013	29.26072739997303
scaled_total	117	deviation_load[715]	0.2064471438506952	2833.059034752253	2615.640788393776	2846.862743443536	2599.0455382166792	0.5262156785833798	0.6198596296496568	0.6159901292580827	-41.78200781409924	-41.903566100910346	31.518033924254677
scaled_total	117	deviation_load[716]	0.14782661175511078	2733.2138050296862	2573.3793762491123	2714.8675070404424	2565.737031411952	0.6598981499074104	0.7268511772639568	0.7334892413714366	-33.932956965994464	-34.05451525280556	37.246652461570214
scaled_total	117	deviation_load[717]	0.16538803144277042	1740.2527870055362	1744.4446176401914	1726.5705323865736	1730.706990418905	0.7742151421342773	0.8509168322115545	0.8378245551823018	93.5098097966617	93.38825150985058	35.213688576751665
scaled_total	117	deviation_load[718]	0.13732280723411733	1163.9548897222721	1202.9457878420972	1171.52405577291	1213.8067078238719	1.0486746613273359	1.1153892532980274	1.096475920513727	111.94795031572107	111.82639202890999	38.644903005740666
scaled_total	117	deviation_load[719]	0.1505651530404293	2914.6035203429105	2862.0070491637775	2922.658248683173	2828.70616338758	0.6291835247475788	0.6931944646045061	0.7059835740087794	-31.248772090078802	-31.370330376889907	36.90636929727383
scaled_total	117	deviation_load[720]	0.14271843105020102	1844.8504072525554	1940.4200758733164	1822.9724492771031	1889.054584267398	0.822044290895302	0.8748507263259023	0.8822118312230813	45.26710291740489	45.14554463059377	37.90735886664904
scaled_total	117	population_intercept_at_load0	0.9989276766921099	2409.4833104423587	1976.5531812344934	2438.269658131122	1978.5476903359527	0.3667780169343075	12.45913714109475	12.365863156055598	5473.2356320790395	5472.159430450589	553.0715160830924
scaled_total	117	log_sigma_intercept_at_subject0	0.0	3865.6945206423975	3865.6945206423975	3863.790562931674	3863.790562931674	0.03195871589116609	0.03195871589116609	0.03195871589116609	-49.534628129837515	-49.534628129837515	1.9865344900587925
scaled_total	118	population_intercept_at_mean_load	0.9996713313630762	2213.008920746509	1823.5561127983908	2246.6521065101056	1826.9959331194495	0.21183654393158427	12.832013591553196	12.384167883196255	5608.467852037685	5618.680868836907	553.8468170558788
scaled_total	118	population_load	0.8486738753388134	2467.842932646298	1939.13973502598	2478.1039156522147	1941.8051960633686	0.12147595989041604	0.35404516164696087	0.3424869454267134	59.06448627837961	58.745683772668855	15.545086439729102
scaled_total	118	log_tau_intercept	0.0	98.87039931613431	98.87039931613431	100.15702310487681	100.15702310487681	0.016092002696656227	0.016092002696656227	0.016092002696656227	7.829217212205876	7.829217212205876	0.1610463182207523
scaled_total	118	log_tau_load	0.0	319.94715330140946	319.94715330140946	319.64678471294457	319.64678471294457	0.012380298392931836	0.012380298392931836	0.012380298392931836	4.110906031277505	4.110906031277505	0.22134324999120386
scaled_total	118	log_sigma_intercept	0.0	4881.874316919948	4881.874316919948	4884.086732650507	4884.086732650507	0.00021406907292478156	0.00021406907292478156	0.00021406907292478156	6.051301868446332	6.051301868446332	0.014960482900004806
scaled_total	118	log_sigma_subj_slope	0.0	3867.5831562565095	3867.5831562565095	3863.7881965612482	3863.7881965612482	4.496455188786939e-5	4.496455188786939e-5	4.496455188786939e-5	0.0782043668725733	0.0782043668725733	0.0027949685496262778
scaled_total	118	deviation_intercept[701]	0.990959464869329	3459.480483675098	1845.36028496742	3434.0916280509405	1843.4873678529495	0.900972426522826	12.849549843529834	12.393215756773602	-4846.401249317801	-4857.4094122230545	555.2906620414428
scaled_total	118	deviation_intercept[702]	0.9955984439077074	2446.2542193148615	1804.9290722562912	2443.9603005756285	1808.230205620207	0.7434679607444481	12.86869395734794	12.38276181185928	-3906.168623131905	-3917.176786037157	553.9954664445193
scaled_total	118	deviation_intercept[703]	0.9946648835603578	2395.4428009985418	1827.3271623018318	2401.465306307737	1828.7632836824735	0.8261211013360139	12.80152656961687	12.387999094069214	-3626.860957581964	-3637.869120487216	554.2553866002969
scaled_total	118	deviation_intercept[704]	0.9942006316870904	3242.7044016033365	1831.7978523748156	3236.0602081750617	1834.0053217101924	0.7421528285024898	12.808972582157281	12.382682920168847	-644.7643445647103	-655.7725074699625	554.3847790294828
scaled_total	118	deviation_intercept[705]	0.9927520691609134	2263.1737811199623	1817.4644683783047	2256.3489757470493	1819.2293059003784	0.994332878660758	12.87414151748824	12.400352549592	-1343.6308935097409	-1354.639056414993	554.7890936162702
scaled_total	118	deviation_intercept[706]	0.9931620023520072	2147.800073434119	1799.6958537014013	2149.820392830219	1801.9916439522733	0.9892399618918798	12.910503525326286	12.399945208862452	50.287204350249944	39.279041444997524	554.6745856428865
scaled_total	118	deviation_intercept[707]	0.9920454781021224	2187.6953212554954	1786.3988618374276	2174.441614448029	1788.5510138820925	1.0614894686469285	13.02575770442175	12.405918159194641	-79.39738810962365	-90.40555101487608	554.9866345777481
scaled_total	118	deviation_intercept[708]	0.9899717354408466	1639.3347392122325	1822.7531239679747	1640.5974301069418	1828.2244800283406	1.3735636703672582	12.826574655706919	12.436507654367436	-440.83921134325277	-451.8473742485053	555.5676094371017
scaled_total	118	deviation_intercept[709]	0.9892251564752383	1818.2893159675339	1814.5868140382277	1819.062506310975	1816.380877207865	1.3526405850028427	12.888113417424496	12.43421417029576	-1134.1282146889394	-1145.136377594192	555.7772163497272
scaled_total	118	deviation_intercept[710]	0.9876793064697088	1894.6383233599395	1793.901439568188	1910.869709375542	1800.637648144297	1.4123501401039837	12.982306501667033	12.440851192697338	192.9071013137054	181.89893840845295	556.2119790807778
scaled_total	118	deviation_intercept[711]	0.9862642854108659	3392.4948015850464	1833.2039902575493	3364.8507262434086	1834.8347603698542	1.1245904463588763	12.837572286760416	12.411476509772264	-1726.7604903207482	-1737.7686532260007	556.6108425376981
scaled_total	118	deviation_intercept[712]	0.9833981970122664	2513.3185407255223	1814.1667141406454	2513.6189765656777	1821.2676437011917	1.4325556972046922	12.926150523072355	12.443161226399852	1098.1451299938713	1087.1369670886188	557.4213662969823
scaled_total	118	deviation_intercept[713]	0.982566330596688	2602.740024157355	1844.8900922223595	2598.853843892534	1846.6387355779777	1.4443446972124137	12.840296813715318	12.44452397984562	3897.3326751707755	3886.3245122655235	557.6572801461892
scaled_total	118	deviation_intercept[714]	0.9788890022324176	2042.517268954461	1825.9695820088211	2045.085311022214	1828.3139774761407	1.795065317197297	12.971410735183298	12.490088269247407	159.69194580449124	148.68378289923882	558.7037555973825
scaled_total	118	deviation_intercept[715]	0.976162073236768	3056.4530063246875	1855.8148971600713	3064.047066778545	1855.4129689049935	1.560536297993002	12.831329658331114	12.458544016775827	925.7950017913347	914.7868388860821	559.4835866226159
scaled_total	118	deviation_intercept[716]	0.958731745763698	2803.306306544052	1884.8086772936633	2820.8312515784583	1884.0408560170135	2.1593311843402963	12.842744519614445	12.547619560866973	773.9259551167266	762.9177922114744	564.5465546159347
scaled_total	118	deviation_intercept[717]	0.9688738452947696	1762.2594975542	1797.3067727863042	1760.92500315734	1810.0858267385852	2.3610598986803404	13.128024214725157	12.583904375262213	1493.7953536671373	1482.7871907618853	561.5839654537931
scaled_total	118	deviation_intercept[718]	0.9615612381608069	1559.2801980039176	1888.5355536890706	1555.4377485905554	1891.0492082874823	2.8023231793164105	12.880477639312339	12.67410985757663	1317.7914251978327	1306.7832622925807	563.7153246502924
scaled_total	118	deviation_intercept[719]	0.9624681945759324	2770.5304452652686	1861.7903170596958	2802.5697679291593	1862.3112488507343	2.0619428955083903	12.998897678581187	12.531227153991127	4699.66733928997	4688.659176384717	563.4496609463005
scaled_total	118	deviation_intercept[720]	0.9595575606080907	2140.5293402437164	1826.7235012982837	2155.725441093163	1830.2694789224004	2.4441887879271684	13.053581479217105	12.599766041939665	3306.578041204014	3295.569878298762	564.3035721753056
scaled_total	118	deviation_load[701]	0.38827144165941707	3335.056990890501	2249.5521552877885	3311.507249570641	2254.3097349119203	0.31236499343867363	0.482094257331288	0.44733967863622964	-23.349090287857877	-23.03028778214712	22.982424069442875
scaled_total	118	deviation_load[702]	0.5739696068022717	2562.768179552089	2148.3544636559377	2565.2882097428187	2154.629682191023	0.24359665423212842	0.39987556978795646	0.4023434216058586	-36.869335927222984	-36.55053342151223	18.902494052784117
scaled_total	118	deviation_load[703]	0.5364430762948403	2740.858503383922	2207.993867334079	2759.284638894138	2203.583170080379	0.25342824748616194	0.4171909397449202	0.4083708799367677	-38.18194388150465	-37.8631413757939	19.552474848486646
scaled_total	118	deviation_load[704]	0.5154747309091977	3204.4096693053816	2299.2777832134193	3193.587497222097	2290.8466219705624	0.2456850180168866	0.4196914506274167	0.4036112325423816	10.548782845453955	10.867585351164717	19.94618614825483
scaled_total	118	deviation_load[705]	0.4521795963801538	2526.0422804469554	2179.696805569475	2511.2375169130337	2177.925695187889	0.314545360267057	0.4562915004002923	0.4488648823665706	-20.679007779580438	-20.36020527386968	21.296492277637494
scaled_total	118	deviation_load[706]	0.47782889594902966	2242.736489352247	2055.8722293304418	2242.4538265488954	2060.831810874549	0.3161345894433593	0.4468133509453607	0.4499799746643665	-6.230323791433318	-5.9115212857225625	20.717023245249095
scaled_total	118	deviation_load[707]	0.43520801044401547	2156.880204177143	2125.8515626047188	2170.43122481775	2126.1754054762882	0.3501759921045588	0.46712149082923615	0.4745146197988368	-0.8267460225668202	-0.5079435168560638	21.707765322796458
scaled_total	118	deviation_load[708]	0.39017310271827843	1711.3782254452215	1776.1636528088816	1698.1023971031507	1760.6969736389035	0.4344664494009114	0.5411365635517372	0.5397239985506085	-25.4148600889537	-25.096057583242946	22.926348748208397
scaled_total	118	deviation_load[709]	0.36610893056912797	1982.731448239712	1965.9711577925457	1983.8914571682785	1965.1506648981958	0.4230646705702757	0.5368407983622597	0.5305889316986913	-43.952645741705794	-43.633843235995045	23.667827573211063
scaled_total	118	deviation_load[710]	0.3356487764007683	1647.5918050075268	1476.473467557655	1650.6735596902324	1498.9901110311237	0.4958945052264691	0.6376366342640393	0.5902984493205341	-74.57566760070799	-74.25686509499722	24.71843802529402
scaled_total	118	deviation_load[711]	0.3117032830700651	3051.870764944016	2470.447838247697	3039.5840861007264	2489.9286844534786	0.3859878530803032	0.5154688917923422	0.5015251954607708	13.307994514579358	13.626797020290114	25.650324859371565
scaled_total	118	deviation_load[712]	0.2712749131127403	2026.2916047984368	2168.9652821700347	2022.165386695374	2151.7397531916095	0.5219540427641015	0.5866705429909105	0.6123535920644314	116.99368299319246	117.31248549890323	27.495317659968972
scaled_total	118	deviation_load[713]	0.2743609721799751	2313.035493682811	2272.2165117073246	2304.0187836498567	2266.7399512404845	0.485198780069051	0.5708600023797644	0.5813422014071556	-13.694230050572303	-13.375427544861546	27.34024433978759
scaled_total	118	deviation_load[714]	0.23952832628031975	2293.469205760531	2183.458911227449	2290.528670564103	2181.8303062162513	0.5331614900522832	0.6238560727088172	0.6219341391427178	-4.654706234430885	-4.33590372872013	29.26072739997303
scaled_total	118	deviation_load[715]	0.2064471438506952	2833.059034752253	2609.216700288171	2846.862743443536	2600.90195045832	0.5262156785833798	0.6204254589359688	0.6159901292580827	-42.22236860662111	-41.903566100910346	31.518033924254677
scaled_total	118	deviation_load[716]	0.14782661175511078	2733.2138050296862	2527.5548077826907	2714.8675070404424	2514.493777626901	0.6598981499074104	0.7443898824312595	0.7334892413714366	-34.373317758516315	-34.05451525280556	37.246652461570214
scaled_total	118	deviation_load[717]	0.16538803144277042	1740.2527870055362	2042.1495730552049	1726.5705323865736	2020.7989527492064	0.7742151421342773	0.7863059224071894	0.8378245551823018	93.06944900413984	93.38825150985058	35.213688576751665
scaled_total	118	deviation_load[718]	0.13732280723411733	1163.9548897222721	1380.6489399765264	1171.52405577291	1405.419397540105	1.0486746613273359	1.0424058618718717	1.096475920513727	111.50758952319921	111.82639202890999	38.644903005740666
scaled_total	118	deviation_load[719]	0.1505651530404293	2914.6035203429105	2643.7366682729175	2922.658248683173	2649.2078394449877	0.6291835247475788	0.7198043046560824	0.7059835740087794	-31.689132882600664	-31.370330376889907	36.90636929727383
scaled_total	118	deviation_load[720]	0.14271843105020102	1844.8504072525554	1876.254802954227	1822.9724492771031	1873.955940683495	0.822044290895302	0.8614477123193243	0.8822118312230813	44.826742124883005	45.14554463059377	37.90735886664904
scaled_total	118	population_intercept_at_load0	0.9989276766921099	2409.4833104423587	1827.1863920645242	2438.269658131122	1828.0939110497654	0.3667780169343075	12.803473394452347	12.365863156055598	5461.151267545336	5472.159430450589	553.0715160830924
scaled_total	118	log_sigma_intercept_at_subject0	0.0	3865.6945206423975	3865.6945206423975	3863.790562931674	3863.790562931674	0.03195871589116609	0.03195871589116609	0.03195871589116609	-49.534628129837515	-49.534628129837515	1.9865344900587925
scaled_total	119	population_intercept_at_mean_load	0.9996713313630762	2213.008920746509	1921.2600689690369	2246.6521065101056	1917.1004911976336	0.21183654393158427	12.56418777866374	12.384167883196255	5602.269548380023	5618.680868836907	553.8468170558788
scaled_total	119	population_load	0.8486738753388134	2467.842932646298	1892.9535612866516	2478.1039156522147	1873.6723983587617	0.12147595989041604	0.368109392977738	0.3424869454267134	59.05548020261885	58.745683772668855	15.545086439729102
scaled_total	119	log_tau_intercept	0.0	98.87039931613431	98.87039931613431	100.15702310487681	100.15702310487681	0.016092002696656227	0.016092002696656227	0.016092002696656227	7.829217212205876	7.829217212205876	0.1610463182207523
scaled_total	119	log_tau_load	0.0	319.94715330140946	319.94715330140946	319.64678471294457	319.64678471294457	0.012380298392931836	0.012380298392931836	0.012380298392931836	4.110906031277505	4.110906031277505	0.22134324999120386
scaled_total	119	log_sigma_intercept	0.0	4881.874316919948	4881.874316919948	4884.086732650507	4884.086732650507	0.00021406907292478156	0.00021406907292478156	0.00021406907292478156	6.051301868446332	6.051301868446332	0.014960482900004806
scaled_total	119	log_sigma_subj_slope	0.0	3867.5831562565095	3867.5831562565095	3863.7881965612482	3863.7881965612482	4.496455188786939e-5	4.496455188786939e-5	4.496455188786939e-5	0.0782043668725733	0.0782043668725733	0.0027949685496262778
scaled_total	119	deviation_intercept[701]	0.990959464869329	3459.480483675098	1927.3946374756795	3434.0916280509405	1922.8610407046451	0.900972426522826	12.573003069621128	12.393215756773602	-4840.2254083006255	-4857.4094122230545	555.2906620414428
scaled_total	119	deviation_intercept[702]	0.9955984439077074	2446.2542193148615	1915.3281128152203	2443.9603005756285	1909.1305450439916	0.7434679607444481	12.5817166332709	12.38276181185928	-3899.9927821147276	-3917.176786037157	553.9954664445193
scaled_total	119	deviation_intercept[703]	0.9946648835603578	2395.4428009985418	1924.801868484598	2401.465306307737	1920.3963279164286	0.8261211013360139	12.560258999286253	12.387999094069214	-3620.6851165647863	-3637.869120487216	554.2553866002969
scaled_total	119	deviation_intercept[704]	0.9942006316870904	3242.7044016033365	1910.1308980863876	3236.0602081750617	1907.784382972879	0.7421528285024898	12.554645062922738	12.382682920168847	-638.5885035475329	-655.7725074699625	554.3847790294828
scaled_total	119	deviation_intercept[705]	0.9927520691609134	2263.1737811199623	1943.0950689511544	2256.3489757470493	1940.3883743862395	0.994332878660758	12.44648435306619	12.400352549592	-1337.455052492564	-1354.639056414993	554.7890936162702
scaled_total	119	deviation_intercept[706]	0.9931620023520072	2147.800073434119	1913.667850041807	2149.820392830219	1911.7175255633147	0.9892399618918798	12.598529277504495	12.399945208862452	56.46304536742713	39.279041444997524	554.6745856428865
scaled_total	119	deviation_intercept[707]	0.9920454781021224	2187.6953212554954	1926.8931364350337	2174.441614448029	1921.3562582809034	1.0614894686469285	12.587391713994306	12.405918159194641	-73.22154709244649	-90.40555101487608	554.9866345777481
scaled_total	119	deviation_intercept[708]	0.9899717354408466	1639.3347392122325	1922.3979667191613	1640.5974301069418	1917.2681855944934	1.3735636703672582	12.562575730446495	12.436507654367436	-434.6633703260757	-451.8473742485053	555.5676094371017
scaled_total	119	deviation_intercept[709]	0.9892251564752383	1818.2893159675339	1927.0603758957998	1819.062506310975	1922.603196894474	1.3526405850028427	12.533756374367815	12.43421417029576	-1127.9523736717622	-1145.136377594192	555.7772163497272
scaled_total	119	deviation_intercept[710]	0.9876793064697088	1894.6383233599395	1906.8812622175908	1910.869709375542	1903.3959759411878	1.4123501401039837	12.648652298174287	12.440851192697338	199.0829423308826	181.89893840845295	556.2119790807778
scaled_total	119	deviation_intercept[711]	0.9862642854108659	3392.4948015850464	1952.1650737089751	3364.8507262434086	1946.0789618049594	1.1245904463588763	12.509483929151948	12.411476509772264	-1720.5846493035706	-1737.7686532260007	556.6108425376981
scaled_total	119	deviation_intercept[712]	0.9833981970122664	2513.3185407255223	1929.4485428052703	2513.6189765656777	1923.7429662946988	1.4325556972046922	12.638251243517573	12.443161226399852	1104.3209710110482	1087.1369670886188	557.4213662969823
scaled_total	119	deviation_intercept[713]	0.982566330596688	2602.740024157355	1894.083820272152	2598.853843892534	1889.4320812335948	1.4443446972124137	12.610077129922425	12.44452397984562	3903.508516187953	3886.3245122655235	557.6572801461892
scaled_total	119	deviation_intercept[714]	0.9788890022324176	2042.517268954461	1930.9869997264213	2045.085311022214	1925.9385471495598	1.795065317197297	12.566041649212812	12.490088269247407	165.86778682166837	148.68378289923882	558.7037555973825
scaled_total	119	deviation_intercept[715]	0.976162073236768	3056.4530063246875	2001.3953031791827	3064.047066778545	1999.5948916924738	1.560536297993002	12.4404612449138	12.458544016775827	931.9708428085119	914.7868388860821	559.4835866226159
scaled_total	119	deviation_intercept[716]	0.958731745763698	2803.306306544052	1949.1874774898083	2820.8312515784583	1940.3221895923405	2.1593311843402963	12.672582308129499	12.547619560866973	780.101796133904	762.9177922114744	564.5465546159347
scaled_total	119	deviation_intercept[717]	0.9688738452947696	1762.2594975542	1927.413985885257	1760.92500315734	1921.3446587651817	2.3610598986803404	12.727947585590668	12.583904375262213	1499.9711946843147	1482.7871907618853	561.5839654537931
scaled_total	119	deviation_intercept[718]	0.9615612381608069	1559.2801980039176	1915.5449460752343	1555.4377485905554	1908.0489406002027	2.8023231793164105	12.791678293088218	12.67410985757663	1323.96726621501	1306.7832622925807	563.7153246502924
scaled_total	119	deviation_intercept[719]	0.9624681945759324	2770.5304452652686	1977.865968490204	2802.5697679291593	1974.369779563535	2.0619428955083903	12.7550748109695	12.531227153991127	4705.843180307147	4688.659176384717	563.4496609463005
scaled_total	119	deviation_intercept[720]	0.9595575606080907	2140.5293402437164	1878.293456237024	2155.725441093163	1872.734909974589	2.4441887879271684	12.933951754654867	12.599766041939665	3312.7538822211914	3295.569878298762	564.3035721753056
scaled_total	119	deviation_load[701]	0.38827144165941707	3335.056990890501	2345.85518113446	3311.507249570641	2354.7047466462272	0.31236499343867363	0.48188662503306307	0.44733967863622964	-23.340084212097107	-23.03028778214712	22.982424069442875
scaled_total	119	deviation_load[702]	0.5739696068022717	2562.768179552089	2155.1638656690766	2565.2882097428187	2141.0042254731343	0.24359665423212842	0.4171921729761115	0.4023434216058586	-36.86032985146222	-36.55053342151223	18.902494052784117
scaled_total	119	deviation_load[703]	0.5364430762948403	2740.858503383922	2237.478164078289	2759.284638894138	2197.8690283152328	0.25342824748616194	0.4294418940747392	0.4083708799367677	-38.17293780574388	-37.8631413757939	19.552474848486646
scaled_total	119	deviation_load[704]	0.5154747309091977	3204.4096693053816	2286.572061022621	3193.587497222097	2280.974571197386	0.2456850180168866	0.4263794359292592	0.4036112325423816	10.557788921214728	10.867585351164717	19.94618614825483
scaled_total	119	deviation_load[705]	0.4521795963801538	2526.0422804469554	2189.109643184194	2511.2375169130337	2184.122356081424	0.314545360267057	0.467834260244033	0.4488648823665706	-20.67000170381967	-20.36020527386968	21.296492277637494
scaled_total	119	deviation_load[706]	0.47782889594902966	2242.736489352247	2078.075976911362	2242.4538265488954	2076.4613773737033	0.3161345894433593	0.45813372006911907	0.4499799746643665	-6.221317715672549	-5.9115212857225625	20.717023245249095
scaled_total	119	deviation_load[707]	0.43520801044401547	2156.880204177143	1899.1563959594653	2170.43122481775	1896.170996884138	0.3501759921045588	0.5021397130592773	0.4745146197988368	-0.8177399468060506	-0.5079435168560638	21.707765322796458
scaled_total	119	deviation_load[708]	0.39017310271827843	1711.3782254452215	1816.878739454816	1698.1023971031507	1820.2568490065657	0.4344664494009114	0.5442516407420671	0.5397239985506085	-25.405854013192933	-25.096057583242946	22.926348748208397
scaled_total	119	deviation_load[709]	0.36610893056912797	1982.731448239712	1964.6023226898699	1983.8914571682785	1964.1204347124026	0.4230646705702757	0.5337029330294257	0.5305889316986913	-43.94363966594504	-43.633843235995045	23.667827573211063
scaled_total	119	deviation_load[710]	0.3356487764007683	1647.5918050075268	2032.9888273892002	1650.6735596902324	2028.4916034004414	0.4958945052264691	0.562591540417849	0.5902984493205341	-74.56666152494721	-74.25686509499722	24.71843802529402
scaled_total	119	deviation_load[711]	0.3117032830700651	3051.870764944016	2684.1834010790876	3039.5840861007264	2705.489768609071	0.3859878530803032	0.4996574396379619	0.5015251954607708	13.317000590340125	13.626797020290114	25.650324859371565
scaled_total	119	deviation_load[712]	0.2712749131127403	2026.2916047984368	1939.919667186246	2022.165386695374	1943.3758721643346	0.5219540427641015	0.618946349718595	0.6123535920644314	117.00268906895322	117.31248549890323	27.495317659968972
scaled_total	119	deviation_load[713]	0.2743609721799751	2313.035493682811	2193.9807330438266	2304.0187836498567	2215.1777222461606	0.485198780069051	0.5953569325051524	0.5813422014071556	-13.685223974811532	-13.375427544861546	27.34024433978759
scaled_total	119	deviation_load[714]	0.23952832628031975	2293.469205760531	2292.9156121795886	2290.528670564103	2236.9291904915494	0.5331614900522832	0.6205834229732898	0.6219341391427178	-4.645700158670116	-4.33590372872013	29.26072739997303
scaled_total	119	deviation_load[715]	0.2064471438506952	2833.059034752253	2631.77265654888	2846.862743443536	2540.0346294528586	0.5262156785833798	0.6294083474587553	0.6159901292580827	-42.21336253086034	-41.903566100910346	31.518033924254677
scaled_total	119	deviation_load[716]	0.14782661175511078	2733.2138050296862	2397.203358930007	2714.8675070404424	2366.8463832924785	0.6598981499074104	0.75789993599113	0.7334892413714366	-34.36431168275554	-34.05451525280556	37.246652461570214
scaled_total	119	deviation_load[717]	0.16538803144277042	1740.2527870055362	1643.02197859871	1726.5705323865736	1621.5556206019041	0.7742151421342773	0.8673172127923958	0.8378245551823018	93.07845507990058	93.38825150985058	35.213688576751665
scaled_total	119	deviation_load[718]	0.13732280723411733	1163.9548897222721	1144.5846215977253	1171.52405577291	1153.9805155474917	1.0486746613273359	1.1454341710316662	1.096475920513727	111.51659559895998	111.82639202890999	38.644903005740666
scaled_total	119	deviation_load[719]	0.1505651530404293	2914.6035203429105	2669.4700830047955	2922.658248683173	2657.147723584652	0.6291835247475788	0.7263971908157998	0.7059835740087794	-31.680126806839894	-31.370330376889907	36.90636929727383
scaled_total	119	deviation_load[720]	0.14271843105020102	1844.8504072525554	1902.537069392403	1822.9724492771031	1903.0686954139585	0.822044290895302	0.8769029092062716	0.8822118312230813	44.83574820064378	45.14554463059377	37.90735886664904
scaled_total	119	population_intercept_at_load0	0.9989276766921099	2409.4833104423587	1920.0231201473728	2438.269658131122	1915.999465763649	0.3667780169343075	12.534985149503072	12.365863156055598	5454.975426528158	5472.159430450589	553.0715160830924
scaled_total	119	log_sigma_intercept_at_subject0	0.0	3865.6945206423975	3865.6945206423975	3863.790562931674	3863.790562931674	0.03195871589116609	0.03195871589116609	0.03195871589116609	-49.534628129837515	-49.534628129837515	1.9865344900587925
scaled_total	120	population_intercept_at_mean_load	0.9996713313630762	2213.008920746509	1856.1317410536255	2246.6521065101056	1839.7840033209932	0.21183654393158427	12.871794516673798	12.384167883196255	5616.488277501153	5618.680868836907	553.8468170558788
scaled_total	120	population_load	0.8486738753388134	2467.842932646298	1777.7877653337603	2478.1039156522147	1727.3538200997893	0.12147595989041604	0.3597923665316363	0.3424869454267134	59.002847426107984	58.745683772668855	15.545086439729102
scaled_total	120	log_tau_intercept	0.0	98.87039931613431	98.87039931613431	100.15702310487681	100.15702310487681	0.016092002696656227	0.016092002696656227	0.016092002696656227	7.829217212205876	7.829217212205876	0.1610463182207523
scaled_total	120	log_tau_load	0.0	319.94715330140946	319.94715330140946	319.64678471294457	319.64678471294457	0.012380298392931836	0.012380298392931836	0.012380298392931836	4.110906031277505	4.110906031277505	0.22134324999120386
scaled_total	120	log_sigma_intercept	0.0	4881.874316919948	4881.874316919948	4884.086732650507	4884.086732650507	0.00021406907292478156	0.00021406907292478156	0.00021406907292478156	6.051301868446332	6.051301868446332	0.014960482900004806
scaled_total	120	log_sigma_subj_slope	0.0	3867.5831562565095	3867.5831562565095	3863.7881965612482	3863.7881965612482	4.496455188786939e-5	4.496455188786939e-5	4.496455188786939e-5	0.0782043668725733	0.0782043668725733	0.0027949685496262778
scaled_total	120	deviation_intercept[701]	0.990959464869329	3459.480483675098	1837.853345509219	3434.0916280509405	1822.0995877684181	0.900972426522826	12.918226676033541	12.393215756773602	-4854.575412259757	-4857.4094122230545	555.2906620414428
scaled_total	120	deviation_intercept[702]	0.9955984439077074	2446.2542193148615	1843.123183895635	2443.9603005756285	1833.8412309042462	0.7434679607444481	12.9032544638606	12.38276181185928	-3914.3427860738607	-3917.176786037157	553.9954664445193
scaled_total	120	deviation_intercept[703]	0.9946648835603578	2395.4428009985418	1851.223687691565	2401.465306307737	1834.6464665469591	0.8261211013360139	12.853640523564135	12.387999094069214	-3635.0351205239203	-3637.869120487216	554.2553866002969
scaled_total	120	deviation_intercept[704]	0.9942006316870904	3242.7044016033365	1825.448691546825	3236.0602081750617	1820.0400246751897	0.7421528285024898	12.938564390228093	12.382682920168847	-652.9385075066663	-655.7725074699625	554.3847790294828
scaled_total	120	deviation_intercept[705]	0.9927520691609134	2263.1737811199623	1837.447559236656	2256.3489757470493	1826.57926873004	0.994332878660758	12.925844403648528	12.400352549592	-1351.8050564516968	-1354.639056414993	554.7890936162702
scaled_total	120	deviation_intercept[706]	0.9931620023520072	2147.800073434119	1828.499746021207	2149.820392830219	1818.3491557348386	0.9892399618918798	12.951821360398636	12.399945208862452	42.11304140829378	39.279041444997524	554.6745856428865
scaled_total	120	deviation_intercept[707]	0.9920454781021224	2187.6953212554954	1829.1247315225446	2174.441614448029	1812.6620357429024	1.0614894686469285	13.004516429784864	12.405918159194641	-87.57155105157983	-90.40555101487608	554.9866345777481
scaled_total	120	deviation_intercept[708]	0.9899717354408466	1639.3347392122325	1821.6756532999864	1640.5974301069418	1809.9587855578216	1.3735636703672582	12.999089520249948	12.436507654367436	-449.0133742852091	-451.8473742485053	555.5676094371017
scaled_total	120	deviation_intercept[709]	0.9892251564752383	1818.2893159675339	1842.6747092403257	1819.062506310975	1832.604752447776	1.3526405850028427	12.899343690173437	12.43421417029576	-1142.3023776308958	-1145.136377594192	555.7772163497272
scaled_total	120	deviation_intercept[710]	0.9876793064697088	1894.6383233599395	1858.8210413300626	1910.869709375542	1846.4613499739444	1.4123501401039837	12.941672845553956	12.440851192697338	184.73293837174924	181.89893840845295	556.2119790807778
scaled_total	120	deviation_intercept[711]	0.9862642854108659	3392.4948015850464	1873.9071276046561	3364.8507262434086	1860.8024088741297	1.1245904463588763	12.909035665919339	12.411476509772264	-1734.9346532627042	-1737.7686532260007	556.6108425376981
scaled_total	120	deviation_intercept[712]	0.9833981970122664	2513.3185407255223	1834.1309979537725	2513.6189765656777	1823.0303721905464	1.4325556972046922	12.921573361738323	12.443161226399852	1089.9709670519153	1087.1369670886188	557.4213662969823
scaled_total	120	deviation_intercept[713]	0.982566330596688	2602.740024157355	1858.5927124045131	2598.853843892534	1840.055789311503	1.4443446972124137	12.97481367053523	12.44452397984562	3889.1585122288193	3886.3245122655235	557.6572801461892
scaled_total	120	deviation_intercept[714]	0.9788890022324176	2042.517268954461	1850.816705705323	2045.085311022214	1834.7821507664141	1.795065317197297	13.041375379354808	12.490088269247407	151.51778286253506	148.68378289923882	558.7037555973825
scaled_total	120	deviation_intercept[715]	0.976162073236768	3056.4530063246875	1893.411560347997	3064.047066778545	1877.9904684716553	1.560536297993002	12.893533453646725	12.458544016775827	917.6208388493785	914.7868388860821	559.4835866226159
scaled_total	120	deviation_intercept[716]	0.958731745763698	2803.306306544052	1872.19233666387	2820.8312515784583	1873.3387285605086	2.1593311843402963	12.964423040459318	12.547619560866973	765.7517921747705	762.9177922114744	564.5465546159347
scaled_total	120	deviation_intercept[717]	0.9688738452947696	1762.2594975542	1839.0457221599804	1760.92500315734	1818.396831927906	2.3610598986803404	13.147884105320987	12.583904375262213	1485.6211907251813	1482.7871907618853	561.5839654537931
scaled_total	120	deviation_intercept[718]	0.9615612381608069	1559.2801980039176	1777.55666672892	1555.4377485905554	1770.6264755590123	2.8023231793164105	13.369370425347258	12.67410985757663	1309.6172622558768	1306.7832622925807	563.7153246502924
scaled_total	120	deviation_intercept[719]	0.9624681945759324	2770.5304452652686	1910.7660046488518	2802.5697679291593	1901.6228178841466	2.0619428955083903	12.88689602603753	12.531227153991127	4691.493176348014	4688.659176384717	563.4496609463005
scaled_total	120	deviation_intercept[720]	0.9595575606080907	2140.5293402437164	1840.2171226674916	2155.725441093163	1834.1006543616306	2.4441887879271684	13.098663377107421	12.599766041939665	3298.403878262058	3295.569878298762	564.3035721753056
scaled_total	120	deviation_load[701]	0.38827144165941707	3335.056990890501	2713.6966218240264	3311.507249570641	2707.9667599461254	0.31236499343867363	0.43305757808843576	0.44733967863622964	-23.28745143558623	-23.03028778214712	22.982424069442875
scaled_total	120	deviation_load[702]	0.5739696068022717	2562.768179552089	2350.2957493853414	2565.2882097428187	2339.9209727986695	0.24359665423212842	0.3829815603936262	0.4023434216058586	-36.807697074951335	-36.55053342151223	18.902494052784117
scaled_total	120	deviation_load[703]	0.5364430762948403	2740.858503383922	2195.7399829756177	2759.284638894138	2191.9108286095197	0.25342824748616194	0.4031414545197987	0.4083708799367677	-38.12030502923301	-37.8631413757939	19.552474848486646
scaled_total	120	deviation_load[704]	0.5154747309091977	3204.4096693053816	2493.353200451418	3193.587497222097	2505.1561474985247	0.2456850180168866	0.3946461437089195	0.4036112325423816	10.6104216977256	10.867585351164717	19.94618614825483
scaled_total	120	deviation_load[705]	0.4521795963801538	2526.0422804469554	1730.0132711261433	2511.2375169130337	1692.7341780843083	0.314545360267057	0.5152390601369533	0.4488648823665706	-20.617368927308792	-20.36020527386968	21.296492277637494
scaled_total	120	deviation_load[706]	0.47782889594902966	2242.736489352247	2093.790584430685	2242.4538265488954	2141.927653915665	0.3161345894433593	0.43917681174915907	0.4499799746643665	-6.1686849391616745	-5.9115212857225625	20.717023245249095
scaled_total	120	deviation_load[707]	0.43520801044401547	2156.880204177143	2029.5166893078297	2170.43122481775	2021.7910048220124	0.3501759921045588	0.47586459142191495	0.4745146197988368	-0.7651071702951767	-0.5079435168560638	21.707765322796458
scaled_total	120	deviation_load[708]	0.39017310271827843	1711.3782254452215	1787.727035264946	1698.1023971031507	1776.910569821538	0.4344664494009114	0.5244584739351542	0.5397239985506085	-25.35322123668206	-25.096057583242946	22.926348748208397
scaled_total	120	deviation_load[709]	0.36610893056912797	1982.731448239712	1925.2810672982837	1983.8914571682785	1926.6994550417478	0.4230646705702757	0.5305361947179448	0.5305889316986913	-43.89100688943415	-43.633843235995045	23.667827573211063
scaled_total	120	deviation_load[710]	0.3356487764007683	1647.5918050075268	1622.5063699367465	1650.6735596902324	1608.1486951240395	0.4958945052264691	0.6091321668190941	0.5902984493205341	-74.51402874843633	-74.25686509499722	24.71843802529402
scaled_total	120	deviation_load[711]	0.3117032830700651	3051.870764944016	2658.976634008339	3039.5840861007264	2662.655266724262	0.3859878530803032	0.4765288466839119	0.5015251954607708	13.369633366851001	13.626797020290114	25.650324859371565
scaled_total	120	deviation_load[712]	0.2712749131127403	2026.2916047984368	1987.2956721604837	2022.165386695374	1988.5646962290762	0.5219540427641015	0.6093430847106603	0.6123535920644314	117.0553218454641	117.31248549890323	27.495317659968972
scaled_total	120	deviation_load[713]	0.2743609721799751	2313.035493682811	2106.7651297317475	2304.0187836498567	2091.387422802242	0.485198780069051	0.5958189906924215	0.5813422014071556	-13.63259119830066	-13.375427544861546	27.34024433978759
scaled_total	120	deviation_load[714]	0.23952832628031975	2293.469205760531	2235.6268560605013	2290.528670564103	2245.379545470871	0.5331614900522832	0.6175389019115263	0.6219341391427178	-4.593067382159242	-4.33590372872013	29.26072739997303
scaled_total	120	deviation_load[715]	0.2064471438506952	2833.059034752253	2406.966589719102	2846.862743443536	2373.937438710673	0.5262156785833798	0.6397948837672299	0.6159901292580827	-42.16072975434946	-41.903566100910346	31.518033924254677
scaled_total	120	deviation_load[716]	0.14782661175511078	2733.2138050296862	2346.416711383529	2714.8675070404424	2256.957632054082	0.6598981499074104	0.7819282773013638	0.7334892413714366	-34.31167890624468	-34.05451525280556	37.246652461570214
scaled_total	120	deviation_load[717]	0.16538803144277042	1740.2527870055362	1672.6911665172493	1726.5705323865736	1668.9741642932984	0.7742151421342773	0.8570069515345358	0.8378245551823018	93.13108785641148	93.38825150985058	35.213688576751665
scaled_total	120	deviation_load[718]	0.13732280723411733	1163.9548897222721	1360.2986772599768	1171.52405577291	1376.005816853086	1.0486746613273359	1.0394594257939274	1.096475920513727	111.56922837547087	111.82639202890999	38.644903005740666
scaled_total	120	deviation_load[719]	0.1505651530404293	2914.6035203429105	2454.6169326446634	2922.658248683173	2455.938760006714	0.6291835247475788	0.7437082706129813	0.7059835740087794	-31.62749403032902	-31.370330376889907	36.90636929727383
scaled_total	120	deviation_load[720]	0.14271843105020102	1844.8504072525554	1968.4787727970142	1822.9724492771031	1976.8739189227945	0.822044290895302	0.8418857603134904	0.8822118312230813	44.88838097715467	45.14554463059377	37.90735886664904
scaled_total	120	population_intercept_at_load0	0.9989276766921099	2409.4833104423587	1839.7876172176457	2438.269658131122	1825.6272978103377	0.3667780169343075	12.896343887709328	12.365863156055598	5469.325430487292	5472.159430450589	553.0715160830924
scaled_total	120	log_sigma_intercept_at_subject0	0.0	3865.6945206423975	3865.6945206423975	3863.790562931674	3863.790562931674	0.03195871589116609	0.03195871589116609	0.03195871589116609	-49.534628129837515	-49.534628129837515	1.9865344900587925
