index	centeredness	loss	admissible
3	0.0	-0.049111120463929125	true
3	0.01	-0.04959002229620234	true
3	0.02	-0.05007278543972232	true
3	0.03	-0.05055943396022686	true
3	0.04	-0.05104999099342777	true
3	0.05	-0.05154447865769573	true
3	0.06	-0.05204291796179482	true
3	0.07	-0.05254532870744397	true
3	0.08	-0.05305172938647639	true
3	0.09	-0.05356213707235958	true
3	0.1	-0.0540765673058381	true
3	0.11	-0.054595033974450584	true
3	0.12	-0.05511754918567185	true
3	0.13	-0.05564412313342505	true
3	0.14	-0.05617476395770637	true
3	0.15	-0.056709477597062546	true
3	0.16	-0.05724826763365867	true
3	0.17	-0.05779113513067581	true
3	0.18	-0.05833807846177724	true
3	0.19	-0.05888909313238434	true
3	0.2	-0.059444171592509705	true
3	0.21	-0.06000330304089775	true
3	0.22	-0.06056647322023413	true
3	0.23	-0.061133664203193376	true
3	0.24	-0.06170485416910904	true
3	0.25	-0.06228001717106486	true
3	0.26	-0.06285912289322536	true
3	0.27	-0.0634421363982472	true
3	0.28	-0.06402901786463612	true
3	0.29	-0.06461972231395051	true
3	0.3	-0.06521419932777804	true
3	0.31	-0.06581239275446348	true
3	0.32	-0.06641424040559937	true
3	0.33	-0.06701967374235071	true
3	0.34	-0.06762861755173578	true
3	0.35	-0.06824098961305261	true
3	0.36	-0.06885670035470867	true
3	0.37	-0.06947565250179003	true
3	0.38	-0.07009774071479144	true
3	0.39	-0.07072285122002316	true
3	0.4	-0.07135086143231228	true
3	0.41	-0.0719816395707284	true
3	0.42	-0.07261504426818252	true
3	0.43	-0.07325092417588036	true
3	0.44	-0.07388911756375009	true
3	0.45	-0.07452945191811304	true
3	0.46	-0.07517174353802775	true
3	0.47	-0.07581579713190446	true
3	0.48	-0.07646140541616764	true
3	0.49	-0.07710834871793014	true
3	0.5	-0.07775639458384007	true
3	0.51	-0.07840529739746328	true
3	0.52	-0.07905479800777758	true
3	0.53	-0.07970462337156592	true
3	0.54	-0.08035448621272182	true
3	0.55	-0.081004084701696	true
3	0.56	-0.08165310215853776	true
3	0.57	-0.08230120678320435	true
3	0.58	-0.08294805141702434	true
3	0.59	-0.0835932733394047	true
3	0.6	-0.08423649410407001	true
3	0.61	-0.08487731941929237	true
3	0.62	-0.08551533907673459	true
3	0.63	-0.08615012693365721	true
3	0.64	-0.08678124095334364	true
3	0.65	-0.0874082233086665	true
3	0.66	-0.08803060055374566	true
3	0.67	-0.08864788386862577	true
3	0.68	-0.08925956938183698	true
3	0.69	-0.08986513857556752	true
3	0.7	-0.09046405877799275	true
3	0.71	-0.09105578374703875	true
3	0.72	-0.09163975434953175	true
3	0.73	-0.09221539933927009	true
3	0.74	-0.09278213623706665	true
3	0.75	-0.09333937231523025	true
3	0.76	-0.09388650568829812	true
3	0.77	-0.09442292651107619	true
3	0.78	-0.09494801828422061	true
3	0.79	-0.09546115926666926	true
3	0.8	-0.09596172399324682	true
3	0.81	-0.09644908489469803	true
3	0.82	-0.09692261401627929	true
3	0.83	-0.09738168482985897	true
3	0.84	-0.09782567413325845	true
3	0.85	-0.09825396402932209	true
3	0.86	-0.09866594397595574	true
3	0.87	-0.09906101289713028	true
3	0.88	-0.09943858134363837	true
3	0.89	-0.0997980736912378	true
3	0.9	-0.10013893036272761	true
3	0.91	-0.1004606100595228	true
3	0.92	-0.10076259198742382	true
3	0.93	-0.10104437806055691	true
3	0.94	-0.10130549506689614	true
3	0.95	-0.10154549677840465	true
3	0.96	-0.10176396598864454	true
3	0.97	-0.10196051646074385	true
3	0.98	-0.10213479476885448	true
3	0.99	-0.10228648201672436	true
3	1.0	-0.10241529541771345	true
4	0.0	-0.03935505696339036	true
4	0.01	-0.03962954021062721	true
4	0.02	-0.03990467260957851	true
4	0.03	-0.040180426671891145	true
4	0.04	-0.04045677368826022	true
4	0.05	-0.040733683694299576	true
4	0.06	-0.04101112543616703	true
4	0.07	-0.041289066335993094	true
4	0.08	-0.04156747245716579	true
4	0.09	-0.04184630846952924	true
4	0.1	-0.04212553761455731	true
4	0.11	-0.042405121670568494	true
4	0.12	-0.04268502091805411	true
4	0.13	-0.042965194105195545	true
4	0.14	-0.043245598413652345	true
4	0.15	-0.04352618942470851	true
4	0.16	-0.043806921085868686	true
4	0.17	-0.04408774567800332	true
4	0.18	-0.044368613783146146	true
4	0.19	-0.04464947425305412	true
4	0.2	-0.0449302741786454	true
4	0.21	-0.04521095886043707	true
4	0.22	-0.04549147178011129	true
4	0.23	-0.04577175457334203	true
4	0.24	-0.04605174700402478	true
4	0.25	-0.04633138694005265	true
4	0.26	-0.046610610330793285	true
4	0.27	-0.04688935118642215	true
4	0.28	-0.047167541559276834	true
4	0.29	-0.047445111527401	true
4	0.3	-0.04772198918045123	true
4	0.31	-0.047998100608146514	true
4	0.32	-0.048273369891443076	true
4	0.33	-0.048547719096622505	true
4	0.34	-0.048821068272483475	true
4	0.35	-0.04909333545083224	true
4	0.36	-0.049364436650467365	true
4	0.37	-0.04963428588485801	true
4	0.38	-0.04990279517371489	true
4	0.39	-0.050169874558653745	true
4	0.4	-0.05043543212314965	true
4	0.41	-0.05069937401698116	true
4	0.42	-0.050961604485357984	true
4	0.43	-0.051222025902923185	true
4	0.44	-0.05148053881281721	true
4	0.45	-0.0517370419709828	true
4	0.46	-0.05199143239588395	true
4	0.47	-0.05224360542380221	true
4	0.48	-0.0524934547698651	true
4	0.49	-0.0527408725949463	true
4	0.5	-0.052985749578568275	true
4	0.51	-0.05322797499791993	true
4	0.52	-0.05346743681308654	true
4	0.53	-0.05370402175857154	true
4	0.54	-0.05393761544116977	true
4	0.55	-0.05416810244423008	true
4	0.56	-0.05439536643832299	true
4	0.57	-0.05461929029830435	true
4	0.58	-0.05483975622674035	true
4	0.59	-0.0550566458836306	true
4	0.6	-0.05526984052233987	true
4	0.61	-0.05547922113161484	true
4	0.62	-0.0556846685835363	true
4	0.63	-0.055886063787219914	true
4	0.64	-0.05608328784804955	true
4	0.65	-0.05627622223219051	true
4	0.66	-0.05646474893609791	true
4	0.67	-0.05664875066069947	true
4	0.68	-0.05682811098989817	true
4	0.69	-0.057002714573004744	true
4	0.7	-0.057172447310677575	true
4	0.71	-0.05733719654391255	true
4	0.72	-0.05749685124559381	true
4	0.73	-0.05765130221408574	true
4	0.74	-0.0578004422683153	true
4	0.75	-0.057944166443767896	true
4	0.76	-0.05808237218879343	true
4	0.77	-0.058214959560595345	true
4	0.78	-0.05834183142025685	true
4	0.79	-0.05846289362613874	true
4	0.8	-0.05857805522497004	true
4	0.81	-0.058687228639941844	true
4	0.82	-0.058790329855108285	true
4	0.83	-0.058887278595391515	true
4	0.84	-0.0589779985014951	true
4	0.85	-0.059062417299027434	true
4	0.86	-0.05914046696115166	true
4	0.87	-0.05921208386408991	true
4	0.88	-0.05927720893482662	true
4	0.89	-0.05933578779038062	true
4	0.9	-0.059387770868038516	true
4	0.91	-0.059433113545977405	true
4	0.92	-0.05947177625373354	true
4	0.93	-0.059503724572019454	true
4	0.94	-0.059528929321427226	true
4	0.95	-0.05954736663960697	true
4	0.96	-0.05955901804655505	true
4	0.97	-0.05956387049769982	true
4	0.98	-0.059561916424525095	true
4	0.99	-0.05955315376252943	true
4	1.0	-0.05953758596637539	true
5	0.0	-0.05507538451759617	true
5	0.01	-0.05523304232446038	true
5	0.02	-0.055388890345872716	true
5	0.03	-0.05554290288340525	true
5	0.04	-0.055695054391588804	true
5	0.05	-0.05584531948494862	true
5	0.06	-0.05599367294505716	true
5	0.07	-0.05614008972760328	true
5	0.08	-0.05628454496947369	true
5	0.09	-0.05642701399584458	true
5	0.1	-0.05656747232728005	true
5	0.11	-0.05670589568683381	true
5	0.12	-0.05684226000715285	true
5	0.13	-0.05697654143757688	true
5	0.14	-0.057108716351233955	true
5	0.15	-0.05723876135212562	true
5	0.16	-0.05736665328220129	true
5	0.17	-0.057492369228415934	true
5	0.18	-0.05761588652976919	true
5	0.19	-0.057737182784322605	true
5	0.2	-0.05785623585618979	true
5	0.21	-0.05797302388249869	true
5	0.22	-0.058087525280319345	true
5	0.23	-0.05819971875355611	true
5	0.24	-0.058309583299799406	true
5	0.25	-0.05841709821713356	true
5	0.26	-0.058522243110896655	true
5	0.27	-0.05862499790039016	true
5	0.28	-0.05872534282553246	true
5	0.29	-0.058823258453454534	true
5	0.3	-0.05891872568503228	true
5	0.31	-0.05901172576135363	true
5	0.32	-0.059102240270114514	true
5	0.33	-0.05919025115194181	true
5	0.34	-0.05927574070663867	true
5	0.35	-0.05935869159934764	true
5	0.36	-0.05943908686662948	true
5	0.37	-0.05951690992245308	true
5	0.38	-0.0595921445640918	true
5	0.39	-0.0596647749779247	true
5	0.4	-0.059734785745136736	true
5	0.41	-0.05980216184731533	true
5	0.42	-0.059866888671939844	true
5	0.43	-0.05992895201775973	true
5	0.44	-0.059988338100058096	true
5	0.45	-0.06004503355579683	true
5	0.46	-0.06009902544864107	true
5	0.47	-0.06015030127385692	true
5	0.48	-0.06019884896308169	true
5	0.49	-0.06024465688896261	true
5	0.5	-0.06028771386965913	true
5	0.51	-0.06032800917320774	true
5	0.52	-0.06036553252174553	true
5	0.53	-0.06040027409558797	true
5	0.54	-0.06043222453716028	true
5	0.55	-0.060461374954777596	true
5	0.56	-0.060487716926272014	true
5	0.57	-0.06051124250246315	true
5	0.58	-0.06053194421047061	true
5	0.59	-0.06054981505686373	true
5	0.6	-0.060564848530649466	true
5	0.61	-0.060577038606091774	true
5	0.62	-0.060586379745364176	true
5	0.63	-0.0605928669010306	true
5	0.64	-0.060596495518353846	true
5	0.65	-0.06059726153742959	true
5	0.66	-0.06059516139514284	true
5	0.67	-0.06059019202694703	true
5	0.68	-0.06058235086846272	true
5	0.69	-0.060571635856894734	true
5	0.7	-0.06055804543226722	true
5	0.71	-0.06054157853847354	true
5	0.72	-0.060522234624141996	true
5	0.73	-0.06050001364331469	true
5	0.74	-0.06047491605594001	true
5	0.75	-0.06044694282817677	true
5	0.76	-0.06041609543251031	true
5	0.77	-0.060382375847679616	true
5	0.78	-0.06034578655841574	true
5	0.79	-0.060306330554990184	true
5	0.8	-0.060264011332574405	true
5	0.81	-0.06021883289040971	true
5	0.82	-0.060170799730788316	true
5	0.83	-0.06011991685784537	true
5	0.84	-0.06006618977616282	true
5	0.85	-0.06000962448918574	true
5	0.86	-0.0599502274974512	true
5	0.87	-0.059888005796632206	true
5	0.88	-0.05982296687539528	true
5	0.89	-0.05975511871307548	true
5	0.9	-0.059684469777168	true
5	0.91	-0.059611029020639084	true
5	0.92	-0.05953480587905734	true
5	0.93	-0.05945581026754697	true
5	0.94	-0.0593740525775651	true
5	0.95	-0.05928954367350505	true
5	0.96	-0.059202294889127094	true
5	0.97	-0.059112318023819936	true
5	0.98	-0.059019625338693905	true
5	0.99	-0.05892422955250955	true
5	1.0	-0.05882614383744264	true
6	0.0	-0.05998201376095959	true
6	0.01	-0.06031036814881295	true
6	0.02	-0.060638300195329675	true
6	0.03	-0.06096574545395991	true
6	0.04	-0.06129263796394137	true
6	0.05	-0.0616189102407676	true
6	0.06	-0.06194449326799583	true
6	0.07	-0.06226931649047993	true
6	0.08	-0.06259330780911687	true
6	0.09	-0.06291639357719699	true
6	0.1	-0.06323849859845078	true
6	0.11	-0.06355954612688268	true
6	0.12	-0.06387945786849121	true
6	0.13	-0.06419815398496599	true
6	0.14	-0.06451555309946252	true
6	0.15	-0.06483157230454895	true
6	0.16	-0.06514612717242466	true
6	0.17	-0.06545913176750642	true
6	0.18	-0.06577049866148026	true
6	0.19	-0.06608013895091612	true
6	0.2	-0.06638796227754004	true
6	0.21	-0.06669387685125855	true
6	0.22	-0.0669977894760276	true
6	0.23	-0.06729960557865687	true
6	0.24	-0.06759922924063551	true
6	0.25	-0.06789656323306556	true
6	0.26	-0.06819150905478177	true
6	0.27	-0.06848396697373607	true
6	0.28	-0.06877383607171646	true
6	0.29	-0.06906101429246911	true
6	0.3	-0.06934539849328196	true
6	0.31	-0.06962688450008615	true
6	0.32	-0.06990536716612017	true
6	0.33	-0.07018074043419918	true
6	0.34	-0.07045289740261826	true
6	0.35	-0.07072173039471379	true
6	0.36	-0.07098713103209668	true
6	0.37	-0.07124899031155876	true
6	0.38	-0.07150719868564834	true
6	0.39	-0.07176164614689336	true
6	0.4	-0.07201222231564501	true
6	0.41	-0.07225881653149874	true
6	0.42	-0.07250131794823814	true
6	0.43	-0.07273961563223509	true
6	0.44	-0.07297359866422296	true
6	0.45	-0.07320315624435134	true
6	0.46	-0.07342817780041037	true
6	0.47	-0.07364855309910279	true
6	0.48	-0.07386417236022562	true
6	0.49	-0.07407492637360835	true
6	0.5	-0.07428070661864022	true
6	0.51	-0.0744814053862048	true
6	0.52	-0.07467691590282408	true
6	0.53	-0.07486713245679984	true
6	0.54	-0.07505195052612854	true
6	0.55	-0.07523126690794647	true
6	0.56	-0.07540497984925483	true
6	0.57	-0.07557298917865538	true
6	0.58	-0.0757351964388184	true
6	0.59	-0.07589150501939318	true
6	0.6	-0.07604182029005709	true
6	0.61	-0.07618604973339226	true
6	0.62	-0.07632410307726867	true
6	0.63	-0.07645589242640412	true
6	0.64	-0.07658133239276547	true
6	0.65	-0.07670034022446752	true
6	0.66	-0.07681283593282605	true
6	0.67	-0.076918742417213	true
6	0.68	-0.07701798558736511	true
6	0.69	-0.07711049448279235	true
6	0.7	-0.07719620138893993	true
6	0.71	-0.07727504194975361	true
6	0.72	-0.07734695527631032	true
6	0.73	-0.07741188405117415	true
6	0.74	-0.07746977462815266	true
6	0.75	-0.07752057712713462	true
6	0.76	-0.07756424552370052	true
6	0.77	-0.07760073773321188	true
6	0.78	-0.0776300156890998	true
6	0.79	-0.07765204541508555	true
6	0.8	-0.07766679709108744	true
6	0.81	-0.07767424511258407	true
6	0.82	-0.07767436814322376	true
6	0.83	-0.07766714916049247	true
6	0.84	-0.07765257549427249	true
6	0.85	-0.07763063885814943	true
6	0.86	-0.07760133537334611	true
6	0.87	-0.0775646655851896	true
6	0.88	-0.07752063447203932	true
6	0.89	-0.07746925144663294	true
6	0.9	-0.07741053034982989	true
6	0.91	-0.07734448943676042	true
6	0.92	-0.07727115135541253	true
6	0.93	-0.0771905431177159	true
6	0.94	-0.07710269606320704	true
6	0.95	-0.07700764581538483	true
6	0.96	-0.07690543223089194	true
6	0.97	-0.0767960993416773	true
6	0.98	-0.07667969529032286	true
6	0.99	-0.07655627225873637	true
6	1.0	-0.07642588639043395	true
7	0.0	-0.05840882901029836	true
7	0.01	-0.058552601851089625	true
7	0.02	-0.05869476696413222	true
7	0.03	-0.05883530729402688	true
7	0.04	-0.05897420590651757	true
7	0.05	-0.059111445993084634	true
7	0.06	-0.059247010875550565	true
7	0.07	-0.059380884010692796	true
7	0.08	-0.05951304899486422	true
7	0.09	-0.05964348956861736	true
7	0.1	-0.05977218962133157	true
7	0.11	-0.05989913319583949	true
7	0.12	-0.060024304493051205	true
7	0.13	-0.060147687876574395	true
7	0.14	-0.060269267877327094	true
7	0.15	-0.06038902919814113	true
7	0.16	-0.06050695671835388	true
7	0.17	-0.060623035498385734	true
7	0.18	-0.06073725078430135	true
7	0.19	-0.06084958801235181	true
7	0.2	-0.06096003281349381	true
7	0.21	-0.06106857101788696	true
7	0.22	-0.06117518865936301	true
7	0.23	-0.06127987197986594	true
7	0.24	-0.06138260743386042	true
7	0.25	-0.061483381692706465	true
7	0.26	-0.061582181648995954	true
7	0.27	-0.061678994420850945	true
7	0.28	-0.06177380735617893	true
7	0.29	-0.061866608036883375	true
7	0.3	-0.061957384283028	true
7	0.31	-0.06204612415694908	true
7	0.32	-0.0621328159673175	true
7	0.33	-0.06221744827314417	true
7	0.34	-0.06230000988772813	true
7	0.35	-0.06238048988254442	true
7	0.36	-0.06245887759106985	true
7	0.37	-0.0625351626125418	true
7	0.38	-0.06260933481565109	true
7	0.39	-0.06268138434216307	true
7	0.4	-0.06275130161046681	true
7	0.41	-0.06281907731904908	true
7	0.42	-0.06288470244988975	true
7	0.43	-0.06294816827177863	true
7	0.44	-0.06300946634354941	true
7	0.45	-0.06306858851722834	true
7	0.46	-0.0631255269410976	true
7	0.47	-0.06318027406266856	true
7	0.48	-0.06323282263156405	true
7	0.49	-0.06328316570230771	true
7	0.5	-0.06333129663701795	true
7	0.51	-0.06337720910800435	true
7	0.52	-0.06342089710026495	true
7	0.53	-0.0634623549138828	true
7	0.54	-0.06350157716631886	true
7	0.55	-0.06353855879460088	true
7	0.56	-0.06357329505740529	true
7	0.57	-0.06360578153703181	true
7	0.58	-0.06363601414126782	true
7	0.59	-0.06366398910514183	true
7	0.6	-0.06368970299256506	true
7	0.61	-0.06371315269785834	true
7	0.62	-0.06373433544716449	true
7	0.63	-0.06375324879974487	true
7	0.64	-0.06376989064915752	true
7	0.65	-0.06378425922431787	true
7	0.66	-0.06379635309044013	true
7	0.67	-0.06380617114985773	true
7	0.68	-0.06381371264272412	true
7	0.69	-0.06381897714759088	true
7	0.7	-0.06382196458186445	true
7	0.71	-0.06382267520213955	true
7	0.72	-0.06382110960441009	true
7	0.73	-0.06381726872415648	true
7	0.74	-0.06381115383630878	true
7	0.75	-0.06380276655508714	true
7	0.76	-0.06379210883371741	true
7	0.77	-0.06377918296402299	true
7	0.78	-0.06376399157589384	true
7	0.79	-0.06374653763663118	true
7	0.8	-0.06372682445016904	true
7	0.81	-0.0637048556561736	true
7	0.82	-0.06368063522901961	true
7	0.83	-0.06365416747664536	true
7	0.84	-0.06362545703928671	true
7	0.85	-0.06359450888809062	true
7	0.86	-0.063561328323609	true
7	0.87	-0.06352592097417446	true
7	0.88	-0.06348829279415817	true
7	0.89	-0.06344845006211158	true
7	0.9	-0.06340639937879211	true
7	0.91	-0.06336214766507559	true
7	0.92	-0.06331570215975595	true
7	0.93	-0.06326707041723312	true
7	0.94	-0.06321626030509121	true
7	0.95	-0.06316328000156927	true
7	0.96	-0.06310813799292392	true
7	0.97	-0.06305084307068883	true
7	0.98	-0.0629914043288296	true
7	0.99	-0.06292983116079845	true
7	1.0	-0.06286613325648861	true
8	0.0	-0.029886615745896506	true
8	0.01	-0.030031466127660656	true
8	0.02	-0.030175537657437253	true
8	0.03	-0.0303188025676102	true
8	0.04	-0.03046123286763689	true
8	0.05	-0.03060280035012597	true
8	0.06	-0.03074347659722993	true
8	0.07	-0.03088323298735702	true
8	0.08	-0.0310220407022071	true
8	0.09	-0.031159870734135987	true
8	0.1	-0.03129669389385112	true
8	0.11	-0.031432480818443624	true
8	0.12	-0.031567201979759325	true
8	0.13	-0.03170082769311093	true
8	0.14	-0.03183332812633493	true
8	0.15	-0.031964673309195495	true
8	0.16	-0.0320948331431356	true
8	0.17	-0.03222377741137843	true
8	0.18	-0.03235147578937823	true
8	0.19	-0.0324778978556224	true
8	0.2	-0.03260301310278335	true
8	0.21	-0.03272679094922008	true
8	0.22	-0.03284920075082818	true
8	0.23	-0.032970211813235645	true
8	0.24	-0.033089793404343426	true
8	0.25	-0.03320791476720635	true
8	0.26	-0.03332454513325101	true
8	0.27	-0.03343965373582721	true
8	0.28	-0.03355320982408664	true
8	0.29	-0.033665182677183825	true
8	0.3	-0.03377554161879336	true
8	0.31	-0.033884256031935275	true
8	0.32	-0.03399129537410184	true
8	0.33	-0.03409662919267668	true
8	0.34	-0.034200227140637154	true
8	0.35	-0.034302058992530284	true
8	0.36	-0.03440209466071075	true
8	0.37	-0.034500304211830604	true
8	0.38	-0.03459665788356711	true
8	0.39	-0.03469112610157741	true
8	0.4	-0.03478367949666474	true
8	0.41	-0.03487428892214226	true
8	0.42	-0.03496292547138024	true
8	0.43	-0.03504956049551872	true
8	0.44	-0.03513416562133086	true
8	0.45	-0.035216712769218624	true
8	0.46	-0.03529717417132276	true
8	0.47	-0.03537552238972908	true
8	0.48	-0.03545173033475015	true
8	0.49	-0.03552577128326443	true
8	0.5	-0.0355976188970905	true
8	0.51	-0.0356672472413759	true
8	0.52	-0.035734630802978916	true
8	0.53	-0.03579974450882091	true
8	0.54	-0.035862563744186296	true
8	0.55	-0.035923064370947465	true
8	0.56	-0.035981222745690315	true
8	0.57	-0.03603701573771769	true
8	0.58	-0.03609042074690468	true
8	0.59	-0.03614141572138339	true
8	0.6	-0.03618997917503064	true
8	0.61	-0.036236090204734804	true
8	0.62	-0.03627972850741638	true
8	0.63	-0.03632087439677729	true
8	0.64	-0.03635950881975378	true
8	0.65	-0.036395613372648156	true
8	0.66	-0.03642917031691392	true
8	0.67	-0.03646016259457055	true
8	0.68	-0.0364885738432219	true
8	0.69	-0.03651438841065616	true
8	0.7	-0.03653759136900068	true
8	0.71	-0.0365581685284115	true
8	0.72	-0.03657610645027162	true
8	0.73	-0.03659139245987745	true
8	0.74	-0.03660401465859079	true
8	0.75	-0.036613961935435826	true
8	0.76	-0.03662122397811948	true
8	0.77	-0.036625791283456555	true
8	0.78	-0.03662765516718015	true
8	0.79	-0.03662680777312002	true
8	0.8	-0.03662324208173037	true
8	0.81	-0.0366169519179528	true
8	0.82	-0.036607931958397955	true
8	0.83	-0.036596177737832324	true
8	0.84	-0.03658168565495791	true
8	0.85	-0.03656445297747154	true
8	0.86	-0.036544477846395106	true
8	0.87	-0.036521759279666006	true
8	0.88	-0.03649629717498031	true
8	0.89	-0.03646809231188224	true
8	0.9	-0.036437146353093156	true
8	0.91	-0.03640346184507825	true
8	0.92	-0.036367042217845195	true
8	0.93	-0.03632789178397613	true
8	0.94	-0.03628601573689067	true
8	0.95	-0.036241420148342696	true
8	0.96	-0.03619411196515272	true
8	0.97	-0.03614409900518019	true
8	0.98	-0.03609138995254105	true
8	0.99	-0.0360359943520769	true
8	1.0	-0.035977922603084134	true
9	0.0	-0.030651486238968035	true
9	0.01	-0.03071920409488124	true
9	0.02	-0.030786166776428873	true
9	0.03	-0.030852364202436852	true
9	0.04	-0.030917786329677403	true
9	0.05	-0.030982423155459557	true
9	0.06	-0.031046264720238973	true
9	0.07	-0.031109301110245156	true
9	0.08	-0.03117152246012555	true
9	0.09	-0.03123291895560572	true
9	0.1	-0.0312934808361637	true
9	0.11	-0.03135319839771824	true
9	0.12	-0.03141206199532967	true
9	0.13	-0.03147006204591166	true
9	0.14	-0.03152718903095335	true
9	0.15	-0.03158343349925031	true
9	0.16	-0.03163878606964316	true
9	0.17	-0.031693237433762504	true
9	0.18	-0.03174677835877896	true
9	0.19	-0.03179939969015699	true
9	0.2	-0.031851092354411074	true
9	0.21	-0.03190184736186281	true
9	0.22	-0.03195165580939802	true
9	0.23	-0.032000508883221354	true
9	0.24	-0.03204839786160859	true
9	0.25	-0.03209531411765329	true
9	0.26	-0.03214124912200804	true
9	0.27	-0.03218619444561762	true
9	0.28	-0.03223014176244298	true
9	0.29	-0.03227308285217473	true
9	0.3	-0.03231500960293426	true
9	0.31	-0.03235591401396072	true
9	0.32	-0.03239578819828334	true
9	0.33	-0.032434624385375956	true
9	0.34	-0.03247241492379356	true
9	0.35	-0.03250915228378839	true
9	0.36	-0.03254482905990438	true
9	0.37	-0.03257943797354813	true
9	0.38	-0.03261297187553502	true
9	0.39	-0.03264542374860872	true
9	0.4	-0.03267678670993214	true
9	0.41	-0.032707054013549224	true
9	0.42	-0.03273621905281449	true
9	0.43	-0.032764275362790224	true
9	0.44	-0.03279121662260862	true
9	0.45	-0.03281703665779789	true
9	0.46	-0.032841729442570335	true
9	0.47	-0.032865289102071184	true
9	0.48	-0.03288770991458669	true
9	0.49	-0.03290898631370917	true
9	0.5	-0.03292911289045847	true
9	0.51	-0.0329480843953581	true
9	0.52	-0.03296589574046367	true
9	0.53	-0.0329825420013436	true
9	0.54	-0.03299801841900922	true
9	0.55	-0.0330123204017942	true
9	0.56	-0.0330254435271809	true
9	0.57	-0.033037383543572545	true
9	0.58	-0.03304813637201015	true
9	0.59	-0.03305769810783293	true
9	0.6	-0.03306606502228034	true
9	0.61	-0.03307323356403499	true
9	0.62	-0.03307920036070543	true
9	0.63	-0.03308396222024715	true
9	0.64	-0.03308751613232083	true
9	0.65	-0.033089859269587	true
9	0.66	-0.03309098898893597	true
9	0.67	-0.033090902832651675	true
9	0.68	-0.033089598529509	true
9	0.69	-0.033087073995803774	true
9	0.7	-0.033083327336313445	true
9	0.71	-0.03307835684518953	true
9	0.72	-0.033072161006779295	true
9	0.73	-0.0330647384963768	true
9	0.74	-0.03305608818090289	true
9	0.75	-0.03304620911951291	true
9	0.76	-0.03303510056413203	true
9	0.77	-0.0330227619599173	true
9	0.78	-0.03300919294564675	true
9	0.79	-0.032994393354034084	true
9	0.8	-0.03297836321196953	true
9	0.81	-0.03296110274068633	true
9	0.82	-0.03294261235585232	true
9	0.83	-0.03292289266758693	true
9	0.84	-0.03290194448040316	true
9	0.85	-0.03287976879307474	true
9	0.86	-0.03285636679842833	true
9	0.87	-0.03283173988306086	true
9	0.88	-0.03280588962698228	true
9	0.89	-0.032778817803183355	true
9	0.9	-0.03275052637713027	true
9	0.91	-0.03272101750618397	true
9	0.92	-0.03269029353894694	true
9	0.93	-0.03265835701453609	true
9	0.94	-0.03262521066178366	true
9	0.95	-0.03259085739836558	true
9	0.96	-0.03255530032985813	true
9	0.97	-0.03251854274872402	true
9	0.98	-0.03248058813322814	true
9	0.99	-0.03244144014628387	true
9	1.0	-0.03240110263423072	true
10	0.0	-0.05107842174950114	true
10	0.01	-0.05120863922322039	true
10	0.02	-0.05133743158243376	true
10	0.03	-0.0514647855057816	true
10	0.04	-0.05159068778050234	true
10	0.05	-0.051715125305563894	true
10	0.06	-0.05183808509479368	true
10	0.07	-0.05195955428000577	true
10	0.08	-0.05207952011412376	true
10	0.09	-0.052197969974297986	true
10	0.1	-0.05231489136501554	true
10	0.11	-0.0524302719212027	true
10	0.12	-0.05254409941131709	true
10	0.13	-0.05265636174042873	true
10	0.14	-0.05276704695328931	true
10	0.15	-0.052876143237386576	true
10	0.16	-0.05298363892598449	true
10	0.17	-0.053089522501145826	true
10	0.18	-0.053193782596736926	true
10	0.19	-0.05329640800141308	true
10	0.2	-0.053397387661582286	true
10	0.21	-0.05349671068434702	true
10	0.22	-0.05359436634042185	true
10	0.23	-0.05369034406702549	true
10	0.24	-0.0537846334707459	true
10	0.25	-0.05387722433037776	true
10	0.26	-0.05396810659972863	true
10	0.27	-0.05405727041039556	true
10	0.28	-0.05414470607450746	true
10	0.29	-0.05423040408743427	true
10	0.3	-0.05431435513046013	true
10	0.31	-0.05439655007341913	true
10	0.32	-0.054476979977293255	true
10	0.33	-0.05455563609676953	true
10	0.34	-0.054632509882756614	true
10	0.35	-0.05470759298485813	true
10	0.36	-0.05478087725380176	true
10	0.37	-0.05485235474382345	true
10	0.38	-0.054922017715003775	true
10	0.39	-0.05498985863555697	true
10	0.4	-0.05505587018406987	true
10	0.41	-0.055120045251690286	true
10	0.42	-0.0551823769442627	true
10	0.43	-0.05524285858441158	true
10	0.44	-0.05530148371356874	true
10	0.45	-0.05535824609394612	true
10	0.46	-0.05541313971045045	true
10	0.47	-0.055466158772540325	true
10	0.48	-0.05551729771602402	true
10	0.49	-0.055566551204796075	true
10	0.5	-0.05561391413251326	true
10	0.51	-0.0556593816242073	true
10	0.52	-0.055702949037834494	true
10	0.53	-0.055744611965760256	true
10	0.54	-0.055784366236178676	true
10	0.55	-0.05582220791446508	true
10	0.56	-0.055858133304461544	true
10	0.57	-0.055892138949694435	true
10	0.58	-0.055924221634522875	true
10	0.59	-0.05595437838521699	true
10	0.6	-0.05598260647096659	true
10	0.61	-0.05600890340481813	true
10	0.62	-0.056033266944539806	true
10	0.63	-0.05605569509341498	true
10	0.64	-0.0560761861009618	true
10	0.65	-0.056094738463579985	true
10	0.66	-0.05611135092512351	true
10	0.67	-0.0561260224773987	true
10	0.68	-0.056138752360588254	true
10	0.69	-0.056149540063599165	true
10	0.7	-0.05615838532433662	true
10	0.71	-0.056165288129900987	true
10	0.72	-0.05617024871670965	true
10	0.73	-0.05617326757054306	true
10	0.74	-0.0561743454265143	true
10	0.75	-0.056173483268962536	true
10	0.76	-0.05617068233127072	true
10	0.77	-0.05616594409560666	true
10	0.78	-0.05615927029258836	true
10	0.79	-0.05615066290087369	true
10	0.8	-0.05614012414667333	true
10	0.81	-0.056127656503189585	true
10	0.82	-0.05611326268997901	true
10	0.83	-0.056096945672239905	true
10	0.84	-0.056078708660026275	true
10	0.85	-0.05605855510738657	true
10	0.86	-0.05603648871142903	true
10	0.87	-0.056012513411314094	true
10	0.88	-0.05598663338717365	true
10	0.89	-0.05595885305895845	true
10	0.9	-0.05592917708521372	true
10	0.91	-0.055897610361784485	true
10	0.92	-0.05586415802044993	true
10	0.93	-0.0558288254274895	true
10	0.94	-0.05579161818217906	true
10	0.95	-0.0557525421152204	true
10	0.96	-0.05571160328710362	true
10	0.97	-0.05566880798640297	true
10	0.98	-0.05562416272800824	true
10	0.99	-0.05557767425129191	true
10	1.0	-0.05552934951821335	true
11	0.0	-0.060017191356493325	true
11	0.01	-0.06028074657233757	true
11	0.02	-0.06054252642356645	true
11	0.03	-0.060802490778091765	true
11	0.04	-0.06106059942202786	true
11	0.05	-0.06131681207347369	true
11	0.06	-0.06157108839662583	true
11	0.07	-0.06182338801621605	true
11	0.08	-0.06207367053226966	true
11	0.09	-0.06232189553517707	true
11	0.1	-0.06256802262107376	true
11	0.11	-0.06281201140752012	true
11	0.12	-0.06305382154947445	true
11	0.13	-0.06329341275555035	true
11	0.14	-0.06353074480454986	true
11	0.15	-0.06376577756226334	true
11	0.16	-0.06399847099852478	true
11	0.17	-0.06422878520451422	true
11	0.18	-0.0644566804102933	true
11	0.19	-0.06468211700256488	true
11	0.2	-0.06490505554264211	true
11	0.21	-0.06512545678461598	true
11	0.22	-0.06534328169370598	true
11	0.23	-0.06555849146478195	true
11	0.24	-0.06577104754104018	true
11	0.25	-0.06598091163282066	true
11	0.26	-0.06618804573654881	true
11	0.27	-0.0663924121537856	true
11	0.28	-0.0665939735103693	true
11	0.29	-0.06679269277563293	true
11	0.3	-0.06698853328167774	true
11	0.31	-0.06718145874268629	true
11	0.32	-0.06737143327425665	true
11	0.33	-0.06755842141273781	true
11	0.34	-0.06774238813454854	true
11	0.35	-0.06792329887545882	true
11	0.36	-0.06810111954981522	true
11	0.37	-0.06827581656968919	true
11	0.38	-0.06844735686392879	true
11	0.39	-0.06861570789709265	true
11	0.4	-0.06878083768824497	true
11	0.41	-0.06894271482959297	true
11	0.42	-0.0691013085049424	true
11	0.43	-0.06925658850795278	true
11	0.44	-0.06940852526017054	true
11	0.45	-0.06955708982881759	true
11	0.46	-0.06970225394431682	true
11	0.47	-0.06984399001753121	true
11	0.48	-0.0699822711566967	true
11	0.49	-0.07011707118402855	true
11	0.5	-0.07024836465197992	true
11	0.51	-0.07037612685913228	true
11	0.52	-0.07050033386569864	true
11	0.53	-0.07062096250861971	true
11	0.54	-0.07073799041623248	true
11	0.55	-0.07085139602249377	true
11	0.56	-0.07096115858074016	true
11	0.57	-0.07106725817696555	true
11	0.58	-0.07116967574259979	true
11	0.59	-0.07126839306677075	true
11	0.6	-0.07136339280803417	true
11	0.61	-0.0714546585055556	true
11	0.62	-0.07154217458972932	true
11	0.63	-0.0716259263922196	true
11	0.64	-0.07170590015541173	true
11	0.65	-0.07178208304125898	true
11	0.66	-0.07185446313951485	true
11	0.67	-0.07192302947533738	true
11	0.68	-0.071987772016258	true
11	0.69	-0.07204868167850287	true
11	0.7	-0.07210575033266006	true
11	0.71	-0.07215897080868362	true
11	0.72	-0.07220833690022885	true
11	0.73	-0.07225384336831246	true
11	0.74	-0.07229548594429301	true
11	0.75	-0.0723332613321674	true
11	0.76	-0.07236716721018178	true
11	0.77	-0.07239720223175274	true
11	0.78	-0.07242336602570104	true
11	0.79	-0.0724456591957948	true
11	0.8	-0.07246408331960505	true
11	0.81	-0.07247864094667633	true
11	0.82	-0.07248933559601248	true
11	0.83	-0.07249617175288531	true
11	0.84	-0.07249915486496916	true
11	0.85	-0.07249829133780618	true
11	0.86	-0.07249358852961194	true
11	0.87	-0.07248505474542725	true
11	0.88	-0.07247269923062508	true
11	0.89	-0.07245653216378274	true
11	0.9	-0.07243656464892918	true
11	0.91	-0.07241280870717862	true
11	0.92	-0.07238527726776314	true
11	0.93	-0.07235398415847634	true
11	0.94	-0.07231894409554178	true
11	0.95	-0.07228017267292088	true
11	0.96	-0.07223768635107439	true
11	0.97	-0.07219150244519423	true
11	0.98	-0.07214163911292036	true
11	0.99	-0.0720881153415606	true
11	1.0	-0.07203095093483058	true
12	0.0	-0.057314608820554974	true
12	0.01	-0.057380123721853644	true
12	0.02	-0.05744461877816721	true
12	0.03	-0.05750809008587245	true
12	0.04	-0.05757053379330725	true
12	0.05	-0.05763194610114873	true
12	0.06	-0.05769232326278806	true
12	0.07	-0.05775166158470034	true
12	0.08	-0.05780995742680947	true
12	0.09	-0.05786720720284946	true
12	0.1	-0.05792340738071995	true
12	0.11	-0.057978554482837605	true
12	0.12	-0.058032645086482836	true
12	0.13	-0.05808567582414178	true
12	0.14	-0.05813764338384281	true
12	0.15	-0.058188544509489286	true
12	0.16	-0.058238376001186754	true
12	0.17	-0.058287134715565105	true
12	0.18	-0.05833481756609615	true
12	0.19	-0.05838142152340642	true
12	0.2	-0.0584269436155846	true
12	0.21	-0.058471380928483446	true
12	0.22	-0.05851473060601787	true
12	0.23	-0.058556989850457104	true
12	0.24	-0.05859815592271173	true
12	0.25	-0.05863822614261561	true
12	0.26	-0.058677197889202906	true
12	0.27	-0.058715068600979754	true
12	0.28	-0.05875183577619045	true
12	0.29	-0.05878749697307852	true
12	0.3	-0.058822049810142815	true
12	0.31	-0.0588554919663873	true
12	0.32	-0.058887821181567136	true
12	0.33	-0.058919035256427686	true
12	0.34	-0.05894913205293891	true
12	0.35	-0.05897810949452453	true
12	0.36	-0.05900596556628536	true
12	0.37	-0.05903269831521702	true
12	0.38	-0.05905830585042289	true
12	0.39	-0.05908278634332045	true
12	0.4	-0.05910613802784321	true
12	0.41	-0.059128359200636235	true
12	0.42	-0.05914944822124659	true
12	0.43	-0.05916940351230759	true
12	0.44	-0.059188223559718284	true
12	0.45	-0.0592059069128164	true
12	0.46	-0.05922245218454655	true
12	0.47	-0.05923785805162176	true
12	0.48	-0.05925212325467972	true
12	0.49	-0.059265246598433935	true
12	0.5	-0.05927722695181838	true
12	0.51	-0.059288063248126216	true
12	0.52	-0.05929775448514355	true
12	0.53	-0.05930629972527698	true
12	0.54	-0.05931369809567526	true
12	0.55	-0.05931994878834531	true
12	0.56	-0.059325051060262375	true
12	0.57	-0.059329004233474376	true
12	0.58	-0.05933180769520056	true
12	0.59	-0.05933346089792358	true
12	0.6	-0.059333963359476966	true
12	0.61	-0.05933331466312539	true
12	0.62	-0.05933151445764018	true
12	0.63	-0.059328562457368	true
12	0.64	-0.059324458442294434	true
12	0.65	-0.05931920225810099	true
12	0.66	-0.059312793816216416	true
12	0.67	-0.05930523309386246	true
12	0.68	-0.059296520134093395	true
12	0.69	-0.05928665504582905	true
12	0.7	-0.05927563800388285	true
12	0.71	-0.059263469248983874	true
12	0.72	-0.05925014908779173	true
12	0.73	-0.05923567789290691	true
12	0.74	-0.05922005610287469	true
12	0.75	-0.05920328422218235	true
12	0.76	-0.05918536282125196	true
12	0.77	-0.05916629253642559	true
12	0.78	-0.05914607406994543	true
12	0.79	-0.059124708189928286	true
12	0.8	-0.0591021957303328	true
12	0.81	-0.059078537590922284	true
12	0.82	-0.059053734737220476	true
12	0.83	-0.059027788200461374	true
12	0.84	-0.05900069907753411	true
12	0.85	-0.05897246853092095	true
12	0.86	-0.05894309778862907	true
12	0.87	-0.05891258814411781	true
12	0.88	-0.05888094095621824	true
12	0.89	-0.058848157649048105	true
12	0.9	-0.05881423971192027	true
12	0.91	-0.058779188699245234	true
12	0.92	-0.05874300623042791	true
12	0.93	-0.05870569398975852	true
12	0.94	-0.05866725372629724	true
12	0.95	-0.058627687253753356	true
12	0.96	-0.058586996450358315	true
12	0.97	-0.05854518325873325	true
12	0.98	-0.05850224968574973	true
12	0.99	-0.05845819780238604	true
12	1.0	-0.058413029743576365	true
13	0.0	-0.07835449656786728	true
13	0.01	-0.07861582080483619	true
13	0.02	-0.07887470247918552	true
13	0.03	-0.0791310921581722	true
13	0.04	-0.07938494045252978	true
13	0.05	-0.07963619803967466	true
13	0.06	-0.07988481568732105	true
13	0.07	-0.08013074427748866	true
13	0.08	-0.08037393483088606	true
13	0.09	-0.08061433853165287	true
13	0.1	-0.08085190675244001	true
13	0.11	-0.08108659107981064	true
13	0.12	-0.08131834333993795	true
13	0.13	-0.08154711562458103	true
13	0.14	-0.08177286031731346	true
13	0.15	-0.08199553011998313	true
13	0.16	-0.08221507807937688	true
13	0.17	-0.0824314576140655	true
13	0.18	-0.08264462254140287	true
13	0.19	-0.0828545271046512	true
13	0.2	-0.0830611260002055	true
13	0.21	-0.08326437440488803	true
13	0.22	-0.08346422800328321	true
13	0.23	-0.08366064301508326	true
13	0.24	-0.08385357622241436	true
13	0.25	-0.08404298499711055	true
13	0.26	-0.08422882732790532	true
13	0.27	-0.08441106184750839	true
13	0.28	-0.0845896478595329	true
13	0.29	-0.08476454536524407	true
13	0.3	-0.08493571509009182	true
13	0.31	-0.08510311850999676	true
13	0.32	-0.0852667178773547	true
13	0.33	-0.08542647624672606	true
13	0.34	-0.08558235750017655	true
13	0.35	-0.08573432637223513	true
13	0.36	-0.08588234847443602	true
13	0.37	-0.08602639031941114	true
13	0.38	-0.08616641934449945	true
13	0.39	-0.08630240393484122	true
13	0.4	-0.08643431344592345	true
13	0.41	-0.08656211822554637	true
13	0.42	-0.08668578963517765	true
13	0.43	-0.08680530007066474	true
13	0.44	-0.0869206229822751	true
13	0.45	-0.08703173289403494	true
13	0.46	-0.08713860542233788	true
13	0.47	-0.08724121729379598	true
13	0.48	-0.087339546362307	true
13	0.49	-0.08743357162531191	true
13	0.5	-0.08752327323921838	true
13	0.51	-0.08760863253396743	true
13	0.52	-0.0876896320267203	true
13	0.53	-0.08776625543464596	true
13	0.54	-0.08783848768678913	true
13	0.55	-0.08790631493500053	true
13	0.56	-0.08796972456391447	true
13	0.57	-0.08802870519995648	true
13	0.58	-0.08808324671936876	true
13	0.59	-0.08813334025524117	true
13	0.6	-0.08817897820353783	true
13	0.61	-0.08822015422810943	true
13	0.62	-0.0882568632646838	true
13	0.63	-0.08828910152383267	true
13	0.64	-0.08831686649290496	true
13	0.65	-0.08834015693692979	true
13	0.66	-0.08835897289848474	true
13	0.67	-0.08837331569653434	true
13	0.68	-0.08838318792423673	true
13	0.69	-0.08838859344572793	true
13	0.7	-0.08838953739188632	true
13	0.71	-0.08838602615508724	true
13	0.72	-0.08837806738295491	true
13	0.73	-0.08836566997112527	true
13	0.74	-0.08834884405503021	true
13	0.75	-0.0883276010007176	true
13	0.76	-0.08830195339472342	true
13	0.77	-0.08827191503301213	true
13	0.78	-0.08823750090900374	true
13	0.79	-0.08819872720070714	true
13	0.8	-0.08815561125698172	true
13	0.81	-0.08810817158294727	true
13	0.82	-0.088056427824568	true
13	0.83	-0.0880004007524333	true
13	0.84	-0.08794011224476188	true
13	0.85	-0.08787558526965485	true
13	0.86	-0.08780684386662597	true
13	0.87	-0.08773391312743774	true
13	0.88	-0.0876568191762708	true
13	0.89	-0.08757558914925768	true
13	0.9	-0.08749025117341139	true
13	0.91	-0.08740083434497935	true
13	0.92	-0.08730736870725392	true
13	0.93	-0.08720988522787282	true
13	0.94	-0.0871084157756393	true
13	0.95	-0.08700299309689775	true
13	0.96	-0.08689365079149466	true
13	0.97	-0.08678042328835855	true
13	0.98	-0.08666334582073439	true
13	0.99	-0.08654245440110109	true
13	1.0	-0.08641778579580847	true
14	0.0	-0.08010497131356527	true
14	0.01	-0.08028434406064258	true
14	0.02	-0.08046141097310631	true
14	0.03	-0.08063615583518502	true
14	0.04	-0.08080856265905406	true
14	0.05	-0.0809786156880021	true
14	0.06	-0.0811462993995513	true
14	0.07	-0.08131159850852997	true
14	0.08	-0.08147449797009729	true
14	0.09	-0.08163498298271758	true
14	0.1	-0.08179303899108464	true
14	0.11	-0.08194865168899354	true
14	0.12	-0.08210180702215975	true
14	0.13	-0.08225249119098453	true
14	0.14	-0.08240069065326514	true
14	0.15	-0.08254639212684908	true
14	0.16	-0.08268958259223184	true
14	0.17	-0.08283024929509535	true
14	0.18	-0.08296837974878943	true
14	0.19	-0.08310396173675232	true
14	0.2	-0.08323698331487074	true
14	0.21	-0.08336743281377854	true
14	0.22	-0.08349529884109336	true
14	0.23	-0.08362057028358885	true
14	0.24	-0.08374323630930519	true
14	0.25	-0.08386328636959224	true
14	0.26	-0.08398071020108966	true
14	0.27	-0.08409549782763936	true
14	0.28	-0.08420763956213162	true
14	0.29	-0.0843171260082839	true
14	0.3	-0.08442394806235157	true
14	0.31	-0.08452809691476944	true
14	0.32	-0.08462956405172566	true
14	0.33	-0.08472834125666298	true
14	0.34	-0.08482442061171327	true
14	0.35	-0.08491779449905854	true
14	0.36	-0.08500845560222293	true
14	0.37	-0.08509639690729122	true
14	0.38	-0.08518161170405687	true
14	0.39	-0.08526409358709747	true
14	0.4	-0.08534383645677744	true
14	0.41	-0.08542083452017807	true
14	0.42	-0.08549508229195438	true
14	0.43	-0.08556657459511888	true
14	0.44	-0.08563530656175168	true
14	0.45	-0.08570127363363723	true
14	0.46	-0.08576447156282709	true
14	0.47	-0.08582489641212929	true
14	0.48	-0.08588254455552319	true
14	0.49	-0.08593741267850143	true
14	0.5	-0.0859894977783367	true
14	0.51	-0.08603879716427638	true
14	0.52	-0.08608530845766202	true
14	0.53	-0.08612902959197584	true
14	0.54	-0.08616995881281359	true
14	0.55	-0.08620809467778433	true
14	0.56	-0.08624343605633708	true
14	0.57	-0.08627598212951412	true
14	0.58	-0.08630573238963213	true
14	0.59	-0.0863326866398914	true
14	0.6	-0.08635684499391184	true
14	0.61	-0.08637820787519872	true
14	0.62	-0.08639677601653639	true
14	0.63	-0.08641255045931116	true
14	0.64	-0.08642553255276417	true
14	0.65	-0.08643572395317421	true
14	0.66	-0.08644312662297082	true
14	0.67	-0.08644774282977898	true
14	0.68	-0.0864495751453946	true
14	0.69	-0.08644862644469395	true
14	0.7	-0.0864448999044733	true
14	0.71	-0.08643839900222487	true
14	0.72	-0.08642912751484484	true
14	0.73	-0.08641708951727656	true
14	0.74	-0.08640228938109044	true
14	0.75	-0.0863847317729985	true
14	0.76	-0.08636442165330634	true
14	0.77	-0.08634136427430376	true
14	0.78	-0.08631556517859242	true
14	0.79	-0.08628703019735381	true
14	0.8	-0.08625576544855762	true
14	0.81	-0.08622177733510976	true
14	0.82	-0.0861850725429439	true
14	0.83	-0.08614565803905455	true
14	0.84	-0.08610354106947446	true
14	0.85	-0.08605872915719646	true
14	0.86	-0.08601123010004084	true
14	0.87	-0.08596105196846877	true
14	0.88	-0.0859082031033442	true
14	0.89	-0.08585269211364321	true
14	0.9	-0.08579452787411294	true
14	0.91	-0.0857337195228815	true
14	0.92	-0.08567027645901934	true
14	0.93	-0.0856042083400517	true
14	0.94	-0.08553552507942681	true
14	0.95	-0.08546423684393686	true
14	0.96	-0.08539035405109552	true
14	0.97	-0.08531388736647202	true
14	0.98	-0.08523484770098276	true
14	0.99	-0.0851532462081421	true
14	1.0	-0.08506909428127334	true
15	0.0	-0.1114138901239519	true
15	0.01	-0.11173402896475164	true
15	0.02	-0.11205026063828487	true
15	0.03	-0.11236253605605105	true
15	0.04	-0.11267080660781306	true
15	0.05	-0.1129750241778095	true
15	0.06	-0.11327514116085197	true
15	0.07	-0.11357111047829722	true
15	0.08	-0.11386288559388603	true
15	0.09	-0.1141504205294345	true
15	0.1	-0.11443366988037176	true
15	0.11	-0.11471258883111092	true
15	0.12	-0.11498713317024523	true
15	0.13	-0.11525725930555683	true
15	0.14	-0.11552292427883216	true
15	0.15	-0.11578408578047007	true
15	0.16	-0.11604070216387469	true
15	0.17	-0.11629273245962486	true
15	0.18	-0.11654013638940743	true
15	0.19	-0.11678287437970895	true
15	0.2	-0.11702090757525214	true
15	0.21	-0.11725419785217309	true
15	0.22	-0.11748270783092588	true
15	0.23	-0.11770640088890895	true
15	0.24	-0.1179252411728043	true
15	0.25	-0.11813919361061874	true
15	0.26	-0.1183482239234236	true
15	0.27	-0.11855229863678204	true
15	0.28	-0.11875138509185551	true
15	0.29	-0.11894545145618647	true
15	0.3	-0.11913446673414606	true
15	0.31	-0.11931840077704041	true
15	0.32	-0.1194972242928725	true
15	0.33	-0.11967090885574971	true
15	0.34	-0.11983942691493132	true
15	0.35	-0.12000275180351383	true
15	0.36	-0.120160857746744	true
15	0.37	-0.12031371986995881	true
15	0.38	-0.12046131420614319	true
15	0.39	-0.12060361770310653	true
15	0.4	-0.12074060823026848	true
15	0.41	-0.12087226458505383	true
15	0.42	-0.12099856649889207	true
15	0.43	-0.12111949464281756	true
15	0.44	-0.12123503063266897	true
15	0.45	-0.12134515703388414	true
15	0.46	-0.12144985736589067	true
15	0.47	-0.12154911610608655	true
15	0.48	-0.12164291869341326	true
15	0.49	-0.12173125153151858	true
15	0.5	-0.12181410199150747	true
15	0.51	-0.12189145841428284	true
15	0.52	-0.12196331011247452	true
15	0.53	-0.12202964737195694	true
15	0.54	-0.12209046145295586	true
15	0.55	-0.1221457445907479	true
15	0.56	-0.12219548999594795	true
15	0.57	-0.12223969185439386	true
15	0.58	-0.1222783453266247	true
15	0.59	-0.12231144654695603	true
15	0.6	-0.12233899262215611	true
15	0.61	-0.12236098162972617	true
15	0.62	-0.12237741261578491	true
15	0.63	-0.12238828559256379	true
15	0.64	-0.12239360153551626	true
15	0.65	-0.12239336238004421	true
15	0.66	-0.12238757101784599	true
15	0.67	-0.12237623129289132	true
15	0.68	-0.12235934799702823	true
15	0.69	-0.12233692686522582	true
15	0.7	-0.12230897457045917	true
15	0.71	-0.1222754987182428	true
15	0.72	-0.12223650784081638	true
15	0.73	-0.12219201139099102	true
15	0.74	-0.12214201973566137	true
15	0.75	-0.12208654414898985	true
15	0.76	-0.12202559680527057	true
15	0.77	-0.1219591907714785	true
15	0.78	-0.12188733999951357	true
15	0.79	-0.12181005931814279	true
15	0.8	-0.12172736442465243	true
15	0.81	-0.12163927187621418	true
15	0.82	-0.12154579908097489	true
15	0.83	-0.12144696428887797	true
15	0.84	-0.12134278658222145	true
15	0.85	-0.12123328586596593	true
15	0.86	-0.12111848285779522	true
15	0.87	-0.12099839907794113	true
15	0.88	-0.12087305683878012	true
15	0.89	-0.12074247923420957	true
15	0.9	-0.12060669012881255	true
15	0.91	-0.12046571414681913	true
15	0.92	-0.12031957666087421	true
15	0.93	-0.12016830378061784	true
15	0.94	-0.12001192234108934	true
15	0.95	-0.11985045989096219	true
15	0.96	-0.11968394468061813	true
15	0.97	-0.11951240565007071	true
15	0.98	-0.11933587241674443	true
15	0.99	-0.11915437526312005	true
15	1.0	-0.11896794512425404	true
16	0.0	-0.12001417172411723	true
16	0.01	-0.1204125452001168	true
16	0.02	-0.12080604021301265	true
16	0.03	-0.1211945972748404	true
16	0.04	-0.12157815756700154	true
16	0.05	-0.12195666295668327	true
16	0.06	-0.12233005601307495	true
16	0.07	-0.1226982800233711	true
16	0.08	-0.12306127900855506	true
16	0.09	-0.12341899773895683	true
16	0.1	-0.12377138174957573	true
16	0.11	-0.1241183773551646	true
16	0.12	-0.12445993166506586	true
16	0.13	-0.124795992597795	true
16	0.14	-0.12512650889536317	true
16	0.15	-0.12545143013733526	true
16	0.16	-0.12577070675461482	true
16	0.17	-0.12608429004295194	true
16	0.18	-0.12639213217616646	true
16	0.19	-0.12669418621908424	true
16	0.2	-0.12699040614017634	true
16	0.21	-0.12728074682390075	true
16	0.22	-0.12756516408273819	true
16	0.23	-0.12784361466891875	true
16	0.24	-0.12811605628583536	true
16	0.25	-0.1283824475991371	true
16	0.26	-0.12864274824750127	true
16	0.27	-0.12889691885307733	true
16	0.28	-0.12914492103160116	true
16	0.29	-0.1293867174021742	true
16	0.3	-0.129622271596705	true
16	0.31	-0.12985154826900952	true
16	0.32	-0.13007451310356732	true
16	0.33	-0.1302911328239303	true
16	0.34	-0.13050137520078134	true
16	0.35	-0.13070520905964225	true
16	0.36	-0.13090260428822542	true
16	0.37	-0.13109353184342862	true
16	0.38	-0.1312779637579735	true
16	0.39	-0.13145587314668156	true
16	0.4	-0.13162723421238975	true
16	0.41	-0.13179202225150333	true
16	0.42	-0.13195021365918386	true
16	0.43	-0.13210178593417307	true
16	0.44	-0.1322467176832516	true
16	0.45	-0.13238498862533124	true
16	0.46	-0.13251657959518093	true
16	0.47	-0.13264147254678807	true
16	0.48	-0.1327596505563517	true
16	0.49	-0.13287109782491138	true
16	0.5	-0.13297579968061077	true
16	0.51	-0.13307374258059673	true
16	0.52	-0.1331649141125542	true
16	0.53	-0.13324930299587948	true
16	0.54	-0.13332689908249293	true
16	0.55	-0.1333976933572897	true
16	0.56	-0.13346167793823568	true
16	0.57	-0.13351884607610368	true
16	0.58	-0.13356919215385896	true
16	0.59	-0.13361271168568947	true
16	0.6	-0.13364940131568823	true
16	0.61	-0.1336792588161883	true
16	0.62	-0.1337022830857527	true
16	0.63	-0.13371847414682184	true
16	0.64	-0.13372783314302358	true
16	0.65	-0.1337303623361466	true
16	0.66	-0.13372606510278084	true
16	0.67	-0.1337149459306301	true
16	0.68	-0.13369701041449766	true
16	0.69	-0.13367226525195083	true
16	0.7	-0.1336407182386666	true
16	0.71	-0.13360237826346416	true
16	0.72	-0.13355725530302565	true
16	0.73	-0.13350536041631222	true
16	0.74	-0.1334467057386779	true
16	0.75	-0.13338130447568472	true
16	0.76	-0.13330917089662755	true
16	0.77	-0.13323032032776796	true
16	0.78	-0.1331447691452862	true
16	0.79	-0.13305253476795229	true
16	0.8	-0.13295363564952595	true
16	0.81	-0.13284809127088423	true
16	0.82	-0.13273592213188748	true
16	0.83	-0.1326171497429843	true
16	0.84	-0.13249179661656488	true
16	0.85	-0.13235988625806333	true
16	0.86	-0.13222144315681847	true
16	0.87	-0.13207649277669567	true
16	0.88	-0.13192506154647607	true
16	0.89	-0.1317671768500202	true
16	0.9	-0.13160286701620763	true
16	0.91	-0.13143216130866162	true
16	0.92	-0.13125508991526413	true
16	0.93	-0.13107168393746435	true
16	0.94	-0.13088197537938936	true
16	0.95	-0.1306859971367597	true
16	0.96	-0.13048378298561905	true
16	0.97	-0.13027536757087946	true
16	0.98	-0.1300607863946919	true
16	0.99	-0.12984007580464504	true
16	1.0	-0.1296132729817994	true
17	0.0	-0.10493902491388984	true
17	0.01	-0.10535361591225142	true
17	0.02	-0.10576291790726403	true
17	0.03	-0.10616686092892244	true
17	0.04	-0.10656537578416132	true
17	0.05	-0.10695839407645111	true
17	0.06	-0.10734584822519919	true
17	0.07	-0.1077276714849492	true
17	0.08	-0.1081037979643721	true
17	0.09	-0.10847416264503988	true
17	0.1	-0.10883870139997637	true
17	0.11	-0.1091973510119772	true
17	0.12	-0.10955004919169266	true
17	0.13	-0.10989673459546474	true
17	0.14	-0.11023734684291459	true
17	0.15	-0.11057182653426964	true
17	0.16	-0.11090011526742802	true
17	0.17	-0.1112221556547497	true
17	0.18	-0.11153789133957116	true
17	0.19	-0.1118472670124351	true
17	0.2	-0.1121502284270301	true
17	0.21	-0.11244672241583321	true
17	0.22	-0.11273669690545023	true
17	0.23	-0.1130201009316474	true
17	0.24	-0.11329688465406859	true
17	0.25	-0.11356699937063318	true
17	0.26	-0.11383039753160695	true
17	0.27	-0.11408703275334361	true
17	0.28	-0.11433685983168855	true
17	0.29	-0.1145798347550425	true
17	0.3	-0.1148159147170777	true
17	0.31	-0.11504505812910361	true
17	0.32	-0.11526722463207514	true
17	0.33	-0.11548237510824219	true
17	0.34	-0.1156904716924314	true
17	0.35	-0.11589147778296074	true
17	0.36	-0.11608535805217923	true
17	0.37	-0.11627207845662868	true
17	0.38	-0.11645160624682471	true
17	0.39	-0.11662390997665162	true
17	0.4	-0.11678895951236878	true
17	0.41	-0.11694672604122466	true
17	0.42	-0.1170971820796745	true
17	0.43	-0.117240301481201	true
17	0.44	-0.11737605944373157	true
17	0.45	-0.11750443251665207	true
17	0.46	-0.1176253986074139	true
17	0.47	-0.11773893698773058	true
17	0.48	-0.11784502829936386	true
17	0.49	-0.11794365455949499	true
17	0.5	-0.11803479916568052	true
17	0.51	-0.11811844690039167	true
17	0.52	-0.11819458393513196	true
17	0.53	-0.1182631978341378	true
17	0.54	-0.11832427755765447	true
17	0.55	-0.11837781346479039	true
17	0.56	-0.11842379731594756	true
17	0.57	-0.11846222227482804	true
17	0.58	-0.11849308291001373	true
17	0.59	-0.11851637519612306	true
17	0.6	-0.11853209651454027	true
17	0.61	-0.11854024565371964	true
17	0.62	-0.1185408228090644	true
17	0.63	-0.11853382958238075	true
17	0.64	-0.11851926898090644	true
17	0.65	-0.11849714541591569	true
17	0.66	-0.11846746470090183	true
17	0.67	-0.11843023404933638	true
17	0.68	-0.11838546207200884	true
17	0.69	-0.11833315877394555	true
17	0.7	-0.11827333555091171	true
17	0.71	-0.1182060051854964	true
17	0.72	-0.11813118184278383	true
17	0.73	-0.11804888106561211	true
17	0.74	-0.11795911976942154	true
17	0.75	-0.11786191623669638	true
17	0.76	-0.11775729011100024	true
17	0.77	-0.11764526239061027	true
17	0.78	-0.11752585542175117	true
17	0.79	-0.11739909289143287	true
17	0.8	-0.11726499981989577	true
17	0.81	-0.11712360255266532	true
17	0.82	-0.11697492875222082	true
17	0.83	-0.11681900738928146	true
17	0.84	-0.11665586873371417	true
17	0.85	-0.11648554434506574	true
17	0.86	-0.11630806706272584	true
17	0.87	-0.1161234709957221	true
17	0.88	-0.11593179151215469	true
17	0.89	-0.11573306522827322	true
17	0.9	-0.11552732999720072	true
17	0.91	-0.11531462489731048	true
17	0.92	-0.1150949902202598	true
17	0.93	-0.11486846745868687	true
17	0.94	-0.11463509929357406	true
17	0.95	-0.11439492958128546	true
17	0.96	-0.1141480033402828	true
17	0.97	-0.11389436673752484	true
17	0.98	-0.11363406707455743	true
17	0.99	-0.1133671527732989	true
17	1.0	-0.11309367336152731	true
18	0.0	-0.14404556140901334	true
18	0.01	-0.14486780815081174	true
18	0.02	-0.1456818422680493	true
18	0.03	-0.14648748379613719	true
18	0.04	-0.14728455402175722	true
18	0.05	-0.14807287554895734	true
18	0.06	-0.14885227236485424	true
18	0.07	-0.14962256990490425	true
18	0.08	-0.15038359511770993	true
18	0.09	-0.15113517652932548	true
18	0.1	-0.15187714430702756	true
18	0.11	-0.15260933032251703	true
18	0.12	-0.15333156821451682	true
18	0.13	-0.15404369345073682	true
18	0.14	-0.15474554338916607	true
18	0.15	-0.1554369573386687	true
18	0.16	-0.15611777661884457	true
18	0.17	-0.1567878446191292	true
18	0.18	-0.15744700685709756	true
18	0.19	-0.15809511103594764	true
18	0.2	-0.15873200710112895	true
18	0.21	-0.1593575472960922	true
18	0.22	-0.15997158621712834	true
18	0.23	-0.1605739808672725	true
18	0.24	-0.16116459070924613	true
18	0.25	-0.161743277717408	true
18	0.26	-0.16230990642869614	true
18	0.27	-0.16286434399252622	true
18	0.28	-0.16340646021963334	true
18	0.29	-0.16393612762982665	true
18	0.3	-0.16445322149863686	true
18	0.31	-0.16495761990283747	true
18	0.32	-0.16544920376481528	true
18	0.33	-0.16592785689577308	true
18	0.34	-0.16639346603774388	true
18	0.35	-0.16684592090439881	true
18	0.36	-0.1672851142206331	true
18	0.37	-0.16771094176090848	true
18	0.38	-0.1681233023863408	true
18	0.39	-0.16852209808051705	true
18	0.4	-0.16890723398402405	true
18	0.41	-0.16927861842767974	true
18	0.42	-0.16963616296445194	true
18	0.43	-0.16997978240005163	true
18	0.44	-0.1703093948221936	true
18	0.45	-0.17062492162850962	true
18	0.46	-0.17092628755310793	true
18	0.47	-0.17121342069176956	true
18	0.48	-0.1714862525257723	true
18	0.49	-0.17174471794433666	true
18	0.5	-0.1719887552656899	true
18	0.51	-0.17221830625673545	true
18	0.52	-0.1724333161513325	true
18	0.53	-0.17263373366717447	true
18	0.54	-0.17281951102126714	true
18	0.55	-0.17299060394400398	true
18	0.56	-0.17314697169183493	true
18	0.57	-0.17328857705853018	true
18	0.58	-0.17341538638504017	true
18	0.59	-0.17352736956794662	true
18	0.6	-0.17362450006651578	true
18	0.61	-0.17370675490834572	true
18	0.62	-0.1737741146936191	true
18	0.63	-0.1738265635979617	true
18	0.64	-0.17386408937390907	true
18	0.65	-0.17388668335099283	true
18	0.66	-0.17389434043444443	true
18	0.67	-0.17388705910253052	true
18	0.68	-0.17386484140252212	true
18	0.69	-0.17382769294530723	true
18	0.7	-0.17377562289865653	true
18	0.71	-0.1737086439791505	true
18	0.72	-0.1736267724427748	true
18	0.73	-0.17353002807420267	true
18	0.74	-0.17341843417476502	true
18	0.75	-0.17329201754912812	true
18	0.76	-0.17315080849068756	true
18	0.77	-0.17299484076569163	true
18	0.78	-0.17282415159610787	true
18	0.79	-0.1726387816412462	true
18	0.8	-0.17243877497815638	true
18	0.81	-0.17222417908080914	true
18	0.82	-0.17199504479808136	true
18	0.83	-0.17175142633055876	true
18	0.84	-0.1714933812061755	true
18	0.85	-0.17122097025470287	true
18	0.86	-0.17093425758111006	true
18	0.87	-0.1706333105378109	true
18	0.88	-0.1703181996958169	true
18	0.89	-0.1699889988148154	true
18	0.9	-0.16964578481218984	true
18	0.91	-0.1692886377310059	true
18	0.92	-0.16891764070697782	true
18	0.93	-0.16853287993444224	true
18	0.94	-0.1681344446313518	true
18	0.95	-0.1677224270033196	true
18	0.96	-0.167296922206724	true
18	0.97	-0.16685802831090799	true
18	0.98	-0.16640584625948418	true
18	0.99	-0.16594047983077564	true
18	1.0	-0.16546203559740863	true
19	0.0	-0.18595834630001887	true
19	0.01	-0.18730509234391646	true
19	0.02	-0.18863909283827382	true
19	0.03	-0.18995991138143367	true
19	0.04	-0.1912671136694155	true
19	0.05	-0.1925602677618384	true
19	0.06	-0.19383894434736906	true
19	0.07	-0.19510271700840226	true
19	0.08	-0.19635116248467985	true
19	0.09	-0.19758386093555041	true
19	0.1	-0.1988003962005819	true
19	0.11	-0.20000035605823258	true
19	0.12	-0.201183332482293	true
19	0.13	-0.2023489218958137	true
19	0.14	-0.20349672542223401	true
19	0.15	-0.20462634913343666	true
19	0.16	-0.2057374042944511	true
19	0.17	-0.20682950760453866	true
19	0.18	-0.20790228143439574	true
19	0.19	-0.20895535405921567	true
19	0.2	-0.2099883598873605	true
19	0.21	-0.2110009396843978	true
19	0.22	-0.21199274079226668	true
19	0.23	-0.21296341734333982	true
19	0.24	-0.21391263046916872	true
19	0.25	-0.21484004850369118	true
19	0.26	-0.21574534718070454	true
19	0.27	-0.21662820982540718	true
19	0.28	-0.21748832753982433	true
19	0.29	-0.21832539938194467	true
19	0.3	-0.21913913253840323	true
19	0.31	-0.2199292424905538	true
19	0.32	-0.22069545317379055	true
19	0.33	-0.22143749712998634	true
19	0.34	-0.22215511565292007	true
19	0.35	-0.2228480589265889	true
19	0.36	-0.22351608615630103	true
19	0.37	-0.2241589656924634	true
19	0.38	-0.2247764751469802	true
19	0.39	-0.22536840150220566	true
19	0.4	-0.2259345412123862	true
19	0.41	-0.22647470029755293	true
19	0.42	-0.22698869442983136	true
19	0.43	-0.2274763490121419	true
19	0.44	-0.22793749924928658	true
19	0.45	-0.2283719902114146	true
19	0.46	-0.22877967688988066	true
19	0.47	-0.22916042424551486	true
19	0.48	-0.22951410724933718	true
19	0.49	-0.22984061091575184	true
19	0.5	-0.2301398303282758	true
19	0.51	-0.23041167065786178	true
19	0.52	-0.23065604717388002	true
19	0.53	-0.23087288524784055	true
19	0.54	-0.23106212034994017	true
19	0.55	-0.23122369803852968	true
19	0.56	-0.23135757394260265	true
19	0.57	-0.23146371373741695	true
19	0.58	-0.2315420931133662	true
19	0.59	-0.2315926977382237	true
19	0.6	-0.2316155232128912	true
19	0.61	-0.23161057502079047	true
19	0.62	-0.23157786847103728	true
19	0.63	-0.23151742863554925	true
19	0.64	-0.23142929028023723	true
19	0.65	-0.23131349779044308	true
19	0.66	-0.23117010509078045	true
19	0.67	-0.23099917555954882	true
19	0.68	-0.23080078193789053	true
19	0.69	-0.2305750062338612	true
19	0.7	-0.23032193962159028	true
19	0.71	-0.23004168233571276	true
19	0.72	-0.2297343435612486	true
19	0.73	-0.2294000413191147	true
19	0.74	-0.2290389023474537	true
19	0.75	-0.22865106197895996	true
19	0.76	-0.2282366640143974	true
19	0.77	-0.22779586059248264	true
19	0.78	-0.22732881205633493	true
19	0.79	-0.22683568681666466	true
19	0.8	-0.22631666121189767	true
19	0.81	-0.22577191936541519	true
19	0.82	-0.22520165304009335	true
19	0.83	-0.22460606149033102	true
19	0.84	-0.22398535131173877	true
19	0.85	-0.2233397362886819	true
19	0.86	-0.22266943723984262	true
19	0.87	-0.22197468186198932	true
19	0.88	-0.2212557045721189	true
19	0.89	-0.22051274634815204	true
19	0.9	-0.21974605456834195	true
19	0.91	-0.21895588284957293	true
19	0.92	-0.21814249088470505	true
19	0.93	-0.2173061442791307	true
19	0.94	-0.2164471143866997	true
19	0.95	-0.215565678145165	true
19	0.96	-0.2146621179113078	true
19	0.97	-0.21373672129587948	true
19	0.98	-0.21278978099851642	true
19	0.99	-0.21182159464276012	true
19	1.0	-0.2108324646113237	true
20	0.0	-0.2206097911934396	true
20	0.01	-0.222367783100649	true
20	0.02	-0.22410961230813944	true
20	0.03	-0.22583465580447107	true
20	0.04	-0.2275422914520028	true
20	0.05	-0.22923189831721338	true
20	0.06	-0.2309028570033273	true
20	0.07	-0.232554549984986	true
20	0.08	-0.23418636194469242	true
20	0.09	-0.23579768011076582	true
20	0.1	-0.23738789459652349	true
20	0.11	-0.2389563987404166	true
20	0.12	-0.24050258944683617	true
20	0.13	-0.24202586752730196	true
20	0.14	-0.24352563804175356	true
20	0.15	-0.2450013106396428	true
20	0.16	-0.24645229990054987	true
20	0.17	-0.24787802567401843	true
20	0.18	-0.24927791341832267	true
20	0.19	-0.25065139453787116	true
20	0.2	-0.25199790671895256	true
20	0.21	-0.25331689426352805	true
20	0.22	-0.25460780842078323	true
20	0.23	-0.2558701077161388	true
20	0.24	-0.257103258277436	true
20	0.25	-0.2583067341580116	true
20	0.26	-0.2594800176563669	true
20	0.27	-0.26062259963215934	true
20	0.28	-0.26173397981823016	true
20	0.29	-0.2628136671283962	true
20	0.3	-0.2638611799607365	true
20	0.31	-0.2648760464961039	true
20	0.32	-0.265857804991602	true
20	0.33	-0.2668060040687784	true
20	0.34	-0.26772020299627197	true
20	0.35	-0.2685999719666865	true
20	0.36	-0.26944489236744446	true
20	0.37	-0.27025455704539725	true
20	0.38	-0.2710285705649686	true
20	0.39	-0.2717665494596225	true
20	0.4	-0.27246812247644614	true
20	0.41	-0.27313293081365714	true
20	0.42	-0.27376062835084863	true
20	0.43	-0.2743508818717909	true
20	0.44	-0.27490337127962916	true
20	0.45	-0.2754177898043197	true
20	0.46	-0.2758938442021558	true
20	0.47	-0.27633125494725025	true
20	0.48	-0.2767297564148544	true
20	0.49	-0.2770890970563946	true
20	0.5	-0.2774090395661305	true
20	0.51	-0.2776893610393454	true
20	0.52	-0.27792985312199303	true
20	0.53	-0.2781303221517329	true
20	0.54	-0.2782905892903047	true
20	0.55	-0.278410490647208	true
20	0.56	-0.2784898773946481	true
20	0.57	-0.2785286158737477	true
20	0.58	-0.278526587692016	true
20	0.59	-0.2784836898120892	true
20	0.6	-0.27839983463176904	true
20	0.61	-0.2782749500553959	true
20	0.62	-0.27810897955660857	true
20	0.63	-0.27790188223255474	true
20	0.64	-0.2776536328496266	true
20	0.65	-0.2773642218808141	true
20	0.66	-0.27703365553477627	true
20	0.67	-0.27666195577674146	true
20	0.68	-0.27624916034136493	true
20	0.69	-0.2757953227376818	true
20	0.7	-0.27530051224629715	true
20	0.71	-0.27476481390898205	true
20	0.72	-0.2741883285108338	true
20	0.73	-0.2735711725551885	true
20	0.74	-0.2729134782314678	true
20	0.75	-0.2722153933761589	true
20	0.76	-0.27147708142713456	true
20	0.77	-0.27069872137151996	true
20	0.78	-0.2698805076873299	true
20	0.79	-0.2690226502790962	true
20	0.8	-0.2681253744077177	true
20	0.81	-0.2671889206147605	true
20	0.82	-0.26621354464144964	true
20	0.83	-0.26519951734258246	true
20	0.84	-0.26414712459560424	true
20	0.85	-0.26305666720508536	true
20	0.86	-0.2619284608028277	true
20	0.87	-0.26076283574383585	true
20	0.88	-0.2595601369983798	true
20	0.89	-0.25832072404036865	true
20	0.9	-0.2570449707322457	true
20	0.91	-0.2557332652066106	true
20	0.92	-0.2543860097447621	true
20	0.93	-0.2530036206523383	true
20	0.94	-0.2515865281322201	true
20	0.95	-0.2501351761548525	true
20	0.96	-0.2486500223261082	true
20	0.97	-0.24713153775281116	true
20	0.98	-0.24558020690601057	true
20	0.99	-0.24399652748206915	true
20	1.0	-0.24238101026161607	true
21	0.0	-0.21801281016112448	true
21	0.01	-0.22047676009254732	true
21	0.02	-0.22292441998824844	true
21	0.03	-0.22535465801570645	true
21	0.04	-0.2277663390583684	true
21	0.05	-0.23015832551834642	true
21	0.06	-0.2325294781296341	true
21	0.07	-0.2348786567809855	true
21	0.08	-0.23720472134758486	true
21	0.09	-0.23950653253061838	true
21	0.1	-0.2417829527038403	true
21	0.11	-0.24403284676621625	true
21	0.12	-0.24625508299971088	true
21	0.13	-0.24844853393128496	true
21	0.14	-0.2506120771981415	true
21	0.15	-0.2527445964152779	true
21	0.16	-0.25484498204437134	true
21	0.17	-0.2569121322630425	true
21	0.18	-0.25894495383352406	true
21	0.19	-0.26094236296977624	true
21	0.2	-0.26290328620207915	true
21	0.21	-0.2648266612381472	true
21	0.22	-0.26671143781981155	true
21	0.23	-0.2685565785743219	true
21	0.24	-0.2703610598593321	true
21	0.25	-0.27212387260064286	true
21	0.26	-0.27384402312178896	true
21	0.27	-0.2755205339645653	true
21	0.28	-0.2771524446996167	true
21	0.29	-0.2787388127262133	true
21	0.3	-0.2802787140603703	true
21	0.31	-0.2817712441104815	true
21	0.32	-0.2832155184396571	true
21	0.33	-0.28461067351398245	true
21	0.34	-0.28595586743593826	true
21	0.35	-0.28725028066224456	true
21	0.36	-0.2884931167054216	true
21	0.37	-0.28968360281838434	true
21	0.38	-0.29082099066141753	true
21	0.39	-0.29190455695090833	true
21	0.4	-0.2929336040892445	true
21	0.41	-0.29390746077531	true
21	0.42	-0.2948254825950569	true
21	0.43	-0.29568705259164196	true
21	0.44	-0.2964915818146771	true
21	0.45	-0.2972385098481511	true
21	0.46	-0.29792730531662653	true
21	0.47	-0.29855746636935104	true
21	0.48	-0.2991285211419501	true
21	0.49	-0.29964002819540364	true
21	0.5	-0.3000915769320491	true
21	0.51	-0.30048278798838035	true
21	0.52	-0.3008133136044493	true
21	0.53	-0.30108283796971447	true
21	0.54	-0.30129107754520135	true
21	0.55	-0.301437781361892	true
21	0.56	-0.3015227312952716	true
21	0.57	-0.3015457423160096	true
21	0.58	-0.3015066627167728	true
21	0.59	-0.3014053743151985	true
21	0.6	-0.3012417926330918	true
21	0.61	-0.30101586705192396	true
21	0.62	-0.3007275809447558	true
21	0.63	-0.3003769517847105	true
21	0.64	-0.29996403123016474	true
21	0.65	-0.2994889051868332	true
21	0.66	-0.29895169384695314	true
21	0.67	-0.29835255170577724	true
21	0.68	-0.29769166755562315	true
21	0.69	-0.29696926445771404	true
21	0.7	-0.29618559969207575	true
21	0.71	-0.29534096468575743	true
21	0.72	-0.2944356849196492	true
21	0.73	-0.293470119814173	true
21	0.74	-0.2924446625941255	true
21	0.75	-0.29135974013295407	true
21	0.76	-0.2902158127767302	true
21	0.77	-0.2890133741480934	true
21	0.78	-0.2877529509304086	true
21	0.79	-0.2864351026323868	true
21	0.8	-0.28506042133338577	true
21	0.81	-0.28362953140959013	true
21	0.82	-0.28214308924125775	true
21	0.83	-0.28060178290117715	true
21	0.84	-0.27900633182445794	true
21	0.85	-0.27735748645975067	true
21	0.86	-0.2756560279019377	true
21	0.87	-0.27390276750632436	true
21	0.88	-0.27209854648428666	true
21	0.89	-0.2702442354803189	true
21	0.9	-0.2683407341303598	true
21	0.91	-0.26638897060122274	true
21	0.92	-0.26438990111093297	true
21	0.93	-0.26234450942968834	true
21	0.94	-0.2602538063611353	true
21	0.95	-0.25811882920358403	true
21	0.96	-0.25594064119074394	true
21	0.97	-0.2537203309114979	true
21	0.98	-0.25145901170819646	true
21	0.99	-0.24915782105289028	true
21	1.0	-0.24681791990088478	true
22	0.0	-0.22104065761342162	true
22	0.01	-0.2240482192840677	true
22	0.02	-0.22703754306543425	true
22	0.03	-0.23000683681238615	true
22	0.04	-0.2329542984127953	true
22	0.05	-0.23587811733939032	true
22	0.06	-0.23877647622262455	true
22	0.07	-0.24164755244236572	true
22	0.08	-0.2444895197362009	true
22	0.09	-0.24730054982213298	true
22	0.1	-0.2500788140334649	true
22	0.11	-0.2528224849636451	true
22	0.12	-0.255529738118891	true
22	0.13	-0.2581987535764024	true
22	0.14	-0.26082771764602586	true
22	0.15	-0.26341482453325116	true
22	0.16	-0.26595827800146293	true
22	0.17	-0.26845629303143165	true
22	0.18	-0.2709070974760645	true
22	0.19	-0.2733089337085121	true
22	0.2	-0.2756600602617793	true
22	0.21	-0.2779587534580794	true
22	0.22	-0.2802033090262248	true
22	0.23	-0.28239204370545784	true
22	0.24	-0.2845232968341796	true
22	0.25	-0.2865954319221675	true
22	0.26	-0.2886068382049233	true
22	0.27	-0.29055593217893744	true
22	0.28	-0.29244115911672186	true
22	0.29	-0.29426099456059396	true
22	0.3	-0.29601394579429197	true
22	0.31	-0.2976985532916121	true
22	0.32	-0.29931339214137825	true
22	0.33	-0.3008570734481495	true
22	0.34	-0.3023282457082047	true
22	0.35	-0.30372559616044426	true
22	0.36	-0.30504785211194935	true
22	0.37	-0.30629378223807613	true
22	0.38	-0.3074621978570388	true
22	0.39	-0.30855195417905945	true
22	0.4	-0.3095619515302531	true
22	0.41	-0.31049113655151006	true
22	0.42	-0.31133850337273644	true
22	0.43	-0.3121030947628773	true
22	0.44	-0.312784003256243	true
22	0.45	-0.31338037225571364	true
22	0.46	-0.3138913971134466	true
22	0.47	-0.31431632618978134	true
22	0.48	-0.3146544618910443	true
22	0.49	-0.31490516168699545	true
22	0.5	-0.31506783910866143	true
22	0.51	-0.3151419647272923	true
22	0.52	-0.3151270671151561	true
22	0.53	-0.3150227337888496	true
22	0.54	-0.3148286121357358	true
22	0.55	-0.31454441032405117	true
22	0.56	-0.3141698981971169	true
22	0.57	-0.313704908151973	true
22	0.58	-0.3131493360026049	true
22	0.59	-0.3125031418277737	true
22	0.6	-0.31176635080325105	true
22	0.61	-0.3109390540180595	true
22	0.62	-0.3100214092740609	true
22	0.63	-0.3090136418679692	true
22	0.64	-0.3079160453545652	true
22	0.65	-0.3067289822895618	true
22	0.66	-0.30545288495022516	true
22	0.67	-0.3040882560314624	true
22	0.68	-0.3026356693147051	true
22	0.69	-0.3010957703064718	true
22	0.7	-0.299469276843058	true
22	0.71	-0.2977569796573291	true
22	0.72	-0.29595974290310617	true
22	0.73	-0.29407850463214175	true
22	0.74	-0.29211427721817657	true
22	0.75	-0.2900681477220522	true
22	0.76	-0.28794127819135656	true
22	0.77	-0.285734905887558	true
22	0.78	-0.28345034343312314	true
22	0.79	-0.28108897887061335	true
22	0.8	-0.2786522756253365	true
22	0.81	-0.2761417723627284	true
22	0.82	-0.2735590827312606	true
22	0.83	-0.27090589498140194	true
22	0.84	-0.2681839714508918	true
22	0.85	-0.2653951479064528	true
22	0.86	-0.2625413327319652	true
22	0.87	-0.2596245059531741	true
22	0.88	-0.2566467180890986	true
22	0.89	-0.2536100888205692	true
22	0.9	-0.2505168054666727	true
22	0.91	-0.247369121260373	true
22	0.92	-0.24416935341521911	true
22	0.93	-0.24091988097580552	true
22	0.94	-0.23762314244558075	true
22	0.95	-0.23428163318666292	true
22	0.96	-0.23089790258752965	true
22	0.97	-0.22747455099581532	true
22	0.98	-0.2240142264149379	true
22	0.99	-0.22051962096491456	true
22	1.0	-0.2169934671094691	true
25	0.0	-0.0932164622790469	true
25	0.01	-0.0947424654577385	true
25	0.02	-0.09629327352425068	true
25	0.03	-0.09786950443458631	true
25	0.04	-0.09947179846915444	true
25	0.05	-0.10110081915479807	true
25	0.06	-0.10275725422672476	true
25	0.07	-0.1044418166318921	true
25	0.08	-0.10615524557541019	true
25	0.09	-0.10789830761152	true
25	0.1	-0.10967179778070653	true
25	0.11	-0.11147654079446713	true
25	0.12	-0.11331339226922281	true
25	0.13	-0.11518324001079056	true
25	0.14	-0.11708700535074673	true
25	0.15	-0.11902564453589184	true
25	0.16	-0.12100015017187554	true
25	0.17	-0.12301155272183899	true
25	0.18	-0.12506092206069336	true
25	0.19	-0.12714936908534766	true
25	0.2	-0.1292780473808303	true
25	0.21	-0.13144815494180107	true
25	0.22	-0.13366093594841397	true
25	0.23	-0.13591768259483689	true
25	0.24	-0.13821973696797415	true
25	0.25	-0.14056849297300858	true
25	0.26	-0.1429653983013049	true
25	0.27	-0.14541195643492683	true
25	0.28	-0.14790972868051228	true
25	0.29	-0.15046033622347849	true
25	0.3	-0.15306546219144165	true
25	0.31	-0.15572685371330414	true
25	0.32	-0.15844632395761102	true
25	0.33	-0.16122575413045553	true
25	0.34	-0.1640670954093389	true
25	0.35	-0.16697237078488444	true
25	0.36	-0.16994367677706973	true
25	0.37	-0.17298318498655607	true
25	0.38	-0.1760931434346571	true
25	0.39	-0.17927587763731806	true
25	0.4	-0.18253379134905678	true
25	0.41	-0.18586936690191394	true
25	0.42	-0.18928516505190798	true
25	0.43	-0.19278382423103668	true
25	0.44	-0.1963680590862468	true
25	0.45	-0.20004065816774197	true
25	0.46	-0.2038044806071913	true
25	0.47	-0.2076624516014912	true
25	0.48	-0.21161755648937605	true
25	0.49	-0.21567283317597685	true
25	0.5	-0.219831362624007	true
25	0.51	-0.22409625708923153	true
25	0.52	-0.22847064573188972	true
25	0.53	-0.2329576571844777	true
25	0.54	-0.23756039859958883	true
25	0.55	-0.2422819306392176	true
25	0.56	-0.24712523779930323	true
25	0.57	-0.25209319339070874	true
25	0.58	-0.2571885184212452	true
25	0.59	-0.262413733544242	true
25	0.6	-0.2677711031597759	true
25	0.61	-0.2732625706783148	true
25	0.62	-0.2788896838878116	true
25	0.63	-0.2846535093104432	true
25	0.64	-0.2905545344025573	true
25	0.65	-0.29659255645180876	true
25	0.66	-0.3027665570726766	true
25	0.67	-0.30907456131286054	true
25	0.68	-0.31551348057940726	true
25	0.69	-0.32207893890002287	true
25	0.7	-0.32876508248083025	true
25	0.71	-0.33556437313943305	true
25	0.72	-0.3424673670160734	true
25	0.73	-0.3494624810304336	true
25	0.74	-0.35653575088772715	true
25	0.75	-0.36367058606644304	true
25	0.76	-0.37084752914582736	true
25	0.77	-0.3780440290318694	true
25	0.78	-0.38523424005591833	true
25	0.79	-0.3923888614385968	true
25	0.8	-0.39947503405798707	true
25	0.81	-0.40645631358560524	true
25	0.82	-0.41329274052938625	true
25	0.83	-0.41994102815259704	true
25	0.84	-0.4263548881780724	true
25	0.85	-0.43248551119429296	true
25	0.86	-0.43828221337711915	true
25	0.87	-0.4436932533093315	true
25	0.88	-0.4486668123595933	true
25	0.89	-0.4531521196684156	true
25	0.9	-0.4571006890971935	true
25	0.91	-0.46046762176914596	true
25	0.92	-0.4632129156545472	true
25	0.93	-0.46530271477871077	true
25	0.94	-0.4667104267097039	true
25	0.95	-0.46741763924728436	true
25	0.96	-0.4674147762049302	true
25	0.97	-0.46670144745802417	true
25	0.98	-0.46528646867255985	true
25	0.99	-0.46318754917854355	true
25	1.0	-0.4604306696878083	true
26	0.0	-0.17194748644697672	true
26	0.01	-0.1736290336501057	true
26	0.02	-0.17531494903175612	true
26	0.03	-0.17700505049747803	true
26	0.04	-0.17869915120543256	true
26	0.05	-0.18039705946679663	true
26	0.06	-0.18209857864521187	true
26	0.07	-0.18380350705537757	true
26	0.08	-0.1855116378608996	true
26	0.09	-0.18722275897151075	true
26	0.1	-0.18893665293979248	true
26	0.11	-0.19065309685753135	true
26	0.12	-0.19237186225186081	true
26	0.13	-0.1940927149813421	true
26	0.14	-0.19581541513215164	true
26	0.15	-0.19753971691455677	true
26	0.16	-0.1992653685598655	true
26	0.17	-0.2009921122180543	true
26	0.18	-0.20271968385628772	true
26	0.19	-0.2044478131585551	true
26	0.2	-0.206176223426664	true
26	0.21	-0.20790463148284294	true
26	0.22	-0.20963274757421904	true
26	0.23	-0.2113602752794492	true
26	0.24	-0.21308691141779978	true
26	0.25	-0.21481234596098167	true
26	0.26	-0.2165362619480642	true
26	0.27	-0.2182583354038002	true
26	0.28	-0.21997823526072294	true
26	0.29	-0.22169562328536954	true
26	0.3	-0.22341015400902328	true
26	0.31	-0.2251214746633629	true
26	0.32	-0.22682922512143117	true
26	0.33	-0.22853303784435408	true
26	0.34	-0.23023253783423858	true
26	0.35	-0.23192734259371436	true
26	0.36	-0.23361706209257857	true
26	0.37	-0.2353012987420253	true
26	0.38	-0.23697964737695856	true
26	0.39	-0.23865169524688296	true
26	0.4	-0.24031702201589628	true
26	0.41	-0.24197519977230697	true
26	0.42	-0.24362579304840862	true
26	0.43	-0.2452683588509618	true
26	0.44	-0.2469024467029248	true
26	0.45	-0.24852759869699226	true
26	0.46	-0.25014334956150364	true
26	0.47	-0.2517492267392757	true
26	0.48	-0.25334475047992827	true
26	0.49	-0.254929433946255	true
26	0.5	-0.2565027833352031	true
26	0.51	-0.25806429801400654	true
26	0.52	-0.2596134706720155	true
26	0.53	-0.2611497874887563	true
26	0.54	-0.2626727283187312	true
26	0.55	-0.26418176689346734	true
26	0.56	-0.2656763710412873	true
26	0.57	-0.26715600292526454	true
26	0.58	-0.2686201192997935	true
26	0.59	-0.27006817178617865	true
26	0.6	-0.27149960716760874	true
26	0.61	-0.2729138677038518	true
26	0.62	-0.2743103914659672	true
26	0.63	-0.27568861269127587	true
26	0.64	-0.27704796215880045	true
26	0.65	-0.27838786758531775	true
26	0.66	-0.2797077540421228	true
26	0.67	-0.2810070443925405	true
26	0.68	-0.2822851597501561	true
26	0.69	-0.28354151995767624	true
26	0.7	-0.2847755440862532	true
26	0.71	-0.2859866509550395	true
26	0.72	-0.28717425967065957	true
26	0.73	-0.2883377901862055	true
26	0.74	-0.289476663879285	true
26	0.75	-0.29059030414855913	true
26	0.76	-0.2916781370281236	true
26	0.77	-0.2927395918190003	true
26	0.78	-0.2937741017369091	true
26	0.79	-0.29478110457540385	true
26	0.8	-0.2957600433833606	true
26	0.81	-0.29671036715571436	true
26	0.82	-0.29763153153625044	true
26	0.83	-0.29852299953115663	true
26	0.84	-0.2993842422319699	true
26	0.85	-0.3002147395464374	true
26	0.86	-0.30101398093575193	true
26	0.87	-0.3017814661565227	true
26	0.88	-0.3025167060057666	true
26	0.89	-0.3032192230671424	true
26	0.9	-0.303888552456559	true
26	0.91	-0.30452424256525157	true
26	0.92	-0.305125855798344	true
26	0.93	-0.3056929693068713	true
26	0.94	-0.30622517571119806	true
26	0.95	-0.30672208381372745	true
26	0.96	-0.3071833192987779	true
26	0.97	-0.3076085254174806	true
26	0.98	-0.30799736365554714	true
26	0.99	-0.30834951438176383	true
26	1.0	-0.3086646774750741	true
27	0.0	-0.16933584837116747	true
27	0.01	-0.17089990448596226	true
27	0.02	-0.17247521157031176	true
27	0.03	-0.1740616778266477	true
27	0.04	-0.17565919998379856	true
27	0.05	-0.17726766266516414	true
27	0.06	-0.17888693773129566	true
27	0.07	-0.18051688359650447	true
27	0.08	-0.1821573445191802	true
27	0.09	-0.18380814986559624	true
27	0.1	-0.18546911334705737	true
27	0.11	-0.18714003223036363	true
27	0.12	-0.18882068652167233	true
27	0.13	-0.1905108381239823	true
27	0.14	-0.19221022996860776	true
27	0.15	-0.193918585121181	true
27	0.16	-0.195635605862905	true
27	0.17	-0.1973609727479762	true
27	0.18	-0.19909434363833575	true
27	0.19	-0.20083535271712988	true
27	0.2	-0.20258360948255416	true
27	0.21	-0.20433869772402183	true
27	0.22	-0.20610017448292894	true
27	0.23	-0.20786756900061898	true
27	0.24	-0.209640381656515	true
27	0.25	-0.21141808289978284	true
27	0.26	-0.21320011217829546	true
27	0.27	-0.2149858768691165	true
27	0.28	-0.21677475121518605	true
27	0.29	-0.21856607527337682	true
27	0.3	-0.22035915387960728	true
27	0.31	-0.22215325563723148	true
27	0.32	-0.2239476119354698	true
27	0.33	-0.22574141600522196	true
27	0.34	-0.2275338220201796	true
27	0.35	-0.22932394425173735	true
27	0.36	-0.23111085628680048	true
27	0.37	-0.23289359031816015	true
27	0.38	-0.23467113651769703	true
27	0.39	-0.23644244250321222	true
27	0.4	-0.23820641291023176	true
27	0.41	-0.23996190908060488	true
27	0.42	-0.24170774888017701	true
27	0.43	-0.24344270665818923	true
27	0.44	-0.24516551336137307	true
27	0.45	-0.24687485681593882	true
27	0.46	-0.24856938219078062	true
27	0.47	-0.25024769265523056	true
27	0.48	-0.25190835024458363	true
27	0.49	-0.25354987694635045	true
27	0.5	-0.2551707560197756	true
27	0.51	-0.2567694335605647	true
27	0.52	-0.2583443203219784	true
27	0.53	-0.25989379380247	true
27	0.54	-0.2614162006088463	true
27	0.55	-0.26290985910251014	true
27	0.56	-0.2643730623347085	true
27	0.57	-0.2658040812748178	true
27	0.58	-0.26720116833360213	true
27	0.59	-0.26856256118103927	true
27	0.6	-0.26988648685575034	true
27	0.61	-0.27117116616031633	true
27	0.62	-0.27241481833380293	true
27	0.63	-0.27361566598971615	true
27	0.64	-0.2747719403043522	true
27	0.65	-0.2758818864371637	true
27	0.66	-0.2769437691613691	true
27	0.67	-0.27795587867959565	true
27	0.68	-0.2789165365959955	true
27	0.69	-0.2798241020129704	true
27	0.7	-0.28067697771752015	true
27	0.71	-0.281473616419312	true
27	0.72	-0.28221252699992067	true
27	0.73	-0.28289228073038003	true
27	0.74	-0.28351151741228475	true
27	0.75	-0.28406895139619903	true
27	0.76	-0.28456337743019483	true
27	0.77	-0.28499367629091493	true
27	0.78	-0.2853588201497294	true
27	0.79	-0.285657877627358	true
27	0.8	-0.28589001849171913	true
27	0.81	-0.28605451795583453	true
27	0.82	-0.28615076053528515	true
27	0.83	-0.28617824342798803	true
27	0.84	-0.286136579382919	true
27	0.85	-0.28602549902877933	true
27	0.86	-0.28584485263844644	true
27	0.87	-0.28559461131028646	true
27	0.88	-0.2852748675529627	true
27	0.89	-0.28488583526617123	true
27	0.9	-0.28442784911564956	true
27	0.91	-0.28390136330679516	true
27	0.92	-0.2833069497671267	true
27	0.93	-0.2826452957536097	true
27	0.94	-0.2819172009063778	true
27	0.95	-0.281123573775578	true
27	0.96	-0.28026542785285574	true
27	0.97	-0.27934387714329073	true
27	0.98	-0.2783601313173618	true
27	0.99	-0.27731549048569437	true
27	1.0	-0.2762113396418944	true
28	0.0	-0.19193738992391116	true
28	0.01	-0.19264416061734269	true
28	0.02	-0.19334471309542006	true
28	0.03	-0.19403896338378446	true
28	0.04	-0.1947268280728705	true
28	0.05	-0.19540822433361676	true
28	0.06	-0.1960830699331192	true
28	0.07	-0.19675128325022556	true
28	0.08	-0.1974127832910643	true
28	0.09	-0.19806748970450672	true
28	0.1	-0.19871532279755685	true
28	0.11	-0.19935620355066247	true
28	0.12	-0.19999005363294867	true
28	0.13	-0.20061679541736382	true
28	0.14	-0.20123635199573855	true
28	0.15	-0.2018486471937493	true
28	0.16	-0.2024536055857872	true
28	0.17	-0.20305115250972114	true
28	0.18	-0.20364121408156047	true
28	0.19	-0.20422371721000182	true
28	0.2	-0.2047985896108658	true
28	0.21	-0.20536575982141342	true
28	0.22	-0.20592515721453855	true
28	0.23	-0.20647671201283663	true
28	0.24	-0.20702035530253793	true
28	0.25	-0.20755601904731072	true
28	0.26	-0.20808363610191832	true
28	0.27	-0.20860314022573936	true
28	0.28	-0.20911446609613496	true
28	0.29	-0.2096175493216664	true
28	0.3	-0.21011232645515654	true
28	0.31	-0.21059873500659054	true
28	0.32	-0.2110767134558533	true
28	0.33	-0.21154620126529838	true
28	0.34	-0.2120071388921434	true
28	0.35	-0.2124594678006923	true
28	0.36	-0.21290313047437584	true
28	0.37	-0.2133380704276078	true
28	0.38	-0.21376423221745564	true
28	0.39	-0.21418156145511622	true
28	0.4	-0.21459000481720214	true
28	0.41	-0.21498951005682165	true
28	0.42	-0.21538002601446385	true
28	0.43	-0.2157615026286717	true
28	0.44	-0.21613389094650973	true
28	0.45	-0.2164971431338159	true
28	0.46	-0.21685121248523875	true
28	0.47	-0.2171960534340541	true
28	0.48	-0.2175316215617586	true
28	0.49	-0.21785787360743736	true
28	0.5	-0.2181747674769018	true
28	0.51	-0.21848226225159464	true
28	0.52	-0.21878031819726046	true
28	0.53	-0.21906889677237687	true
28	0.54	-0.21934796063634382	true
28	0.55	-0.219617473657431	true
28	0.56	-0.219877400920474	true
28	0.57	-0.22012770873432644	true
28	0.58	-0.220368364639055	true
28	0.59	-0.22059933741288398	true
28	0.6	-0.22082059707887908	true
28	0.61	-0.22103211491137478	true
28	0.62	-0.2212338634421387	true
28	0.63	-0.22142581646627352	true
28	0.64	-0.2216079490478506	true
28	0.65	-0.22178023752528003	true
28	0.66	-0.22194265951640632	true
28	0.67	-0.2220951939233372	true
28	0.68	-0.2222378209369969	true
28	0.69	-0.2223705220414039	true
28	0.7	-0.22249328001767607	true
28	0.71	-0.2226060789477557	true
28	0.72	-0.22270890421785486	true
28	0.73	-0.22280174252162363	true
28	0.74	-0.2228845818630358	true
28	0.75	-0.22295741155899115	true
28	0.76	-0.22302022224163717	true
28	0.77	-0.22307300586040515	true
28	0.78	-0.22311575568376127	true
28	0.79	-0.22314846630067545	true
28	0.8	-0.22317113362180074	true
28	0.81	-0.22318375488036982	true
28	0.82	-0.22318632863280205	true
28	0.83	-0.2231788547590269	true
28	0.84	-0.22316133446251893	true
28	0.85	-0.2231337702700462	true
28	0.86	-0.2230961660311322	true
28	0.87	-0.2230485269172319	true
28	0.88	-0.22299085942062066	true
28	0.89	-0.22292317135299833	true
28	0.9	-0.22284547184380754	true
28	0.91	-0.22275777133826724	true
28	0.92	-0.22266008159512304	true
28	0.93	-0.22255241568411363	true
28	0.94	-0.22243478798315514	true
28	0.95	-0.2223072141752438	true
28	0.96	-0.2221697112450803	true
28	0.97	-0.22202229747541186	true
28	0.98	-0.22186499244309962	true
28	0.99	-0.22169781701490743	true
28	1.0	-0.22152079334301747	true
29	0.0	-0.20126188139123014	true
29	0.01	-0.20179609679320065	true
29	0.02	-0.20232411825165067	true
29	0.03	-0.20284589690156182	true
29	0.04	-0.20336138442210636	true
29	0.05	-0.20387053304230376	true
29	0.06	-0.20437329554660552	true
29	0.07	-0.20486962528040906	true
29	0.08	-0.20535947615550096	true
29	0.09	-0.20584280265542768	true
29	0.1	-0.206319559840796	true
29	0.11	-0.20678970335450017	true
29	0.12	-0.20725318942687987	true
29	0.13	-0.20770997488080212	true
29	0.14	-0.20816001713667714	true
29	0.15	-0.20860327421739594	true
29	0.16	-0.20903970475320116	true
29	0.17	-0.20946926798648205	true
29	0.18	-0.20989192377649948	true
29	0.19	-0.2103076326040374	true
29	0.2	-0.21071635557598223	true
29	0.21	-0.2111180544298299	true
29	0.22	-0.21151269153812152	true
29	0.23	-0.2119002299128026	true
29	0.24	-0.21228063320951457	true
29	0.25	-0.21265386573181042	true
29	0.26	-0.2130198924352976	true
29	0.27	-0.21337867893170945	true
29	0.28	-0.21373019149290248	true
29	0.29	-0.21407439705478046	true
29	0.3	-0.21441126322114645	true
29	0.31	-0.21474075826748018	true
29	0.32	-0.21506285114464263	true
29	0.33	-0.21537751148250797	true
29	0.34	-0.21568470959352004	true
29	0.35	-0.2159844164761774	true
29	0.36	-0.21627660381844238	true
29	0.37	-0.21656124400107815	true
29	0.38	-0.21683831010091084	true
29	0.39	-0.21710777589401764	true
29	0.4	-0.2173696158588403	true
29	0.41	-0.21762380517922547	true
29	0.42	-0.21787031974738985	true
29	0.43	-0.2181091361668089	true
29	0.44	-0.21834023175503536	true
29	0.45	-0.21856358454643754	true
29	0.46	-0.2187791732948667	true
29	0.47	-0.21898697747624674	true
29	0.48	-0.21918697729108913	true
29	0.49	-0.2193791536669338	true
29	0.5	-0.2195634882607119	true
29	0.51	-0.2197399634610332	true
29	0.52	-0.21990856239040046	true
29	0.53	-0.2200692689073432	true
29	0.54	-0.2202220676084771	true
29	0.55	-0.22036694383048747	true
29	0.56	-0.2205038836520348	true
29	0.57	-0.22063287389558325	true
29	0.58	-0.22075390212915222	true
29	0.59	-0.2208669566679906	true
29	0.6	-0.22097202657617332	true
29	0.61	-0.22106910166811922	true
29	0.62	-0.22115817251003192	true
29	0.63	-0.22123923042126112	true
29	0.64	-0.22131226747558633	true
29	0.65	-0.2213772765024207	true
29	0.66	-0.2214342510879369	true
29	0.67	-0.2214831855761123	true
29	0.68	-0.22152407506969535	true
29	0.69	-0.22155691543109116	true
29	0.7	-0.22158170328316898	true
29	0.71	-0.2215984360099851	true
29	0.72	-0.2216071117574313	true
29	0.73	-0.22160772943379367	true
29	0.74	-0.22160028871023943	true
29	0.75	-0.2215847900212144	true
29	0.76	-0.22156123456476318	true
29	0.77	-0.22152962430276493	true
29	0.78	-0.2214899619610874	true
29	0.79	-0.22144225102965828	true
29	0.8	-0.2213864957624522	true
29	0.81	-0.221322701177395	true
29	0.82	-0.2212508730561853	true
29	0.83	-0.22117101794403	true
29	0.84	-0.22108314314929514	true
29	0.85	-0.2209872567430752	true
29	0.86	-0.22088336755867313	true
29	0.87	-0.2207714851909975	true
29	0.88	-0.22065161999587293	true
29	0.89	-0.2205237830892653	true
29	0.9	-0.22038798634641893	true
29	0.91	-0.2202442424009088	true
29	0.92	-0.22009256464360347	true
29	0.93	-0.2199329672215436	true
29	0.94	-0.2197654650367288	true
29	0.95	-0.21959007374482065	true
29	0.96	-0.2194068097537536	true
29	0.97	-0.21921569022225812	true
29	0.98	-0.2190167330582973	true
29	0.99	-0.21880995691740956	true
29	1.0	-0.21859538120096458	true
30	0.0	-0.274462936592947	true
30	0.01	-0.27511137881228037	true
30	0.02	-0.2757487470383872	true
30	0.03	-0.2763749712201344	true
30	0.04	-0.2769899824324978	true
30	0.05	-0.27759371289169404	true
30	0.06	-0.278186095970163	true
30	0.07	-0.27876706621137953	true
30	0.08	-0.2793365593445037	true
30	0.09	-0.27989451229884943	true
30	0.1	-0.28044086321817263	true
30	0.11	-0.28097555147476816	true
30	0.12	-0.2814985176833711	true
30	0.13	-0.2820097037148561	true
30	0.14	-0.28250905270972454	true
30	0.15	-0.2829965090913794	true
30	0.16	-0.2834720185791744	true
30	0.17	-0.2839355282012388	true
30	0.18	-0.2843869863070616	true
30	0.19	-0.2848263425798423	true
30	0.2	-0.2852535480485885	true
30	0.21	-0.28566855509996497	true
30	0.22	-0.28607131748988107	true
30	0.23	-0.28646179035481745	true
30	0.24	-0.2868399302228803	true
30	0.25	-0.28720569502457993	true
30	0.26	-0.28755904410333144	true
30	0.27	-0.2878999382256662	true
30	0.28	-0.2882283395911524	true
30	0.29	-0.28854421184202395	true
30	0.3	-0.2888475200725004	true
30	0.31	-0.28913823083780665	true
30	0.32	-0.2894163121628808	true
30	0.33	-0.2896817335507632	true
30	0.34	-0.2899344659906727	true
30	0.35	-0.2901744819657514	true
30	0.36	-0.29040175546048697	true
30	0.37	-0.29061626196779794	true
30	0.38	-0.29081797849578755	true
30	0.39	-0.29100688357415594	true
30	0.4	-0.29118295726026633	true
30	0.41	-0.2913461811448711	true
30	0.42	-0.29149653835748124	true
30	0.43	-0.2916340135713854	true
30	0.44	-0.29175859300831314	true
30	0.45	-0.2918702644427405	true
30	0.46	-0.2919690172058308	true
30	0.47	-0.2920548421890152	true
30	0.48	-0.2921277318472047	true
30	0.49	-0.29218768020163466	true
30	0.5	-0.2922346828423385	true
30	0.51	-0.29226873693025124	true
30	0.52	-0.292289841198936	true
30	0.53	-0.29229799595593975	true
30	0.54	-0.2922932030837676	true
30	0.55	-0.292275466040484	true
30	0.56	-0.2922447898599346	true
30	0.57	-0.2922011811515859	true
30	0.58	-0.2921446480999885	true
30	0.59	-0.2920752004638604	true
30	0.6	-0.2919928495747872	true
30	0.61	-0.2918976083355439	true
30	0.62	-0.29178949121803566	true
30	0.63	-0.2916685142608607	true
30	0.64	-0.29153469506649005	true
30	0.65	-0.2913880527980716	true
30	0.66	-0.29122860817585544	true
30	0.67	-0.2910563834732409	true
30	0.68	-0.29087140251245014	true
30	0.69	-0.2906736906598267	true
30	0.7	-0.29046327482075823	true
30	0.71	-0.29024018343423463	true
30	0.72	-0.29000444646702983	true
30	0.73	-0.28975609540752123	true
30	0.74	-0.28949516325914276	true
30	0.75	-0.2892216845334748	true
30	0.76	-0.2889356952429733	true
30	0.77	-0.28863723289334775	true
30	0.78	-0.28832633647557354	true
30	0.79	-0.2880030464575648	true
30	0.8	-0.28766740477549047	true
30	0.81	-0.2873194548247504	true
30	0.82	-0.2869592414506086	true
30	0.83	-0.28658681093848826	true
30	0.84	-0.28620221100393345	true
30	0.85	-0.2858054907822427	true
30	0.86	-0.28539670081777313	true
30	0.87	-0.2849758930529267	true
30	0.88	-0.28454312081681604	true
30	0.89	-0.28409843881362207	true
30	0.9	-0.28364190311063764	true
30	0.91	-0.2831735711260133	true
30	0.92	-0.28269350161620205	true
30	0.93	-0.28220175466311065	true
30	0.94	-0.28169839166096433	true
30	0.95	-0.2811834753028866	true
30	0.96	-0.28065706956720354	true
30	0.97	-0.2801192397034728	true
30	0.98	-0.27957005221825104	true
30	0.99	-0.27900957486059574	true
30	1.0	-0.2784378766073133	true
31	0.0	-0.2548850676154728	true
31	0.01	-0.2559786471007961	true
31	0.02	-0.25706016862968156	true
31	0.03	-0.2581294657529449	true
31	0.04	-0.2591863737368986	true
31	0.05	-0.26023072962109095	true
31	0.06	-0.26126237227530735	true
31	0.07	-0.2622811424557949	true
31	0.08	-0.26328688286066454	true
31	0.09	-0.2642794381844319	true
31	0.1	-0.26525865517165453	true
31	0.11	-0.26622438266962245	true
31	0.12	-0.26717647168006053	true
31	0.13	-0.26811477540980644	true
31	0.14	-0.26903914932041856	true
31	0.15	-0.26994945117667846	true
31	0.16	-0.2708455410939445	true
31	0.17	-0.27172728158432335	true
31	0.18	-0.2725945376016153	true
31	0.19	-0.27344717658500134	true
31	0.2	-0.2742850685014298	true
31	0.21	-0.27510808588667435	true
31	0.22	-0.2759161038850152	true
31	0.23	-0.27670900028752227	true
31	0.24	-0.2774866555688977	true
31	0.25	-0.2782489529228446	true
31	0.26	-0.27899577829593414	true
31	0.27	-0.2797270204199351	true
31	0.28	-0.28044257084257185	true
31	0.29	-0.28114232395669075	true
31	0.3	-0.28182617702779156	true
31	0.31	-0.28249403021990593	true
31	0.32	-0.28314578661978906	true
31	0.33	-0.28378135225939755	true
31	0.34	-0.284400636136631	true
31	0.35	-0.2850035502343041	true
31	0.36	-0.28559000953733055	true
31	0.37	-0.28615993204809187	true
31	0.38	-0.2867132387999651	true
31	0.39	-0.28724985386899315	true
31	0.4	-0.2877697043836637	true
31	0.41	-0.2882727205327885	true
31	0.42	-0.28875883557145005	true
31	0.43	-0.2892279858250048	true
31	0.44	-0.28968011069111227	true
31	0.45	-0.290115152639781	true
31	0.46	-0.29053305721140427	true
31	0.47	-0.290933773012771	true
31	0.48	-0.29131725171103223	true
31	0.49	-0.2916834480256015	true
31	0.5	-0.2920323197179805	true
31	0.51	-0.29236382757947754	true
31	0.52	-0.29267793541681947	true
31	0.53	-0.2929746100356205	true
31	0.54	-0.2932538212217045	true
31	0.55	-0.2935155417202554	true
31	0.56	-0.2937597472127823	true
31	0.57	-0.2939864162918758	true
31	0.58	-0.2941955304337411	true
31	0.59	-0.2943870739684894	true
31	0.6	-0.29456103404816386	true
31	0.61	-0.29471740061248425	true
31	0.62	-0.2948561663522879	true
31	0.63	-0.2949773266706447	true
31	0.64	-0.29508087964162544	true
31	0.65	-0.2951668259666993	true
31	0.66	-0.29523516892873675	true
31	0.67	-0.29528591434359025	true
31	0.68	-0.2953190705092297	true
31	0.69	-0.29533464815240246	true
31	0.7	-0.29533266037278844	true
31	0.71	-0.29531312258461856	true
31	0.72	-0.29527605245572924	true
31	0.73	-0.29522146984400977	true
31	0.74	-0.2951493967312171	true
31	0.75	-0.29505985715410976	true
31	0.76	-0.29495287713287255	true
31	0.77	-0.2948284845967791	true
31	0.78	-0.29468670930705776	true
31	0.79	-0.2945275827769101	true
31	0.8	-0.2943511381886368	true
31	0.81	-0.2941574103078182	true
31	0.82	-0.29394643539450105	true
31	0.83	-0.29371825111133537	true
31	0.84	-0.2934728964286027	true
31	0.85	-0.29321041152608324	true
31	0.86	-0.2929308376916938	true
31	0.87	-0.2926342172168405	true
31	0.88	-0.2923205932884175	true
31	0.89	-0.29199000987738605	true
31	0.9	-0.29164251162387095	true
31	0.91	-0.29127814371869326	true
31	0.92	-0.2908969517812822	true
31	0.93	-0.2904989817338864	true
31	0.94	-0.290084279672014	true
31	0.95	-0.28965289173102743	true
31	0.96	-0.28920486394882694	true
31	0.97	-0.2887402421245404	true
31	0.98	-0.28825907167315884	true
31	0.99	-0.2877613974760423	true
31	1.0	-0.2872472637272322	true
32	0.0	-0.27715580597743694	true
32	0.01	-0.2788754476951586	true
32	0.02	-0.2805793667298254	true
32	0.03	-0.28226713856545343	true
32	0.04	-0.28393834089286507	true
32	0.05	-0.2855925538456803	true
32	0.06	-0.2872293602358568	true
32	0.07	-0.28884834578850177	true
32	0.08	-0.2904490993756516	true
32	0.09	-0.29203121324872927	true
32	0.1	-0.29359428326937287	true
32	0.11	-0.2951379091383314	true
32	0.12	-0.296661694622125	true
32	0.13	-0.29816524777715825	true
32	0.14	-0.299648181170975	true
32	0.15	-0.3011101121003492	true
32	0.16	-0.3025506628058971	true
32	0.17	-0.3039694606829025	true
32	0.18	-0.30536613848804556	true
32	0.19	-0.3067403345417283	true
32	0.2	-0.3080916929256872	true
32	0.21	-0.3094198636755968	true
32	0.22	-0.31072450296835846	true
32	0.23	-0.31200527330377814	true
32	0.24	-0.31326184368034354	true
32	0.25	-0.31449388976480885	true
32	0.26	-0.31570109405530966	true
32	0.27	-0.3168831460377201	true
32	0.28	-0.3180397423349877	true
32	0.29	-0.31917058684917976	true
32	0.3	-0.3202753908959706	true
32	0.31	-0.32135387333132925	true
32	0.32	-0.32240576067014953	true
32	0.33	-0.3234307871965846	true
32	0.34	-0.3244286950658562	true
32	0.35	-0.3253992343973052	true
32	0.36	-0.32634216335846783	true
32	0.37	-0.3272572482399626	true
32	0.38	-0.32814426352098414	true
32	0.39	-0.32900299192520166	true
32	0.4	-0.3298332244668731	true
32	0.41	-0.33063476048698565	true
32	0.42	-0.33140740767924676	true
32	0.43	-0.33215098210574395	true
32	0.44	-0.3328653082021172	true
32	0.45	-0.33355021877206936	true
32	0.46	-0.33420555497106247	true
32	0.47	-0.33483116627904075	true
32	0.48	-0.33542691046203643	true
32	0.49	-0.3359926535225018	true
32	0.5	-0.3365282696382292	true
32	0.51	-0.3370336410897111	true
32	0.52	-0.3375086581757985	true
32	0.53	-0.33795321911751663	true
32	0.54	-0.33836722994988744	true
32	0.55	-0.33875060440162896	true
32	0.56	-0.3391032637625656	true
32	0.57	-0.33942513673861363	true
32	0.58	-0.33971615929418403	true
32	0.59	-0.33997627448183826	true
32	0.6	-0.34020543225904065	true
32	0.61	-0.34040358929182835	true
32	0.62	-0.3405707087452264	true
32	0.63	-0.3407067600602153	true
32	0.64	-0.34081171871705945	true
32	0.65	-0.34088556598478564	true
32	0.66	-0.3409282886565983	true
32	0.67	-0.3409398787710037	true
32	0.68	-0.3409203333184002	true
32	0.69	-0.3408696539328878	true
32	0.7	-0.3407878465690285	true
32	0.71	-0.34067492116328324	true
32	0.72	-0.3405308912798389	true
32	0.73	-0.34035577374051973	true
32	0.74	-0.3401495882384767	true
32	0.75	-0.3399123569353247	true
32	0.76	-0.33964410404140094	true
32	0.77	-0.3393448553788041	true
32	0.78	-0.33901463792685976	true
32	0.79	-0.33865347934966916	true
32	0.8	-0.33826140750538414	true
32	0.81	-0.33783844993686046	true
32	0.82	-0.3373846333433466	true
32	0.83	-0.3368999830328722	true
32	0.84	-0.3363845223550252	true
32	0.85	-0.3358382721138228	true
32	0.86	-0.33526124996041584	true
32	0.87	-0.3346534697654048	true
32	0.88	-0.3340149409705959	true
32	0.89	-0.3333456679200831	true
32	0.9	-0.3326456491706237	true
32	0.91	-0.33191487678134846	true
32	0.92	-0.3311533355829695	true
32	0.93	-0.3303610024267543	true
32	0.94	-0.32953784541368586	true
32	0.95	-0.32868382310440225	true
32	0.96	-0.3277988837106689	true
32	0.97	-0.3268829642694011	true
32	0.98	-0.3259359898004585	true
32	0.99	-0.32495787244974894	true
32	1.0	-0.32394851061948143	true
33	0.0	-0.4829918715381859	true
33	0.01	-0.4854966049134649	true
33	0.02	-0.48796311412836746	true
33	0.03	-0.49039093394135147	true
33	0.04	-0.49277959471041793	true
33	0.05	-0.49512862282481906	true
33	0.06	-0.4974375410836556	true
33	0.07	-0.4997058690219734	true
33	0.08	-0.5019331231846152	true
33	0.09	-0.5041188173477169	true
33	0.1	-0.5062624626873643	true
33	0.11	-0.5083635678945326	true
33	0.12	-0.5104216392349945	true
33	0.13	-0.512436180552479	true
33	0.14	-0.5144066932128701	true
33	0.15	-0.5163326759867614	true
33	0.16	-0.5182136248671371	true
33	0.17	-0.5200490328184171	true
33	0.18	-0.5218383894524699	true
33	0.19	-0.5235811806265609	true
33	0.2	-0.5252768879575088	true
33	0.21	-0.5269249882455501	true
33	0.22	-0.5285249528005908	true
33	0.23	-0.530076246662648	true
33	0.24	-0.5315783277072974	true
33	0.25	-0.533030645625905	true
33	0.26	-0.5344326407692697	true
33	0.27	-0.5357837428420789	true
33	0.28	-0.5370833694342102	true
33	0.29	-0.5383309243734796	true
33	0.3	-0.5395257958828351	true
33	0.31	-0.5406673545232831	true
33	0.32	-0.5417549509020119	true
33	0.33	-0.542787913123142	true
33	0.34	-0.543765543956428	true
33	0.35	-0.5446871176969298	true
33	0.36	-0.5455518766862058	true
33	0.37	-0.5463590274630042	true
33	0.38	-0.5471077365086453	true
33	0.39	-0.5477971255494068	true
33	0.4	-0.5484262663752106	true
33	0.41	-0.5489941751307652	true
33	0.42	-0.5494998060321467	true
33	0.43	-0.5499420444585946	true
33	0.44	-0.5503196993660929	true
33	0.45	-0.550631494966299	true
33	0.46	-0.5508760616115103	true
33	0.47	-0.5510519258239006	true
33	0.48	-0.5511574994052871	true
33	0.49	-0.5511910675624372	true
33	0.5	-0.5511507759826899	true
33	0.51	-0.5510346167956348	true
33	0.52	-0.5508404133593264	true
33	0.53	-0.5505658038142859	true
33	0.54	-0.5502082233560208	true
33	0.55	-0.5497648851876238	true
33	0.56	-0.5492327601288483	true
33	0.57	-0.5486085548780064	true
33	0.58	-0.5478886889489388	true
33	0.59	-0.5470692703384602	true
33	0.6	-0.5461460700214965	true
33	0.61	-0.5451144954229441	true
33	0.62	-0.5439695630789411	true
33	0.63	-0.5427058707773514	true
33	0.64	-0.541317569559732	true
33	0.65	-0.539798336076627	true
33	0.66	-0.5381413459164045	true
33	0.67	-0.5363392486763207	true
33	0.68	-0.5343841457139092	true
33	0.69	-0.5322675717071199	true
33	0.7	-0.5299804813616419	true
33	0.71	-0.5275132428306888	true
33	0.72	-0.5248556396510479	true
33	0.73	-0.5219968832415647	true
33	0.74	-0.5189256382449826	true
33	0.75	-0.5156300632056416	true
33	0.76	-0.51209786924363	true
33	0.77	-0.5083163994852	true
33	0.78	-0.5042727320088662	true
33	0.79	-0.49995380893139524	true
33	0.8	-0.4953465939490882	true
33	0.81	-0.4904382601274539	true
33	0.82	-0.485216408959024	true
33	0.83	-0.4796693206542411	true
33	0.84	-0.47378623427683964	true
33	0.85	-0.4675576546863016	true
33	0.86	-0.460975681336968	true
33	0.87	-0.45403435187279045	true
33	0.88	-0.4467299912549901	true
33	0.89	-0.43906155501551336	true
33	0.9	-0.43103095332838454	true
33	0.91	-0.4226433411473675	true
33	0.92	-0.4139073588944191	true
33	0.93	-0.4048353083057207	true
33	0.94	-0.39544324921091417	true
33	0.95	-0.3857510053196245	true
33	0.96	-0.37578207049631135	true
33	0.97	-0.36556341137808146	true
33	0.98	-0.3551251672660554	true
33	0.99	-0.3445002536297932	true
33	1.0	-0.3337238808667911	true
34	0.0	-0.44776165361157316	true
34	0.01	-0.45140509279596824	true
34	0.02	-0.4549839812567722	true
34	0.03	-0.4584971391643889	true
34	0.04	-0.461943343039262	true
34	0.05	-0.46532132798665454	true
34	0.06	-0.46862978947441214	true
34	0.07	-0.47186738462578465	true
34	0.08	-0.4750327329960682	true
34	0.09	-0.47812441679800083	true
34	0.1	-0.4811409805362202	true
34	0.11	-0.48408093000589886	true
34	0.12	-0.4869427306046841	true
34	0.13	-0.489724804900393	true
34	0.14	-0.4924255293894176	true
34	0.15	-0.4950432303724992	true
34	0.16	-0.49757617886533423	true
34	0.17	-0.5000225844514231	true
34	0.18	-0.5023805879735272	true
34	0.19	-0.504648252948163	true
34	0.2	-0.5068235555746289	true
34	0.21	-0.5089043731962644	true
34	0.22	-0.5108884710570141	true
34	0.23	-0.5127734871810492	true
34	0.24	-0.5145569151874503	true
34	0.25	-0.516236084836114	true
34	0.26	-0.5178081400855068	true
34	0.27	-0.5192700144284504	true
34	0.28	-0.520618403259551	true
34	0.29	-0.5218497330184328	true
34	0.3	-0.5229601268481502	true
34	0.31	-0.5239453665100454	true
34	0.32	-0.5248008503074656	true
34	0.33	-0.525521546794457	true
34	0.34	-0.5261019440858441	true
34	0.35	-0.5265359946471254	true
34	0.36	-0.5268170555324828	true
34	0.37	-0.5269378241644156	true
34	0.38	-0.5268902699178921	true
34	0.39	-0.5266655619957477	true
34	0.4	-0.5262539943720351	true
34	0.41	-0.525644908949012	true
34	0.42	-0.5248266185350373	true
34	0.43	-0.5237863318183139	true
34	0.44	-0.5225100831972178	true
34	0.45	-0.5209826711405362	true
34	0.46	-0.5191876096925656	true
34	0.47	-0.5171070988009513	true
34	0.48	-0.5147220203062977	true
34	0.49	-0.5120119676477498	true
34	0.5	-0.5089553185350791	true
34	0.51	-0.5055293609069423	true
34	0.52	-0.501710483285667	true
34	0.53	-0.49747444095340815	true
34	0.54	-0.4927967089689524	true
34	0.55	-0.48765293163810786	true
34	0.56	-0.48201947534724765	true
34	0.57	-0.47587408739411236	true
34	0.58	-0.46919665740336514	true
34	0.59	-0.4619700700450993	true
34	0.6	-0.45418112826009066	true
34	0.61	-0.44582151552245913	true
34	0.62	-0.4368887546881026	true
34	0.63	-0.42738711090380155	true
34	0.64	-0.4173283784000435	true
34	0.65	-0.4067324873984697	true
34	0.66	-0.39562786933179717	true
34	0.67	-0.3840515271330997	true
34	0.68	-0.3720487727421148	true
34	0.69	-0.35967261540671824	true
34	0.7	-0.3469828099419689	true
34	0.71	-0.33404460104255257	true
34	0.72	-0.3209272247138777	true
34	0.73	-0.307702247646171	true
34	0.74	-0.29444183733302587	true
34	0.75	-0.2812170585210492	true
34	0.76	-0.2680962851635515	true
34	0.77	-0.2551438027727717	true
34	0.78	-0.24241865626455272	true
34	0.79	-0.2299737759156915	true
34	0.8	-0.21785539172760082	true
34	0.81	-0.20610272665789936	true
34	0.82	-0.19474794344468638	true
34	0.83	-0.18381630887727332	true
34	0.84	-0.17332653338232068	true
34	0.85	-0.16329124214898236	true
34	0.86	-0.15371753582139314	true
34	0.87	-0.14460760302073328	true
34	0.88	-0.13595935263603226	true
34	0.89	-0.12776704009908418	true
34	0.9	-0.12002186808543616	true
34	0.91	-0.1127125478148452	true
34	0.92	-0.10582581209843352	true
34	0.93	-0.09934687538129616	true
34	0.94	-0.09325983925169712	true
34	0.95	-0.08754804429521904	true
34	0.96	-0.08219437086810427	true
34	0.97	-0.07718149246896887	true
34	0.98	-0.07249208602300782	true
34	0.99	-0.06810900366922464	true
34	1.0	-0.06401541065596811	true
35	0.0	-0.5930515375551443	true
35	0.01	-0.5981451848732272	true
35	0.02	-0.603121335803638	true
35	0.03	-0.607976959510876	true
35	0.04	-0.6127088461081002	true
35	0.05	-0.6173136040497544	true
35	0.06	-0.6217876543321358	true
35	0.07	-0.626127221262984	true
35	0.08	-0.630328319495007	true
35	0.09	-0.6343867369446659	true
35	0.1	-0.6382980131357455	true
35	0.11	-0.6420574124166493	true
35	0.12	-0.6456598914002547	true
35	0.13	-0.6491000598652942	true
35	0.14	-0.6523721342384956	true
35	0.15	-0.655469882647841	true
35	0.16	-0.6583865604007142	true
35	0.17	-0.6611148345993745	true
35	0.18	-0.663646696464683	true
35	0.19	-0.6659733598047938	true
35	0.2	-0.6680851439493624	true
35	0.21	-0.6699713393874694	true
35	0.22	-0.6716200543209335	true
35	0.23	-0.6730180404044179	true
35	0.24	-0.674150496130821	true
35	0.25	-0.6750008466895239	true
35	0.26	-0.6755504997474002	true
35	0.27	-0.6757785775689223	true
35	0.28	-0.6756616273156769	true
35	0.29	-0.6751733133841324	true
35	0.3	-0.6742840984131747	true
35	0.31	-0.6729609232953518	true
35	0.32	-0.6711669013355415	true
35	0.33	-0.6688610477706824	true
35	0.34	-0.6659980732784002	true
35	0.35	-0.6625282788090366	true
35	0.36	-0.6583975987913826	true
35	0.37	-0.653547849848754	true
35	0.38	-0.647917251478141	true
35	0.39	-0.6414412919032332	true
35	0.4	-0.6340540139765517	true
35	0.41	-0.6256897893142721	true
35	0.42	-0.6162856300545171	true
35	0.43	-0.6057840530948528	true
35	0.44	-0.5941364588657784	true
35	0.45	-0.5813069156634667	true
35	0.46	-0.5672761555094481	true
35	0.47	-0.5520454981680071	true
35	0.48	-0.5356403419053993	true
35	0.49	-0.518112812654914	true
35	0.5	-0.49954316762559614	true
35	0.51	-0.48003961960094904	true
35	0.52	-0.4597363866821982	true
35	0.53	-0.43878996500843365	true
35	0.54	-0.41737383869346106	true
35	0.55	-0.39567204122281896	true
35	0.56	-0.3738721255454828	true
35	0.57	-0.3521581577087109	true
35	0.58	-0.33070431284091056	true
35	0.59	-0.3096695358932683	true
35	0.6	-0.28919356230665993	true
35	0.61	-0.269394411694212	true
35	0.62	-0.25036730327064644	true
35	0.63	-0.23218481725605955	true
35	0.64	-0.21489805112962815	true
35	0.65	-0.19853849141459817	true
35	0.66	-0.18312033120576662	true
35	0.67	-0.16864299832685553	true
35	0.68	-0.1550937065594678	true
35	0.69	-0.14244989293501167	true
35	0.7	-0.1306814508984171	true
35	0.71	-0.11975270851126647	true
35	0.72	-0.10962413139861973	true
35	0.73	-0.10025375208462808	true
35	0.74	-0.09159834182715777	true
35	0.75	-0.08361434953919518	true
35	0.76	-0.07625863638725991	true
35	0.77	-0.06948903552993875	true
35	0.78	-0.0632647653005404	true
35	0.79	-0.05754672178415343	true
35	0.8	-0.05229767379391615	true
35	0.81	-0.04748238012371099	true
35	0.82	-0.04306764590541672	true
35	0.83	-0.03902233207999037	true
35	0.84	-0.03531732947887095	true
35	0.85	-0.03192550683122242	true
35	0.86	-0.02882164015780278	true
35	0.87	-0.02598232946032017	true
35	0.88	-0.02338590733365779	true
35	0.89	-0.021012343081928342	true
35	0.9	-0.018843145073056223	true
35	0.91	-0.01686126338808743	true
35	0.92	-0.015050994281784844	true
35	0.93	-0.013397887545177728	true
35	0.94	-0.011888657527226228	true
35	0.95	-0.010511098313740344	true
35	0.96	-0.009254003362336161	true
35	0.97	-0.008107089740363773	true
35	0.98	-0.007060926998529121	true
35	0.99	-0.006106870628360122	true
35	1.0	-0.0052369999903266705	true
36	0.0	-0.6604146108727998	true
36	0.01	-0.666683685041012	true
36	0.02	-0.6727494069299147	true
36	0.03	-0.6786046420666834	true
36	0.04	-0.6842420512341317	true
36	0.05	-0.6896540850808237	true
36	0.06	-0.6948329756204612	true
36	0.07	-0.6997707242756922	true
36	0.08	-0.7044590860383094	true
36	0.09	-0.7088895492246539	true
36	0.1	-0.7130533102007817	true
36	0.11	-0.716941242335645	true
36	0.12	-0.7205438583115524	true
36	0.13	-0.7238512647793246	true
36	0.14	-0.7268531081917974	true
36	0.15	-0.7295385104854958	true
36	0.16	-0.7318959931107158	true
36	0.17	-0.7339133877415256	true
36	0.18	-0.7355777318401983	true
36	0.19	-0.7368751471214796	true
36	0.2	-0.7377906988844916	true
36	0.21	-0.7383082341874168	true
36	0.22	-0.738410196979203	true
36	0.23	-0.7380774186367991	true
36	0.24	-0.7372888829712003	true
36	0.25	-0.7360214657723775	true
36	0.26	-0.7342496505053074	true
36	0.27	-0.731945224025423	true
36	0.28	-0.7290769593675243	true
36	0.29	-0.7256102970255589	true
36	0.3	-0.7215070419482712	true
36	0.31	-0.7167251009817749	true
36	0.32	-0.7112182948813415	true
36	0.33	-0.7049362903189951	true
36	0.34	-0.6978247102630087	true
36	0.35	-0.689825494945082	true
36	0.36	-0.6808775988783197	true
36	0.37	-0.6709181195683086	true
36	0.38	-0.6598839569795284	true
36	0.39	-0.6477140945136834	true
36	0.4	-0.6343525662782451	true
36	0.41	-0.6197521257254616	true
36	0.42	-0.6038785528622254	true
36	0.43	-0.5867154308228265	true
36	0.44	-0.5682690944717995	true
36	0.45	-0.5485733204631321	true
36	0.46	-0.5276932168913031	true
36	0.47	-0.5057277158077399	true
36	0.48	-0.4828101074538123	true
36	0.49	-0.45910620272575886	true
36	0.5	-0.43480996707269215	true
36	0.51	-0.410136799863185	true
36	0.52	-0.3853149750971478	true
36	0.53	-0.36057603648984127	true
36	0.54	-0.33614508751143146	true
36	0.55	-0.31223190241539905	true
36	0.56	-0.28902361777672325	true
36	0.57	-0.26667949297332094	true
36	0.58	-0.24532791913135246	true
36	0.59	-0.22506557364872765	true
36	0.6	-0.2059584066315388	true
36	0.61	-0.18804402541411358	true
36	0.62	-0.17133500926781914	true
36	0.63	-0.1558227187424357	true
36	0.64	-0.14148123742566895	true
36	0.65	-0.12827117453668402	true
36	0.66	-0.11614314674773876	true
36	0.67	-0.10504083588879123	true
36	0.68	-0.09490358070445687	true
36	0.69	-0.08566850491752699	true
36	0.7	-0.07727221240988448	true
36	0.71	-0.0696520964260797	true
36	0.72	-0.06274731660934982	true
36	0.73	-0.056499498332894055	true
36	0.74	-0.0508532055632216	true
36	0.75	-0.04575623315585903	true
36	0.76	-0.04115975826567787	true
36	0.77	-0.03701838424968349	true
36	0.78	-0.033290104520550375	true
36	0.79	-0.029936208518765314	true
36	0.8	-0.02692114740432996	true
36	0.81	-0.024212373227413923	true
36	0.82	-0.02178016217060012	true
36	0.83	-0.019597429887404604	true
36	0.84	-0.017639544908001948	true
36	0.85	-0.01588414446040892	true
36	0.86	-0.014310955787527679	true
36	0.87	-0.012901625060416482	true
36	0.88	-0.011639555238853187	true
36	0.89	-0.010509753664056175	true
36	0.9	-0.009498689746282965	true
36	0.91	-0.008594162800313023	true
36	0.92	-0.007785179859202344	true
36	0.93	-0.007061843141043569	true
36	0.94	-0.006415246738891959	true
36	0.95	-0.005837382038077213	true
36	0.96	-0.005321051328101249	true
36	0.97	-0.004859789060697541	true
36	0.98	-0.0044477902055826525	true
36	0.99	-0.004079845166507135	true
36	1.0	-0.003751280739003794	true
37	0.0	-0.7151762789057666	true
37	0.01	-0.7227428911312584	true
37	0.02	-0.7299658147598753	true
37	0.03	-0.7368303522772222	true
37	0.04	-0.7433215524683302	true
37	0.05	-0.7494242116229055	true
37	0.06	-0.7551228657392863	true
37	0.07	-0.7604017722689089	true
37	0.08	-0.7652448795567639	true
37	0.09	-0.7696357816985488	true
37	0.1	-0.7735576560489658	true
37	0.11	-0.7769931800775232	true
37	0.12	-0.7799244236830816	true
37	0.13	-0.7823327124589025	true
37	0.14	-0.7841984567708472	true
37	0.15	-0.7855009409156656	true
37	0.16	-0.7862180661335099	true
37	0.17	-0.7863260409668035	true
37	0.18	-0.7857990125478465	true
37	0.19	-0.7846086330959563	true
37	0.2	-0.7827235575467871	true
37	0.21	-0.7801088712874774	true
37	0.22	-0.7767254520593068	true
37	0.23	-0.7725292780339583	true
37	0.24	-0.7674707058927324	true
37	0.25	-0.7614937596377277	true
37	0.26	-0.7545354941066343	true
37	0.27	-0.7465255278385531	true
37	0.28	-0.7373858784966518	true
37	0.29	-0.7270312795224232	true
37	0.3	-0.7153702055078832	true
37	0.31	-0.7023068782079303	true
37	0.32	-0.6877445516090411	true
37	0.33	-0.6715903624247951	true
37	0.34	-0.6537619547691426	true
37	0.35	-0.634195915351357	true
37	0.36	-0.6128577668568941	true
37	0.37	-0.5897528646959392	true
37	0.38	-0.5649370719790008	true
37	0.39	-0.5385256527663386	true
37	0.4	-0.5106985789439973	true
37	0.41	-0.48170055793661753	true
37	0.42	-0.4518346629764058	true
37	0.43	-0.42144945176027016	true
37	0.44	-0.39092068325810436	true
37	0.45	-0.3606298455048153	true
37	0.46	-0.33094234556533064	true
37	0.47	-0.30218818922499563	true
37	0.48	-0.27464732796732344	true
37	0.49	-0.2485408158356809	true
37	0.5	-0.2240278271299474	true
37	0.51	-0.20120771617741826	true
37	0.52	-0.18012579720278343	true
37	0.53	-0.16078138829112243	true
37	0.54	-0.14313680637932122	true
37	0.55	-0.12712629518705074	true
37	0.56	-0.11266420464864098	true
37	0.57	-0.09965204502148368	true
37	0.58	-0.087984275696079	true
37	0.59	-0.07755285051750364	true
37	0.6	-0.06825063727216944	true
37	0.61	-0.059973874639910815	true
37	0.62	-0.05262384150810424	true
37	0.63	-0.046107904600362744	true
37	0.64	-0.040340090839530135	true
37	0.65	-0.03524130737030676	true
37	0.66	-0.030739308705537316	true
37	0.67	-0.02676848915615693	true
37	0.68	-0.02326956046420329	true
37	0.69	-0.020189159559270677	true
37	0.7	-0.01747941938760571	true
37	0.71	-0.015097526428353167	true
37	0.72	-0.013005281370760244	true
37	0.73	-0.011168674054221273	true
37	0.74	-0.009557479793950168	true
37	0.75	-0.008144881312941499	true
37	0.76	-0.0069071184192746405	true
37	0.77	-0.0058231661035379	true
37	0.78	-0.004874440726136779	true
37	0.79	-0.004044533297257513	true
37	0.8	-0.003318968431342	true
37	0.81	-0.002684987314017457	true
37	0.82	-0.002131352901048955	true
37	0.83	-0.0016481755379830513	true
37	0.84	-0.0012267572177878125	true
37	0.85	-0.0008594527616109411	true
37	0.86	-0.0005395463000720741	true
37	0.87	-0.0002611415387618695	true
37	0.88	-1.9064404415585322e-5	true
37	0.89	0.00019122321759460295	true
37	0.9	0.0003736998317463483	true
37	0.91	0.0005318518364901544	true
37	0.92	0.0006687331518730908	true
37	0.93	0.0007870178433955502	true
37	0.94	0.000889046526735498	true
37	0.95	0.000976867256981557	true
37	0.96	0.0010522715319901098	true
37	0.97	0.0011168259721492542	true
37	0.98	0.0011719001778342695	true
37	0.99	0.0012186912107674047	true
37	1.0	0.001258245095918374	true
38	0.0	-0.7994084697834741	true
38	0.01	-0.8050965117039214	true
38	0.02	-0.8100735947151488	true
38	0.03	-0.8143203490446275	true
38	0.04	-0.8178161360321448	true
38	0.05	-0.8205388178513806	true
38	0.06	-0.8224643978865469	true
38	0.07	-0.8235665111726818	true
38	0.08	-0.8238157394448885	true
38	0.09	-0.8231787209702108	true
38	0.1	-0.8216170223184913	true
38	0.11	-0.8190857390477224	true
38	0.12	-0.815531797358053	true
38	0.13	-0.8108919429012292	true
38	0.14	-0.8050904318093174	true
38	0.15	-0.7980364907420381	true
38	0.16	-0.7896216981575774	true
38	0.17	-0.7797175710583656	true
38	0.18	-0.768173832864595	true
38	0.19	-0.7548180952452613	true
38	0.2	-0.739457997861184	true
38	0.21	-0.7218871652108426	true
38	0.22	-0.7018965451370838	true
38	0.23	-0.6792925887759733	true
38	0.24	-0.6539230385803224	true
38	0.25	-0.6257095361012648	true
38	0.26	-0.5946837728800315	true
38	0.27	-0.5610209022980127	true
38	0.28	-0.5250615143775901	true
38	0.29	-0.48731325088189253	true
38	0.3	-0.44842638270134716	true
38	0.31	-0.40914418754787574	true
38	0.32	-0.37023651908955707	true
38	0.33	-0.3324301752489783	true
38	0.34	-0.29635008797862905	true
38	0.35	-0.2624810293079449	true
38	0.36	-0.23115285517519948	true
38	0.37	-0.2025462999786056	true
38	0.38	-0.17671289185580463	true
38	0.39	-0.15360191444724583	true
38	0.4	-0.13308860213109008	true
38	0.41	-0.11499976598758278	true
38	0.42	-0.09913495589599651	true
38	0.43	-0.08528266988314528	true
38	0.44	-0.07323196602432945	true
38	0.45	-0.06278022669708506	true
38	0.46	-0.053737924920060284	true
38	0.47	-0.04593118131935277	true
38	0.48	-0.039202770199217626	true
38	0.49	-0.033412088610122924	true
38	0.5	-0.02843447035382009	true
38	0.51	-0.02416011794915121	true
38	0.52	-0.020492841100714483	true
38	0.53	-0.017348727445159105	true
38	0.54	-0.014654826208091692	true
38	0.55	-0.012347893797041336	true
38	0.56	-0.010373228756830765	true
38	0.57	-0.008683609114561987	true
38	0.58	-0.007238335811029665	true
38	0.59	-0.006002380088444746	true
38	0.6	-0.004945629257881988	true
38	0.61	-0.004042223412422243	true
38	0.62	-0.003269974833734705	true
38	0.63	-0.0026098616836589443	true
38	0.64	-0.00204558782252013	true
38	0.65	-0.0015632010813023	true
38	0.66	-0.001150762922529181	true
38	0.67	-0.0007980630816898496	true
38	0.68	-0.0004963734412094526	true
38	0.69	-0.00023823602434541272	true
38	0.7	-1.728059107886618e-5	true
38	0.71	0.00017193213592850054	true
38	0.72	0.0003340450928378352	true
38	0.73	0.0004730203780238793	true
38	0.74	0.0005922382777723882	true
38	0.75	0.0006945821064911767	true
38	0.76	0.000782510847400149	true
38	0.77	0.000858121311396869	true
38	0.78	0.0009232012975532697	true
38	0.79	0.000979275034721283	true
38	0.8	0.0010276420065088727	true
38	0.81	0.0010694101082225022	true
38	0.82	0.0011055239513557752	true
38	0.83	0.0011367890162321478	true
38	0.84	0.0011638922541679039	true
38	0.85	0.0011874196549567658	true
38	0.86	0.0012078712217856752	true
38	0.87	0.001225673732284949	true
38	0.88	0.0012411916099091815	true
38	0.89	0.0012547361830269272	true
38	0.9	0.0012665735689132431	true
38	0.91	0.0012769313853746031	true
38	0.92	0.001286004463195458	true
38	0.93	0.0012939597072926998	true
38	0.94	0.001300940232802558	true
38	0.95	0.0013070688837918702	true
38	0.96	0.0013124512264368615	true
38	0.97	0.0013171780949668118	true
38	0.98	0.001321327757098431	true
38	0.99	0.0013249677558048653	true
38	1.0	0.001328156475829555	true
39	0.0	-0.8667098967039354	true
39	0.01	-0.8741823552551383	true
39	0.02	-0.8806252015184315	true
39	0.03	-0.88600129788471	true
39	0.04	-0.8902688250437112	true
39	0.05	-0.8933802105679685	true
39	0.06	-0.895280493908312	true
39	0.07	-0.89590502308755	true
39	0.08	-0.8951763614602817	true
39	0.09	-0.8930002802149597	true
39	0.1	-0.8892607390953894	true
39	0.11	-0.8838138399217501	true
39	0.12	-0.8764809158185964	true
39	0.13	-0.8670412533906757	true
39	0.14	-0.855225512338925	true
39	0.15	-0.8407117836172985	true
39	0.16	-0.8231274368287664	true
39	0.17	-0.8020613087275162	true
39	0.18	-0.7770918866328292	true
39	0.19	-0.7478369036107614	true
39	0.2	-0.7140266048110364	true
39	0.21	-0.6755953871202165	true
39	0.22	-0.6327748303447588	true
39	0.23	-0.5861594579605368	true
39	0.24	-0.5367131005310335	true
39	0.25	-0.48569622596117185	true
39	0.26	-0.4345221233771658	true
39	0.27	-0.3845789777723044	true
39	0.28	-0.3370678704532075	true
39	0.29	-0.2928961051620737	true
39	0.3	-0.25263972835695175	true
39	0.31	-0.21656479091525008	true
39	0.32	-0.1846844051259895	true
39	0.33	-0.15682851497570888	true
39	0.34	-0.13271005667055855	true
39	0.35	-0.1119791618405766	true
39	0.36	-0.09426313087212991	true
39	0.37	-0.07919338035460753	true
39	0.38	-0.06642198851399773	true
39	0.39	-0.0556306492952668	true
39	0.4	-0.04653445919085714	true
39	0.41	-0.03888240337236592	true
39	0.42	-0.03245587723124995	true
39	0.43	-0.02706614943704492	true
39	0.44	-0.022551353397631892	true
39	0.45	-0.018773370123096746	true
39	0.46	-0.015614814841832232	true
39	0.47	-0.012976241718121048	true
39	0.48	-0.010773619271974155	true
39	0.49	-0.008936091540581812	true
39	0.5	-0.007404018197734366	true
39	0.51	-0.0061272750369369775	true
39	0.52	-0.005063790635530753	true
39	0.53	-0.004178293188266675	true
39	0.54	-0.00344124185486904	true
39	0.55	-0.002827918516279918	true
39	0.56	-0.0023176579660415704	true
39	0.57	-0.0018931969067579571	true
39	0.58	-0.0015401244606909976	true
39	0.59	-0.0012464191186028982	true
39	0.6	-0.001002059081828997	true
39	0.61	-0.0007986947752448406	true
39	0.62	-0.0006293739205390183	true
39	0.63	-0.0004883109692629574	true
39	0.64	-0.00037069391895697265	true
39	0.65	-0.00027252259140443137	true
39	0.66	-0.0001904733585011293	true
39	0.67	-0.00012178607650563249	true
39	0.68	-6.416965047603868e-5	true
39	0.69	-1.5723212873105165e-5	true
39	0.7	2.512962264612697e-5	true
39	0.71	5.9695567184550015e-5	true
39	0.72	8.905731562158498e-5	true
39	0.73	0.00011411156356710576	true
39	0.74	0.00013560064393513792	true
39	0.75	0.0001541388400192973	true
39	0.76	0.0001702342596782016	true
39	0.77	0.00018430701047720342	true
39	0.78	0.0001967042941079228	true
39	0.79	0.00020771293648260986	true
39	0.8	0.00021756978448906296	true
39	0.81	0.00022647032887706674	true
39	0.82	0.0002345758529147196	true
39	0.83	0.0002420193564316832	true
39	0.84	0.000248910463077114	true
39	0.85	0.00025533948373194734	true
39	0.86	0.0002613807799075847	true
39	0.87	0.0002670955466935183	true
39	0.88	0.00027253411459294717	true
39	0.89	0.00027773785274339685	true
39	0.9	0.00028274074200111335	true
39	0.91	0.0002875706747065361	true
39	0.92	0.00029225052825218497	true
39	0.93	0.000296799051516699	true
39	0.94	0.0003012315965358756	true
39	0.95	0.000305560722224922	true
39	0.96	0.00030979669235489926	true
39	0.97	0.00031394788616131216	true
39	0.98	0.00031802113679137937	true
39	0.99	0.0003220220101679903	true
39	1.0	0.00032595503467071064	true
40	0.0	-0.9009929508749351	true
40	0.01	-0.9052057090185276	true
40	0.02	-0.9078382149277368	true
40	0.03	-0.9088634997523086	true
40	0.04	-0.908254373620375	true
40	0.05	-0.9059824572904487	true
40	0.06	-0.9020166335566543	true
40	0.07	-0.8963207766197562	true
40	0.08	-0.8888505804776136	true
40	0.09	-0.879549281206287	true
40	0.1	-0.8683420717960888	true
40	0.11	-0.8551290780289428	true
40	0.12	-0.8397769632158397	true
40	0.13	-0.8221096616921078	true
40	0.14	-0.8018995561508946	true
40	0.15	-0.7788617915983523	true
40	0.16	-0.7526564777787195	true
40	0.17	-0.7229060909966935	true
40	0.18	-0.6892375014998152	true
40	0.19	-0.6513574343178449	true
40	0.2	-0.6091631221940995	true
40	0.21	-0.5628732290072171	true
40	0.22	-0.5131401825799587	true
40	0.23	-0.4610873614349957	true
40	0.24	-0.40822443194263325	true
40	0.25	-0.3562411439819118	true
40	0.26	-0.3067413085301774	true
40	0.27	-0.2610099636913	true
40	0.28	-0.21988401737066457	true
40	0.29	-0.1837411133184512	true
40	0.3	-0.15257442679772082	true
40	0.31	-0.12610505499492702	true
40	0.32	-0.10389312390590993	true
40	0.33	-0.08542703290130765	true
40	0.34	-0.07018545696567313	true
40	0.35	-0.05767519265828378	true
40	0.36	-0.04745091736858707	true
40	0.37	-0.0391228617561794	true
40	0.38	-0.0323571417045873	true
40	0.39	-0.026872074580745895	true
40	0.4	-0.022432622343540317	true
40	0.41	-0.01884424904383968	true
40	0.42	-0.01594691147462217	true
40	0.43	-0.013609545223587843	true
40	0.44	-0.011725195967381726	true
40	0.45	-0.010206825836741654	true
40	0.46	-0.008983761483635415	true
40	0.47	-0.007998720953391473	true
40	0.48	-0.007205346133688673	true
40	0.49	-0.006566167631437466	true
40	0.5	-0.006050934223557746	true
40	0.51	-0.00563524655337115	true
40	0.52	-0.005299442846523005	true
40	0.53	-0.0050276922311681144	true
40	0.54	-0.004807258353910675	true
40	0.55	-0.004627902229582796	true
40	0.56	-0.004481398632403937	true
40	0.57	-0.004361144882091315	true
40	0.58	-0.004261844686352507	true
40	0.59	-0.0041792528659595875	true
40	0.6	-0.004109969403596905	true
40	0.61	-0.004051273408787719	true
40	0.62	-0.004000989354573974	true
40	0.63	-0.0039573793831344135	true
40	0.64	-0.003919056653270109	true
40	0.65	-0.0038849156598717276	true
40	0.66	-0.0038540762335115236	true
40	0.67	-0.0038258385598541633	true
40	0.68	-0.003799647070628943	true
40	0.69	-0.003775061472632999	true
40	0.7	-0.0037517335168253934	true
40	0.71	-0.0037293883808978364	true
40	0.72	-0.0037078097579059206	true
40	0.73	-0.003686827920504074	true
40	0.74	-0.0036663101730926824	true
40	0.75	-0.0036461532192917905	true
40	0.76	-0.0036262770649072252	true
40	0.77	-0.00360662015125107	true
40	0.78	-0.0035871354738022886	true
40	0.79	-0.003567787489561831	true
40	0.8	-0.0035485496553505904	true
40	0.81	-0.0035294024705577226	true
40	0.82	-0.003510331922958158	true
40	0.83	-0.003491328256383268	true
40	0.84	-0.0034723849952118632	true
40	0.85	-0.0034534981736336194	true
40	0.86	-0.003434665728048906	true
40	0.87	-0.0034158870193154497	true
40	0.88	-0.003397162458239583	true
40	0.89	-0.0033784932130661847	true
40	0.9	-0.003359880982008529	true
40	0.91	-0.003341327817290961	true
40	0.92	-0.003322835989921404	true
40	0.93	-0.0033044078866046535	true
40	0.94	-0.0032860459319611545	true
40	0.95	-0.0032677525306158586	true
40	0.96	-0.0032495300248400008	true
40	0.97	-0.0032313806643206704	true
40	0.98	-0.0032133065853438684	true
40	0.99	-0.003195309797244049	true
40	1.0	-0.0031773921744242253	true
41	0.0	-0.948183585144535	true
41	0.01	-0.9522313640426342	true
41	0.02	-0.9541202633972005	true
41	0.03	-0.9538051226461468	true
41	0.04	-0.9512310527915345	true
41	0.05	-0.9463285604722695	true
41	0.06	-0.9390060914251971	true
41	0.07	-0.9291394830164278	true
41	0.08	-0.9165578863601921	true
41	0.09	-0.9010261274321884	true
41	0.1	-0.8822245636194449	true
41	0.11	-0.8597298003296532	true
41	0.12	-0.833003851063158	true
41	0.13	-0.801405871099646	true
41	0.14	-0.7642483740789432	true
41	0.15	-0.7209238547852562	true
41	0.16	-0.6711168442297116	true
41	0.17	-0.6150767406014924	true
41	0.18	-0.5538591711138329	true
41	0.19	-0.48938974806226476	true
41	0.2	-0.42423828115722834	true
41	0.21	-0.3611393905936201	true
41	0.22	-0.3024567306243535	true
41	0.23	-0.24981587199425434	true
41	0.24	-0.2040066364525799	true
41	0.25	-0.16510409530407608	true
41	0.26	-0.13268920706814513	true
41	0.27	-0.10606866259295471	true
41	0.28	-0.08444407976745817	true
41	0.29	-0.0670213209311163	true
41	0.3	-0.053070564644113256	true
41	0.31	-0.041952607497216285	true
41	0.32	-0.0331247674144117	true
41	0.33	-0.026135842598463774	true
41	0.34	-0.020616070210072432	true
41	0.35	-0.016265506469023926	true
41	0.36	-0.012842633514545747	true
41	0.37	-0.010154037822320917	true
41	0.38	-0.008045468230143684	true
41	0.39	-0.006394300606043089	true
41	0.4	-0.005103302048781557	true
41	0.41	-0.004095534111431228	true
41	0.42	-0.003310223382166159	true
41	0.43	-0.0026994371561042028	true
41	0.44	-0.0022254200539739053	true
41	0.45	-0.001858468071933323	true
41	0.46	-0.0015752365988248942	true
41	0.47	-0.0013573970357517596	true
41	0.48	-0.0011905723238830367	true
41	0.49	-0.001063494911892547	true
41	0.5	-0.0009673416691465237	true
41	0.51	-0.000895209252134805	true
41	0.52	-0.0008417007529148523	true
41	0.53	-0.0008026003761291202	true
41	0.54	-0.0007746176517117028	true
41	0.55	-0.0007551865055960915	true
41	0.56	-0.0007423075589563969	true
41	0.57	-0.0007344244557524072	true
41	0.58	-0.0007303269501105866	true
41	0.59	-0.0007290750183539301	true
41	0.6	-0.0007299394754796531	true
41	0.61	-0.0007323555372246203	true
41	0.62	-0.0007358865284880134	true
41	0.63	-0.0007401955383865853	true
41	0.64	-0.0007450232948183402	true
41	0.65	-0.0007501709035782277	true
41	0.66	-0.0007554863898600804	true
41	0.67	-0.0007608542101105344	true
41	0.68	-0.0007661870829254644	true
41	0.69	-0.0007714196294884246	true
41	0.7	-0.0007765034252367574	true
41	0.71	-0.0007814031515530658	true
41	0.72	-0.0007860936044817125	true
41	0.73	-0.0007905573708314102	true
41	0.74	-0.0007947830237477632	true
41	0.75	-0.0007987637224426476	true
41	0.76	-0.0008024961262285231	true
41	0.77	-0.000805979552878643	true
41	0.78	-0.0008092153268366908	true
41	0.79	-0.0008122062748862667	true
41	0.8	-0.0008149563363098361	true
41	0.81	-0.0008174702619034897	true
41	0.82	-0.0008197533819257486	true
41	0.83	-0.000821811427503613	true
41	0.84	-0.0008236503934767151	true
41	0.85	-0.0008252764333487267	true
41	0.86	-0.0008266957791046974	true
41	0.87	-0.0008279146802763719	true
41	0.88	-0.0008289393578982796	true
41	0.89	-0.0008297759699762191	true
41	0.9	-0.0008304305858494349	true
41	0.91	-0.0008309091674171475	true
41	0.92	-0.0008312175556573001	true
41	0.93	-0.0008313614612197358	true
41	0.94	-0.00083134645815099	true
41	0.95	-0.0008311779800206041	true
41	0.96	-0.0008308613178841057	true
41	0.97	-0.0008304016196454286	true
41	0.98	-0.0008298038904806836	true
41	0.99	-0.0008290729940618123	true
41	1.0	-0.0008282136543779663	true
42	0.0	-0.9559107191255753	true
42	0.01	-0.9582490870452364	true
42	0.02	-0.9577941381910233	true
42	0.03	-0.9544997989959262	true
42	0.04	-0.9483023851294369	true
42	0.05	-0.9391113447188353	true
42	0.06	-0.9267952436315953	true
42	0.07	-0.9111622549854387	true
42	0.08	-0.89193506776087	true
42	0.09	-0.8687221078016534	true
42	0.1	-0.8409914509438609	true
42	0.11	-0.8080622987149139	true
42	0.12	-0.769141954006045	true
42	0.13	-0.7234498266490375	true
42	0.14	-0.6704689283256368	true
42	0.15	-0.6103207667043835	true
42	0.16	-0.5441515740323642	true
42	0.17	-0.4742959462302056	true
42	0.18	-0.40399554388633013	true
42	0.19	-0.3366955713379441	true
42	0.2	-0.27525133094632787	true
42	0.21	-0.22143254904332288	true
42	0.22	-0.17586762451569868	true
42	0.23	-0.13829869568402278	true
42	0.24	-0.10793356887491695	true
42	0.25	-0.08374817718045932	true
42	0.26	-0.06468935023233455	true
42	0.27	-0.04978628090594914	true
42	0.28	-0.03819829321883313	true
42	0.29	-0.0292250246866015	true
42	0.3	-0.022297466440378826	true
42	0.31	-0.016961037897856995	true
42	0.32	-0.012856758974048024	true
42	0.33	-0.009703459046605162	true
42	0.34	-0.0072822199438513785	true
42	0.35	-0.005423350995887057	true
42	0.36	-0.003995770449896943	true
42	0.37	-0.002898496870777442	true
42	0.38	-0.0020539105842958044	true
42	0.39	-0.0014024607080360308	true
42	0.4	-0.000898532527967496	true
42	0.41	-0.0005072354080288263	true
42	0.42	-0.000201914972930976	true
42	0.43	3.7768286574513104e-5	true
42	0.44	0.000227319457909929	true
42	0.45	0.00037854760781472744	true
42	0.46	0.000500439631841602	true
42	0.47	0.0005998299824815339	true
42	0.48	0.0006819132286843449	true
42	0.49	0.0007506358190900283	true
42	0.5	0.0008089951546760975	true
42	0.51	0.0008592676420838575	true
42	0.52	0.0009031824059688501	true
42	0.53	0.0009420534744186413	true
42	0.54	0.000976880267364225	true
42	0.55	0.001008423918038773	true
42	0.56	0.0010372651881506993	true
42	0.57	0.001063848378370618	true
42	0.58	0.0010885145933815252	true
42	0.59	0.0011115269224063135	true
42	0.6	0.0011330894854745064	true
42	0.61	0.0011533618291676112	true
42	0.62	0.0011724697995835606	true
42	0.63	0.0011905137488983075	true
42	0.64	0.0012075747252708257	true
42	0.65	0.0012237191386519502	true
42	0.66	0.0012390022755983815	true
42	0.67	0.0012534709454880314	true
42	0.68	0.0012671654717202514	true
42	0.69	0.001280121189322887	true
42	0.7	0.0012923695708800303	true
42	0.71	0.0013039390727927578	true
42	0.72	0.0013148557712703093	true
42	0.73	0.0013251438403575951	true
42	0.74	0.0013348259113958674	true
42	0.75	0.00134392334357024	true
42	0.76	0.0013524564278477589	true
42	0.77	0.001360444541069488	true
42	0.78	0.0013679062627856167	true
42	0.79	0.0013748594642797442	true
42	0.8	0.0013813213768632605	true
42	0.81	0.0013873086447421302	true
42	0.82	0.0013928373664217092	true
42	0.83	0.001397923127611271	true
42	0.84	0.0014025810278363228	true
42	0.85	0.0014068257024021208	true
42	0.86	0.00141067134092821	true
42	0.87	0.0014141317033572636	true
42	0.88	0.0014172201341047595	true
42	0.89	0.0014199495748390906	true
42	0.9	0.0014223325762504472	true
42	0.91	0.0014243813090685834	true
42	0.92	0.0014261075745172656	true
42	0.93	0.0014275228143394844	true
42	0.94	0.0014286381204880701	true
42	0.95	0.0014294642445473909	true
42	0.96	0.0014300116069308503	true
42	0.97	0.001430290305883724	true
42	0.98	0.0014303101263099546	true
42	0.99	0.0014300805484340083	true
42	1.0	0.001429610756303501	true
43	0.0	-0.9718852657405721	true
43	0.01	-0.9723882002101594	true
43	0.02	-0.9695324670649981	true
43	0.03	-0.9632932346482243	true
43	0.04	-0.9536357291315831	true
43	0.05	-0.940504443509619	true
43	0.06	-0.9238064398392599	true
43	0.07	-0.9033875406866752	true
43	0.08	-0.8790009059886492	true
43	0.09	-0.850270037490681	true
43	0.1	-0.816654560467926	true
43	0.11	-0.7774398435236565	true
43	0.12	-0.7317919097257145	true
43	0.13	-0.6789400029643303	true
43	0.14	-0.6185419527967204	true
43	0.15	-0.5511992148265565	true
43	0.16	-0.47889802730829545	true
43	0.17	-0.4049971498664994	true
43	0.18	-0.33354145217838715	true
43	0.19	-0.26817976591293075	true
43	0.2	-0.21130691661365067	true
43	0.21	-0.16382603928106063	true
43	0.22	-0.12543978822190718	true
43	0.23	-0.0951386356009316	true
43	0.24	-0.07162954642563604	true
43	0.25	-0.053614015354399934	true
43	0.26	-0.03992951709135363	true
43	0.27	-0.029600437437418515	true
43	0.28	-0.021839671549892834	true
43	0.29	-0.016027995030456064	true
43	0.3	-0.011686310333631603	true
43	0.31	-0.008448136060920925	true
43	0.32	-0.006035382451344652	true
43	0.33	-0.004238270972375632	true
43	0.34	-0.0028992600514504705	true
43	0.35	-0.0019004542365628294	true
43	0.36	-0.0011538816583354877	true
43	0.37	-0.0005940596875206142	true
43	0.38	-0.00017235014204333045	true
43	0.39	0.00014730422936541052	true
43	0.4	0.0003915868252516058	true
43	0.41	0.0005802116305892971	true
43	0.42	0.0007277209077109417	true
43	0.43	0.000844826038941872	true
43	0.44	0.0009394055028568163	true
43	0.45	0.0010172462334078526	true
43	0.46	0.0010825933727006394	true
43	0.47	0.0011385572621783828	true
43	0.48	0.0011874142703132307	true
43	0.49	0.001230828812978431	true
43	0.5	0.0012700169706456846	true
43	0.51	0.0013058668914882653	true
43	0.52	0.0013390272669138723	true
43	0.53	0.001369972252065188	true
43	0.54	0.0013990490323408408	true
43	0.55	0.0014265126217989994	true
43	0.56	0.0014525512799697226	true
43	0.57	0.0014773050444947295	true
43	0.58	0.0015008792188994813	true
43	0.59	0.00152335416837836	true
43	0.6	0.0015447924174475333	true
43	0.61	0.0015652437786784228	true
43	0.62	0.001584749046902768	true
43	0.63	0.0016033426500345596	true
43	0.64	0.0016210545424558325	true
43	0.65	0.0016379115497452406	true
43	0.66	0.0016539383169864163	true
43	0.67	0.001669157971509452	true
43	0.68	0.001683592580663148	true
43	0.69	0.001697263463120554	true
43	0.7	0.0017101913961013553	true
43	0.71	0.0017223967491508249	true
43	0.72	0.0017338995665675658	true
43	0.73	0.001744719614360211	true
43	0.74	0.0017548764031044331	true
43	0.75	0.0017643891948042841	true
43	0.76	0.0017732769994990565	true
43	0.77	0.0017815585656505376	true
43	0.78	0.0017892523671180353	true
43	0.79	0.001796376588646717	true
43	0.8	0.0018029491111650653	true
43	0.81	0.001808987497738601	true
43	0.82	0.0018145089807100842	true
43	0.83	0.0018195304503343546	true
43	0.84	0.0018240684450613457	true
43	0.85	0.001828139143515759	true
43	0.86	0.0018317583581512087	true
43	0.87	0.0018349415305110512	true
43	0.88	0.0018377037279997343	true
43	0.89	0.001840059642052771	true
43	0.9	0.0018420235875857957	true
43	0.91	0.0018436095036018037	true
43	0.92	0.0018448309548374715	true
43	0.93	0.0018457011343347126	true
43	0.94	0.0018462328668293621	true
43	0.95	0.0018464386128563821	true
43	0.96	0.0018463304734782464	true
43	0.97	0.0018459201955508236	true
43	0.98	0.0018452191774483854	true
43	0.99	0.0018442384751766023	true
43	1.0	0.001842988808808901	true
44	0.0	-0.9851750814346797	true
44	0.01	-0.9848362489423393	true
44	0.02	-0.9802794487048258	true
44	0.03	-0.9714885063619764	true
44	0.04	-0.9584370864789903	true
44	0.05	-0.941069488433191	true
44	0.06	-0.9192706693474721	true
44	0.07	-0.8928234826390212	true
44	0.08	-0.8613536358099319	true
44	0.09	-0.8242710679771649	true
44	0.1	-0.7807359845320984	true
44	0.11	-0.7297140991825872	true
44	0.12	-0.6702303046040357	true
44	0.13	-0.601928264887755	true
44	0.14	-0.5258762953962823	true
44	0.15	-0.4451773893204791	true
44	0.16	-0.3646882223657389	true
44	0.17	-0.28964567547593284	true
44	0.18	-0.22401473449889198	true
44	0.19	-0.16963685446004476	true
44	0.2	-0.12643354433044873	true
44	0.21	-0.09314489935624028	true
44	0.22	-0.06804476601503502	true
44	0.23	-0.04940197890890318	true
44	0.24	-0.03570040440483419	true
44	0.25	-0.02570556379439132	true
44	0.26	-0.0184544584674417	true
44	0.27	-0.013215529809152003	true
44	0.28	-0.009442462873129715	true
44	0.29	-0.006731935918197414	true
44	0.3	-0.0047885754293844375	true
44	0.31	-0.003397332117673287	true
44	0.32	-0.0024023417713349418	true
44	0.33	-0.001691044685475213	true
44	0.34	-0.0011824002505793003	true
44	0.35	-0.000818214667951447	true
44	0.36	-0.0005567990302363211	true
44	0.37	-0.00036835367495216477	true
44	0.38	-0.0002316217852191797	true
44	0.39	-0.00013147097119461698	true
44	0.4	-5.71503211090852e-5	true
44	0.41	-1.0373342223631875e-6	true
44	0.42	4.226095914601424e-5	true
44	0.43	7.655149083690157e-5	true
44	0.44	0.00010451494654740873	true
44	0.45	0.00012803371030761855	true
44	0.46	0.0001484253706590692	true
44	0.47	0.00016660871101839027	true
44	0.48	0.00018322151700561365	true
44	0.49	0.00019870405506641685	true
44	0.5	0.0002133581318417783	true
44	0.51	0.00022738880949551936	true
44	0.52	0.000240933820136032	true
44	0.53	0.00025408426834510055	true
44	0.54	0.0002668991721635395	true
44	0.55	0.00027941565224250895	true
44	0.56	0.0002916560515871682	true
44	0.57	0.0003036328935009771	true
44	0.58	0.0003153523192792673	true
44	0.59	0.0003268164585961708	true
44	0.6	0.0003380250520004189	true
44	0.61	0.00034897655051282947	true
44	0.62	0.0003596688506240228	true
44	0.63	0.00037009977593253446	true
44	0.64	0.0003802673834932998	true
44	0.65	0.00039017014958823634	true
44	0.66	0.00039980707319726196	true
44	0.67	0.000409177723896763	true
44	0.68	0.00041828225280071376	true
44	0.69	0.00042712137946804795	true
44	0.7	0.0004356963637109157	true
44	0.71	0.00044400896844558953	true
44	0.72	0.00045206141777532103	true
44	0.73	0.00045985635313154703	true
44	0.74	0.0004673967893506925	true
44	0.75	0.00047468607190452274	true
44	0.76	0.00048172783604600135	true
44	0.77	0.0004885259683186332	true
44	0.78	0.0004950845706629097	true
44	0.79	0.0005014079272084379	true
44	0.8	0.0005075004737438659	true
44	0.81	0.0005133667697938949	true
44	0.82	0.0005190114731932107	true
44	0.83	0.0005244393170239469	true
44	0.84	0.000529655088771	true
44	0.85	0.000534663611544953	true
44	0.86	0.000539469727222591	true
44	0.87	0.0005440782813587486	true
44	0.88	0.0005484941097290622	true
44	0.89	0.0005527220263700166	true
44	0.9	0.0005567668129907725	true
44	0.91	0.0005606332096387163	true
44	0.92	0.0005643259065095039	true
44	0.93	0.0005678495367991607	true
44	0.94	0.0005712086705045935	true
44	0.95	0.00057440780908504	true
44	0.96	0.0005774513809044118	true
44	0.97	0.0005803437373809728	true
44	0.98	0.0005830891497762153	true
44	0.99	0.000585691806561233	true
44	1.0	0.0005881558113033843	true
