coordinate	candidate	loss
1	0.0	-0.013597129347001483
1	0.01	-0.01402400910968322
1	0.02	-0.014458454239970168
1	0.03	-0.014900691329493742
1	0.04	-0.015350956363682578
1	0.05	-0.015809495210647402
1	0.06	-0.01627656414083111
1	0.07	-0.016752430379707993
1	0.08	-0.017237372695984247
1	0.09	-0.01773168202800956
1	0.1	-0.018235662151288693
1	0.11	-0.01874963039030692
1	0.12	-0.01927391837805768
1	0.13	-0.01980887286714159
1	0.14	-0.02035485659644646
1	0.15	-0.02091224921794559
1	0.16	-0.021481448288538284
1	0.17	-0.02206287033224329
1	0.18	-0.022656951978675482
1	0.19	-0.02326415118422233
1	0.2	-0.023884948542989247
1	0.21	-0.024519848695298028
1	0.22	-0.02516938184225268
1	0.23	-0.025834105375819625
1	0.24	-0.026514605634734675
1	0.25	-0.027211499797708875
1	0.26	-0.02792543792656985
1	0.27	-0.028657105173295075
1	0.28	-0.02940722416641487
1	0.29	-0.030176557593982724
1	0.3	-0.030965911002134208
1	0.31	-0.03177613583042157
1	0.32	-0.03260813270754569
1	0.33	-0.03346285503374594
1	0.34	-0.03434131287922522
1	0.35	-0.035244577231445036
1	0.36	-0.03617378462801695
1	0.37	-0.037130142216459244
1	0.38	-0.038114933287076214
1	0.39	-0.03912952333110398
1	0.4	-0.04017536668278128
1	0.41	-0.04125401381166529
1	0.42	-0.042367119340109796
1	0.43	-0.043516450870808354
1	0.44	-0.04470389872077901
1	0.45	-0.04593148667132657
1	0.46	-0.04720138385884091
1	0.47	-0.0485159179489007
1	0.48	-0.04987758975668941
1	0.49	-0.05128908950056309
1	0.5	-0.05275331490339387
1	0.51	-0.05427339138877474
1	0.52	-0.05585269465721333
1	0.53	-0.057494875972041934
1	0.54	-0.05920389053733073
1	0.55	-0.06098402941203283
1	0.56	-0.06283995547793023
1	0.57	-0.06477674406584441
1	0.58	-0.06679992894799906
1	0.59	-0.0689155545276531
1	0.6	-0.07113023520447209
1	0.61	-0.07345122307078444
1	0.62	-0.0758864853061195
1	0.63	-0.07844479289334955
1	0.64	-0.08113582258882836
1	0.65	-0.08397027445340961
1	0.66	-0.08696000770576835
1	0.67	-0.09011819821249412
1	0.68	-0.09345952160346692
1	0.69	-0.09700036682365622
1	0.7	-0.10075908593728883
1	0.71	-0.10475628722759948
1	0.72	-0.10901518013271148
1	0.73	-0.11356198237991244
1	0.74	-0.11842640188591871
1	0.75	-0.12364220863782002
1	0.76	-0.12924791490328608
1	0.77	-0.13528758574654154
1	0.78	-0.14181180587060982
1	0.79	-0.1488788330151259
1	0.8	-0.15655597192491338
1	0.81	-0.16492120504601698
1	0.82	-0.17406511420733556
1	0.83	-0.1840931170593408
1	0.84	-0.19512801450314193
1	0.85	-0.2073127852134099
1	0.86	-0.22081344241408343
1	0.87	-0.23582153564233443
1	0.88	-0.25255544686294035
1	0.89	-0.2712588421699075
1	0.9	-0.2921932456306552
1	0.91	-0.3156193265756403
1	0.92	-0.3417576979931201
1	0.93	-0.37071467812217224
1	0.94	-0.40235298813942544
1	0.95	-0.43608787672168714
1	0.96	-0.4706120371984024
1	0.97	-0.5036264855872429
1	0.98	-0.5317933208652191
1	0.99	-0.5512380895671553
1	1.0	-0.5587426380311701
2	0.0	-0.056074466996422906
2	0.01	-0.05638970812682058
2	0.02	-0.0567106415847705
2	0.03	-0.05703744596762965
2	0.04	-0.05737030725178681
2	0.05	-0.05770941917663669
2	0.06	-0.0580549836527278
2	0.07	-0.0584072111959293
2	0.08	-0.05876632138950849
2	0.09	-0.05913254337629823
2	0.1	-0.05950611638319039
2	0.11	-0.05988729028051719
2	0.12	-0.06027632617899738
2	0.13	-0.060673497067304565
2	0.14	-0.06107908849335838
2	0.15	-0.06149339929307145
2	0.16	-0.061916742370275016
2	0.17	-0.06234944553214271
2	0.18	-0.06279185238474505
2	0.19	-0.06324432329383828
2	0.2	-0.06370723641647878
2	0.21	-0.06418098880961752
2	0.22	-0.06466599762244342
2	0.23	-0.06516270137996562
2	0.24	-0.06567156136596956
2	0.25	-0.06619306311455254
2	0.26	-0.06672771802017032
2	0.27	-0.06727606507735354
2	0.28	-0.0678386727624138
2	0.29	-0.06841614107076313
2	0.3	-0.0690091037250726
2	0.31	-0.06961823057114196
2	0.32	-0.07024423018030024
2	0.33	-0.07088785267934634
2	0.34	-0.0715498928315088
2	0.35	-0.07223119339468931
2	0.36	-0.0729326487864434
2	0.37	-0.07365520908875135
2	0.38	-0.07439988442977938
2	0.39	-0.07516774978451368
2	0.4	-0.07595995024152505
2	0.41	-0.07677770678932772
2	0.42	-0.07762232268282744
2	0.43	-0.0784951904585512
2	0.44	-0.07939779967672432
2	0.45	-0.08033174547914257
2	0.46	-0.08129873806437354
2	0.47	-0.08230061319643049
2	0.48	-0.08333934388008395
2	0.49	-0.08441705335580885
2	0.5	-0.08553602959061173
2	0.51	-0.08669874146814205
2	0.52	-0.08790785691358503
2	0.53	-0.08916626322648995
2	0.54	-0.0904770899393528
2	0.55	-0.09184373457269897
2	0.56	-0.09326989172027328
2	0.57	-0.09475958597311882
2	0.58	-0.09631720928109089
2	0.59	-0.09794756345832296
2	0.6	-0.09965590866909507
2	0.61	-0.1014480188877368
2	0.62	-0.10333024551681848
2	0.63	-0.10530959058003074
2	0.64	-0.10739379118982578
2	0.65	-0.10959141733787602
2	0.66	-0.11191198548492727
2	0.67	-0.11436609095632792
2	0.68	-0.11696556280685166
2	0.69	-0.11972364563739163
2	0.7	-0.12265521387019769
2	0.71	-0.1257770252748873
2	0.72	-0.12910802215672898
2	0.73	-0.13266969066508358
2	0.74	-0.13648649127301887
2	0.75	-0.14058637677193453
2	0.76	-0.14500141831069957
2	0.77	-0.1497685653267918
2	0.78	-0.1549305719549813
2	0.79	-0.16053713098278233
2	0.8	-0.16664626697671123
2	0.81	-0.17332605305558044
2	0.82	-0.18065673083606879
2	0.83	-0.18873332939986215
2	0.84	-0.1976688939450402
2	0.85	-0.20759844127062935
2	0.86	-0.2186837420866213
2	0.87	-0.23111895635051743
2	0.88	-0.24513694797134755
2	0.89	-0.2610156353620165
2	0.9	-0.27908270033186705
2	0.91	-0.29971479110534904
2	0.92	-0.3233228839812068
2	0.93	-0.3503067143668879
2	0.94	-0.38094531863809705
2	0.95	-0.41516645067769253
2	0.96	-0.45211642257225926
2	0.97	-0.48949116719493047
2	0.98	-0.5228395236720182
2	0.99	-0.5456460355565957
2	1.0	-0.5513935211590882
3	0.0	-0.04431845532751369
3	0.01	-0.04475929308658263
3	0.02	-0.04520715459287352
3	0.03	-0.04566225680232355
3	0.04	-0.04612482566739104
3	0.05	-0.04659509660417311
3	0.06	-0.04707331498888526
3	0.07	-0.047559736685855024
3	0.08	-0.048054628609407284
3	0.09	-0.04855826932218581
3	0.1	-0.04907094967269461
3	0.11	-0.04959297347506192
3	0.12	-0.0501246582344055
3	0.13	-0.050666335921226706
3	0.14	-0.0512183537989485
3	0.15	-0.051781075308703066
3	0.16	-0.05235488101615683
3	0.17	-0.05294016962541037
3	0.18	-0.05353735906563539
3	0.19	-0.05414688765651037
3	0.2	-0.05476921535928871
3	0.21	-0.05540482512080063
3	0.22	-0.05605422431857658
3	0.23	-0.05671794631606001
3	0.24	-0.05739655213773434
3	0.25	-0.0580906322750976
3	0.26	-0.058800808635513666
3	0.27	-0.05952773664722574
3	0.28	-0.06027210753531197
3	0.29	-0.06103465078490388
3	0.3	-0.06181613680982254
3	0.31	-0.06261737984682772
3	0.32	-0.06343924109794304
3	0.33	-0.0642826321458894
3	0.34	-0.06514851867062554
3	0.35	-0.0660379244982621
3	0.36	-0.06695193601735028
3	0.37	-0.06789170700185844
3	0.38	-0.06885846388495243
3	0.39	-0.069853511533218
3	0.4	-0.07087823957733219
3	0.41	-0.07193412936231994
3	0.42	-0.07302276158891133
3	0.43	-0.07414582472692428
3	0.44	-0.07530512429267387
3	0.45	-0.07650259309489771
3	0.46	-0.07774030256837978
3	0.47	-0.07902047533133699
3	0.48	-0.08034549912227998
3	0.49	-0.08171794229485495
3	0.5	-0.08314057107589999
3	0.51	-0.08461636882303339
3	0.52	-0.08614855755465677
3	0.53	-0.08774062206815672
3	0.54	-0.08939633701261333
3	0.55	-0.0911197973420842
3	0.56	-0.09291545264620556
3	0.57	-0.09478814593889201
3	0.58	-0.09674315758590234
3	0.59	-0.09878625517157659
3	0.6	-0.1009237502480979
3	0.61	-0.10316256308262568
3	0.62	-0.10551029672477226
3	0.63	-0.10797532196724659
3	0.64	-0.11056687507588599
3	0.65	-0.1132951705341152
3	0.66	-0.11617153149638305
3	0.67	-0.11920854119457253
3	0.68	-0.12242021921457287
3	0.69	-0.1258222273869242
3	0.7	-0.12943211105255154
3	0.71	-0.13326958271764025
3	0.72	-0.13735685665618813
3	0.73	-0.1417190449216883
3	0.74	-0.14638462756902035
3	0.75	-0.15138601275221095
3	0.76	-0.15676020584465325
3	0.77	-0.1625496109051262
3	0.78	-0.16880299272036628
3	0.79	-0.1755766332177197
3	0.8	-0.18293572194708013
3	0.81	-0.19095602578795853
3	0.82	-0.19972588631676566
3	0.83	-0.2093485908491985
3	0.84	-0.2199451481352431
3	0.85	-0.2316574587306389
3	0.86	-0.24465177798075582
3	0.87	-0.2591221790202536
3	0.88	-0.27529334646845965
3	0.89	-0.2934213085598129
3	0.9	-0.31378936288760756
3	0.91	-0.33669399426918994
3	0.92	-0.3624113177164886
3	0.93	-0.3911277549087585
3	0.94	-0.4228095081465698
3	0.95	-0.45697860905404436
3	0.96	-0.49237630623143497
3	0.97	-0.5265686202927385
3	0.98	-0.5557347206090428
3	0.99	-0.5751161295917514
3	1.0	-0.5805063084822167
4	0.0	-0.17683635233212974
4	0.01	-0.17840238902433359
4	0.02	-0.17999508162775252
4	0.03	-0.18161509972001116
4	0.04	-0.18326313390469623
4	0.05	-0.18493989655265705
4	0.06	-0.18664612256862426
4	0.07	-0.18838257018352017
4	0.08	-0.19015002177290333
4	0.09	-0.19194928470180372
4	0.1	-0.19378119219612353
4	0.11	-0.19564660424070418
4	0.12	-0.19754640850407212
4	0.13	-0.1994815212894672
4	0.14	-0.20145288851199888
4	0.15	-0.20346148670102074
4	0.16	-0.20550832402719266
4	0.17	-0.20759444135260577
4	0.18	-0.20972091330286535
4	0.19	-0.2118888493589885
4	0.2	-0.21409939496670174
4	0.21	-0.2163537326604756
4	0.22	-0.2186530831983275
4	0.23	-0.2209987067037167
4	0.24	-0.22339190380907445
4	0.25	-0.225834016795234
4	0.26	-0.2283264307198181
4	0.27	-0.230870574526273
4	0.28	-0.2334679221240942
4	0.29	-0.23611999342921844
4	0.3	-0.2388283553516264
4	0.31	-0.24159462271538062
4	0.32	-0.2444204590938787
4	0.33	-0.24730757754074076
4	0.34	-0.25025774119352945
4	0.35	-0.2532727637243797
4	0.36	-0.256354509607834
4	0.37	-0.25950489417172906
4	0.38	-0.26272588339257247
4	0.39	-0.26601949339077535
4	0.4	-0.2693877895758857
4	0.41	-0.27283288538408557
4	0.42	-0.2763569405433928
4	0.43	-0.279962158792591
4	0.44	-0.28365078497088475
4	0.45	-0.287425101383793
4	0.46	-0.29128742333922525
4	0.47	-0.29524009373395
4	0.48	-0.29928547655590226
4	0.49	-0.3034259491514125
4	0.5	-0.30766389308817743
4	0.51	-0.31200168342529266
4	0.52	-0.31644167617999824
4	0.53	-0.3209861937575432
4	0.54	-0.32563750808585745
4	0.55	-0.3303978211699956
4	0.56	-0.3352692427537402
4	0.57	-0.3402537647470203
4	0.58	-0.34535323204866
4	0.59	-0.3505693093652959
4	0.6	-0.355903443599951
4	0.61	-0.36135682135918884
4	0.62	-0.36693032110768825
4	0.63	-0.372624459485835
4	0.64	-0.3784393313022843
4	0.65	-0.38437454272293403
4	0.66	-0.39042913720473066
4	0.67	-0.3966015137722611
4	0.68	-0.402889337313373
4	0.69	-0.40928944068411227
4	0.7	-0.41579771857111103
4	0.71	-0.42240901327014835
4	0.72	-0.4291169928122518
4	0.73	-0.43591402221340086
4	0.74	-0.4427910290495445
4	0.75	-0.4497373650736222
4	0.76	-0.4567406662006962
4	0.77	-0.4637867138925675
4	0.78	-0.47085930176940455
4	0.79	-0.47794011214931037
4	0.8	-0.48500860814272295
4	0.81	-0.4920419478681129
4	0.82	-0.49901492825312216
4	0.83	-0.5058999666672825
4	0.84	-0.5126671292057242
4	0.85	-0.5192842146978187
4	0.86	-0.5257169033273572
4	0.87	-0.5319289779943849
4	0.88	-0.5378826251038601
4	0.89	-0.5435388192386553
4	0.9	-0.548857793115354
4	0.91	-0.5537995903491659
4	0.92	-0.5583246939755927
4	0.93	-0.5623947186001027
4	0.94	-0.5659731487890398
4	0.95	-0.5690261012880304
4	0.96	-0.5715230843387517
4	0.97	-0.5734377242633033
4	0.98	-0.5747484280592112
4	0.99	-0.5754389513502609
4	1.0	-0.5754988438481391
5	0.0	-0.12029258605586458
5	0.01	-0.12140330459306314
5	0.02	-0.12253328720490314
5	0.03	-0.12368308114324507
5	0.04	-0.12485325420864246
5	0.05	-0.1260443956954289
5	0.06	-0.12725711738776502
5	0.07	-0.12849205460972304
5	0.08	-0.12974986733268737
5	0.09	-0.13103124134368194
5	0.1	-0.13233688947822125
5	0.11	-0.13366755292184898
5	0.12	-0.13502400258454716
5	0.13	-0.13640704055254607
5	0.14	-0.13781750162246986
5	0.15	-0.139256254922896
5	0.16	-0.14072420562891186
5	0.17	-0.1422222967755234
5	0.18	-0.14375151117615875
5	0.19	-0.14531287345294053
5	0.2	-0.14690745218584791
5	0.21	-0.1485363621883131
5	0.22	-0.15020076691726225
5	0.23	-0.1519018810261037
5	0.24	-0.15364097306983568
5	0.25	-0.1554193683717964
5	0.26	-0.15723845206210918
5	0.27	-0.15909967229886607
5	0.28	-0.16100454368308506
5	0.29	-0.1629546508796244
5	0.3	-0.16495165245638457
5	0.31	-0.16699728495520022
5	0.32	-0.16909336720785567
5	0.33	-0.17124180491168628
5	0.34	-0.17344459547939003
5	0.35	-0.17570383317813054
5	0.36	-0.17802171457343866
5	0.37	-0.180400544293318
5	0.38	-0.1828427411281094
5	0.39	-0.18535084448119774
5	0.4	-0.18792752118505693
5	0.41	-0.19057557269599923
5	0.42	-0.19329794267945213
5	0.43	-0.19609772499527048
5	0.44	-0.19897817208942456
5	0.45	-0.20194270379430881
5	0.46	-0.20499491653454316
5	0.47	-0.2081385929277623
5	0.48	-0.21137771176138329
5	0.49	-0.2147164583142908
5	0.5	-0.2181592349784281
5	0.51	-0.2217106721167246
5	0.52	-0.22537563907145158
5	0.53	-0.22915925520866512
5	0.54	-0.23306690084960555
5	0.55	-0.2371042278966322
5	0.56	-0.2412771699080437
5	0.57	-0.24559195131063144
5	0.58	-0.2500550953583722
5	0.59	-0.2546734303473165
5	0.6	-0.2594540934764302
5	0.61	-0.264404531597648
5	0.62	-0.2695324979202426
5	0.63	-0.2748460435186434
5	0.64	-0.2803535022319583
5	0.65	-0.2860634672291419
5	0.66	-0.29198475713728067
5	0.67	-0.2981263691811978
5	0.68	-0.30449741625046967
5	0.69	-0.31110704418409557
5	0.7	-0.3179643248344316
5	0.71	-0.32507811963395294
5	0.72	-0.33245690743997836
5	0.73	-0.3401085693818515
5	0.74	-0.3480401223052815
5	0.75	-0.3562573912453753
5	0.76	-0.3647646102422507
5	0.77	-0.3735639398677089
5	0.78	-0.38265488925024704
5	0.79	-0.39203363044827816
5	0.8	-0.4016921941188178
5	0.81	-0.41161753808816326
5	0.82	-0.4217904853313056
5	0.83	-0.43218453583982286
5	0.84	-0.44276456885039506
5	0.85	-0.4534854688836771
5	0.86	-0.4642907317992779
5	0.87	-0.47511113590873133
5	0.88	-0.4858635974410366
5	0.89	-0.4964503670766899
5	0.9	-0.5067587603373982
5	0.91	-0.5166616419898347
5	0.92	-0.5260188930191427
5	0.93	-0.5346800658019002
5	0.94	-0.5424883667078523
5	0.95	-0.5492859874593083
5	0.96	-0.5549206384299823
5	0.97	-0.5592529341489193
5	0.98	-0.5621640755855281
5	0.99	-0.5635631107617053
5	1.0	-0.5633929837863964
6	0.0	-0.507046127535666
6	0.01	-0.5084304430953074
6	0.02	-0.5098082219828143
6	0.03	-0.5111792891507931
6	0.04	-0.512543468192711
6	0.05	-0.5139005813743278
6	0.06	-0.5152504496665773
6	0.07	-0.516592892780035
6	0.08	-0.5179277292007534
6	0.09	-0.5192547762275618
6	0.1	-0.5205738500110855
6	0.11	-0.5218847655941016
6	0.12	-0.5231873369534651
6	0.13	-0.5244813770437114
6	0.14	-0.5257666978420045
6	0.15	-0.5270431103948056
6	0.16	-0.5283104248659504
6	0.17	-0.5295684505866167
6	0.18	-0.5308169961062768
6	0.19	-0.5320558692458336
6	0.2	-0.5332848771519775
6	0.21	-0.5345038263530264
6	0.22	-0.535712522816628
6	0.23	-0.5369107720087637
6	0.24	-0.5380983789542936
6	0.25	-0.539275148299043
6	0.26	-0.5404408843736247
6	0.27	-0.5415953912582322
6	0.28	-0.5427384728494515
6	0.29	-0.5438699329281961
6	0.3	-0.5449895752290714
6	0.31	-0.5460972035113244
6	0.32	-0.5471926216309688
6	0.33	-0.5482756336143472
6	0.34	-0.54934604373299
6	0.35	-0.5504036565797216
6	0.36	-0.5514482771460294
6	0.37	-0.5524797109005665
6	0.38	-0.553497763868927
6	0.39	-0.5545022427143723
6	0.4	-0.5554929548197117
6	0.41	-0.5564697083702868
6	0.42	-0.5574323124375986
6	0.43	-0.5583805770642529
6	0.44	-0.5593143133494463
6	0.45	-0.5602333335353264
6	0.46	-0.5611374510941558
6	0.47	-0.5620264808160432
6	0.48	-0.562900238897309
6	0.49	-0.5637585430294124
6	0.5	-0.5646012124882526
6	0.51	-0.5654280682239906
6	0.52	-0.5662389329510386
6	0.53	-0.5670336312384046
6	0.54	-0.5678119896001199
6	0.55	-0.5685738365858274
6	0.56	-0.5693190028712691
6	0.57	-0.5700473213487737
6	0.58	-0.570758627217561
6	0.59	-0.571452758073751
6	0.6	-0.5721295540000981
6	0.61	-0.5727888576552418
6	0.62	-0.573430514362487
6	0.63	-0.5740543721979544
6	0.64	-0.5746602820780361
6	0.65	-0.5752480978460797
6	0.66	-0.5758176763581789
6	0.67	-0.5763688775680132
6	0.68	-0.5769015646106008
6	0.69	-0.5774156038849334
6	0.7	-0.5779108651353309
6	0.71	-0.578387221531488
6	0.72	-0.5788445497470781
6	0.73	-0.5792827300368459
6	0.74	-0.5797016463120996
6	0.75	-0.5801011862144935
6	0.76	-0.5804812411880377
6	0.77	-0.5808417065492512
6	0.78	-0.5811824815553299
6	0.79	-0.5815034694703166
6	0.8	-0.5818045776291186
6	0.81	-0.5820857174993607
6	0.82	-0.5823468047409349
6	0.83	-0.5825877592632231
6	0.84	-0.5828085052798819
6	0.85	-0.5830089713611497
6	0.86	-0.5831890904835829
6	0.87	-0.583348800077174
6	0.88	-0.5834880420697792
6	0.89	-0.5836067629288112
6	0.9	-0.5837049137001215
6	0.91	-0.5837824500440348
6	0.92	-0.5838393322684876
6	0.93	-0.5838755253592159
6	0.94	-0.5838909990069568
6	0.95	-0.5838857276316298
6	0.96	-0.583859690403455
6	0.97	-0.583812871260987
6	0.98	-0.5837452589260338
6	0.99	-0.5836568469154367
6	1.0	-0.5835476335497012
7	0.0	-0.41556426255778445
7	0.01	-0.41764416411725647
7	0.02	-0.4197289423221204
7	0.03	-0.4218183755264244
7	0.04	-0.42391223309491294
7	0.05	-0.426010275190278
7	0.06	-0.4281122525601657
7	0.07	-0.4302179063237854
7	0.08	-0.43232696775900914
7	0.09	-0.4344391580899883
7	0.1	-0.43655418827579556
7	0.11	-0.4386717588004924
7	0.12	-0.440791559465109
7	0.13	-0.44291326918199203
7	0.14	-0.44503655577195955
7	0.15	-0.44716107576487885
7	0.16	-0.4492864742042442
7	0.17	-0.4514123844561027
7	0.18	-0.45353842802343913
7	0.19	-0.4556642143661145
7	0.2	-0.4577893407272509
7	0.21	-0.4599133919670081
7	0.22	-0.46203594040407153
7	0.23	-0.4641565456659029
7	0.24	-0.46627475454849376
7	0.25	-0.4683901008861469
7	0.26	-0.47050210543285825
7	0.27	-0.47261027575521475
7	0.28	-0.47471410613849935
7	0.29	-0.4768130775065397
7	0.3	-0.4789066573564051
7	0.31	-0.48099429970873037
7	0.32	-0.4830754450749114
7	0.33	-0.48514952044199294
7	0.34	-0.4872159392763536
7	0.35	-0.4892741015472232
7	0.36	-0.4913233937710214
7	0.37	-0.4933631890776289
7	0.38	-0.4953928472996724
7	0.39	-0.49741171508570015
7	0.4	-0.49941912603862304
7	0.41	-0.5014144008800324
7	0.42	-0.503396847641849
7	0.43	-0.5053657618859363
7	0.44	-0.5073204269530183
7	0.45	-0.509260114241413
7	0.46	-0.5111840835169064
7	0.47	-0.5130915832544306
7	0.48	-0.5149818510123689
7	0.49	-0.5168541138402366
7	0.5	-0.518707588720534
7	0.51	-0.520541483045353
7	0.52	-0.5223549951281996
7	0.53	-0.5241473147516135
7	0.54	-0.5259176237509566
7	0.55	-0.5276650966345182
7	0.56	-0.5293889012403042
7	0.57	-0.5310881994293759
7	0.58	-0.5327621478157796
7	0.59	-0.53440989853286
7	0.6	-0.5360306000356032
7	0.61	-0.5376233979385615
7	0.62	-0.5391874358887422
7	0.63	-0.5407218564726677
7	0.64	-0.5422258021567575
7	0.65	-0.5436984162598232
7	0.66	-0.5451388439565705
7	0.67	-0.5465462333105834
7	0.68	-0.5479197363352605
7	0.69	-0.5492585100809225
7	0.7	-0.5505617177461892
7	0.71	-0.5518285298115116
7	0.72	-0.5530581251926093
7	0.73	-0.5542496924113758
7	0.74	-0.5554024307816805
7	0.75	-0.5565155516073239
7	0.76	-0.557588279389239
7	0.77	-0.5586198530389485
7	0.78	-0.5596095270950887
7	0.79	-0.5605565729397379
7	0.8	-0.5614602800111649
7	0.81	-0.5623199570095045
7	0.82	-0.5631349330918123
7	0.83	-0.5639045590528664
7	0.84	-0.5646282084880213
7	0.85	-0.5653052789344304
7	0.86	-0.5659351929868712
7	0.87	-0.5665173993844821
7	0.88	-0.5670513740646778
7	0.89	-0.5675366211805986
7	0.9	-0.5679726740784751
7	0.91	-0.5683590962313972
7	0.92	-0.5686954821260607
7	0.93	-0.5689814580991824
7	0.94	-0.5692166831204388
7	0.95	-0.5694008495189073
7	0.96	-0.5695336836501977
7	0.97	-0.5696149465016364
7	0.98	-0.5696444342330862
7	0.99	-0.5696219786512096
7	1.0	-0.5695474476152227
8	0.0	-0.25658347378058466
8	0.01	-0.2590423538190623
8	0.02	-0.2615322112722404
8	0.03	-0.264053523717586
8	0.04	-0.266606772641892
8	0.05	-0.26919244307852275
8	0.06	-0.27181102320423645
8	0.07	-0.27446300389233164
8	0.08	-0.2771488782189612
8	0.09	-0.2798691409187686
8	0.1	-0.2826242877863635
8	0.11	-0.28541481501933763
8	0.12	-0.288241218498809
8	0.13	-0.29110399300261647
8	0.14	-0.2940036313467115
8	0.15	-0.2969406234492383
8	0.16	-0.2999154553122617
8	0.17	-0.3029286079152071
8	0.18	-0.30598055601395885
8	0.19	-0.30907176683945997
8	0.2	-0.3122026986889321
8	0.21	-0.3153737994027712
8	0.22	-0.3185855047197736
8	0.23	-0.3218382365030965
8	0.24	-0.32513240082861955
8	0.25	-0.3284683859278293
8	0.26	-0.3318465599761271
8	0.27	-0.3352672687180176
8	0.28	-0.3387308329195515
8	0.29	-0.34223754563897113
8	0.3	-0.3457876693056624
8	0.31	-0.3493814325976478
8	0.32	-0.3530190271078002
8	0.33	-0.35670060378881824
8	0.34	-0.36042626916715104
8	0.35	-0.36419608131607606
8	0.36	-0.3680100455786521
8	0.37	-0.37186811003150205
8	0.38	-0.3757701606808614
8	0.39	-0.37971601638351166
8	0.4	-0.3837054234853743
8	0.41	-0.387738050172672
8	0.42	-0.39181348053105175
8	0.43	-0.3959312083106132
8	0.44	-0.4000906303959951
8	0.45	-0.40429103998378313
8	0.46	-0.40853161947172445
8	0.47	-0.4128114330677271
8	0.48	-0.41712941912995427
8	0.49	-0.4214843822538655
8	0.5	-0.42587498512608224
8	0.51	-0.4302997401707568
8	0.52	-0.4347570010194241
8	0.53	-0.4392449538418185
8	0.54	-0.4437616085820891
8	0.55	-0.4483047901523689
8	0.56	-0.4528721296437498
8	0.57	-0.45746105562350514
8	0.58	-0.46206878559652564
8	0.59	-0.4666923177187654
8	0.6	-0.47132842286042115
8	0.61	-0.4759736371270107
8	0.62	-0.48062425495688754
8	0.63	-0.48527632292419864
8	0.64	-0.4899256343863336
8	0.65	-0.49456772512457314
8	0.66	-0.4991978701354126
8	0.67	-0.5038110817377192
8	0.68	-0.5084021091670881
8	0.69	-0.5129654398329845
8	0.7	-0.5174953024163812
8	0.71	-0.5219856719847557
8	0.72	-0.5264302772974746
8	0.73	-0.530822610466992
8	0.74	-0.5351559391297251
8	0.75	-0.5394233212644131
8	0.76	-0.5436176227750052
8	0.77	-0.5477315379292863
8	0.78	-0.5517576127135431
8	0.79	-0.555688271127487
8	0.8	-0.5595158444025883
8	0.81	-0.5632326030812338
8	0.82	-0.5668307918442664
8	0.83	-0.5703026669211902
8	0.84	-0.5736405358615471
8	0.85	-0.5768367993889719
8	0.86	-0.5798839950023307
8	0.87	-0.5827748419328922
8	0.88	-0.5855022870141448
8	0.89	-0.5880595509734435
8	0.9	-0.5904401746138839
8	0.91	-0.5926380643223541
8	0.92	-0.5946475363171669
8	0.93	-0.596463359037402
8	0.94	-0.5980807930772162
8	0.95	-0.5994956280826205
8	0.96	-0.6007042160560001
8	0.97	-0.6017035005547646
8	0.98	-0.6024910413246071
8	0.99	-0.6030650339736126
8	1.0	-0.6034243243697482
9	0.0	-0.16590641768468417
9	0.01	-0.1673305768284841
9	0.02	-0.1687806360106214
9	0.03	-0.17025727685548733
9	0.04	-0.17176120372603898
9	0.05	-0.17329314460733647
9	0.06	-0.1748538520265906
9	0.07	-0.17644410401103985
9	0.08	-0.17806470508509512
9	0.09	-0.17971648730795087
9	0.1	-0.18140031135311518
9	0.11	-0.18311706763116903
9	0.12	-0.18486767745695035
9	0.13	-0.1866530942624275
9	0.14	-0.18847430485649594
9	0.15	-0.190332330732678
9	0.16	-0.19222822942557669
9	0.17	-0.1941630959171141
9	0.18	-0.19613806409288748
9	0.19	-0.19815430824918126
9	0.2	-0.20021304465058884
9	0.21	-0.2023155331381715
9	0.22	-0.20446307878718115
9	0.23	-0.20665703361351004
9	0.24	-0.20889879832697988
9	0.25	-0.2111898241289932
9	0.26	-0.21353161455153732
9	0.27	-0.21592572733317444
9	0.28	-0.21837377632697427
9	0.29	-0.22087743343363972
9	0.3	-0.22343843055202
9	0.31	-0.22605856153701798
9	0.32	-0.22873968415327464
9	0.33	-0.23148372201035886
9	0.34	-0.23429266646266614
9	0.35	-0.2371685784539465
9	0.36	-0.24011359028286494
9	0.37	-0.24312990726168604
9	0.38	-0.24621980923541814
9	0.39	-0.24938565192314746
9	0.4	-0.25262986803680343
9	0.41	-0.25595496812543383
9	0.42	-0.2593635410843481
9	0.43	-0.26285825425900045
9	0.44	-0.2664418530623143
9	0.45	-0.2701171600114645
9	0.46	-0.27388707307572074
9	0.47	-0.2777545632103885
9	0.48	-0.2817226709333381
9	0.49	-0.2857945017791322
9	0.5	-0.2899732204419802
9	0.51	-0.29426204339146556
9	0.52	-0.29866422971460754
9	0.53	-0.3031830699036886
9	0.54	-0.3078218722711564
9	0.55	-0.31258394663077005
9	0.56	-0.3174725848375466
9	0.57	-0.322491037728188
9	0.58	-0.3276424879483527
9	0.59	-0.33293001809397715
9	0.6	-0.3383565735310847
9	0.61	-0.3439249191934181
9	0.62	-0.3496375895911356
9	0.63	-0.35549683119883607
9	0.64	-0.3615045363304743
9	0.65	-0.3676621675562614
9	0.66	-0.3739706716778739
9	0.67	-0.38043038226027726
9	0.68	-0.38704090973024474
9	0.69	-0.3938010181043596
9	0.7	-0.400708487516964
9	0.71	-0.40775996189777125
9	0.72	-0.41495078141929886
9	0.73	-0.42227479971867693
9	0.74	-0.42972418642143273
9	0.75	-0.4372892161833897
9	0.76	-0.4449580463469884
9	0.77	-0.45271648640409173
9	0.78	-0.4605477637859737
9	0.79	-0.4684322920687285
9	0.8	-0.47634744947682944
9	0.81	-0.4842673775510841
9	0.82	-0.4921628119470902
9	0.83	-0.5000009594295244
9	0.84	-0.5077454370571739
9	0.85	-0.5153562910875339
9	0.86	-0.5227901139862834
9	0.87	-0.5300002777795231
9	0.88	-0.5369373004870621
9	0.89	-0.5435493591926169
9	0.9	-0.5497829581825379
9	0.91	-0.5555837533991572
9	0.92	-0.5608975253006779
9	0.93	-0.5656712814667176
9	0.94	-0.5698544586243233
9	0.95	-0.5734001821938306
9	0.96	-0.5762665312156008
9	0.97	-0.5784177489816679
9	0.98	-0.5798253361488944
9	0.99	-0.5804689645398649
9	1.0	-0.5803371567159352
10	0.0	-0.5630347027623901
10	0.01	-0.5636328293593921
10	0.02	-0.564225779213011
10	0.03	-0.5648135345284032
10	0.04	-0.5653960776365208
10	0.05	-0.5659733909949753
10	0.06	-0.5665454571885594
10	0.07	-0.5671122589300177
10	0.08	-0.5676737790607396
10	0.09	-0.5682300005513107
10	0.1	-0.5687809065023305
10	0.11	-0.5693264801449752
10	0.12	-0.5698667048416676
10	0.13	-0.5704015640867622
10	0.14	-0.5709310415071783
10	0.15	-0.5714551208630615
10	0.16	-0.571973786048367
10	0.17	-0.5724870210915382
10	0.18	-0.5729948101561557
10	0.19	-0.5734971375415086
10	0.2	-0.5739939876832204
10	0.21	-0.5744853451539477
10	0.22	-0.5749711946638723
10	0.23	-0.5754515210614444
10	0.24	-0.5759263093337795
10	0.25	-0.5763955446074877
10	0.26	-0.5768592121491296
10	0.27	-0.577317297365796
10	0.28	-0.5777697858057649
10	0.29	-0.5782166631590375
10	0.3	-0.5786579152579172
10	0.31	-0.5790935280775634
10	0.32	-0.5795234877365828
10	0.33	-0.5799477804975477
10	0.34	-0.5803663927676078
10	0.35	-0.5807793110989891
10	0.36	-0.5811865221895565
10	0.37	-0.5815880128833664
10	0.38	-0.5819837701711639
10	0.39	-0.5823737811909538
10	0.4	-0.5827580332285047
10	0.41	-0.5831365137178726
10	0.42	-0.5835092102419214
10	0.43	-0.5838761105328104
10	0.44	-0.5842372024725307
10	0.45	-0.5845924740933838
10	0.46	-0.5849419135785021
10	0.47	-0.5852855092622885
10	0.48	-0.5856232496309778
10	0.49	-0.5859551233230396
10	0.5	-0.5862811191297059
10	0.51	-0.586601225995435
10	0.52	-0.5869154330183477
10	0.53	-0.5872237294507294
10	0.54	-0.5875261046994593
10	0.55	-0.5878225483264559
10	0.56	-0.5881130500491578
10	0.57	-0.5883975997409242
10	0.58	-0.5886761874315023
10	0.59	-0.5889488033074407
10	0.6	-0.5892154377125182
10	0.61	-0.5894760811481762
10	0.62	-0.5897307242739189
10	0.63	-0.5899793579077356
10	0.64	-0.5902219730265046
10	0.65	-0.5904585607663968
10	0.66	-0.5906891124232624
10	0.67	-0.5909136194530349
10	0.68	-0.5911320734721088
10	0.69	-0.5913444662577262
10	0.7	-0.5915507897483482
10	0.71	-0.5917510360440329
10	0.72	-0.5919451974067919
10	0.73	-0.5921332662609603
10	0.74	-0.5923152351935519
10	0.75	-0.5924910969546093
10	0.76	-0.5926608444575433
10	0.77	-0.5928244707794853
10	0.78	-0.5929819691616165
10	0.79	-0.5931333330095024
10	0.8	-0.5932785558934165
10	0.81	-0.59341763154866
10	0.82	-0.5935505538758843
10	0.83	-0.5936773169413937
10	0.84	-0.5937979149774593
10	0.85	-0.5939123423826108
10	0.86	-0.5940205937219414
10	0.87	-0.5941226637273925
10	0.88	-0.5942185472980417
10	0.89	-0.5943082395003829
10	0.9	-0.5943917355686035
10	0.91	-0.5944690309048513
10	0.92	-0.594540121079503
10	0.93	-0.5946050018314244
10	0.94	-0.5946636690682245
10	0.95	-0.594716118866505
10	0.96	-0.5947623474721089
10	0.97	-0.5948023513003571
10	0.98	-0.5948361269362843
10	0.99	-0.5948636711348695
10	1.0	-0.5948849808212613
11	0.0	-0.09442857908353926
11	0.01	-0.09568670900890658
11	0.02	-0.09696757190484732
11	0.03	-0.09827179823792882
11	0.04	-0.09960004178042457
11	0.05	-0.10095298065718794
11	0.06	-0.10233131844689149
11	0.07	-0.10373578534082828
11	0.08	-0.10516713936244891
11	0.09	-0.106626167651337
11	0.1	-0.10811368781512322
11	0.11	-0.10963054935347841
11	0.12	-0.1111776351581513
11	0.13	-0.11275586309369384
11	0.14	-0.1143661876632566
11	0.15	-0.11600960176461976
11	0.16	-0.1176871385415736
11	0.17	-0.11939987333607302
11	0.18	-0.12114892574705237
11	0.19	-0.12293546180192387
11	0.2	-0.12476069624719813
11	0.21	-0.12662589496487697
11	0.22	-0.12853237752171898
11	0.23	-0.13048151985871814
11	0.24	-0.13247475712834525
11	0.25	-0.1345135866876253
11	0.26	-0.13659957125524655
11	0.27	-0.13873434224112421
11	0.28	-0.1409196032571473
11	0.29	-0.14315713381797157
11	0.3	-0.14544879324073454
11	0.31	-0.14779652475270424
11	0.32	-0.15020235981561061
11	0.33	-0.15266842267533004
11	0.34	-0.1551969351449953
11	0.35	-0.1577902216290815
11	0.36	-0.16045071439507877
11	0.37	-0.16318095909807215
11	0.38	-0.16598362056197072
11	0.39	-0.1688614888189074
11	0.4	-0.1718174854056845
11	0.41	-0.17485466991256404
11	0.42	-0.17797624677546708
11	0.43	-0.1811855722970334
11	0.44	-0.18448616187556025
11	0.45	-0.18788169741228378
11	0.46	-0.1913760348575767
11	0.47	-0.19497321184408106
11	0.48	-0.19867745533990494
11	0.49	-0.20249318923653434
11	0.5	-0.20642504176420998
11	0.51	-0.21047785260050852
11	0.52	-0.2146566795058491
11	0.53	-0.2189668042807408
11	0.54	-0.2234137377930757
11	0.55	-0.22800322376799437
11	0.56	-0.2327412409662223
11	0.57	-0.23763400329724754
11	0.58	-0.24268795731918097
11	0.59	-0.2479097764649832
11	0.6	-0.2533063512020237
11	0.61	-0.2588847741757305
11	0.62	-0.2646523192045484
11	0.63	-0.27061641277938553
11	0.64	-0.27678459647197795
11	0.65	-0.28316447837012926
11	0.66	-0.28976367133026465
11	0.67	-0.2965897154675694
11	0.68	-0.303649981891139
11	0.69	-0.3109515542392549
11	0.7	-0.31850108408576944
11	0.71	-0.32630461578723446
11	0.72	-0.3343673758457219
11	0.73	-0.34269352141154485
11	0.74	-0.35128584219792985
11	0.75	-0.36014540990407423
11	0.76	-0.3692711693508537
11	0.77	-0.37865946606740514
11	0.78	-0.38830350621103454
11	0.79	-0.3981927466865707
11	0.8	-0.40831221642758275
11	0.81	-0.41864177431813837
11	0.82	-0.4291553154877252
11	0.83	-0.43981994598781926
11	0.84	-0.45059515633509384
11	0.85	-0.46143203705146296
11	0.86	-0.47227259376180997
11	0.87	-0.48304923472373623
11	0.88	-0.493684518267058
11	0.89	-0.5040912591037205
11	0.9	-0.514173097594829
11	0.91	-0.5238256309740442
11	0.92	-0.5329381862668318
11	0.93	-0.5413962780373858
11	0.94	-0.5490847389547522
11	0.95	-0.5558914396206798
11	0.96	-0.5617114326037855
11	0.97	-0.5664512751723212
11	0.98	-0.5700332202153492
11	0.99	-0.5723989304620244
11	1.0	-0.5735123795038997
12	0.0	-0.23424665135541126
12	0.01	-0.23648604034865334
12	0.02	-0.23875592409157798
12	0.03	-0.24105682083978572
12	0.04	-0.24338925542972728
12	0.05	-0.2457537590435205
12	0.06	-0.2481508689375089
12	0.07	-0.25058112813151423
12	0.08	-0.2530450850552491
12	0.09	-0.2555432931482794
12	0.1	-0.25807631040955886
12	0.11	-0.2606446988923222
12	0.12	-0.2632490241397858
12	0.13	-0.26588985455680236
12	0.14	-0.2685677607122937
12	0.15	-0.271283314566703
12	0.16	-0.2740370886189344
12	0.17	-0.2768296549659234
12	0.18	-0.27966158426851706
12	0.19	-0.28253344461614904
12	0.2	-0.2854458002828522
12	0.21	-0.28839921036640187
12	0.22	-0.29139422730195347
12	0.23	-0.2944313952410536
12	0.24	-0.29751124828658
12	0.25	-0.30063430857309364
12	0.26	-0.30380108418231866
12	0.27	-0.3070120668822229
12	0.28	-0.3102677296781714
12	0.29	-0.31356852416385683
12	0.3	-0.3169148776591904
12	0.31	-0.32030719012212927
12	0.32	-0.32374583082065095
12	0.33	-0.32723113475100996
12	0.34	-0.3307633987879698
12	0.35	-0.3343428775524163
12	0.36	-0.33796977898187863
12	0.37	-0.3416442595892478
12	0.38	-0.34536641939526846
12	0.39	-0.34913629652068684
12	0.4	-0.3529538614245461
12	0.41	-0.3568190107757919
12	0.42	-0.36073156094653347
12	0.43	-0.3646912411166548
12	0.44	-0.36869768598122676
12	0.45	-0.37275042805443154
12	0.46	-0.37684888956626916
12	0.47	-0.3809923739515759
12	0.48	-0.38518005693464025
12	0.49	-0.38941097721712853
12	0.5	-0.39368402678217307
12	0.51	-0.3979979408333569
12	0.52	-0.40235128739412557
12	0.53	-0.4067424566006814
12	0.54	-0.4111696497301249
12	0.55	-0.4156308680149992
12	0.56	-0.4201239013059626
12	0.57	-0.42464631665600555
12	0.58	-0.4291954469119515
12	0.59	-0.43376837941266727
12	0.6	-0.43836194490775815
12	0.61	-0.44297270682567347
12	0.62	-0.44759695103602803
12	0.63	-0.4522306762671233
12	0.64	-0.45686958535610106
12	0.65	-0.4615090775253463
12	0.66	-0.46614424189449766
12	0.67	-0.4707698524520493
12	0.68	-0.4753803647236456
12	0.69	-0.4799699143851522
12	0.7	-0.4845323180767067
12	0.71	-0.48906107667852616
12	0.72	-0.4935493813095122
12	0.73	-0.49799012230486506
12	0.74	-0.5023759014180891
12	0.75	-0.5066990474754075
12	0.76	-0.5109516356857523
12	0.77	-0.5151255107767776
12	0.78	-0.5192123140862076
12	0.79	-0.5232035146881336
12	0.8	-0.5270904445755863
12	0.81	-0.530864337854239
12	0.82	-0.5345163738280247
12	0.83	-0.5380377237769854
12	0.84	-0.5414196011421033
12	0.85	-0.5446533147431754
12	0.86	-0.5477303245661902
12	0.87	-0.5506422995686647
12	0.88	-0.5533811768679746
12	0.89	-0.5559392216017777
12	0.9	-0.5583090866843502
12	0.91	-0.560483871631065
12	0.92	-0.5624571795880858
12	0.93	-0.5642231716881578
12	0.94	-0.5657766178579766
12	0.95	-0.5671129432293004
12	0.96	-0.5682282693552034
12	0.97	-0.5691194495042625
12	0.98	-0.5697840973977638
12	0.99	-0.570220608866045
12	1.0	-0.5704281760268977
13	0.0	-0.055917399347842046
13	0.01	-0.05677277404031744
13	0.02	-0.057643614428984864
13	0.03	-0.05853037770466161
13	0.04	-0.05943353937522779
13	0.05	-0.060353594180930566
13	0.06	-0.06129105706454021
13	0.07	-0.062246464200150176
13	0.08	-0.06322037408473316
13	0.09	-0.06421336869699726
13	0.1	-0.0652260547282316
13	0.11	-0.06625906489046056
13	0.12	-0.06731305930751559
13	0.13	-0.06838872699507141
13	0.14	-0.06948678743637884
13	0.15	-0.07060799226075394
13	0.16	-0.07175312703270964
13	0.17	-0.07292301316010134
13	0.18	-0.07411850993054062
13	0.19	-0.0753405166860662
13	0.2	-0.07658997514686218
13	0.21	-0.07786787189602223
13	0.22	-0.07917524103808538
13	0.23	-0.08051316704556631
13	0.24	-0.08188278780876414
13	0.25	-0.08328529790563004
13	0.26	-0.08472195211006664
13	0.27	-0.08619406915862188
13	0.28	-0.08770303579766034
13	0.29	-0.08925031113492325
13	0.3	-0.09083743132187111
13	0.31	-0.09246601459572897
13	0.32	-0.09413776671290804
13	0.33	-0.09585448680864665
13	0.34	-0.09761807372118055
13	0.35	-0.09943053282247692
13	0.36	-0.1012939834019156
13	0.37	-0.1032106666538617
13	0.38	-0.10518295432533337
13	0.39	-0.10721335808564242
13	0.4	-0.10930453968625262
13	0.41	-0.11145932198615073
13	0.42	-0.1136807009256936
13	0.43	-0.11597185854057634
13	0.44	-0.11833617711696931
13	0.45	-0.12077725459929255
13	0.46	-0.12329892137361413
13	0.47	-0.1259052585621962
13	0.48	-0.1286006179785115
13	0.49	-0.1313896439070301
13	0.5	-0.1342772968883188
13	0.51	-0.13726887970752505
13	0.52	-0.14037006580294137
13	0.53	-0.1435869303310827
13	0.54	-0.1469259841451743
13	0.55	-0.1503942109647582
13	0.56	-0.15399910803467057
13	0.57	-0.15774873059092456
13	0.58	-0.16165174046768543
13	0.59	-0.16571745919161135
13	0.6	-0.16995592591460115
13	0.61	-0.1743779605295258
13	0.62	-0.1789952322907097
13	0.63	-0.18382033421421473
13	0.64	-0.18886686345261364
13	0.65	-0.19414950771111833
13	0.66	-0.19968413757809317
13	0.67	-0.2054879043579626
13	0.68	-0.21157934258400984
13	0.69	-0.2179784758064536
13	0.7	-0.2247069234351671
13	0.71	-0.23178800528282456
13	0.72	-0.23924683889141266
13	0.73	-0.2471104225839707
13	0.74	-0.25540769426801135
13	0.75	-0.2641695520701404
13	0.76	-0.2734288175719005
13	0.77	-0.2832201153250201
13	0.78	-0.2935796329337815
13	0.79	-0.304544713693222
13	0.8	-0.31615321789380013
13	0.81	-0.32844256880138156
13	0.82	-0.3414483745656085
13	0.83	-0.3552024880451216
13	0.84	-0.3697303341302165
13	0.85	-0.3850473022553313
13	0.86	-0.40115397806797864
13	0.87	-0.41802998668889857
13	0.88	-0.43562626410160643
13	0.89	-0.45385569868126907
13	0.9	-0.47258234040504316
13	0.91	-0.49160981664688236
13	0.92	-0.5106702638657294
13	0.93	-0.5294159725694312
13	0.94	-0.5474169146936634
13	0.95	-0.5641680440569844
13	0.96	-0.5791101689411143
13	0.97	-0.591666622184216
13	0.98	-0.6012944933923684
13	0.99	-0.6075442559770201
13	1.0	-0.6101168354000314
14	0.0	-0.5854144092701139
14	0.01	-0.5859842184986878
14	0.02	-0.5865486922709532
14	0.03	-0.5871078157816481
14	0.04	-0.5876615743711401
14	0.05	-0.5882099535260591
14	0.06	-0.5887529388798872
14	0.07	-0.5892905162135006
14	0.08	-0.5898226714557433
14	0.09	-0.5903493906840565
14	0.1	-0.5908706601249799
14	0.11	-0.5913864661547331
14	0.12	-0.5918967952997471
14	0.13	-0.5924016342371988
14	0.14	-0.5929009697956077
14	0.15	-0.5933947889553146
14	0.16	-0.5938830788489651
14	0.17	-0.5943658267620957
14	0.18	-0.5948430201336324
14	0.19	-0.5953146465563721
14	0.2	-0.5957806937774771
14	0.21	-0.5962411496989899
14	0.22	-0.5966960023782543
14	0.23	-0.5971452400285238
14	0.24	-0.5975888510192197
14	0.25	-0.5980268238766355
14	0.26	-0.5984591472842112
14	0.27	-0.5988858100830439
14	0.28	-0.5993068012723721
14	0.29	-0.5997221100099002
14	0.3	-0.6001317256123668
14	0.31	-0.6005356375558611
14	0.32	-0.6009338354762606
14	0.33	-0.6013263091696579
14	0.34	-0.6017130485927703
14	0.35	-0.60209404386329
14	0.36	-0.6024692852603097
14	0.37	-0.6028387632246766
14	0.38	-0.6032024683593875
14	0.39	-0.6035603914299162
14	0.4	-0.6039125233646293
14	0.41	-0.6042588552550928
14	0.42	-0.6045993783564102
14	0.43	-0.6049340840876051
14	0.44	-0.6052629640318956
14	0.45	-0.6055860099370605
14	0.46	-0.6059032137157221
14	0.47	-0.6062145674456939
14	0.48	-0.6065200633702209
14	0.49	-0.6068196938983293
14	0.5	-0.6071134516050899
14	0.51	-0.6074013292318894
14	0.52	-0.6076833196867149
14	0.53	-0.6079594160444087
14	0.54	-0.6082296115469332
14	0.55	-0.6084938996036168
14	0.56	-0.6087522737913887
14	0.57	-0.6090047278550279
14	0.58	-0.6092512557073743
14	0.59	-0.6094918514295624
14	0.6	-0.6097265092712252
14	0.61	-0.6099552236507031
14	0.62	-0.6101779891552368
14	0.63	-0.610394800541166
14	0.64	-0.6106056527341018
14	0.65	-0.6108105408291077
14	0.66	-0.6110094600908698
14	0.67	-0.6112024059538502
14	0.68	-0.6113893740224428
14	0.69	-0.6115703600711201
14	0.7	-0.6117453600445677
14	0.71	-0.6119143700578223
14	0.72	-0.6120773863963801
14	0.73	-0.6122344055163247
14	0.74	-0.6123854240444329
14	0.75	-0.6125304387782664
14	0.76	-0.6126694466862747
14	0.77	-0.6128024449078744
14	0.78	-0.6129294307535291
14	0.79	-0.6130504017048173
14	0.8	-0.6131653554144938
14	0.81	-0.6132742897065516
14	0.82	-0.6133772025762598
14	0.83	-0.6134740921902092
14	0.84	-0.6135649568863434
14	0.85	-0.6136497951739818
14	0.86	-0.6137286057338399
14	0.87	-0.6138013874180344
14	0.88	-0.613868139250089
14	0.89	-0.6139288604249266
14	0.9	-0.6139835503088581
14	0.91	-0.6140322084395582
14	0.92	-0.6140748345260422
14	0.93	-0.6141114284486245
14	0.94	-0.6141419902588805
14	0.95	-0.6141665201795924
14	0.96	-0.6141850186046918
14	0.97	-0.6141974860991931
14	0.98	-0.6142039233991216
14	0.99	-0.614204331411431
14	1.0	-0.6141987112139153
15	0.0	-0.313501521877126
15	0.01	-0.31607316157942367
15	0.02	-0.3186671077007057
15	0.03	-0.3212834380273667
15	0.04	-0.32392222071256044
15	0.05	-0.32658351362499893
15	0.06	-0.32926736366765763
15	0.07	-0.33197380606554516
15	0.08	-0.33470286362161633
15	0.09	-0.33745454593992213
15	0.1	-0.3402288486152323
15	0.11	-0.3430257523882049
15	0.12	-0.3458452222654403
15	0.13	-0.3486872066036322
15	0.14	-0.3515516361571524
15	0.15	-0.35443842308864065
15	0.16	-0.35734745994180106
15	0.17	-0.36027861857624355
15	0.18	-0.36323174906400907
15	0.19	-0.3662066785475175
15	0.2	-0.369203210059003
15	0.21	-0.3722211213015387
15	0.22	-0.37526016339177476
15	0.23	-0.3783200595651527
15	0.24	-0.3814005038439694
15	0.25	-0.3845011596695421
15	0.26	-0.387621658499303
15	0.27	-0.3907615983705275
15	0.28	-0.3939205424323894
15	0.29	-0.39709801744832796
15	0.3	-0.4002935122713063
15	0.31	-0.4035064762946459
15	0.32	-0.40673631788180575
15	0.33	-0.40998240277863096
15	0.34	-0.413244052512288
15	0.35	-0.41652054278148004
15	0.36	-0.4198111018431315
15	0.37	-0.4231149089011653
15	0.38	-0.4264310925037226
15	0.39	-0.4297587289556809
15	0.4	-0.4330968407539374
15	0.41	-0.43644439505364335
15	0.42	-0.4398003021742411
15	0.43	-0.4431634141546806
15	0.44	-0.4465325233681107
15	0.45	-0.44990636120681576
15	0.46	-0.45328359684907116
15	0.47	-0.45666283611999753
15	0.48	-0.46004262045945266
15	0.49	-0.463421426010448
15	0.5	-0.4667976628422347
15	0.51	-0.47016967432274676
15	0.52	-0.4735357366556815
15	0.53	-0.47689405859778367
15	0.54	-0.48024278137240994
15	0.55	-0.4835799787955783
15	0.56	-0.486903657630982
15	0.57	-0.49021175819037344
15	0.58	-0.49350215519567836
15	0.59	-0.496772658918916
15	0.6	-0.5000210166155924
15	0.61	-0.5032449142665568
15	0.62	-0.5064419786426243
15	0.63	-0.5096097797051025
15	0.64	-0.5127458333542485
15	0.65	-0.515847604536149
15	0.66	-0.5189125107168192
15	0.67	-0.5219379257304082
15	0.68	-0.5249211840061647
15	0.69	-0.5278595851764386
15	0.7	-0.5307503990652899
15	0.71	-0.5335908710544345
15	0.72	-0.5363782278201341
15	0.73	-0.5391096834313722
15	0.74	-0.5417824457962105
15	0.75	-0.544393723439624
15	0.76	-0.5469407325924612
15	0.77	-0.5494207045674017
15	0.78	-0.551830893394039
15	0.79	-0.5541685836814966
15	0.8	-0.5564310986733154
15	0.81	-0.5586158084558728
15	0.82	-0.5607201382782584
15	0.83	-0.5627415769384858
15	0.84	-0.5646776851881735
15	0.85	-0.5665261041054344
15	0.86	-0.5682845633837831
15	0.87	-0.569950889483349
15	0.88	-0.5715230135897615
15	0.89	-0.5729989793256346
15	0.9	-0.5743769501597803
15	0.91	-0.5756552164600744
15	0.92	-0.5768322021373257
15	0.93	-0.5779064708295509
15	0.94	-0.5788767315787582
15	0.95	-0.5797418439555967
15	0.96	-0.5805008225911302
15	0.97	-0.5811528410793592
15	0.98	-0.5816972352190132
15	0.99	-0.5821335055684362
15	1.0	-0.5824613192930473
16	0.0	-0.49422197459825346
16	0.01	-0.49647223359477355
16	0.02	-0.49872329691274625
16	0.03	-0.5009748641780365
16	0.04	-0.5032266266397845
16	0.05	-0.5054782670662501
16	0.06	-0.5077294596446512
16	0.07	-0.5099798698852526
16	0.08	-0.5122291545301895
16	0.09	-0.5144769614672303
16	0.1	-0.5167229296490254
16	0.11	-0.5189666890181146
16	0.12	-0.5212078604381428
16	0.13	-0.5234460556318128
16	0.14	-0.5256808771256243
16	0.15	-0.5279119182024218
16	0.16	-0.5301387628615866
16	0.17	-0.5323609857878566
16	0.18	-0.5345781523287522
16	0.19	-0.5367898184814853
16	0.2	-0.5389955308895734
16	0.21	-0.541194826849719
16	0.22	-0.5433872343294668
16	0.23	-0.5455722719960028
16	0.24	-0.5477494492568025
16	0.25	-0.5499182663123664
16	0.26	-0.5520782142216683
16	0.27	-0.5542287749808846
16	0.28	-0.5563694216155873
16	0.29	-0.5584996182872559
16	0.3	-0.5606188204142584
16	0.31	-0.5627264748079626
16	0.32	-0.5648220198242869
16	0.33	-0.5669048855312562
16	0.34	-0.5689744938928245
16	0.35	-0.5710302589695176
16	0.36	-0.573071587136166
16	0.37	-0.5750978773171355
16	0.38	-0.5771085212393473
16	0.39	-0.5791029037034683
16	0.4	-0.5810804028734396
16	0.41	-0.5830403905846742
16	0.42	-0.584982232671059
16	0.43	-0.5869052893110321
16	0.44	-0.5888089153927073
16	0.45	-0.5906924608982903
16	0.46	-0.5925552713077262
16	0.47	-0.5943966880215982
16	0.48	-0.596216048803234
16	0.49	-0.5980126882398807
16	0.5	-0.5997859382228033
16	0.51	-0.6015351284460866
16	0.52	-0.6032595869238152
16	0.53	-0.6049586405253552
16	0.54	-0.6066316155282804
16	0.55	-0.6082778381884706
16	0.56	-0.6098966353268931
16	0.57	-0.611487334932407
16	0.58	-0.6130492667799612
16	0.59	-0.6145817630634104
16	0.6	-0.6160841590421954
16	0.61	-0.617555793700943
16	0.62	-0.6189960104211035
16	0.63	-0.6204041576635808
16	0.64	-0.6217795896612857
16	0.65	-0.623121667120477
16	0.66	-0.6244297579296721
16	0.67	-0.6257032378748806
16	0.68	-0.6269414913598093
16	0.69	-0.6281439121296846
16	0.7	-0.6293099039972435
16	0.71	-0.6304388815694161
16	0.72	-0.6315302709731669
16	0.73	-0.6325835105789408
16	0.74	-0.6335980517200985
16	0.75	-0.634573359406706
16	0.76	-0.6355089130320352
16	0.77	-0.6364042070700764
16	0.78	-0.6372587517623803
16	0.79	-0.6380720737925301
16	0.8	-0.6388437169465342
16	0.81	-0.6395732427574509
16	0.82	-0.6402602311325566
16	0.83	-0.6409042809613901
16	0.84	-0.6415050107030363
16	0.85	-0.6420620589510447
16	0.86	-0.6425750849744071
16	0.87	-0.643043769233083
16	0.88	-0.6434678138666
16	0.89	-0.6438469431543269
16	0.9	-0.6441809039460761
16	0.91	-0.6444694660617667
16	0.92	-0.6447124226589714
16	0.93	-0.6449095905672267
16	0.94	-0.6450608105881095
16	0.95	-0.6451659477601509
16	0.96	-0.6452248915877801
16	0.97	-0.64523755623357
16	0.98	-0.6452038806731895
16	0.99	-0.6451238288125609
16	1.0	-0.6449973895668376
17	0.0	-0.2561339177820378
17	0.01	-0.2582871899282112
17	0.02	-0.260468635015248
17	0.03	-0.26267873133962316
17	0.04	-0.2649179635556959
17	0.05	-0.26718682249498144
17	0.06	-0.26948580495515534
17	0.07	-0.27181541345625837
17	0.08	-0.27417615596101746
17	0.09	-0.27656854555627974
17	0.1	-0.2789931000921306
17	0.11	-0.28145034177509015
17	0.12	-0.28394079671147127
17	0.13	-0.28646499439678774
17	0.14	-0.2890234671466091
17	0.15	-0.29161674946421606
17	0.16	-0.29424537733971284
17	0.17	-0.2969098874753027
17	0.18	-0.2996108164306582
17	0.19	-0.3023486996821647
17	0.2	-0.30512407058933355
17	0.21	-0.30793745926121385
17	0.22	-0.3107893913151461
17	0.23	-0.3136803865198338
17	0.24	-0.3166109573140431
17	0.25	-0.319581607191917
17	0.26	-0.32259282894512037
17	0.27	-0.32564510275181696
17	0.28	-0.32873889410153595
17	0.29	-0.3318746515448121
17	0.3	-0.3350528042556419
17	0.31	-0.3382737593943768
17	0.32	-0.34153789925820666
17	0.33	-0.3448455782056724
17	0.34	-0.3481971193413783
17	0.35	-0.3515928109465444
17	0.36	-0.35503290264061105
17	0.37	-0.3585176012589832
17	0.38	-0.3620470664315802
17	0.39	-0.36562140584692954
17	0.4	-0.36924067018654544
17	0.41	-0.3729048477145077
17	0.42	-0.3766138585076673
17	0.43	-0.3803675483124268
17	0.44	-0.38416568201510587
17	0.45	-0.3880079367140308
17	0.46	-0.3918938943831403
17	0.47	-0.39582303411889896
17	0.48	-0.39979472396480653
17	0.49	-0.4038082123107273
17	0.5	-0.40786261886802616
17	0.51	-0.41195692522555366
17	0.52	-0.4160899649966561
17	0.53	-0.4202604135731087
17	0.54	-0.4244667775085081
17	0.55	-0.42870738356125604
17	0.56	-0.43298036743580365
17	0.57	-0.43728366227045734
17	0.58	-0.4416149869307306
17	0.59	-0.44597183417905356
17	0.6	-0.45035145880459315
17	0.61	-0.4547508658109639
17	0.62	-0.45916679877475
17	0.63	-0.46359572850379693
17	0.64	-0.4680338421411978
17	0.65	-0.47247703287842135
17	0.66	-0.4769208904590444
17	0.67	-0.4813606926726404
17	0.68	-0.48579139805613863
17	0.69	-0.4902076400370612
17	0.7	-0.4946037227687549
17	0.71	-0.49897361892159176
17	0.72	-0.5033109697052772
17	0.73	-0.5076090874051638
17	0.74	-0.5118609607189726
17	0.75	-0.5160592631786065
17	0.76	-0.5201963649339958
17	0.77	-0.524264348161116
17	0.78	-0.5282550263336998
17	0.79	-0.5321599675668902
17	0.8	-0.5359705222005756
17	0.81	-0.5396778547399366
17	0.82	-0.5432729802106906
17	0.83	-0.5467468049167785
17	0.84	-0.5500901715093593
17	0.85	-0.5532939081888401
17	0.86	-0.5563488817677745
17	0.87	-0.5592460542236304
17	0.88	-0.5619765422690618
17	0.89	-0.5645316793661358
17	0.9	-0.5669030795132645
17	0.91	-0.5690827020427084
17	0.92	-0.5710629165861275
17	0.93	-0.5728365672994122
17	0.94	-0.5743970353893478
17	0.95	-0.5757382989567037
17	0.96	-0.5768549891656941
17	0.97	-0.5777424417702598
17	0.98	-0.578396743074326
17	0.99	-0.5788147694760577
17	1.0	-0.5789942198441781
18	0.0	-0.2843368332804349
18	0.01	-0.28679591763178575
18	0.02	-0.28928167379380515
18	0.03	-0.291794374880906
18	0.04	-0.2943342898521738
18	0.05	-0.2969016828961312
18	0.06	-0.2994968127738547
18	0.07	-0.3021199321181684
18	0.08	-0.30477128668662257
18	0.09	-0.30745111456580954
18	0.1	-0.3101596453245614
18	0.11	-0.31289709911347485
18	0.12	-0.3156636857080421
18	0.13	-0.31845960349281754
18	0.14	-0.3212850383836876
18	0.15	-0.3241401626855086
18	0.16	-0.3270251338822377
18	0.17	-0.32994009335651436
18	0.18	-0.33288516503597876
18	0.19	-0.3358604539630611
18	0.2	-0.33886604478559074
18	0.21	-0.3419020001650876
18	0.22	-0.34496835909998824
18	0.23	-0.348065135160862
18	0.24	-0.35119231463510825
18	0.25	-0.35434985457834367
18	0.26	-0.3575376807702123
18	0.27	-0.3607556855724266
18	0.28	-0.3640037256869909
18	0.29	-0.3672816198131012
18	0.3	-0.3705891462013494
18	0.31	-0.3739260401044209
18	0.32	-0.3772919911238741
18	0.33	-0.3806866404532532
18	0.34	-0.3841095780182606
18	0.35	-0.3875603395155981
18	0.36	-0.39103840335277035
18	0.37	-0.3945431874921524
18	0.38	-0.39807404620352355
18	0.39	-0.4016302667304737
18	0.4	-0.40521106587729566
18	0.41	-0.4088155865242745
18	0.42	-0.41244289408083556
18	0.43	-0.41609197288757976
18	0.44	-0.41976172257992095
18	0.45	-0.4234509544279559
18	0.46	-0.42715838766919084
18	0.47	-0.43088264585275654
18	0.48	-0.43462225321608144
18	0.49	-0.43837563111731287
18	0.5	-0.44214109454914763
18	0.51	-0.4459168487622905
18	0.52	-0.4497009860294032
18	0.53	-0.4534914825829159
18	0.54	-0.45728619576279245
18	0.55	-0.4610828614129249
18	0.56	-0.4648790915673892
18	0.57	-0.4686723724702195
18	0.58	-0.47246006297467
18	0.59	-0.4762393933699993
18	0.6	-0.480007464685586
18	0.61	-0.4837612485236854
18	0.62	-0.4874975874731237
18	0.63	-0.491213196156805
18	0.64	-0.49490466296588626
18	0.65	-0.49856845253278154
18	0.66	-0.5022009089937577
18	0.67	-0.5057982600896976
18	0.68	-0.5093566221504569
18	0.69	-0.5128720060042286
18	0.7	-0.51634032384826
18	0.71	-0.5197573971111205
18	0.72	-0.5231189653295458
18	0.73	-0.5264206960545491
18	0.74	-0.5296581957921113
18	0.75	-0.5328270219732678
18	0.76	-0.5359226959370365
18	0.77	-0.5389407168971952
18	0.78	-0.5418765768508533
18	0.79	-0.5447257763729897
18	0.8	-0.5474838412269505
18	0.81	-0.5501463397064912
18	0.82	-0.552708900610613
18	0.83	-0.555167231738352
18	0.84	-0.557517138777238
18	0.85	-0.559754544446586
18	0.86	-0.5618755077454458
18	0.87	-0.5638762431452468
18	0.88	-0.5657531395591994
18	0.89	-0.5675027789146795
18	0.9	-0.5691219541513376
18	0.91	-0.5706076864667782
18	0.92	-0.5719572416334853
18	0.93	-0.5731681452153538
18	0.94	-0.5742381965197467
18	0.95	-0.5751654811314177
18	0.96	-0.5759483818877779
18	0.97	-0.5765855881707593
18	0.98	-0.5770761034085642
18	0.99	-0.5774192507007228
18	1.0	-0.5776146765016198
19	0.0	-0.09154967365039694
19	0.01	-0.09261824715555027
19	0.02	-0.09370617810284945
19	0.03	-0.09481403387013078
19	0.04	-0.09594240403644748
19	0.05	-0.09709190145807264
19	0.06	-0.0982631634065141
19	0.07	-0.09945685277261213
19	0.08	-0.10067365934121159
19	0.09	-0.10191430114110885
19	0.1	-0.1031795258753835
19	0.11	-0.104470112437665
19	0.12	-0.10578687252020713
19	0.13	-0.10713065232015546
19	0.14	-0.10850233435092171
19	0.15	-0.10990283936599213
19	0.16	-0.11133312840324057
19	0.17	-0.11279420495830193
19	0.18	-0.11428711729633052
19	0.19	-0.11581296091217634
19	0.2	-0.11737288114979402
19	0.21	-0.11896807599266734
19	0.22	-0.12059979903780506
19	0.23	-0.12226936266710464
19	0.24	-0.1239781414307425
19	0.25	-0.12572757565874254
19	0.26	-0.12751917531791246
19	0.27	-0.12935452413291398
19	0.28	-0.13123528399177098
19	0.29	-0.1331631996576467
19	0.3	-0.13514010381068448
19	0.31	-0.13716792244551929
19	0.32	-0.13924868065224202
19	0.33	-0.14138450881075862
19	0.34	-0.14357764923100974
19	0.35	-0.14583046327400856
19	0.36	-0.14814543899147667
19	0.37	-0.15052519932479258
19	0.38	-0.15297251090702413
19	0.39	-0.15549029351521065
19	0.4	-0.158081630223331
19	0.41	-0.16074977831008297
19	0.42	-0.16349818097911892
19	0.43	-0.1663304799530828
19	0.44	-0.16925052900637041
19	0.45	-0.17226240850494515
19	0.46	-0.1753704410246972
19	0.47	-0.17857920812239678
19	0.48	-0.18189356833515355
19	0.49	-0.1853186764850822
19	0.5	-0.18886000436503989
19	0.51	-0.1925233628784383
19	0.52	-0.19631492570041775
19	0.53	-0.20024125451814345
19	0.54	-0.20430932589347492
19	0.55	-0.20852655977018442
19	0.56	-0.21290084961823655
19	0.57	-0.2174405941668365
19	0.58	-0.22215473062273794
19	0.59	-0.2270527691964841
19	0.6	-0.23214482866149225
19	0.61	-0.23744167254244786
19	0.62	-0.2429547453617041
19	0.63	-0.24869620815444582
19	0.64	-0.2546789721814934
19	0.65	-0.26091672940551497
19	0.66	-0.26742397783042415
19	0.67	-0.27421603920782983
19	0.68	-0.2813090658552523
19	0.69	-0.2887200323674845
19	0.7	-0.2964667067853621
19	0.71	-0.3045675942566291
19	0.72	-0.31304184431268167
19	0.73	-0.3219091105161585
19	0.74	-0.3311893483251565
19	0.75	-0.34090253349075395
19	0.76	-0.3510682790910234
19	0.77	-0.36170532438207265
19	0.78	-0.3728308630672328
19	0.79	-0.3844596725395074
19	0.8	-0.3966029995579853
19	0.81	-0.40926715245261164
19	0.82	-0.4224517466265527
19	0.83	-0.4361475509183294
19	0.84	-0.4503338903974269
19	0.85	-0.46497558076113926
19	0.86	-0.4800194064071834
19	0.87	-0.49539021532090644
19	0.88	-0.5109867961420311
19	0.89	-0.5266778311904147
19	0.9	-0.5422983830663825
19	0.91	-0.557647559434221
19	0.92	-0.5724881800775616
19	0.93	-0.5865493875299476
19	0.94	-0.5995331191314724
19	0.95	-0.6111251055798845
19	0.96	-0.6210105120140996
19	0.97	-0.6288934958411593
19	0.98	-0.6345189428771137
19	0.99	-0.6376937150062666
19	1.0	-0.6383042330263923
20	0.0	-0.13306637866890283
20	0.01	-0.13450731206791897
20	0.02	-0.13597497464131844
20	0.03	-0.1374701041961724
20	0.04	-0.13899346497725668
20	0.05	-0.1405458488045732
20	0.06	-0.1421280762662999
20	0.07	-0.1437409979699656
20	0.08	-0.1453854958548959
20	0.09	-0.14706248456906187
20	0.1	-0.14877291291355513
20	0.11	-0.15051776535821218
20	0.12	-0.15229806363183762
20	0.13	-0.15411486839086122
20	0.14	-0.1559692809702387
20	0.15	-0.1578624452205764
20	0.16	-0.159795549435657
20	0.17	-0.16176982837464915
20	0.18	-0.163786565383327
20	0.19	-0.16584709461882094
20	0.2	-0.16795280338245128
20	0.21	-0.17010513456520726
20	0.22	-0.17230558921055997
20	0.23	-0.1745557291991435
20	0.24	-0.17685718005984286
20	0.25	-0.17921163391160838
20	0.26	-0.18162085254022606
20	0.27	-0.18408667061374528
20	0.28	-0.1866109990400562
20	0.29	-0.18919582846931665
20	0.3	-0.19184323294339034
20	0.31	-0.19455537369333178
20	0.32	-0.19733450308490524
20	0.33	-0.20018296871059887
20	0.34	-0.20310321762479097
20	0.35	-0.20609780071653808
20	0.36	-0.2091693772117799
20	0.37	-0.2123207192934892
20	0.38	-0.21555471682439925
20	0.39	-0.21887438215227054
20	0.4	-0.22228285497200814
20	0.41	-0.22578340721221596
20	0.42	-0.22937944790584444
20	0.43	-0.23307452799501419
20	0.44	-0.23687234500882462
20	0.45	-0.24077674753962558
20	0.46	-0.2447917394273999
20	0.47	-0.24892148354322996
20	0.48	-0.25317030504088395
20	0.49	-0.2575426939196354
20	0.5	-0.2620433067110338
20	0.51	-0.2666769670667984
20	0.52	-0.2714486649831724
20	0.53	-0.27636355434851007
20	0.54	-0.2814269484440591
20	0.55	-0.2866443129620483
20	0.56	-0.29202125602877915
20	0.57	-0.2975635146323385
20	0.58	-0.30327693675311773
20	0.59	-0.3091674583794129
20	0.6	-0.3152410744582844
20	0.61	-0.3215038026826674
20	0.62	-0.32796163884831375
20	0.63	-0.33462050232832424
20	0.64	-0.34148617000915776
20	0.65	-0.3485641968119905
20	0.66	-0.35585982069053845
20	0.67	-0.3633778497572247
20	0.68	-0.3711225289532641
20	0.69	-0.3790973834591327
20	0.7	-0.387305035860074
20	0.71	-0.3957469939646789
20	0.72	-0.4044234061606454
20	0.73	-0.4133327813296923
20	0.74	-0.4224716706960795
20	0.75	-0.4318343096285009
20	0.76	-0.4414122184474411
20	0.77	-0.45119376281907936
20	0.78	-0.4611636764636822
20	0.79	-0.4713025517963201
20	0.8	-0.4815863078662855
20	0.81	-0.4919856496530827
20	0.82	-0.5024655384337298
20	0.83	-0.512984699477272
20	0.84	-0.5234952005124412
20	0.85	-0.5339421418071751
20	0.86	-0.5442635055843761
20	0.87	-0.554390217868153
20	0.88	-0.5642464784062114
20	0.89	-0.5737504125209144
20	0.9	-0.5828150910169707
20	0.91	-0.5913499492415291
20	0.92	-0.5992626132608634
20	0.93	-0.606461110111711
20	0.94	-0.6128564018465503
20	0.95	-0.6183651429145643
20	0.96	-0.6229125221705495
20	0.97	-0.6264350204132717
20	0.98	-0.6288828978605965
20	0.99	-0.6302222282423949
20	1.0	-0.630436319635319
21	0.0	-0.49953311096122505
21	0.01	-0.5012858031026509
21	0.02	-0.503031131265316
21	0.03	-0.5047688981637218
21	0.04	-0.5064989054753853
21	0.05	-0.5082209538770418
21	0.06	-0.5099348430819897
21	0.07	-0.5116403718785772
21	0.08	-0.5133373381698373
21	0.09	-0.5150255390142701
21	0.1	-0.5167047706677755
21	0.11	-0.5183748286267363
21	0.12	-0.5200355076722482
21	0.13	-0.5216866019154999
21	0.14	-0.5233279048442941
21	0.15	-0.5249592093707081
21	0.16	-0.526580307879892
21	0.17	-0.5281909922799902
21	0.18	-0.5297910540531866
21	0.19	-0.531380284307859
21	0.2	-0.5329584738318344
21	0.21	-0.5345254131467356
21	0.22	-0.5360808925634025
21	0.23	-0.5376247022383781
21	0.24	-0.5391566322314425
21	0.25	-0.5406764725641738
21	0.26	-0.5421840132795278
21	0.27	-0.5436790445024064
21	0.28	-0.5451613565012015
21	0.29	-0.5466307397502871
21	0.3	-0.5480869849934402
21	0.31	-0.5495298833081641
21	0.32	-0.5509592261708833
21	0.33	-0.5523748055229897
21	0.34	-0.5537764138377074
21	0.35	-0.5551638441877408
21	0.36	-0.5565368903136834
21	0.37	-0.5578953466931447
21	0.38	-0.559239008610565
21	0.39	-0.5605676722276833
21	0.4	-0.5618811346546125
21	0.41	-0.5631791940214974
21	0.42	-0.5644616495506938
21	0.43	-0.5657283016294518
21	0.44	-0.5669789518830394
21	0.45	-0.568213403248273
21	0.46	-0.5694314600474074
21	0.47	-0.5706329280623367
21	0.48	-0.5718176146090591
21	0.49	-0.5729853286123571
21	0.5	-0.5741358806806426
21	0.51	-0.5752690831809144
21	0.52	-0.5763847503137791
21	0.53	-0.5774826981884773
21	0.54	-0.5785627448978651
21	0.55	-0.5796247105932962
21	0.56	-0.5806684175593434
21	0.57	-0.581693690288311
21	0.58	-0.5827003555544736
21	0.59	-0.5836882424879888
21	0.6	-0.5846571826484217
21	0.61	-0.5856070100978267
21	0.62	-0.5865375614733213
21	0.63	-0.5874486760590979
21	0.64	-0.5883401958578124
21	0.65	-0.5892119656612886
21	0.66	-0.590063833120478
21	0.67	-0.5908956488146154
21	0.68	-0.591707266319512
21	0.69	-0.5924985422749253
21	0.7	-0.5932693364509423
21	0.71	-0.5940195118133226
21	0.72	-0.5947489345877386
21	0.73	-0.5954574743228573
21	0.74	-0.5961450039521995
21	0.75	-0.5968113998547282
21	0.76	-0.5974565419141026
21	0.77	-0.5980803135765446
21	0.78	-0.5986826019072611
21	0.79	-0.599263297645375
21	0.8	-0.599822295257299
21	0.81	-0.600359492988517
21	0.82	-0.6008747929137065
21	0.83	-0.6013681009851675
21	0.84	-0.6018393270794975
21	0.85	-0.6022883850424778
21	0.86	-0.6027151927321158
21	0.87	-0.6031196720598109
21	0.88	-0.6035017490295917
21	0.89	-0.6038613537753967
21	0.9	-0.604198420596347
21	0.91	-0.6045128879899918
21	0.92	-0.604804698683476
21	0.93	-0.6050737996626102
21	0.94	-0.6053201421988081
21	0.95	-0.6055436818738631
21	0.96	-0.605744378602543
21	0.97	-0.6059221966529735
21	0.98	-0.6060771046647937
21	0.99	-0.606209075665064
21	1.0	-0.6063180870819086
22	0.0	-0.4905161454531886
22	0.01	-0.49222698292468997
22	0.02	-0.4939296220646702
22	0.03	-0.49562385956692473
22	0.04	-0.49730949136921165
22	0.05	-0.49898631269827687
22	0.06	-0.5006541181159939
22	0.07	-0.5023127015666141
22	0.08	-0.5039618564251253
22	0.09	-0.5056013755467043
22	0.1	-0.5072310513172604
22	0.11	-0.5088506757050592
22	0.12	-0.5104600403134114
22	0.13	-0.5120589364344242
22	0.14	-0.5136471551037867
22	0.15	-0.5152244871565923
22	0.16	-0.5167907232841693
22	0.17	-0.5183456540919045
22	0.18	-0.5198890701580481
22	0.19	-0.5214207620934721
22	0.2	-0.5229405206023643
22	0.21	-0.524448136543836
22	0.22	-0.525943400994419
22	0.23	-0.5274261053114242
22	0.24	-0.5288960411971403
22	0.25	-0.5303530007638388
22	0.26	-0.5317967765995617
22	0.27	-0.533227161834656
22	0.28	-0.5346439502090259
22	0.29	-0.5360469361400704
22	0.3	-0.5374359147912693
22	0.31	-0.5388106821413814
22	0.32	-0.5401710350542206
22	0.33	-0.5415167713489675
22	0.34	-0.5428476898709816
22	0.35	-0.5441635905630676
22	0.36	-0.5454642745371565
22	0.37	-0.5467495441463602
22	0.38	-0.5480192030573502
22	0.39	-0.5492730563230172
22	0.4	-0.5505109104553668
22	0.41	-0.5517325734986014
22	0.42	-0.5529378551023365
22	0.43	-0.5541265665949091
22	0.44	-0.5552985210567217
22	0.45	-0.5564535333935706
22	0.46	-0.557591420409911
22	0.47	-0.558712000881999
22	0.48	-0.559815095630862
22	0.49	-0.5609005275950423
22	0.5	-0.5619681219030542
22	0.51	-0.5630177059455093
22	0.52	-0.5640491094468398
22	0.53	-0.5650621645365769
22	0.54	-0.5660567058201189
22	0.55	-0.5670325704489381
22	0.56	-0.567989598190162
22	0.57	-0.5689276314954791
22	0.58	-0.5698465155693093
22	0.59	-0.5707460984361773
22	0.6	-0.5716262310072405
22	0.61	-0.5724867671459063
22	0.62	-0.5733275637324882
22	0.63	-0.5741484807278395
22	0.64	-0.5749493812359128
22	0.65	-0.5757301315651876
22	0.66	-0.5764906012889105
22	0.67	-0.5772306633040993
22	0.68	-0.5779501938892488
22	0.69	-0.5786490727606922
22	0.7	-0.5793271831275681
22	0.71	-0.5799844117453344
22	0.72	-0.5806206489677864
22	0.73	-0.5812357887975301
22	0.74	-0.5818297289348596
22	0.75	-0.5824023708249981
22	0.76	-0.582953619703651
22	0.77	-0.5834833846408355
22	0.78	-0.5839915785829409
22	0.79	-0.5844781183929774
22	0.8	-0.5849429248889824
22	0.81	-0.5853859228805387
22	0.82	-0.5858070412033763
22	0.83	-0.586206212752022
22	0.84	-0.5865833745104633
22	0.85	-0.5869384675808028
22	0.86	-0.5872714372098722
22	0.87	-0.5875822328137759
22	0.88	-0.5878708080003539
22	0.89	-0.5881371205895255
22	0.9	-0.5883811326315119
22	0.91	-0.588602810422905
22	0.92	-0.5888021245205818
22	0.93	-0.58897904975344
22	0.94	-0.5891335652319497
22	0.95	-0.5892656543555178
22	0.96	-0.5893753048176473
22	0.97	-0.5894625086088993
22	0.98	-0.5895272620176506
22	0.99	-0.5895695656286484
22	1.0	-0.5895894243193667
23	0.0	-0.47254853892539983
23	0.01	-0.47402050773176246
23	0.02	-0.47548549260021
23	0.03	-0.4769433446882185
23	0.04	-0.478393914701019
23	0.05	-0.47983705291723644
23	0.06	-0.48127260921507137
23	0.07	-0.4827004330990246
23	0.08	-0.48412037372715877
23	0.09	-0.48553227993889936
23	0.1	-0.48693600028336514
23	0.11	-0.48833138304823276
23	0.12	-0.48971827628912323
23	0.13	-0.4910965278595122
23	0.14	-0.49246598544115644
23	0.15	-0.4938264965750294
23	0.16	-0.4951779086927665
23	0.17	-0.4965200691486041
23	0.18	-0.4978528252518158
23	0.19	-0.4991760242996308
23	0.2	-0.5004895136106307
23	0.21	-0.501793140558616
23	0.22	-0.5030867526069327
23	0.23	-0.50437019734325
23	0.24	-0.5056433225147811
23	0.25	-0.506905976063934
23	0.26	-0.5081580061643841
23	0.27	-0.509399261257556
23	0.28	-0.5106295900895036
23	0.29	-0.5118488417481761
23	0.3	-0.5130568657010565
23	0.31	-0.5142535118331601
23	0.32	-0.5154386304853799
23	0.33	-0.5166120724931617
23	0.34	-0.5177736892255003
23	0.35	-0.5189233326242321
23	0.36	-0.5200608552436198
23	0.37	-0.5211861102902006
23	0.38	-0.5222989516628949
23	0.39	-0.523399233993346
23	0.4	-0.5244868126864781
23	0.41	-0.5255615439612584
23	0.42	-0.526623284891638
23	0.43	-0.527671893447657
23	0.44	-0.5287072285366916
23	0.45	-0.5297291500448266
23	0.46	-0.5307375188783305
23	0.47	-0.5317321970052121
23	0.48	-0.5327130474968407
23	0.49	-0.5336799345696053
23	0.5	-0.5346327236265921
23	0.51	-0.5355712812992591
23	0.52	-0.5364954754890844
23	0.53	-0.5374051754091658
23	0.54	-0.5383002516257461
23	0.55	-0.5391805760996489
23	0.56	-0.5400460222275889
23	0.57	-0.540896464883344
23	0.58	-0.5417317804587599
23	0.59	-0.5425518469045632
23	0.6	-0.5433565437709597
23	0.61	-0.5441457522479931
23	0.62	-0.5449193552056397
23	0.63	-0.5456772372336121
23	0.64	-0.5464192846808517
23	0.65	-0.5471453856946796
23	0.66	-0.5478554302595853
23	0.67	-0.5485493102356259
23	0.68	-0.5492269193964114
23	0.69	-0.5498881534666517
23	0.7	-0.5505329101592378
23	0.71	-0.5511610892118396
23	0.72	-0.5517725924229857
23	0.73	-0.5523673236876064
23	0.74	-0.5529451890320194
23	0.75	-0.5535060966483231
23	0.76	-0.5540499569281851
23	0.77	-0.5545766824959946
23	0.78	-0.5550861882413575
23	0.79	-0.5555783913509151
23	0.8	-0.5560532113394556
23	0.81	-0.5565105700803036
23	0.82	-0.556950391834961
23	0.83	-0.5573726032819801
23	0.84	-0.5577771335450467
23	0.85	-0.5581639142202509
23	0.86	-0.5585328794025323
23	0.87	-0.5588839657112672
23	0.88	-0.559217112314994
23	0.89	-0.5595322609552441
23	0.9	-0.5598293559694711
23	0.91	-0.5601083443130531
23	0.92	-0.560369175580358
23	0.93	-0.5606118020248484
23	0.94	-0.5608361785782181
23	0.95	-0.5610422628685391
23	0.96	-0.5612300152374101
23	0.97	-0.5613993987560878
23	0.98	-0.5615503792405948
23	0.99	-0.5616829252657868
23	1.0	-0.5617970081783692
24	0.0	-0.3543828643089765
24	0.01	-0.3570553655357279
24	0.02	-0.3597434087787391
24	0.03	-0.3624468303142708
24	0.04	-0.3651654516871722
24	0.05	-0.3678990790948078
24	0.06	-0.3706475027548745
24	0.07	-0.37341049625732936
24	0.08	-0.37618781590071354
24	0.09	-0.37897920001323293
24	0.1	-0.3817843682590439
24	0.11	-0.3846030209302753
24	0.12	-0.38743483822542096
24	0.13	-0.3902794795148344
24	0.14	-0.39313658259417367
24	0.15	-0.3960057629267573
24	0.16	-0.39888661287592253
24	0.17	-0.4017787009286109
24	0.18	-0.4046815709115426
24	0.19	-0.4075947412015026
24	0.2	-0.4105177039314085
24	0.21	-0.4134499241940033
24	0.22	-0.4163908392451883
24	0.23	-0.41933985770919757
24	0.24	-0.42229635878799915
24	0.25	-0.4252596914775129
24	0.26	-0.4282291737934315
24	0.27	-0.4312040920096504
24	0.28	-0.43418369991251915
24	0.29	-0.437167218074355
24	0.3	-0.44015383314988105
24	0.31	-0.44314269719947363
24	0.32	-0.4461329270433446
24	0.33	-0.44912360365099757
24	0.34	-0.4521137715705361
24	0.35	-0.4551024384026161
24	0.36	-0.4580885743240592
24	0.37	-0.4610711116663472
24	0.38	-0.4640489445544227
24	0.39	-0.4670209286114041
24	0.4	-0.46998588073499575
24	0.41	-0.4729425789515249
24	0.42	-0.47588976235367103
24	0.43	-0.4788261311280532
24	0.44	-0.4817503466789243
24	0.45	-0.484661031854259
24	0.46	-0.4875567712805364
24	0.47	-0.4904361118124813
24	0.48	-0.49329756310396244
24	0.49	-0.49613959830610727
24	0.5	-0.498960654898542
24	0.51	-0.5017591356594161
24	0.52	-0.5045334097795977
24	0.53	-0.5072818141260726
24	0.54	-0.5100026546591706
24	0.55	-0.5126942080077656
24	0.56	-0.5153547232060398
24	0.57	-0.5179824235948017
24	0.58	-0.5205755088896415
24	0.59	-0.523132157417463
24	0.6	-0.5256505285220938
24	0.61	-0.5281287651387789
24	0.62	-0.5305649965364013
24	0.63	-0.5329573412252474
24	0.64	-0.5353039100270438
24	0.65	-0.5376028093028642
24	0.66	-0.5398521443333135
24	0.67	-0.5420500228441887
24	0.68	-0.5441945586695494
24	0.69	-0.5462838755428838
24	0.7	-0.5483161110057698
24	0.71	-0.5502894204221608
24	0.72	-0.5522019810851837
24	0.73	-0.5540519964021114
24	0.74	-0.5558377001419964
24	0.75	-0.557557360729348
24	0.76	-0.559209285566192
24	0.77	-0.5607918253639076
24	0.78	-0.5623033784654036
24	0.79	-0.5637423951374659
24	0.8	-0.5651073818125272
24	0.81	-0.5663969052586753
24	0.82	-0.5676095966564239
24	0.83	-0.568744155560665
24	0.84	-0.5697993537262785
24	0.85	-0.5707740387761208
24	0.86	-0.5716671376905398
24	0.87	-0.5724776600981918
24	0.88	-0.5732047013487295
24	0.89	-0.5738474453489304
24	0.9	-0.5744051671449988
24	0.91	-0.5748772352351194
24	0.92	-0.5752631135978369
24	0.93	-0.5755623634234918
24	0.94	-0.5757746445377095
24	0.95	-0.575899716507854
24	0.96	-0.5759374394253295
24	0.97	-0.5758877743586989
24	0.98	-0.57575078347469
24	0.99	-0.5755266298263294
24	1.0	-0.5752155768095933
25	0.0	-0.46155471696929856
25	0.01	-0.46363715104602893
25	0.02	-0.4657151004821465
25	0.03	-0.46778830880934313
25	0.04	-0.46985651638943304
25	0.05	-0.4719194604378975
25	0.06	-0.47397687504997155
25	0.07	-0.4760284912293397
25	0.08	-0.4780740369194998
25	0.09	-0.48011323703785863
25	0.1	-0.4821458135126169
25	0.11	-0.48417148532250665
25	0.12	-0.4861899685394334
25	0.13	-0.4882009763740869
25	0.14	-0.49020421922456614
25	0.15	-0.4921994047280792
25	0.16	-0.49418623781576515
25	0.17	-0.4961644207706874
25	0.18	-0.4981336532890445
25	0.19	-0.5000936325446447
25	0.2	-0.5020440532566813
25	0.21	-0.5039846077608532
25	0.22	-0.5059149860838601
25	0.23	-0.5078348760213095
25	0.24	-0.5097439632190623
25	0.25	-0.5116419312580407
25	0.26	-0.513528461742524
25	0.27	-0.5154032343919478
25	0.28	-0.5172659271362191
25	0.29	-0.5191162162145573
25	0.3	-0.5209537762778697
25	0.31	-0.5227782804946524
25	0.32	-0.5245894006604247
25	0.33	-0.5263868073106733
25	0.34	-0.5281701698373031
25	0.35	-0.5299391566085674
25	0.36	-0.5316934350924548
25	0.37	-0.5334326719834989
25	0.38	-0.5351565333329767
25	0.39	-0.5368646846824504
25	0.4	-0.5385567912006025
25	0.41	-0.5402325178233149
25	0.42	-0.5418915293969178
25	0.43	-0.5435334908245569
25	0.44	-0.5451580672155899
25	0.45	-0.5467649240379396
25	0.46	-0.5483537272733144
25	0.47	-0.5499241435751993
25	0.48	-0.5514758404295191
25	0.49	-0.5530084863178685
25	0.5	-0.5545217508831873
25	0.51	-0.5560153050977678
25	0.52	-0.5574888214334641
25	0.53	-0.5589419740339667
25	0.54	-0.5603744388890064
25	0.55	-0.5617858940103375
25	0.56	-0.5631760196093463
25	0.57	-0.5645444982761292
25	0.58	-0.5658910151598731
25	0.59	-0.5672152581503632
25	0.6	-0.5685169180604487
25	0.61	-0.5697956888092767
25	0.62	-0.5710512676061121
25	0.63	-0.5722833551345461
25	0.64	-0.5734916557368992
25	0.65	-0.574675877598618
25	0.66	-0.5758357329324528
25	0.67	-0.5769709381622155
25	0.68	-0.5780812141058974
25	0.69	-0.5791662861579346
25	0.7	-0.5802258844703976
25	0.71	-0.5812597441328876
25	0.72	-0.5822676053509157
25	0.73	-0.5832492136225347
25	0.74	-0.5842043199130033
25	0.75	-0.5851326808272542
25	0.76	-0.5860340587799362
25	0.77	-0.5869082221628056
25	0.78	-0.5877549455092411
25	0.79	-0.5885740096556585
25	0.8	-0.5893652018995952
25	0.81	-0.5901283161542521
25	0.82	-0.5908631530992695
25	0.83	-0.5915695203275227
25	0.84	-0.5922472324877265
25	0.85	-0.5928961114226362
25	0.86	-0.5935159863026553
25	0.87	-0.5941066937546335
25	0.88	-0.5946680779856804
25	0.89	-0.5951999909017969
25	0.9	-0.5957022922211515
25	0.91	-0.5961748495818262
25	0.92	-0.5966175386438681
25	0.93	-0.5970302431854887
25	0.94	-0.59741285519326
25	0.95	-0.597765274946174
25	0.96	-0.5980874110934249
25	0.97	-0.5983791807257973
25	0.98	-0.598640509440549
25	0.99	-0.5988713313996811
25	1.0	-0.5990715893815058
26	0.0	-0.40898089400554494
26	0.01	-0.4112641476426352
26	0.02	-0.41354973266047845
26	0.03	-0.41583736159775986
26	0.04	-0.4181267383962646
26	0.05	-0.42041755826753063
26	0.06	-0.4227095075623564
26	0.07	-0.4250022636435178
26	0.08	-0.4272954947620597
26	0.09	-0.4295888599375393
26	0.1	-0.431882008842621
26	0.11	-0.43417458169243056
26	0.12	-0.43646620913909623
26	0.13	-0.4387565121719182
26	0.14	-0.44104510202362085
26	0.15	-0.4433315800831596
26	0.16	-0.4456155378155673
26	0.17	-0.44789655668933626
26	0.18	-0.45017420811185127
26	0.19	-0.45244805337339355
26	0.2	-0.45471764360025735
26	0.21	-0.4569825197175225
26	0.22	-0.4592422124220408
26	0.23	-0.4614962421662086
26	0.24	-0.463744119153094
26	0.25	-0.465985343343507
26	0.26	-0.4682194044755972
26	0.27	-0.47044578209757276
26	0.28	-0.4726639456141365
26	0.29	-0.4748733543472326
26	0.3	-0.4770734576117022
26	0.31	-0.479263694806437
26	0.32	-0.48144349552162086
26	0.33	-0.483612279662636
26	0.34	-0.48576945759121015
26	0.35	-0.4879144302843541
26	0.36	-0.49004658951164315
26	0.37	-0.49216531803136343
26	0.38	-0.49426998980602926
26	0.39	-0.4963599702377588
26	0.4	-0.498434616423958
26	0.41	-0.5004932774337518
26	0.42	-0.502535294605544
26	0.43	-0.5045600018660792
26	0.44	-0.5065667260713141
26	0.45	-0.5085547873693881
26	0.46	-0.510523499585917
26	0.47	-0.5124721706317953
26	0.48	-0.5144001029336367
26	0.49	-0.5163065938869287
26	0.5	-0.5181909363319112
26	0.51	-0.5200524190521357
26	0.52	-0.5218903272955885
26	0.53	-0.5237039433181937
26	0.54	-0.525492546949444
26	0.55	-0.5272554161798295
26	0.56	-0.5289918277696557
26	0.57	-0.5307010578787679
26	0.58	-0.5323823827166134
26	0.59	-0.5340350792119933
26	0.6	-0.5356584257017667
26	0.61	-0.5372517026376895
26	0.62	-0.5388141933104779
26	0.63	-0.5403451845901097
26	0.64	-0.5418439676812737
26	0.65	-0.5433098388928097
26	0.66	-0.5447421004198838
26	0.67	-0.5461400611375595
26	0.68	-0.5475030374043575
26	0.69	-0.5488303538742945
26	0.7	-0.5501213443158394
26	0.71	-0.5513753524361291
26	0.72	-0.5525917327087361
26	0.73	-0.5537698512032018
26	0.74	-0.5549090864144968
26	0.75	-0.5560088300905135
26	0.76	-0.557068488055643
26	0.77	-0.5580874810284581
26	0.78	-0.5590652454314716
26	0.79	-0.5600012341909338
26	0.8	-0.5608949175245864
26	0.81	-0.5617457837153066
26	0.82	-0.5625533398685407
26	0.83	-0.563317112651467
26	0.84	-0.5640366490118013
26	0.85	-0.564711516874219
26	0.86	-0.5653413058123727
26	0.87	-0.5659256276945401
26	0.88	-0.5664641173009777
26	0.89	-0.5669564329111239
26	0.9	-0.5674022568588586
26	0.91	-0.5678012960540996
26	0.92	-0.5681532824691133
26	0.93	-0.5684579735879993
26	0.94	-0.5687151528179152
26	0.95	-0.5689246298607186
26	0.96	-0.5690862410438178
26	0.97	-0.5691998496091444
26	0.98	-0.5692653459592872
26	0.99	-0.5692826478599707
26	1.0	-0.5692517005981826
27	0.0	-0.4044708717577864
27	0.01	-0.4069621592116312
27	0.02	-0.40945769739640736
27	0.03	-0.4119571897875507
27	0.04	-0.4144603302818365
27	0.05	-0.416966803033981
27	0.06	-0.41947628229591105
27	0.07	-0.4219884322590932
27	0.08	-0.42450290690033526
27	0.09	-0.4270193498314952
27	0.1	-0.42953739415354975
27	0.11	-0.43205666231548767
27	0.12	-0.4345767659785209
27	0.13	-0.4370973058861213
27	0.14	-0.4396178717404062
27	0.15	-0.4421380420854212
27	0.16	-0.4446573841978817
27	0.17	-0.44717545398595254
27	0.18	-0.44969179589666586
27	0.19	-0.45220594283259113
27	0.2	-0.4547174160783869
27	0.21	-0.45722572523787836
27	0.22	-0.45973036818232393
27	0.23	-0.46223083101054047
27	0.24	-0.4647265880215709
27	0.25	-0.46721710170058955
27	0.26	-0.46970182271874883
27	0.27	-0.4721801899476778
27	0.28	-0.47465163048934467
27	0.29	-0.47711555972200914
27	0.3	-0.4795713813629779
27	0.31	-0.4820184875488874
27	0.32	-0.484456258934225
27	0.33	-0.4868840648088031
27	0.34	-0.4893012632348811
27	0.35	-0.4917072012046276
27	0.36	-0.4941012148185931
27	0.37	-0.49648262948584915
27	0.38	-0.4988507601464283
27	0.39	-0.5012049115166685
27	0.4	-0.5035443783580441
27	0.41	-0.5058684457700265
27	0.42	-0.5081763895074858
27	0.43	-0.5104674763230961
27	0.44	-0.5127409643351716
27	0.45	-0.5149961034213074
27	0.46	-0.5172321356381392
27	0.47	-0.5194482956674913
27	0.48	-0.5216438112891079
27	0.49	-0.5238179038801062
27	0.5	-0.5259697889412123
27	0.51	-0.52809867664977
27	0.52	-0.5302037724394341
27	0.53	-0.5322842776063803
27	0.54	-0.5343393899417683
27	0.55	-0.5363683043901183
27	0.56	-0.5383702137331596
27	0.57	-0.5403443092986154
27	0.58	-0.5422897816932981
27	0.59	-0.5442058215597738
27	0.6	-0.546091620355769
27	0.61	-0.5479463711553747
27	0.62	-0.5497692694710146
27	0.63	-0.5515595140950128
27	0.64	-0.5533163079595262
27	0.65	-0.5550388590134663
27	0.66	-0.5567263811149603
27	0.67	-0.5583780949377812
27	0.68	-0.5599932288900813
27	0.69	-0.5615710200436759
27	0.7	-0.5631107150720148
27	0.71	-0.5646115711948996
27	0.72	-0.5660728571279264
27	0.73	-0.5674938540345392
27	0.74	-0.5688738564785176
27	0.75	-0.5702121733746558
27	0.76	-0.5715081289353307
27	0.77	-0.5727610636105968
27	0.78	-0.5739703350194267
27	0.79	-0.5751353188696541
27	0.8	-0.5762554098641747
27	0.81	-0.5773300225909408
27	0.82	-0.5783585923942729
27	0.83	-0.5793405762250333
27	0.84	-0.5802754534672186
27	0.85	-0.5811627267385512
27	0.86	-0.5820019226627039
27	0.87	-0.5827925926108289
27	0.88	-0.5835343134101406
27	0.89	-0.5842266880173583
27	0.9	-0.5848693461549204
27	0.91	-0.5854619449079552
27	0.92	-0.5860041692801211
27	0.93	-0.586495732706526
27	0.94	-0.5869363775220751
27	0.95	-0.5873258753837243
27	0.96	-0.5876640276452529
27	0.97	-0.5879506656833358
27	0.98	-0.5881856511738341
27	0.99	-0.5883688763173904
27	1.0	-0.5885002640135948
28	0.0	-0.4459115645402738
28	0.01	-0.4476972381074492
28	0.02	-0.4494769978179011
28	0.03	-0.4512506460449195
28	0.04	-0.45301798381345937
28	0.05	-0.4547788108331437
28	0.06	-0.45653292553252434
28	0.07	-0.45828012509460964
28	0.08	-0.46002020549366607
28	0.09	-0.46175296153330253
28	0.1	-0.46347818688584214
28	0.11	-0.4651956741329877
28	0.12	-0.46690521480778185
28	0.13	-0.46860659943787025
28	0.14	-0.47029961759006406
28	0.15	-0.47198405791620424
28	0.16	-0.47365970820032954
28	0.17	-0.4753263554071437
28	0.18	-0.476983785731777
28	0.19	-0.47863178465084383
28	0.2	-0.4802701369747836
28	0.21	-0.4818986269014827
28	0.22	-0.48351703807116647
28	0.23	-0.4851251536225532
28	0.24	-0.48672275625025596
28	0.25	-0.48830962826342156
28	0.26	-0.48988555164559194
28	0.27	-0.4914503081157708
28	0.28	-0.49300367919067917
28	0.29	-0.4945454462481791
28	0.3	-0.4960753905918482
28	0.31	-0.4975932935166767
28	0.32	-0.4990989363758691
28	0.33	-0.5005921006487221
28	0.34	-0.502072568009549
28	0.35	-0.5035401203976273
28	0.36	-0.5049945400881319
28	0.37	-0.5064356097640288
28	0.38	-0.5078631125888882
28	0.39	-0.5092768322805868
28	0.4	-0.5106765531858583
28	0.41	-0.5120620603556567
28	0.42	-0.5134331396212846
28	0.43	-0.514789577671255
28	0.44	-0.5161311621288338
28	0.45	-0.517457681630218
28	0.46	-0.5187689259033095
28	0.47	-0.5200646858470281
28	0.48	-0.5213447536111181
28	0.49	-0.5226089226763941
28	0.5	-0.523856987935376
28	0.51	-0.5250887457732561
28	0.52	-0.5263039941491456
28	0.53	-0.5275025326775364
28	0.54	-0.5286841627099337
28	0.55	-0.529848687416581
28	0.56	-0.530995911868237
28	0.57	-0.5321256431179257
28	0.58	-0.5332376902826075
28	0.59	-0.5343318646247054
28	0.6	-0.5354079796334198
28	0.61	-0.5364658511057666
28	0.62	-0.5375052972272775
28	0.63	-0.5385261386522899
28	0.64	-0.5395281985837628
28	0.65	-0.5405113028525523
28	0.66	-0.5414752799960718
28	0.67	-0.5424199613362817
28	0.68	-0.543345181056924
28	0.69	-0.5442507762799502
28	0.7	-0.5451365871410583
28	0.71	-0.5460024568642832
28	0.72	-0.5468482318355651
28	0.73	-0.5476737616752303
28	0.74	-0.5484788993093186
28	0.75	-0.5492635010396858
28	0.76	-0.5500274266128211
28	0.77	-0.5507705392873081
28	0.78	-0.5514927058998706
28	0.79	-0.5521937969299306
28	0.8	-0.5528736865626276
28	0.81	-0.5535322527502253
28	0.82	-0.5541693772718552
28	0.83	-0.5547849457915289
28	0.84	-0.5553788479143711
28	0.85	-0.5559509772410086
28	0.86	-0.5565012314200639
28	0.87	-0.557029512198702
28	0.88	-0.5575357254711774
28	0.89	-0.5580197813253309
28	0.9	-0.5584815940869916
28	0.91	-0.558921082362236
28	0.92	-0.559338169077466
28	0.93	-0.5597327815172557
28	0.94	-0.5601048513599374
28	0.95	-0.5604543147108871
28	0.96	-0.5607811121334726
28	0.97	-0.5610851886776375
28	0.98	-0.5613664939060891
28	0.99	-0.5616249819180622
28	1.0	-0.5618606113706424
29	0.0	-0.5197960002659271
29	0.01	-0.5209861631179781
29	0.02	-0.5221662117859663
29	0.03	-0.5233360575437002
29	0.04	-0.5244956122980314
29	0.05	-0.5256447886017742
29	0.06	-0.5267834996665517
29	0.07	-0.527911659375573
29	0.08	-0.5290291822963333
29	0.09	-0.5301359836932353
29	0.1	-0.5312319795401312
29	0.11	-0.5323170865327755
29	0.12	-0.5333912221011957
29	0.13	-0.5344543044219657
29	0.14	-0.53550625243039
29	0.15	-0.5365469858325886
29	0.16	-0.5375764251174812
29	0.17	-0.5385944915686696
29	0.18	-0.5396011072762117
29	0.19	-0.54059619514829
29	0.2	-0.5415796789227637
29	0.21	-0.5425514831786071
29	0.22	-0.5435115333472308
29	0.23	-0.5444597557236824
29	0.24	-0.5453960774777211
29	0.25	-0.5463204266647671
29	0.26	-0.5472327322367232
29	0.27	-0.5481329240526598
29	0.28	-0.5490209328893704
29	0.29	-0.5498966904517847
29	0.3	-0.5507601293832464
29	0.31	-0.5516111832756427
29	0.32	-0.5524497866793926
29	0.33	-0.5532758751132864
29	0.34	-0.5540893850741712
29	0.35	-0.5548902540464906
29	0.36	-0.5556784205116616
29	0.37	-0.5564538239572981
29	0.38	-0.5572164048862726
29	0.39	-0.557966104825619
29	0.4	-0.5587028663352632
29	0.41	-0.559426633016596
29	0.42	-0.5601373495208705
29	0.43	-0.5608349615574317
29	0.44	-0.5615194159017727
29	0.45	-0.5621906604034128
29	0.46	-0.5628486439936035
29	0.47	-0.5634933166928523
29	0.48	-0.5641246296182655
29	0.49	-0.5647425349907103
29	0.5	-0.5653469861417922
29	0.51	-0.5659379375206436
29	0.52	-0.5665153447005301
29	0.53	-0.5670791643852616
29	0.54	-0.5676293544154173
29	0.55	-0.5681658737743766
29	0.56	-0.5686886825941554
29	0.57	-0.5691977421610498
29	0.58	-0.5696930149210816
29	0.59	-0.570174464485248
29	0.6	-0.5706420556345698
29	0.61	-0.5710957543249443
29	0.62	-0.5715355276917924
29	0.63	-0.5719613440545076
29	0.64	-0.5723731729207006
29	0.65	-0.5727709849902411
29	0.66	-0.5731547521590932
29	0.67	-0.5735244475229487
29	0.68	-0.5738800453806522
29	0.69	-0.57422152123742
29	0.7	-0.5745488518078532
29	0.71	-0.5748620150187413
29	0.72	-0.5751609900116602
29	0.73	-0.575445757145358
29	0.74	-0.5757162979979364
29	0.75	-0.5759725953688223
29	0.76	-0.5762146332805242
29	0.77	-0.5764423969801902
29	0.78	-0.5766558729409466
29	0.79	-0.5768550488630314
29	0.8	-0.5770399136747197
29	0.81	-0.5772104575330373
29	0.82	-0.5773666718242652
29	0.83	-0.5775085491642377
29	0.84	-0.5776360833984291
29	0.85	-0.5777492696018355
29	0.86	-0.5778481040786438
29	0.87	-0.5779325843616986
29	0.88	-0.5780027092117594
29	0.89	-0.5780584786165527
29	0.9	-0.5780998937896157
29	0.91	-0.5781269571689416
29	0.92	-0.5781396724154128
29	0.93	-0.5781380444110361
29	0.94	-0.5781220792569749
29	0.95	-0.5780917842713774
29	0.96	-0.5780471679870068
29	0.97	-0.5779882401486708
29	0.98	-0.5779150117104532
29	0.99	-0.5778274948327473
29	1.0	-0.5777257028790956
30	0.0	-0.5264158736255287
30	0.01	-0.5274209832155521
30	0.02	-0.5284162228997276
30	0.03	-0.5294015218744563
30	0.04	-0.5303768099618271
30	0.05	-0.5313420176195286
30	0.06	-0.5322970759506868
30	0.07	-0.533241916713634
30	0.08	-0.5341764723315985
30	0.09	-0.5351006759023192
30	0.1	-0.5360144612075769
30	0.11	-0.5369177627226464
30	0.12	-0.5378105156256615
30	0.13	-0.5386926558068944
30	0.14	-0.539564119877945
30	0.15	-0.5404248451808387
30	0.16	-0.5412747697970316
30	0.17	-0.5421138325563176
30	0.18	-0.5429419730456411
30	0.19	-0.5437591316178038
30	0.2	-0.5445652494000753
30	0.21	-0.5453602683026949
30	0.22	-0.5461441310272679
30	0.23	-0.5469167810750543
30	0.24	-0.5476781627551451
30	0.25	-0.5484282211925272
30	0.26	-0.549166902336032
30	0.27	-0.5498941529661695
30	0.28	-0.5506099207028406
30	0.29	-0.5513141540129316
30	0.3	-0.5520068022177854
30	0.31	-0.5526878155005458
30	0.32	-0.5533571449133804
30	0.33	-0.554014742384571
30	0.34	-0.5546605607254758
30	0.35	-0.5552945536373612
30	0.36	-0.5559166757180982
30	0.37	-0.5565268824687258
30	0.38	-0.5571251302998754
30	0.39	-0.55771137653806
30	0.4	-0.5582855794318219
30	0.41	-0.5588476981577376
30	0.42	-0.5593976928262837
30	0.43	-0.5599355244875545
30	0.44	-0.5604611551368378
30	0.45	-0.5609745477200387
30	0.46	-0.5614756661389602
30	0.47	-0.56196447525643
30	0.48	-0.5624409409012784
30	0.49	-0.5629050298731637
30	0.5	-0.5633567099472431
30	0.51	-0.56379594987869
30	0.52	-0.5642227194070555
30	0.53	-0.5646369892604718
30	0.54	-0.5650387311597007
30	0.55	-0.5654279178220195
30	0.56	-0.5658045229649508
30	0.57	-0.566168521309829
30	0.58	-0.5665198885852065
30	0.59	-0.5668586015300985
30	0.6	-0.5671846378970627
30	0.61	-0.5674979764551166
30	0.62	-0.5677985969924915
30	0.63	-0.5680864803192176
30	0.64	-0.5683616082695494
30	0.65	-0.5686239637042187
30	0.66	-0.5688735305125259
30	0.67	-0.5691102936142615
30	0.68	-0.5693342389614606
30	0.69	-0.5695453535399918
30	0.7	-0.5697436253709746
30	0.71	-0.5699290435120301
30	0.72	-0.5701015980583652
30	0.73	-0.5702612801436827
30	0.74	-0.5704080819409303
30	0.75	-0.5705419966628726
30	0.76	-0.570663018562501
30	0.77	-0.5707711429332702
30	0.78	-0.5708663661091689
30	0.79	-0.5709486854646195
30	0.8	-0.5710180994142116
30	0.81	-0.5710746074122651
30	0.82	-0.5711182099522282
30	0.83	-0.5711489085659032
30	0.84	-0.5711667058225108
30	0.85	-0.5711716053275826
30	0.86	-0.5711636117216897
30	0.87	-0.5711427306790051
30	0.88	-0.571108968905699
30	0.89	-0.5710623341381734
30	0.9	-0.571002835141126
30	0.91	-0.5709304817054586
30	0.92	-0.570845284646015
30	0.93	-0.5707472557991623
30	0.94	-0.5706364080202091
30	0.95	-0.5705127551806619
30	0.96	-0.5703763121653271
30	0.97	-0.5702270948692453
30	0.98	-0.5700651201944789
30	0.99	-0.5698904060467359
30	1.0	-0.5697029713318396
31	0.0	-0.4734690081401268
31	0.01	-0.47572733759416
31	0.02	-0.47798314651533735
31	0.03	-0.48023606869006796
31	0.04	-0.4824857297130352
31	0.05	-0.4847317469431853
31	0.06	-0.48697372946609235
31	0.07	-0.48921127806305603
31	0.08	-0.4914439851873078
31	0.09	-0.4936714349476997
31	0.1	-0.4958932031002572
31	0.11	-0.4981088570479805
31	0.12	-0.5003179558492897
31	0.13	-0.5025200502355031
31	0.14	-0.5047146826377492
31	0.15	-0.5069013872237081
31	0.16	-0.5090796899445821
31	0.17	-0.5112491085926958
31	0.18	-0.5134091528701202
31	0.19	-0.5155593244687154
31	0.2	-0.5176991171619856
31	0.21	-0.5198280169091253
31	0.22	-0.5219455019716385
31	0.23	-0.524051043042902
31	0.24	-0.5261441033910282
31	0.25	-0.5282241390153766
31	0.26	-0.5302905988170546
31	0.27	-0.5323429247837183
31	0.28	-0.5343805521889848
31	0.29	-0.5364029098067374
31	0.3	-0.5384094201405863
31	0.31	-0.5403994996687315
31	0.32	-0.5423725591044405
31	0.33	-0.5443280036723365
31	0.34	-0.5462652334006545
31	0.35	-0.5481836434296045
31	0.36	-0.5500826243359361
31	0.37	-0.5519615624737739
31	0.38	-0.5538198403317521
31	0.39	-0.5556568369064367
31	0.4	-0.557471928091995
31	0.41	-0.5592644870860064
31	0.42	-0.5610338848112978
31	0.43	-0.5627794903536074
31	0.44	-0.5645006714148596
31	0.45	-0.56619679478177
31	0.46	-0.567867226809459
31	0.47	-0.5695113339196901
31	0.48	-0.5711284831133139
31	0.49	-0.5727180424964237
31	0.5	-0.5742793818197006
31	0.51	-0.5758118730303441
31	0.52	-0.5773148908359519
31	0.53	-0.5787878132796491
31	0.54	-0.5802300223257089
31	0.55	-0.5816409044548616
31	0.56	-0.5830198512684225
31	0.57	-0.5843662601003371
31	0.58	-0.585679534636164
31	0.59	-0.5869590855379911
31	0.6	-0.5882043310742154
31	0.61	-0.5894146977530792
31	0.62	-0.5905896209588058
31	0.63	-0.5917285455891474
31	0.64	-0.5928309266931019
31	0.65	-0.5938962301075362
31	0.66	-0.594923933091419
31	0.67	-0.595913524956324
31	0.68	-0.5968645076918628
31	0.69	-0.5977763965846705
31	0.7	-0.5986487208295513
31	0.71	-0.5994810241313976
31	0.72	-0.6002728652964644
31	0.73	-0.601023818811604
31	0.74	-0.6017334754100526
31	0.75	-0.6024014426223803
31	0.76	-0.6030273453112255
31	0.77	-0.6036108261884557
31	0.78	-0.6041515463134227
31	0.79	-0.6046491855710108
31	0.8	-0.6051034431282151
31	0.81	-0.6055140378680208
31	0.82	-0.6058807087994148
31	0.83	-0.6062032154423985
31	0.84	-0.606481338186937
31	0.85	-0.6067148786248386
31	0.86	-0.6069036598536266
31	0.87	-0.6070475267515301
31	0.88	-0.6071463462228053
31	0.89	-0.6072000074126638
31	0.9	-0.6072084218911837
31	0.91	-0.6071715238056448
31	0.92	-0.6070892700008264
31	0.93	-0.6069616401069048
31	0.94	-0.6067886365946562
31	0.95	-0.6065702847977851
31	0.96	-0.6063066329022812
31	0.97	-0.6059977519028051
31	0.98	-0.6056437355261964
31	0.99	-0.6052447001222945
31	1.0	-0.604800784522349
32	0.0	-0.32372392826156193
32	0.01	-0.32699517269088274
32	0.02	-0.33030160253764557
32	0.03	-0.3336433563964087
32	0.04	-0.33702054746964627
32	0.05	-0.3404332614180538
32	0.06	-0.34388155408561993
32	0.07	-0.3473654490947364
32	0.08	-0.35088493530673504
32	0.09	-0.3544399641434151
32	0.1	-0.3580304467653485
32	0.11	-0.3616562511030536
32	0.12	-0.36531719873749635
32	0.13	-0.36901306162684355
32	0.14	-0.37274355867693754
32	0.15	-0.37650835215362216
32	0.16	-0.3803070439358279
32	0.17	-0.3841391716092182
32	0.18	-0.38800420440124234
32	0.19	-0.39190153895963453
32	0.2	-0.39583049497775025
32	0.21	-0.3997903106716618
32	0.22	-0.4037801381156682
32	0.23	-0.40779903844477894
32	0.24	-0.41184597693487884
32	0.25	-0.4159198179736371
32	0.26	-0.4200193199378011
32	0.27	-0.424143129995354
32	0.28	-0.42828977885407205
32	0.29	-0.43245767548132963
32	0.3	-0.4366451018235531
32	0.31	-0.44085020755749593
32	0.32	-0.4450710049095122
32	0.33	-0.4493053635832039
32	0.34	-0.45355100584018593
32	0.35	-0.45780550178321544
32	0.36	-0.46206626489554836
32	0.37	-0.4663305478950026
32	0.38	-0.4705954389658525
32	0.39	-0.47485785843616324
32	0.4	-0.47911455597251873
32	0.41	-0.4833621083681213
32	0.42	-0.4875969180038641
32	0.43	-0.49181521206509204
32	0.44	-0.4960130425991803
32	0.45	-0.5001862875006997
32	0.46	-0.504330652511575
32	0.47	-0.5084416743231821
32	0.48	-0.5125147248655519
32	0.49	-0.5165450168656528
32	0.5	-0.5205276107518737
32	0.51	-0.5244574229752904
32	0.52	-0.5283292358098244
32	0.53	-0.5321377086829965
32	0.54	-0.5358773910765067
32	0.55	-0.5395427370213283
32	0.56	-0.543128121195402
32	0.57	-0.5466278566134221
32	0.58	-0.5500362138777545
32	0.59	-0.5533474419374041
32	0.6	-0.5565557902784037
32	0.61	-0.5596555324444052
32	0.62	-0.5626409907609521
32	0.63	-0.565506562111419
32	0.64	-0.5682467445874094
32	0.65	-0.5708561648121083
32	0.66	-0.5733296057122714
32	0.67	-0.5756620344938597
32	0.68	-0.5778486305584094
32	0.69	-0.5798848130826896
32	0.7	-0.5817662679736109
32	0.71	-0.5834889739042303
32	0.72	-0.5850492271354613
32	0.73	-0.5864436648320726
32	0.74	-0.5876692865909371
32	0.75	-0.588723473914312
32	0.76	-0.5896040073811144
32	0.77	-0.5903090812944368
32	0.78	-0.5908373156135027
32	0.79	-0.591187765012384
32	0.8	-0.5913599249453421
32	0.81	-0.5913537346388696
32	0.82	-0.5911695769724783
32	0.83	-0.5908082752530708
32	0.84	-0.590271086930383
32	0.85	-0.5895596943424991
32	0.86	-0.5886761926199408
32	0.87	-0.587623074913399
32	0.88	-0.5864032151431132
32	0.89	-0.5850198484965147
32	0.9	-0.5834765499245606
32	0.91	-0.5817772109058452
32	0.92	-0.5799260147608444
32	0.93	-0.577927410806546
32	0.94	-0.5757860876442645
32	0.95	-0.5735069458709339
32	0.96	-0.5710950704969299
32	0.97	-0.5685557033419534
32	0.98	-0.5658942156652513
32	0.99	-0.5631160812680177
32	1.0	-0.5602268502848541
33	0.0	-0.4920445319359921
33	0.01	-0.4936602222146811
33	0.02	-0.49526761425142735
33	0.03	-0.49686653273836623
33	0.04	-0.49845680190057956
33	0.05	-0.5000382455312464
33	0.06	-0.5016106870275621
33	0.07	-0.5031739494274176
33	0.08	-0.5047278554468368
33	0.09	-0.5062722275181636
33	0.1	-0.5078068878289983
33	0.11	-0.5093316583618692
33	0.12	-0.510846360934636
33	0.13	-0.5123508172416188
33	0.14	-0.5138448488954351
33	0.15	-0.5153282774695459
33	0.16	-0.5168009245414913
33	0.17	-0.5182626117368084
33	0.18	-0.5197131607736178
33	0.19	-0.5211523935078678
33	0.2	-0.5225801319792168
33	0.21	-0.523996198457546
33	0.22	-0.5254004154900825
33	0.23	-0.5267926059491171
33	0.24	-0.5281725930802984
33	0.25	-0.5295402005514903
33	0.26	-0.5308952525021646
33	0.27	-0.5322375735933208
33	0.28	-0.5335669890578982
33	0.29	-0.5348833247516733
33	0.3	-0.5361864072046114
33	0.31	-0.5374760636726484
33	0.32	-0.5387521221898858
33	0.33	-0.5400144116211671
33	0.34	-0.5412627617150163
33	0.35	-0.5424970031569061
33	0.36	-0.5437169676228312
33	0.37	-0.5449224878331637
33	0.38	-0.5461133976067519
33	0.39	-0.5472895319152421
33	0.4	-0.5484507269375897
33	0.41	-0.5495968201147287
33	0.42	-0.550727650204369
33	0.43	-0.5518430573358905
33	0.44	-0.5529428830652976
33	0.45	-0.5540269704302069
33	0.46	-0.5550951640048283
33	0.47	-0.5561473099549084
33	0.48	-0.5571832560926028
33	0.49	-0.5582028519312364
33	0.5	-0.5592059487399232
33	0.51	-0.560192399598003
33	0.52	-0.5611620594492644
33	0.53	-0.5621147851559104
33	0.54	-0.5630504355522369
33	0.55	-0.5639688714979798
33	0.56	-0.5648699559312997
33	0.57	-0.5657535539213588
33	0.58	-0.5666195327204603
33	0.59	-0.5674677618157047
33	0.6	-0.5682981129801309
33	0.61	-0.5691104603232989
33	0.62	-0.5699046803412807
33	0.63	-0.5706806519660171
33	0.64	-0.5714382566140049
33	0.65	-0.5721773782342778
33	0.66	-0.57289790335564
33	0.67	-0.5735997211331173
33	0.68	-0.5742827233935907
33	0.69	-0.5749468046805701
33	0.7	-0.5755918622980807
33	0.71	-0.5762177963536147
33	0.72	-0.5768245098001253
33	0.73	-0.5774119084770191
33	0.74	-0.5779799011501182
33	0.75	-0.5785283995505545
33	0.76	-0.5790573184125671
33	0.77	-0.5795665755101677
33	0.78	-0.5800560916926445
33	0.79	-0.5805257909188746
33	0.8	-0.5809756002904105
33	0.81	-0.5814054500833217
33	0.82	-0.5818152737787509
33	0.83	-0.5822050080921699
33	0.84	-0.582574593001302
33	0.85	-0.5829239717726865
33	0.86	-0.5832530909868694
33	0.87	-0.5835619005621838
33	0.88	-0.5838503537771127
33	0.89	-0.5841184072912073
33	0.9	-0.5843660211645402
33	0.91	-0.5845931588756795
33	0.92	-0.584799787338168
33	0.93	-0.5849858769154889
33	0.94	-0.5851514014345037
33	0.95	-0.5852963381973586
33	0.96	-0.5854206679918358
33	0.97	-0.5855243751001477
33	0.98	-0.5856074473061667
33	0.99	-0.585669875901079
33	1.0	-0.585711655687459
34	0.0	-0.50055522154017
34	0.01	-0.5022045305975966
34	0.02	-0.5038457335783317
34	0.03	-0.5054786225320097
34	0.04	-0.5071029882578482
34	0.05	-0.5087186203451254
34	0.06	-0.5103253072151536
34	0.07	-0.5119228361647602
34	0.08	-0.5135109934112798
34	0.09	-0.515089564139069
34	0.1	-0.5166583325475486
34	0.11	-0.5182170819007751
34	0.12	-0.5197655945785492
34	0.13	-0.5213036521290574
34	0.14	-0.5228310353230502
34	0.15	-0.5243475242095564
34	0.16	-0.525852898173126
34	0.17	-0.5273469359925989
34	0.18	-0.5288294159013961
34	0.19	-0.5303001156493192
34	0.2	-0.5317588125658516
34	0.21	-0.533205283624949
34	0.22	-0.5346393055113043
34	0.23	-0.536060654688074
34	0.24	-0.5374691074660394
34	0.25	-0.5388644400741985
34	0.26	-0.5402464287317493
34	0.27	-0.5416148497214534
34	0.28	-0.5429694794643466
34	0.29	-0.5443100945957722
34	0.3	-0.5456364720427046
34	0.31	-0.5469483891023309
34	0.32	-0.548245623521858
34	0.33	-0.5495279535795039
34	0.34	-0.5507951581666394
34	0.35	-0.5520470168710333
34	0.36	-0.5532833100611649
34	0.37	-0.5545038189715491
34	0.38	-0.5557083257890334
34	0.39	-0.5568966137400138
34	0.4	-0.558068467178519
34	0.41	-0.5592236716751041
34	0.42	-0.5603620141065035
34	0.43	-0.5614832827459801
34	0.44	-0.5625872673543122
34	0.45	-0.5636737592713508
34	0.46	-0.5647425515080949
34	0.47	-0.5657934388391999
34	0.48	-0.566826217895867
34	0.49	-0.5678406872590355
34	0.5	-0.568836647552806
34	0.51	-0.569813901538025
34	0.52	-0.5707722542059491
34	0.53	-0.5717115128719186
34	0.54	-0.5726314872689596
34	0.55	-0.5735319896412343
34	0.56	-0.574412834837257
34	0.57	-0.5752738404028009
34	0.58	-0.576114826673404
34	0.59	-0.5769356168663944
34	0.6	-0.5777360371723509
34	0.61	-0.5785159168459136
34	0.62	-0.5792750882958531
34	0.63	-0.5800133871743177
34	0.64	-0.5807306524651702
34	0.65	-0.5814267265713243
34	0.66	-0.5821014554009969
34	0.67	-0.5827546884527866
34	0.68	-0.5833862788994914
34	0.69	-0.5839960836705815
34	0.7	-0.5845839635332368
34	0.71	-0.585149783171865
34	0.72	-0.5856934112660171
34	0.73	-0.5862147205666159
34	0.74	-0.5867135879704087
34	0.75	-0.587189894592569
34	0.76	-0.5876435258373679
34	0.77	-0.5880743714668253
34	0.78	-0.5884823256672743
34	0.79	-0.5888672871137609
34	0.8	-0.5892291590321974
34	0.81	-0.589567849259209
34	0.82	-0.5898832702995933
34	0.83	-0.5901753393813325
34	0.84	-0.5904439785080916
34	0.85	-0.5906891145091335
34	0.86	-0.5909106790866026
34	0.87	-0.5911086088601094
34	0.88	-0.5912828454085673
34	0.89	-0.5914333353092307
34	0.9	-0.5915600301738788
34	0.91	-0.5916628866821126
34	0.92	-0.5917418666117111
34	0.93	-0.5917969368660154
34	0.94	-0.5918280694983057
34	0.95	-0.591835241733133
34	0.96	-0.5918184359845895
34	0.97	-0.5917776398714788
34	0.98	-0.5917128462293814
34	0.99	-0.5916240531195823
34	1.0	-0.5915112638348622
35	0.0	-0.5722439863518373
35	0.01	-0.5733878692791937
35	0.02	-0.5745215554761252
35	0.03	-0.5756449647764781
35	0.04	-0.5767580175998962
35	0.05	-0.577860634962533
35	0.06	-0.5789527384877071
35	0.07	-0.580034250416497
35	0.08	-0.5811050936182786
35	0.09	-0.5821651916011926
35	0.1	-0.5832144685225521
35	0.11	-0.584252849199176
35	0.12	-0.5852802591176597
35	0.13	-0.5862966244445634
35	0.14	-0.587301872036533
35	0.15	-0.5882959294503393
35	0.16	-0.5892787249528402
35	0.17	-0.5902501875308581
35	0.18	-0.5912102469009765
35	0.19	-0.5921588335192493
35	0.2	-0.5930958785908196
35	0.21	-0.5940213140794502
35	0.22	-0.5949350727169632
35	0.23	-0.5958370880125776
35	0.24	-0.5967272942621594
35	0.25	-0.5976056265573648
35	0.26	-0.5984720207946878
35	0.27	-0.5993264136844003
35	0.28	-0.6001687427593889
35	0.29	-0.600998946383888
35	0.3	-0.6018169637620941
35	0.31	-0.6026227349466814
35	0.32	-0.6034162008471928
35	0.33	-0.6041973032383245
35	0.34	-0.604965984768088
35	0.35	-0.6057221889658562
35	0.36	-0.606465860250288
35	0.37	-0.6071969439371309
35	0.38	-0.6079153862468974
35	0.39	-0.6086211343124194
35	0.4	-0.6093141361862702
35	0.41	-0.60999434084806
35	0.42	-0.6106616982116005
35	0.43	-0.611316159131934
35	0.44	-0.6119576754122311
35	0.45	-0.6125861998105513
35	0.46	-0.6132016860464649
35	0.47	-0.6138040888075377
35	0.48	-0.6143933637556764
35	0.49	-0.6149694675333266
35	0.5	-0.6155323577695331
35	0.51	-0.6160819930858548
35	0.52	-0.6166183331021281
35	0.53	-0.6171413384420917
35	0.54	-0.6176509707388537
35	0.55	-0.6181471926402154
35	0.56	-0.6186299678138425
35	0.57	-0.6190992609522802
35	0.58	-0.6195550377778211
35	0.59	-0.6199972650472119
35	0.6	-0.6204259105562131
35	0.61	-0.6208409431439919
35	0.62	-0.6212423326973658
35	0.63	-0.6216300501548853
35	0.64	-0.6220040675107541
35	0.65	-0.6223643578185947
35	0.66	-0.6227108951950489
35	0.67	-0.6230436548232176
35	0.68	-0.623362612955938
35	0.69	-0.6236677469188995
35	0.7	-0.6239590351135929
35	0.71	-0.6242364570200961
35	0.72	-0.6244999931996964
35	0.73	-0.624749625297345
35	0.74	-0.6249853360439475
35	0.75	-0.6252071092584855
35	0.76	-0.6254149298499744
35	0.77	-0.6256087838192512
35	0.78	-0.625788658260598
35	0.79	-0.6259545413631926
35	0.8	-0.6261064224123966
35	0.81	-0.6262442917908729
35	0.82	-0.6263681409795336
35	0.83	-0.6264779625583232
35	0.84	-0.6265737502068264
35	0.85	-0.6266554987047169
35	0.86	-0.62672320393203
35	0.87	-0.6267768628692698
35	0.88	-0.6268164735973477
35	0.89	-0.6268420352973544
35	0.9	-0.6268535482501592
35	0.91	-0.6268510138358475
35	0.92	-0.6268344345329874
35	0.93	-0.626803813917729
35	0.94	-0.6267591566627395
35	0.95	-0.6267004685359688
35	0.96	-0.6266277563992502
35	0.97	-0.6265410282067394
35	0.98	-0.6264402930031818
35	0.99	-0.6263255609220207
35	1.0	-0.6261968431833393
36	0.0	-0.5680643042299705
36	0.01	-0.5692009158985335
36	0.02	-0.5703273958830446
36	0.03	-0.5714436743189432
36	0.04	-0.5725496819478835
36	0.05	-0.5736453501250559
36	0.06	-0.574730610826437
36	0.07	-0.5758053966559732
36	0.08	-0.5768696408526934
36	0.09	-0.5779232772977434
36	0.1	-0.5789662405213549
36	0.11	-0.5799984657097365
36	0.12	-0.5810198887118896
36	0.13	-0.582030446046349
36	0.14	-0.583030074907847
36	0.15	-0.5840187131738985
36	0.16	-0.584996299411308
36	0.17	-0.5859627728825962
36	0.18	-0.5869180735523479
36	0.19	-0.5878621420934748
36	0.2	-0.5887949198934
36	0.21	-0.5897163490601565
36	0.22	-0.5906263724284021
36	0.23	-0.5915249335653515
36	0.24	-0.5924119767766197
36	0.25	-0.5932874471119818
36	0.26	-0.5941512903710431
36	0.27	-0.5950034531088233
36	0.28	-0.5958438826412517
36	0.29	-0.5966725270505706
36	0.3	-0.5974893351906535
36	0.31	-0.598294256692228
36	0.32	-0.5990872419680072
36	0.33	-0.5998682422177356
36	0.34	-0.6006372094331318
36	0.35	-0.6013940964027473
36	0.36	-0.6021388567167262
36	0.37	-0.6028714447714717
36	0.38	-0.603591815774217
36	0.39	-0.6042999257475027
36	0.4	-0.6049957315335541
36	0.41	-0.6056791907985657
36	0.42	-0.6063502620368857
36	0.43	-0.6070089045751053
36	0.44	-0.6076550785760462
36	0.45	-0.6082887450426532
36	0.46	-0.6089098658217871
36	0.47	-0.6095184036079144
36	0.48	-0.6101143219467018
36	0.49	-0.6106975852385081
36	0.5	-0.6112681587417766
36	0.51	-0.6118260085763235
36	0.52	-0.6123711017265299
36	0.53	-0.6129034060444275
36	0.54	-0.6134228902526845
36	0.55	-0.6139295239474898
36	0.56	-0.614423277601333
36	0.57	-0.6149041225656819
36	0.58	-0.6153720310735598
36	0.59	-0.6158269762420139
36	0.6	-0.6162689320744863
36	0.61	-0.6166978734630775
36	0.62	-0.6171137761907063
36	0.63	-0.617516616933169
36	0.64	-0.6179063732610893
36	0.65	-0.6182830236417693
36	0.66	-0.6186465474409317
36	0.67	-0.6189969249243604
36	0.68	-0.619334137259435
36	0.69	-0.6196581665165616
36	0.7	-0.6199689956704999
36	0.71	-0.620266608601583
36	0.72	-0.6205509900968339
36	0.73	-0.6208221258509785
36	0.74	-0.6210800024673523
36	0.75	-0.6213246074587037
36	0.76	-0.6215559292478912
36	0.77	-0.6217739571684778
36	0.78	-0.62197868146522
36	0.79	-0.6221700932944532
36	0.8	-0.6223481847243709
36	0.81	-0.6225129487352044
36	0.82	-0.6226643792192914
36	0.83	-0.6228024709810492
36	0.84	-0.6229272197368367
36	0.85	-0.6230386221147183
36	0.86	-0.6231366756541213
36	0.87	-0.6232213788053935
36	0.88	-0.6232927309292529
36	0.89	-0.6233507322961419
36	0.9	-0.6233953840854719
36	0.91	-0.6234266883847721
36	0.92	-0.623444648188732
36	0.93	-0.6234492673981453
36	0.94	-0.6234405508187515
36	0.95	-0.6234185041599768
36	0.96	-0.6233831340335749
36	0.97	-0.623334447952167
36	0.98	-0.6232724543276832
36	0.99	-0.6231971624697045
36	1.0	-0.6231085825837033
37	0.0	-0.50597978358084
37	0.01	-0.5090580125844866
37	0.02	-0.5121323708667475
37	0.03	-0.5152018946973621
37	0.04	-0.5182655908821405
37	0.05	-0.521322436667301
37	0.06	-0.5243713796960531
37	0.07	-0.5274113380208983
37	0.08	-0.5304412001751397
37	0.09	-0.5334598253071291
37	0.1	-0.5364660433807814
37	0.11	-0.5394586554458746
37	0.12	-0.5424364339816228
37	0.13	-0.5453981233169626
37	0.14	-0.5483424401309078
37	0.15	-0.5512680740362454
37	0.16	-0.5541736882496994
37	0.17	-0.5570579203515634
37	0.18	-0.5599193831375979
37	0.19	-0.5627566655657972
37	0.2	-0.5655683338003858
37	0.21	-0.5683529323551245
37	0.22	-0.5711089853377211
37	0.23	-0.5738349977967893
37	0.24	-0.5765294571724379
37	0.25	-0.5791908348511756
37	0.26	-0.5818175878253818
37	0.27	-0.5844081604571232
37	0.28	-0.5869609863456249
37	0.29	-0.5894744902971578
37	0.3	-0.5919470903955741
37	0.31	-0.5943772001711449
37	0.32	-0.5967632308647687
37	0.33	-0.599103593783992
37	0.34	-0.6013967027466781
37	0.35	-0.6036409766075148
37	0.36	-0.6058348418619101
37	0.37	-0.6079767353211841
37	0.38	-0.6100651068523324
37	0.39	-0.6120984221749917
37	0.4	-0.6140751657076493
37	0.41	-0.6159938434545178
37	0.42	-0.6178529859239554
37	0.43	-0.6196511510687601
37	0.44	-0.6213869272381906
37	0.45	-0.6230589361311077
37	0.46	-0.6246658357392377
37	0.47	-0.6262063232692314
37	0.48	-0.6276791380318962
37	0.49	-0.6290830642867992
37	0.5	-0.6304169340302802
37	0.51	-0.6316796297148717
37	0.52	-0.6328700868881373
37	0.53	-0.6339872967390491
37	0.54	-0.6350303085402096
37	0.55	-0.6359982319744981
37	0.56	-0.6368902393350916
37	0.57	-0.6377055675882344
37	0.58	-0.6384435202886778
37	0.59	-0.6391034693383141
37	0.6	-0.6396848565792026
37	0.61	-0.6401871952129613
37	0.62	-0.6406100710393036
37	0.63	-0.640953143507395
37	0.64	-0.6412161465746444
37	0.65	-0.6413988893685116
37	0.66	-0.6415012566479616
37	0.67	-0.6415232090622185
37	0.68	-0.6414647832055653
37	0.69	-0.6413260914680041
37	0.7	-0.6411073216826781
37	0.71	-0.6408087365720267
37	0.72	-0.6404306729957113
37	0.73	-0.6399735410043653
37	0.74	-0.6394378227042224
37	0.75	-0.638824070938632
37	0.76	-0.6381329077933529
37	0.77	-0.637365022933369
37	0.78	-0.6365211717797435
37	0.79	-0.6356021735357139
37	0.8	-0.6346089090718883
37	0.81	-0.6335423186809146
37	0.82	-0.6324033997124886
37	0.83	-0.6311932040999427
37	0.84	-0.6299128357899343
37	0.85	-0.6285634480869999
37	0.86	-0.6271462409248316
37	0.87	-0.6256624580762102
37	0.88	-0.6241133843134663
37	0.89	-0.6225003425312574
37	0.9	-0.6208246908432358
37	0.91	-0.6190878196639535
37	0.92	-0.6172911487870181
37	0.93	-0.6154361244701447
37	0.94	-0.6135242165373268
37	0.95	-0.6115569155078555
37	0.96	-0.6095357297614297
37	0.97	-0.6074621827480259
37	0.98	-0.6053378102506304
37	0.99	-0.603164157708333
37	1.0	-0.6009427776066647
38	0.0	-0.5188498707748542
38	0.01	-0.5219468109140505
38	0.02	-0.5250363549327041
38	0.03	-0.5281173712915871
38	0.04	-0.531188696498062
38	0.05	-0.5342491352502787
38	0.06	-0.5372974606562902
38	0.07	-0.5403324145321459
38	0.08	-0.5433527077829771
38	0.09	-0.5463570208710348
38	0.1	-0.549344004374526
38	0.11	-0.5523122796410018
38	0.12	-0.5552604395388708
38	0.13	-0.558187049310438
38	0.14	-0.561090647529654
38	0.15	-0.5639697471674864
38	0.16	-0.5668228367675471
38	0.17	-0.5696483817342718
38	0.18	-0.5724448257355752
38	0.19	-0.5752105922215056
38	0.2	-0.577944086059962
38	0.21	-0.5806436952900657
38	0.22	-0.583307792993239
38	0.23	-0.5859347392814953
38	0.24	-0.5885228834018418
38	0.25	-0.591070565955068
38	0.26	-0.5935761212265419
38	0.27	-0.5960378796259386
38	0.28	-0.5984541702321255
38	0.29	-0.6008233234387005
38	0.3	-0.6031436736949302
38	0.31	-0.605413562336096
38	0.32	-0.6076313404964893
38	0.33	-0.6097953720975547
38	0.34	-0.6119040369029338
38	0.35	-0.6139557336314411
38	0.36	-0.6159488831182957
38	0.37	-0.61788193151427
38	0.38	-0.6197533535117762
38	0.39	-0.6215616555863364
38	0.4	-0.6233053792413388
38	0.41	-0.6249831042435215
38	0.42	-0.6265934518362167
38	0.43	-0.628135087917065
38	0.44	-0.6296067261666577
38	0.45	-0.6310071311144138
38	0.46	-0.6323351211279161
38	0.47	-0.6335895713119782
38	0.48	-0.6347694163038171
38	0.49	-0.6358736529509555
38	0.5	-0.6369013428587907
38	0.51	-0.637851614795208
38	0.52	-0.6387236669401477
38	0.53	-0.6395167689686614
38	0.54	-0.6402302639567313
38	0.55	-0.6408635700999304
38	0.56	-0.6414161822359139
38	0.57	-0.6418876731627144
38	0.58	-0.6422776947458531
38	0.59	-0.6425859788084074
38	0.6	-0.6428123377993273
38	0.61	-0.6429566652365096
38	0.62	-0.6430189359223704
38	0.63	-0.6429992059309086
38	0.64	-0.6428976123665436
38	0.65	-0.6427143728962272
38	0.66	-0.6424497850576324
38	0.67	-0.6421042253473885
38	0.68	-0.6416781480945608
38	0.69	-0.6411720841256773
38	0.7	-0.6405866392287
38	0.71	-0.6399224924243435
38	0.72	-0.6391803940540886
38	0.73	-0.6383611636950791
38	0.74	-0.6374656879128778
38	0.75	-0.6364949178637137
38	0.76	-0.6354498667584423
38	0.77	-0.6343316072009137
38	0.78	-0.6331412684138212
38	0.79	-0.6318800333653848
38	0.8	-0.6305491358103853
38	0.81	-0.6291498572591601
38	0.82	-0.6276835238881339
38	0.83	-0.6261515034053611
38	0.84	-0.6245552018843419
38	0.85	-0.622896060579109
38	0.86	-0.6211755527332037
38	0.87	-0.6193951803947502
38	0.88	-0.6175564712493282
38	0.89	-0.6156609754818079
38	0.9	-0.613710262677703
38	0.91	-0.6117059187739703
38	0.92	-0.609649543068502
38	0.93	-0.6075427452968577
38	0.94	-0.6053871427840762
38	0.95	-0.6031843576786557
38	0.96	-0.6009360142750736
38	0.97	-0.5986437364304662
38	0.98	-0.5963091450803626
38	0.99	-0.593933855857649
38	1.0	-0.5915194768182332
39	0.0	-0.5881584509493879
39	0.01	-0.5892769325779172
39	0.02	-0.5903844360132774
39	0.03	-0.5914808772420463
39	0.04	-0.5925661729165912
39	0.05	-0.5936402403676697
39	0.06	-0.5947029976169583
39	0.07	-0.5957543633895167
39	0.08	-0.5967942571261724
39	0.09	-0.5978225989958346
39	0.1	-0.5988393099077227
39	0.11	-0.5998443115235161
39	0.12	-0.6008375262694169
39	0.13	-0.6018188773481188
39	0.14	-0.6027882887506903
39	0.15	-0.6037456852683591
39	0.16	-0.6046909925041947
39	0.17	-0.605624136884694
39	0.18	-0.6065450456712586
39	0.19	-0.607453646971566
39	0.2	-0.6083498697508268
39	0.21	-0.6092336438429317
39	0.22	-0.6101048999614762
39	0.23	-0.6109635697106713
39	0.24	-0.6118095855961244
39	0.25	-0.6126428810354982
39	0.26	-0.613463390369042
39	0.27	-0.6142710488699845
39	0.28	-0.6150657927547996
39	0.29	-0.6158475591933287
39	0.3	-0.6166162863187664
39	0.31	-0.6173719132375028
39	0.32	-0.6181143800388156
39	0.33	-0.6188436278044196
39	0.34	-0.6195595986178627
39	0.35	-0.6202622355737674
39	0.36	-0.6209514827869157
39	0.37	-0.6216272854011787
39	0.38	-0.6222895895982808
39	0.39	-0.6229383426064016
39	0.4	-0.6235734927086137
39	0.41	-0.6241949892511498
39	0.42	-0.6248027826514992
39	0.43	-0.6253968244063337
39	0.44	-0.625977067099255
39	0.45	-0.6265434644083677
39	0.46	-0.6270959711136728
39	0.47	-0.627634543104276
39	0.48	-0.6281591373854192
39	0.49	-0.6286697120853215
39	0.5	-0.6291662264618335
39	0.51	-0.6296486409089062
39	0.52	-0.6301169169628656
39	0.53	-0.6305710173084951
39	0.54	-0.6310109057849264
39	0.55	-0.6314365473913323
39	0.56	-0.6318479082924229
39	0.57	-0.6322449558237432
39	0.58	-0.6326276584967706
39	0.59	-0.632995986003811
39	0.6	-0.6333499092226925
39	0.61	-0.6336894002212529
39	0.62	-0.634014432261626
39	0.63	-0.6343249798043183
39	0.64	-0.6346210185120795
39	0.65	-0.6349025252535654
39	0.66	-0.6351694781067887
39	0.67	-0.6354218563623664
39	0.68	-0.6356596405265474
39	0.69	-0.6358828123240352
39	0.7	-0.6360913547005977
39	0.71	-0.6362852518254607
39	0.72	-0.63646448909349
39	0.73	-0.6366290531271628
39	0.74	-0.6367789317783195
39	0.75	-0.6369141141297047
39	0.76	-0.6370345904962931
39	0.77	-0.6371403524263983
39	0.78	-0.637231392702571
39	0.79	-0.6373077053422754
39	0.8	-0.6373692855983577
39	0.81	-0.6374161299592951
39	0.82	-0.6374482361492306
39	0.83	-0.6374656031277945
39	0.84	-0.637468231089711
39	0.85	-0.6374561214641877
39	0.86	-0.6374292769140991
39	0.87	-0.637387701334947
39	0.88	-0.6373313998536171
39	0.89	-0.6372603788269172
39	0.9	-0.6371746458399077
39	0.91	-0.63707420970402
39	0.92	-0.6369590804549649
39	0.93	-0.6368292693504328
39	0.94	-0.6366847888675861
39	0.95	-0.6365256527003412
39	0.96	-0.6363518757564492
39	0.97	-0.6361634741543684
39	0.98	-0.6359604652199322
39	0.99	-0.6357428674828192
39	1.0	-0.6355107006728149
40	0.0	-0.5950748848780611
40	0.01	-0.5969025167731037
40	0.02	-0.5987136060297044
40	0.03	-0.6005077365057752
40	0.04	-0.6022844908410705
40	0.05	-0.6040434506557814
40	0.06	-0.6057841967548376
40	0.07	-0.6075063093378398
40	0.08	-0.6092093682145093
40	0.09	-0.6108929530255419
40	0.1	-0.6125566434687348
40	0.11	-0.6142000195302445
40	0.12	-0.6158226617208156
40	0.13	-0.6174241513168167
40	0.14	-0.6190040706058887
40	0.15	-0.6205620031370234
40	0.16	-0.6220975339748429
40	0.17	-0.6236102499578715
40	0.18	-0.6250997399605489
40	0.19	-0.6265655951587404
40	0.2	-0.6280074092984762
40	0.21	-0.6294247789676399
40	0.22	-0.6308173038703192
40	0.23	-0.6321845871035091
40	0.24	-0.63352623543586
40	0.25	-0.6348418595881333
40	0.26	-0.6361310745150335
40	0.27	-0.6373934996880657
40	0.28	-0.6386287593790547
40	0.29	-0.6398364829439589
40	0.3	-0.6410163051066032
40	0.31	-0.6421678662419393
40	0.32	-0.6432908126584405
40	0.33	-0.6443847968792318
40	0.34	-0.645449477921547
40	0.35	-0.646484521574098
40	0.36	-0.6474896006719463
40	0.37	-0.6484643953684491
40	0.38	-0.649408593403863
40	0.39	-0.650321890370185
40	0.4	-0.651203989971794
40	0.41	-0.652054604281492
40	0.42	-0.6528734539915008
40	0.43	-0.6536602686590111
40	0.44	-0.6544147869458696
40	0.45	-0.6551367568519856
40	0.46	-0.6558259359420657
40	0.47	-0.6564820915652746
40	0.48	-0.6571050010674411
40	0.49	-0.6576944519954243
40	0.5	-0.6582502422932828
40	0.51	-0.6587721804898868
40	0.52	-0.6592600858776314
40	0.53	-0.6597137886819284
40	0.54	-0.6601331302211534
40	0.55	-0.6605179630567661
40	0.56	-0.6608681511333049
40	0.57	-0.6611835699080086
40	0.58	-0.6614641064698095
40	0.59	-0.6617096596474787
40	0.6	-0.6619201401067156
40	0.61	-0.6620954704359929
40	0.62	-0.6622355852209978
40	0.63	-0.6623404311075244
40	0.64	-0.6624099668526955
40	0.65	-0.6624441633644169
40	0.66	-0.6624430037289877
40	0.67	-0.6624064832268137
40	0.68	-0.6623346093361945
40	0.69	-0.6622274017251829
40	0.7	-0.6620848922315201
40	0.71	-0.6619071248307046
40	0.72	-0.6616941555922436
40	0.73	-0.6614460526241813
40	0.74	-0.6611628960060081
40	0.75	-0.6608447777100857
40	0.76	-0.6604918015117377
40	0.77	-0.6601040828881795
40	0.78	-0.6596817489064862
40	0.79	-0.6592249381008098
40	0.8	-0.6587338003390788
40	0.81	-0.65820849667944
40	0.82	-0.6576491992167058
40	0.83	-0.6570560909191014
40	0.84	-0.6564293654556108
40	0.85	-0.6557692270142478
40	0.86	-0.6550758901115785
40	0.87	-0.6543495793938477
40	0.88	-0.6535905294300715
40	0.89	-0.6527989844974547
40	0.9	-0.6519751983595302
40	0.91	-0.651119434037398
40	0.92	-0.6502319635744669
40	0.93	-0.6493130677951039
40	0.94	-0.6483630360576002
40	0.95	-0.6473821660018683
40	0.96	-0.6463707632922935
40	0.97	-0.6453291413561552
40	0.98	-0.6442576211180432
40	0.99	-0.6431565307306905
40	1.0	-0.642026205302649
