arm	group	id	centeredness
Post-hoc position	County intercepts	1	0.72
Post-hoc position	County intercepts	2	0.44
Post-hoc position	County intercepts	3	0.92
Post-hoc position	County intercepts	4	0.3
Post-hoc position	County intercepts	5	0.75
Post-hoc position	County intercepts	6	1.0
Post-hoc position	County intercepts	7	0.5
Post-hoc position	County intercepts	8	0.64
Post-hoc position	County intercepts	9	0.58
Post-hoc position	County intercepts	10	0.76
Post-hoc position	County intercepts	11	0.41
Post-hoc position	County intercepts	12	0.2
Post-hoc position	County intercepts	13	0.37
Post-hoc position	County intercepts	14	0.84
Post-hoc position	County intercepts	15	0.92
Post-hoc position	County intercepts	16	0.63
Post-hoc position	County intercepts	17	0.77
Post-hoc position	County intercepts	18	0.66
Post-hoc position	County intercepts	19	0.94
Post-hoc position	County intercepts	20	0.5
Post-hoc position	County intercepts	21	0.97
Post-hoc position	County intercepts	22	0.74
Post-hoc position	County intercepts	23	0.73
Post-hoc position	County intercepts	24	0.5
Post-hoc position	County intercepts	25	0.74
Post-hoc position	County intercepts	26	0.84
Post-hoc position	County intercepts	27	0.83
Post-hoc position	County intercepts	28	0.85
Post-hoc position	County intercepts	29	0.53
Post-hoc position	County intercepts	30	0.56
Post-hoc position	County intercepts	31	0.37
Post-hoc position	County intercepts	32	0.83
Post-hoc position	County intercepts	33	0.73
Post-hoc position	County intercepts	34	0.66
Post-hoc position	County intercepts	35	0.78
Post-hoc position	County intercepts	36	0.85
Post-hoc position	County intercepts	37	0.77
Post-hoc position	County intercepts	38	0.83
Post-hoc position	County intercepts	39	0.75
Post-hoc position	County intercepts	40	0.93
Post-hoc position	County intercepts	41	0.28
Post-hoc position	County intercepts	42	1.0
Post-hoc position	County intercepts	43	0.72
Post-hoc position	County intercepts	44	0.73
Post-hoc position	County intercepts	45	1.0
Post-hoc position	County intercepts	46	0.91
Post-hoc position	County intercepts	47	0.61
Post-hoc position	County intercepts	48	0.33
Post-hoc position	County intercepts	49	0.9
Post-hoc position	County intercepts	50	0.83
Post-hoc position	County intercepts	51	0.69
Post-hoc position	County intercepts	52	0.72
Post-hoc position	County intercepts	53	0.85
Post-hoc position	County intercepts	54	0.72
Post-hoc position	County intercepts	55	0.77
Post-hoc position	County intercepts	56	0.42
Post-hoc position	County intercepts	57	0.5
Post-hoc position	County intercepts	58	1.0
Post-hoc position	County intercepts	59	0.62
Post-hoc position	County intercepts	60	0.42
Post-hoc position	County intercepts	61	0.74
Post-hoc position	County intercepts	62	0.48
Post-hoc position	County intercepts	63	0.86
Post-hoc position	County intercepts	64	0.38
Post-hoc position	County intercepts	65	0.87
Post-hoc position	County intercepts	66	0.64
Post-hoc position	County intercepts	67	0.7
Post-hoc position	County intercepts	68	1.0
Post-hoc position	County intercepts	69	0.96
Post-hoc position	County intercepts	70	1.0
Post-hoc position	County intercepts	71	0.6
Post-hoc position	County intercepts	72	0.68
Post-hoc position	County intercepts	73	0.77
Post-hoc position	County intercepts	74	0.87
Post-hoc position	County intercepts	75	0.97
Post-hoc position	County intercepts	76	0.74
Post-hoc position	County intercepts	77	0.15
Post-hoc position	County intercepts	78	0.94
Post-hoc position	County intercepts	79	0.52
Post-hoc position	County intercepts	80	0.82
Post-hoc position	County intercepts	81	0.76
Post-hoc position	County intercepts	82	0.85
Post-hoc position	County intercepts	83	0.0
Post-hoc position	County intercepts	84	0.85
Post-hoc position	County intercepts	85	0.39
Post-hoc position	County intercepts	86	0.84
Post-hoc position	County intercepts	87	0.8
Post-hoc position	County intercepts	88	0.57
Post-hoc position	County intercepts	89	0.44
Post-hoc position	County intercepts	90	0.56
Post-hoc position	County intercepts	91	0.82
Post-hoc position	County intercepts	92	0.3
Post-hoc position	County intercepts	93	0.59
Post-hoc position	County intercepts	94	0.42
Post-hoc position	County intercepts	95	0.36
Post-hoc position	County intercepts	96	0.8
Post-hoc position	County intercepts	97	0.27
Post-hoc position	County intercepts	98	0.5
Post-hoc position	County intercepts	99	0.67
Post-hoc position	County intercepts	100	0.76
Post-hoc position	County intercepts	101	0.26
Post-hoc position	County intercepts	102	0.89
Post-hoc position	County intercepts	103	0.84
Post-hoc position	County intercepts	104	0.68
Post-hoc position	County intercepts	105	0.78
Post-hoc position	County intercepts	106	0.9
Post-hoc position	County intercepts	107	0.36
Post-hoc position	County intercepts	108	0.71
Post-hoc position	County intercepts	109	0.42
Post-hoc position	County intercepts	110	0.61
Post-hoc position	County intercepts	111	0.78
Post-hoc position	County intercepts	112	0.65
Post-hoc position	County intercepts	113	0.3
Post-hoc position	County intercepts	114	0.29
Post-hoc position	County intercepts	115	0.54
Post-hoc position	County intercepts	116	0.99
Post-hoc position	County intercepts	117	0.41
Post-hoc position	County intercepts	118	0.73
Post-hoc position	County intercepts	119	0.3
Post-hoc position	County intercepts	120	0.41
Post-hoc position	County intercepts	121	0.72
Post-hoc position	County intercepts	122	0.47
Post-hoc position	County intercepts	123	0.71
Post-hoc position	County intercepts	124	0.54
Post-hoc position	County intercepts	125	0.76
Post-hoc position	County intercepts	126	0.97
Post-hoc position	County intercepts	127	1.0
Post-hoc position	County intercepts	128	0.07
Post-hoc position	County intercepts	129	0.84
Post-hoc position	County intercepts	130	1.0
Post-hoc position	County intercepts	131	0.31
Post-hoc position	County intercepts	132	0.88
Post-hoc position	County intercepts	133	0.43
Post-hoc position	County intercepts	134	0.64
Post-hoc position	County intercepts	135	0.95
Post-hoc position	County intercepts	136	0.89
Post-hoc position	County intercepts	137	0.53
Post-hoc position	County intercepts	138	0.38
Post-hoc position	County intercepts	139	0.6
Post-hoc position	County intercepts	140	0.52
Post-hoc position	County intercepts	141	0.93
Post-hoc position	County intercepts	142	0.72
Post-hoc position	County intercepts	143	0.81
Post-hoc position	County intercepts	144	0.36
Post-hoc position	County intercepts	145	0.43
Post-hoc position	County intercepts	146	0.25
Post-hoc position	County intercepts	147	0.64
Post-hoc position	County intercepts	148	0.84
Post-hoc position	County intercepts	149	0.47
Post-hoc position	County intercepts	150	0.73
Post-hoc position	County intercepts	151	0.6
Post-hoc position	County intercepts	152	0.84
Post-hoc position	County intercepts	153	0.47
Post-hoc position	County intercepts	154	0.89
Post-hoc position	County intercepts	155	1.0
Post-hoc position	County intercepts	156	0.83
Post-hoc position	County intercepts	157	0.72
Post-hoc position	County intercepts	158	0.65
Post-hoc position	County intercepts	159	1.0
Post-hoc position	County intercepts	160	0.63
Post-hoc position	County intercepts	161	0.7
Post-hoc position	County intercepts	162	0.32
Post-hoc position	County intercepts	163	0.56
Post-hoc position	County intercepts	164	0.25
Post-hoc position	County intercepts	165	0.87
Post-hoc position	County intercepts	166	0.17
Post-hoc position	County intercepts	167	0.61
Post-hoc position	County intercepts	168	0.74
Post-hoc position	County intercepts	169	0.61
Post-hoc position	County intercepts	170	0.89
Post-hoc position	County intercepts	171	0.39
Post-hoc position	County intercepts	172	0.0
Post-hoc position	County intercepts	173	0.78
Post-hoc position	County intercepts	174	0.94
Post-hoc position	County intercepts	175	0.74
Post-hoc position	County intercepts	176	0.08
Post-hoc position	County intercepts	177	0.7
Post-hoc position	County intercepts	178	0.82
Post-hoc position	County intercepts	179	0.86
Post-hoc position	County intercepts	180	0.63
Post-hoc position	County intercepts	181	0.52
Post-hoc position	County intercepts	182	0.97
Post-hoc position	County intercepts	183	0.38
Post-hoc position	County intercepts	184	0.9
Post-hoc position	County intercepts	185	0.89
Post-hoc position	County intercepts	186	0.29
Post-hoc position	County intercepts	187	0.73
Post-hoc position	County intercepts	188	0.88
Post-hoc position	County intercepts	189	0.76
Post-hoc position	County intercepts	190	0.0
Post-hoc position	County intercepts	191	0.66
Post-hoc position	County intercepts	192	0.35
Post-hoc position	County intercepts	193	0.2
Post-hoc position	County intercepts	194	0.63
Post-hoc position	County intercepts	195	0.63
Post-hoc position	County intercepts	196	0.89
Post-hoc position	County intercepts	197	0.87
Post-hoc position	County intercepts	198	0.54
Post-hoc position	County intercepts	199	0.39
Post-hoc position	County intercepts	200	0.66
Post-hoc position	County intercepts	201	0.58
Post-hoc position	County intercepts	202	0.99
Post-hoc position	County intercepts	203	0.25
Post-hoc position	County intercepts	204	0.83
Post-hoc position	County intercepts	205	0.75
Post-hoc position	County intercepts	206	1.0
Post-hoc position	County intercepts	207	0.26
Post-hoc position	County intercepts	208	1.0
Post-hoc position	County intercepts	209	0.51
Post-hoc position	County intercepts	210	0.64
Post-hoc position	County intercepts	211	0.46
Post-hoc position	County intercepts	212	0.83
Post-hoc position	County intercepts	213	0.67
Post-hoc position	County intercepts	214	0.23
Post-hoc position	County intercepts	215	0.0
Post-hoc position	County intercepts	216	0.97
Post-hoc position	County intercepts	217	0.81
Post-hoc position	County intercepts	218	0.89
Post-hoc position	County intercepts	219	0.66
Post-hoc position	County intercepts	220	0.19
Post-hoc position	County intercepts	221	0.49
Post-hoc position	County intercepts	222	0.53
Post-hoc position	County intercepts	223	0.0
Post-hoc position	County intercepts	224	0.95
Post-hoc position	County intercepts	225	0.34
Post-hoc position	County intercepts	226	1.0
Post-hoc position	County intercepts	227	1.0
Post-hoc position	County intercepts	228	0.33
Post-hoc position	County intercepts	229	0.47
Post-hoc position	County intercepts	230	1.0
Post-hoc position	County intercepts	231	0.94
Post-hoc position	County intercepts	232	0.74
Post-hoc position	County intercepts	233	0.78
Post-hoc position	County intercepts	234	0.16
Post-hoc position	County intercepts	235	0.84
Post-hoc position	County intercepts	236	0.88
Post-hoc position	County intercepts	237	0.23
Post-hoc position	County intercepts	238	0.76
Post-hoc position	County intercepts	239	0.36
Post-hoc position	County intercepts	240	1.0
Post-hoc position	County intercepts	241	0.35
Post-hoc position	County intercepts	242	0.58
Post-hoc position	County intercepts	243	0.94
Post-hoc position	County intercepts	244	0.55
Post-hoc position	County intercepts	245	0.81
Post-hoc position	County intercepts	246	0.61
Post-hoc position	County intercepts	247	0.0
Post-hoc position	County intercepts	248	0.55
Post-hoc position	County intercepts	249	0.77
Post-hoc position	County intercepts	250	0.9
Post-hoc position	County intercepts	251	0.65
Post-hoc position	County intercepts	252	0.08
Post-hoc position	County intercepts	253	0.4
Post-hoc position	County intercepts	254	0.57
Post-hoc position	County intercepts	255	0.25
Post-hoc position	County intercepts	256	0.71
Post-hoc position	County intercepts	257	0.75
Post-hoc position	County intercepts	258	0.92
Post-hoc position	County intercepts	259	0.1
Post-hoc position	County intercepts	260	0.6
Post-hoc position	County intercepts	261	0.61
Post-hoc position	County intercepts	262	0.77
Post-hoc position	County intercepts	263	0.64
Post-hoc position	County intercepts	264	0.95
Post-hoc position	County intercepts	265	0.76
Post-hoc position	County intercepts	266	0.61
Post-hoc position	County intercepts	267	0.96
Post-hoc position	County intercepts	268	0.77
Post-hoc position	County intercepts	269	0.39
Post-hoc position	County intercepts	270	0.39
Post-hoc position	County intercepts	271	0.42
Post-hoc position	County intercepts	272	0.92
Post-hoc position	County intercepts	273	0.44
Post-hoc position	County intercepts	274	0.03
Post-hoc position	County intercepts	275	0.91
Post-hoc position	County intercepts	276	0.53
Post-hoc position	County intercepts	277	0.71
Post-hoc position	County intercepts	278	0.36
Post-hoc position	County intercepts	279	0.44
Post-hoc position	County intercepts	280	0.48
Post-hoc position	County intercepts	281	0.44
Post-hoc position	County intercepts	282	0.73
Post-hoc position	County intercepts	283	0.75
Post-hoc position	County intercepts	284	0.51
Post-hoc position	County intercepts	285	0.82
Post-hoc position	County intercepts	286	0.33
Post-hoc position	County intercepts	287	0.87
Post-hoc position	County intercepts	288	0.41
Post-hoc position	County intercepts	289	0.74
Post-hoc position	County intercepts	290	0.08
Post-hoc position	County intercepts	291	0.62
Post-hoc position	County intercepts	292	0.86
Post-hoc position	County intercepts	293	0.87
Post-hoc position	County intercepts	294	0.42
Post-hoc position	County intercepts	295	0.66
Post-hoc position	County intercepts	296	0.62
Post-hoc position	County intercepts	297	0.2
Post-hoc position	County intercepts	298	0.48
Post-hoc position	County intercepts	299	0.81
Post-hoc position	County intercepts	300	1.0
Post-hoc position	County intercepts	301	0.53
Post-hoc position	County intercepts	302	0.78
Post-hoc position	County intercepts	303	0.5
Post-hoc position	County intercepts	304	0.82
Post-hoc position	County intercepts	305	0.27
Post-hoc position	County intercepts	306	0.81
Post-hoc position	County intercepts	307	0.61
Post-hoc position	County intercepts	308	0.5
Post-hoc position	County intercepts	309	0.6
Post-hoc position	County intercepts	310	0.75
Post-hoc position	County intercepts	311	0.4
Post-hoc position	County intercepts	312	0.97
Post-hoc position	County intercepts	313	0.51
Post-hoc position	County intercepts	314	0.64
Post-hoc position	County intercepts	315	0.38
Post-hoc position	County intercepts	316	0.68
Post-hoc position	County intercepts	317	0.72
Post-hoc position	County intercepts	318	0.79
Post-hoc position	County intercepts	319	0.89
Post-hoc position	County intercepts	320	0.28
Post-hoc position	County intercepts	321	0.66
Post-hoc position	County intercepts	322	0.89
Post-hoc position	County intercepts	323	0.9
Post-hoc position	County intercepts	324	0.95
Post-hoc position	County intercepts	325	0.59
Post-hoc position	County intercepts	326	0.97
Post-hoc position	County intercepts	327	0.48
Post-hoc position	County intercepts	328	0.59
Post-hoc position	County intercepts	329	0.87
Post-hoc position	County intercepts	330	0.62
Post-hoc position	County intercepts	331	0.6
Post-hoc position	County intercepts	332	0.43
Post-hoc position	County intercepts	333	0.88
Post-hoc position	County intercepts	334	0.55
Post-hoc position	County intercepts	335	0.61
Post-hoc position	County intercepts	336	0.85
Post-hoc position	County intercepts	337	0.89
Post-hoc position	County intercepts	338	0.42
Post-hoc position	County intercepts	339	0.6
Post-hoc position	County intercepts	340	0.54
Post-hoc position	County intercepts	341	0.15
Post-hoc position	County intercepts	342	0.56
Post-hoc position	County intercepts	343	0.9
Post-hoc position	County intercepts	344	1.0
Post-hoc position	County intercepts	345	0.92
Post-hoc position	County intercepts	346	0.63
Post-hoc position	County intercepts	347	0.55
Post-hoc position	County intercepts	348	0.63
Post-hoc position	County intercepts	349	0.87
Post-hoc position	County intercepts	350	0.11
Post-hoc position	County intercepts	351	0.45
Post-hoc position	County intercepts	352	0.36
Post-hoc position	County intercepts	353	0.7
Post-hoc position	County intercepts	354	0.78
Post-hoc position	County intercepts	355	0.43
Post-hoc position	County intercepts	356	0.3
Post-hoc position	County intercepts	357	0.88
Post-hoc position	County intercepts	358	0.69
Post-hoc position	County intercepts	359	0.49
Post-hoc position	County intercepts	360	0.89
Post-hoc position	County intercepts	361	0.91
Post-hoc position	County intercepts	362	1.0
Post-hoc position	County intercepts	363	0.8
Post-hoc position	County intercepts	364	0.75
Post-hoc position	County intercepts	365	0.66
Post-hoc position	County intercepts	366	0.56
Post-hoc position	County intercepts	367	0.27
Post-hoc position	County intercepts	368	1.0
Post-hoc position	County intercepts	369	0.4
Post-hoc position	County intercepts	370	0.65
Post-hoc position	County intercepts	371	0.9
Post-hoc position	County intercepts	372	0.55
Post-hoc position	County intercepts	373	0.86
Post-hoc position	County intercepts	374	0.89
Post-hoc position	County intercepts	375	0.46
Post-hoc position	County intercepts	376	0.68
Post-hoc position	County intercepts	377	0.77
Post-hoc position	County intercepts	378	0.66
Post-hoc position	County intercepts	379	0.45
Post-hoc position	County intercepts	380	0.2
Post-hoc position	County intercepts	381	0.72
Post-hoc position	County intercepts	382	0.85
Post-hoc position	County intercepts	383	0.78
Post-hoc position	County intercepts	384	0.01
Post-hoc position	County intercepts	385	0.88
Post-hoc position	County intercepts	386	0.73
Post-hoc position	County slopes	1	0.53
Post-hoc position	County slopes	2	0.0
Post-hoc position	County slopes	3	0.58
Post-hoc position	County slopes	4	0.0
Post-hoc position	County slopes	5	0.49
Post-hoc position	County slopes	6	0.47
Post-hoc position	County slopes	7	0.31
Post-hoc position	County slopes	8	0.0
Post-hoc position	County slopes	9	0.57
Post-hoc position	County slopes	10	0.2
Post-hoc position	County slopes	11	0.0
Post-hoc position	County slopes	12	0.42
Post-hoc position	County slopes	13	0.3
Post-hoc position	County slopes	14	0.35
Post-hoc position	County slopes	15	0.54
Post-hoc position	County slopes	16	0.42
Post-hoc position	County slopes	17	0.53
Post-hoc position	County slopes	18	0.21
Post-hoc position	County slopes	19	0.37
Post-hoc position	County slopes	20	0.34
Post-hoc position	County slopes	21	0.5
Post-hoc position	County slopes	22	0.3
Post-hoc position	County slopes	23	0.15
Post-hoc position	County slopes	24	0.39
Post-hoc position	County slopes	25	0.1
Post-hoc position	County slopes	26	0.27
Post-hoc position	County slopes	27	0.28
Post-hoc position	County slopes	28	0.46
Post-hoc position	County slopes	29	0.0
Post-hoc position	County slopes	30	0.16
Post-hoc position	County slopes	31	0.33
Post-hoc position	County slopes	32	0.0
Post-hoc position	County slopes	33	0.0
Post-hoc position	County slopes	34	0.39
Post-hoc position	County slopes	35	0.22
Post-hoc position	County slopes	36	0.52
Post-hoc position	County slopes	37	0.35
Post-hoc position	County slopes	38	0.26
Post-hoc position	County slopes	39	0.44
Post-hoc position	County slopes	40	0.51
Post-hoc position	County slopes	41	0.2
Post-hoc position	County slopes	42	0.16
Post-hoc position	County slopes	43	0.64
Post-hoc position	County slopes	44	0.17
Post-hoc position	County slopes	45	0.83
Post-hoc position	County slopes	46	0.72
Post-hoc position	County slopes	47	0.0
Post-hoc position	County slopes	48	0.0
Post-hoc position	County slopes	49	0.48
Post-hoc position	County slopes	50	0.5
Post-hoc position	County slopes	51	0.2
Post-hoc position	County slopes	52	0.25
Post-hoc position	County slopes	53	0.39
Post-hoc position	County slopes	54	0.06
Post-hoc position	County slopes	55	0.69
Post-hoc position	County slopes	56	0.18
Post-hoc position	County slopes	57	0.19
Post-hoc position	County slopes	58	0.0
Post-hoc position	County slopes	59	0.0
Post-hoc position	County slopes	60	0.16
Post-hoc position	County slopes	61	0.03
Post-hoc position	County slopes	62	0.15
Post-hoc position	County slopes	63	0.28
Post-hoc position	County slopes	64	0.0
Post-hoc position	County slopes	65	0.27
Post-hoc position	County slopes	66	0.22
Post-hoc position	County slopes	67	0.16
Post-hoc position	County slopes	68	0.44
Post-hoc position	County slopes	69	0.37
Post-hoc position	County slopes	70	0.4
Post-hoc position	County slopes	71	0.0
Post-hoc position	County slopes	72	0.34
Post-hoc position	County slopes	73	0.43
Post-hoc position	County slopes	74	0.35
Post-hoc position	County slopes	75	0.11
Post-hoc position	County slopes	76	0.12
Post-hoc position	County slopes	77	0.0
Post-hoc position	County slopes	78	0.0
Post-hoc position	County slopes	79	0.42
Post-hoc position	County slopes	80	0.47
Post-hoc position	County slopes	81	0.13
Post-hoc position	County slopes	82	0.58
Post-hoc position	County slopes	83	0.23
Post-hoc position	County slopes	84	0.47
Post-hoc position	County slopes	85	0.34
Post-hoc position	County slopes	86	0.23
Post-hoc position	County slopes	87	0.38
Post-hoc position	County slopes	88	0.28
Post-hoc position	County slopes	89	0.08
Post-hoc position	County slopes	90	0.29
Post-hoc position	County slopes	91	0.37
Post-hoc position	County slopes	92	0.0
Post-hoc position	County slopes	93	0.43
Post-hoc position	County slopes	94	0.06
Post-hoc position	County slopes	95	0.06
Post-hoc position	County slopes	96	0.35
Post-hoc position	County slopes	97	0.18
Post-hoc position	County slopes	98	0.42
Post-hoc position	County slopes	99	0.38
Post-hoc position	County slopes	100	0.2
Post-hoc position	County slopes	101	0.11
Post-hoc position	County slopes	102	0.5
Post-hoc position	County slopes	103	0.52
Post-hoc position	County slopes	104	0.05
Post-hoc position	County slopes	105	0.69
Post-hoc position	County slopes	106	0.53
Post-hoc position	County slopes	107	0.34
Post-hoc position	County slopes	108	0.7
Post-hoc position	County slopes	109	0.26
Post-hoc position	County slopes	110	0.53
Post-hoc position	County slopes	111	0.06
Post-hoc position	County slopes	112	0.08
Post-hoc position	County slopes	113	0.31
Post-hoc position	County slopes	114	0.4
Post-hoc position	County slopes	115	0.43
Post-hoc position	County slopes	116	0.2
Post-hoc position	County slopes	117	0.35
Post-hoc position	County slopes	118	0.28
Post-hoc position	County slopes	119	0.15
Post-hoc position	County slopes	120	0.21
Post-hoc position	County slopes	121	0.49
Post-hoc position	County slopes	122	0.32
Post-hoc position	County slopes	123	0.12
Post-hoc position	County slopes	124	0.22
Post-hoc position	County slopes	125	0.57
Post-hoc position	County slopes	126	0.9
Post-hoc position	County slopes	127	0.63
Post-hoc position	County slopes	128	0.23
Post-hoc position	County slopes	129	0.36
Post-hoc position	County slopes	130	0.77
Post-hoc position	County slopes	131	0.23
Post-hoc position	County slopes	132	0.38
Post-hoc position	County slopes	133	0.29
Post-hoc position	County slopes	134	0.36
Post-hoc position	County slopes	135	0.49
Post-hoc position	County slopes	136	0.43
Post-hoc position	County slopes	137	0.42
Post-hoc position	County slopes	138	0.16
Post-hoc position	County slopes	139	0.34
Post-hoc position	County slopes	140	0.5
Post-hoc position	County slopes	141	0.6
Post-hoc position	County slopes	142	0.77
Post-hoc position	County slopes	143	0.3
Post-hoc position	County slopes	144	0.09
Post-hoc position	County slopes	145	0.0
Post-hoc position	County slopes	146	0.1
Post-hoc position	County slopes	147	0.49
Post-hoc position	County slopes	148	0.18
Post-hoc position	County slopes	149	0.11
Post-hoc position	County slopes	150	0.05
Post-hoc position	County slopes	151	0.5
Post-hoc position	County slopes	152	0.0
Post-hoc position	County slopes	153	0.11
Post-hoc position	County slopes	154	0.0
Post-hoc position	County slopes	155	0.22
Post-hoc position	County slopes	156	0.44
Post-hoc position	County slopes	157	0.9
Post-hoc position	County slopes	158	0.3
Post-hoc position	County slopes	159	0.72
Post-hoc position	County slopes	160	0.38
Post-hoc position	County slopes	161	0.9
Post-hoc position	County slopes	162	0.32
Post-hoc position	County slopes	163	0.15
Post-hoc position	County slopes	164	0.0
Post-hoc position	County slopes	165	0.79
Post-hoc position	County slopes	166	0.17
Post-hoc position	County slopes	167	0.25
Post-hoc position	County slopes	168	0.41
Post-hoc position	County slopes	169	0.17
Post-hoc position	County slopes	170	0.7
Post-hoc position	County slopes	171	0.02
Post-hoc position	County slopes	172	0.0
Post-hoc position	County slopes	173	0.25
Post-hoc position	County slopes	174	0.61
Post-hoc position	County slopes	175	0.42
Post-hoc position	County slopes	176	0.01
Post-hoc position	County slopes	177	0.17
Post-hoc position	County slopes	178	0.6
Post-hoc position	County slopes	179	0.1
Post-hoc position	County slopes	180	0.6
Post-hoc position	County slopes	181	0.32
Post-hoc position	County slopes	182	0.54
Post-hoc position	County slopes	183	0.19
Post-hoc position	County slopes	184	0.53
Post-hoc position	County slopes	185	0.55
Post-hoc position	County slopes	186	0.24
Post-hoc position	County slopes	187	0.29
Post-hoc position	County slopes	188	1.0
Post-hoc position	County slopes	189	0.28
Post-hoc position	County slopes	190	0.0
Post-hoc position	County slopes	191	0.12
Post-hoc position	County slopes	192	0.19
Post-hoc position	County slopes	193	0.07
Post-hoc position	County slopes	194	0.04
Post-hoc position	County slopes	195	0.26
Post-hoc position	County slopes	196	0.35
Post-hoc position	County slopes	197	0.05
Post-hoc position	County slopes	198	0.11
Post-hoc position	County slopes	199	0.27
Post-hoc position	County slopes	200	0.41
Post-hoc position	County slopes	201	0.11
Post-hoc position	County slopes	202	0.53
Post-hoc position	County slopes	203	0.0
Post-hoc position	County slopes	204	0.34
Post-hoc position	County slopes	205	0.08
Post-hoc position	County slopes	206	0.29
Post-hoc position	County slopes	207	0.01
Post-hoc position	County slopes	208	0.68
Post-hoc position	County slopes	209	0.07
Post-hoc position	County slopes	210	0.0
Post-hoc position	County slopes	211	0.25
Post-hoc position	County slopes	212	0.24
Post-hoc position	County slopes	213	0.27
Post-hoc position	County slopes	214	0.03
Post-hoc position	County slopes	215	0.52
Post-hoc position	County slopes	216	0.29
Post-hoc position	County slopes	217	0.47
Post-hoc position	County slopes	218	0.51
Post-hoc position	County slopes	219	0.19
Post-hoc position	County slopes	220	0.07
Post-hoc position	County slopes	221	0.37
Post-hoc position	County slopes	222	0.07
Post-hoc position	County slopes	223	0.07
Post-hoc position	County slopes	224	0.45
Post-hoc position	County slopes	225	0.3
Post-hoc position	County slopes	226	0.53
Post-hoc position	County slopes	227	0.36
Post-hoc position	County slopes	228	0.25
Post-hoc position	County slopes	229	0.44
Post-hoc position	County slopes	230	0.06
Post-hoc position	County slopes	231	0.54
Post-hoc position	County slopes	232	0.1
Post-hoc position	County slopes	233	0.04
Post-hoc position	County slopes	234	0.0
Post-hoc position	County slopes	235	0.54
Post-hoc position	County slopes	236	0.58
Post-hoc position	County slopes	237	0.36
Post-hoc position	County slopes	238	0.23
Post-hoc position	County slopes	239	0.0
Post-hoc position	County slopes	240	0.09
Post-hoc position	County slopes	241	0.08
Post-hoc position	County slopes	242	0.44
Post-hoc position	County slopes	243	0.56
Post-hoc position	County slopes	244	0.16
Post-hoc position	County slopes	245	0.04
Post-hoc position	County slopes	246	0.17
Post-hoc position	County slopes	247	0.28
Post-hoc position	County slopes	248	0.0
Post-hoc position	County slopes	249	0.06
Post-hoc position	County slopes	250	0.1
Post-hoc position	County slopes	251	0.2
Post-hoc position	County slopes	252	0.11
Post-hoc position	County slopes	253	0.37
Post-hoc position	County slopes	254	0.13
Post-hoc position	County slopes	255	0.14
Post-hoc position	County slopes	256	0.46
Post-hoc position	County slopes	257	0.29
Post-hoc position	County slopes	258	0.69
Post-hoc position	County slopes	259	0.37
Post-hoc position	County slopes	260	0.1
Post-hoc position	County slopes	261	0.2
Post-hoc position	County slopes	262	0.42
Post-hoc position	County slopes	263	0.48
Post-hoc position	County slopes	264	0.48
Post-hoc position	County slopes	265	0.05
Post-hoc position	County slopes	266	0.42
Post-hoc position	County slopes	267	0.48
Post-hoc position	County slopes	268	0.51
Post-hoc position	County slopes	269	0.25
Post-hoc position	County slopes	270	0.19
Post-hoc position	County slopes	271	0.13
Post-hoc position	County slopes	272	0.45
Post-hoc position	County slopes	273	0.38
Post-hoc position	County slopes	274	0.12
Post-hoc position	County slopes	275	0.44
Post-hoc position	County slopes	276	0.24
Post-hoc position	County slopes	277	0.01
Post-hoc position	County slopes	278	0.06
Post-hoc position	County slopes	279	0.58
Post-hoc position	County slopes	280	0.07
Post-hoc position	County slopes	281	0.29
Post-hoc position	County slopes	282	0.35
Post-hoc position	County slopes	283	0.56
Post-hoc position	County slopes	284	0.27
Post-hoc position	County slopes	285	0.56
Post-hoc position	County slopes	286	0.08
Post-hoc position	County slopes	287	0.51
Post-hoc position	County slopes	288	0.0
Post-hoc position	County slopes	289	0.18
Post-hoc position	County slopes	290	0.0
Post-hoc position	County slopes	291	0.03
Post-hoc position	County slopes	292	0.58
Post-hoc position	County slopes	293	0.45
Post-hoc position	County slopes	294	0.15
Post-hoc position	County slopes	295	0.27
Post-hoc position	County slopes	296	0.4
Post-hoc position	County slopes	297	0.12
Post-hoc position	County slopes	298	0.43
Post-hoc position	County slopes	299	0.0
Post-hoc position	County slopes	300	0.18
Post-hoc position	County slopes	301	0.0
Post-hoc position	County slopes	302	1.0
Post-hoc position	County slopes	303	0.03
Post-hoc position	County slopes	304	0.36
Post-hoc position	County slopes	305	0.19
Post-hoc position	County slopes	306	0.95
Post-hoc position	County slopes	307	0.08
Post-hoc position	County slopes	308	0.23
Post-hoc position	County slopes	309	0.39
Post-hoc position	County slopes	310	0.0
Post-hoc position	County slopes	311	0.0
Post-hoc position	County slopes	312	0.0
Post-hoc position	County slopes	313	0.0
Post-hoc position	County slopes	314	0.16
Post-hoc position	County slopes	315	0.07
Post-hoc position	County slopes	316	0.1
Post-hoc position	County slopes	317	0.11
Post-hoc position	County slopes	318	0.28
Post-hoc position	County slopes	319	0.26
Post-hoc position	County slopes	320	0.2
Post-hoc position	County slopes	321	0.83
Post-hoc position	County slopes	322	0.44
Post-hoc position	County slopes	323	0.37
Post-hoc position	County slopes	324	0.32
Post-hoc position	County slopes	325	0.33
Post-hoc position	County slopes	326	0.5
Post-hoc position	County slopes	327	0.37
Post-hoc position	County slopes	328	0.26
Post-hoc position	County slopes	329	0.36
Post-hoc position	County slopes	330	0.08
Post-hoc position	County slopes	331	0.56
Post-hoc position	County slopes	332	0.05
Post-hoc position	County slopes	333	0.48
Post-hoc position	County slopes	334	0.35
Post-hoc position	County slopes	335	0.0
Post-hoc position	County slopes	336	0.33
Post-hoc position	County slopes	337	0.48
Post-hoc position	County slopes	338	0.36
Post-hoc position	County slopes	339	0.02
Post-hoc position	County slopes	340	0.01
Post-hoc position	County slopes	341	0.31
Post-hoc position	County slopes	342	0.38
Post-hoc position	County slopes	343	0.0
Post-hoc position	County slopes	344	0.29
Post-hoc position	County slopes	345	0.28
Post-hoc position	County slopes	346	0.23
Post-hoc position	County slopes	347	0.07
Post-hoc position	County slopes	348	0.21
Post-hoc position	County slopes	349	0.23
Post-hoc position	County slopes	350	0.31
Post-hoc position	County slopes	351	0.0
Post-hoc position	County slopes	352	0.06
Post-hoc position	County slopes	353	0.17
Post-hoc position	County slopes	354	0.34
Post-hoc position	County slopes	355	0.7
Post-hoc position	County slopes	356	0.32
Post-hoc position	County slopes	357	0.69
Post-hoc position	County slopes	358	0.5
Post-hoc position	County slopes	359	0.09
Post-hoc position	County slopes	360	0.22
Post-hoc position	County slopes	361	0.34
Post-hoc position	County slopes	362	0.81
Post-hoc position	County slopes	363	0.32
Post-hoc position	County slopes	364	0.4
Post-hoc position	County slopes	365	0.18
Post-hoc position	County slopes	366	0.65
Post-hoc position	County slopes	367	0.0
Post-hoc position	County slopes	368	0.67
Post-hoc position	County slopes	369	0.34
Post-hoc position	County slopes	370	0.42
Post-hoc position	County slopes	371	0.45
Post-hoc position	County slopes	372	0.3
Post-hoc position	County slopes	373	0.47
Post-hoc position	County slopes	374	0.38
Post-hoc position	County slopes	375	0.17
Post-hoc position	County slopes	376	0.18
Post-hoc position	County slopes	377	0.26
Post-hoc position	County slopes	378	0.38
Post-hoc position	County slopes	379	0.55
Post-hoc position	County slopes	380	0.05
Post-hoc position	County slopes	381	0.16
Post-hoc position	County slopes	382	0.24
Post-hoc position	County slopes	383	0.47
Post-hoc position	County slopes	384	0.0
Post-hoc position	County slopes	385	0.41
Post-hoc position	County slopes	386	0.44
Post-hoc gradient	County intercepts	1	0.85
Post-hoc gradient	County intercepts	2	0.61
Post-hoc gradient	County intercepts	3	0.84
Post-hoc gradient	County intercepts	4	0.55
Post-hoc gradient	County intercepts	5	0.92
Post-hoc gradient	County intercepts	6	0.94
Post-hoc gradient	County intercepts	7	0.67
Post-hoc gradient	County intercepts	8	0.87
Post-hoc gradient	County intercepts	9	0.54
Post-hoc gradient	County intercepts	10	0.75
Post-hoc gradient	County intercepts	11	0.3
Post-hoc gradient	County intercepts	12	0.34
Post-hoc gradient	County intercepts	13	0.43
Post-hoc gradient	County intercepts	14	0.88
Post-hoc gradient	County intercepts	15	0.93
Post-hoc gradient	County intercepts	16	0.56
Post-hoc gradient	County intercepts	17	0.79
Post-hoc gradient	County intercepts	18	0.52
Post-hoc gradient	County intercepts	19	0.77
Post-hoc gradient	County intercepts	20	0.47
Post-hoc gradient	County intercepts	21	0.93
Post-hoc gradient	County intercepts	22	0.48
Post-hoc gradient	County intercepts	23	0.72
Post-hoc gradient	County intercepts	24	0.53
Post-hoc gradient	County intercepts	25	0.69
Post-hoc gradient	County intercepts	26	0.72
Post-hoc gradient	County intercepts	27	0.86
Post-hoc gradient	County intercepts	28	0.84
Post-hoc gradient	County intercepts	29	0.46
Post-hoc gradient	County intercepts	30	0.55
Post-hoc gradient	County intercepts	31	0.33
Post-hoc gradient	County intercepts	32	0.92
Post-hoc gradient	County intercepts	33	0.67
Post-hoc gradient	County intercepts	34	0.75
Post-hoc gradient	County intercepts	35	0.64
Post-hoc gradient	County intercepts	36	0.83
Post-hoc gradient	County intercepts	37	0.83
Post-hoc gradient	County intercepts	38	0.84
Post-hoc gradient	County intercepts	39	0.91
Post-hoc gradient	County intercepts	40	0.95
Post-hoc gradient	County intercepts	41	0.52
Post-hoc gradient	County intercepts	42	0.94
Post-hoc gradient	County intercepts	43	0.91
Post-hoc gradient	County intercepts	44	0.57
Post-hoc gradient	County intercepts	45	0.93
Post-hoc gradient	County intercepts	46	0.97
Post-hoc gradient	County intercepts	47	0.49
Post-hoc gradient	County intercepts	48	0.41
Post-hoc gradient	County intercepts	49	0.9
Post-hoc gradient	County intercepts	50	0.95
Post-hoc gradient	County intercepts	51	0.54
Post-hoc gradient	County intercepts	52	0.72
Post-hoc gradient	County intercepts	53	0.75
Post-hoc gradient	County intercepts	54	0.75
Post-hoc gradient	County intercepts	55	0.85
Post-hoc gradient	County intercepts	56	0.4
Post-hoc gradient	County intercepts	57	0.65
Post-hoc gradient	County intercepts	58	0.97
Post-hoc gradient	County intercepts	59	0.73
Post-hoc gradient	County intercepts	60	0.47
Post-hoc gradient	County intercepts	61	0.76
Post-hoc gradient	County intercepts	62	0.5
Post-hoc gradient	County intercepts	63	0.88
Post-hoc gradient	County intercepts	64	0.47
Post-hoc gradient	County intercepts	65	0.67
Post-hoc gradient	County intercepts	66	0.39
Post-hoc gradient	County intercepts	67	0.78
Post-hoc gradient	County intercepts	68	0.94
Post-hoc gradient	County intercepts	69	0.82
Post-hoc gradient	County intercepts	70	0.88
Post-hoc gradient	County intercepts	71	0.51
Post-hoc gradient	County intercepts	72	0.82
Post-hoc gradient	County intercepts	73	0.78
Post-hoc gradient	County intercepts	74	0.9
Post-hoc gradient	County intercepts	75	0.85
Post-hoc gradient	County intercepts	76	0.6
Post-hoc gradient	County intercepts	77	0.38
Post-hoc gradient	County intercepts	78	0.54
Post-hoc gradient	County intercepts	79	0.49
Post-hoc gradient	County intercepts	80	0.86
Post-hoc gradient	County intercepts	81	0.73
Post-hoc gradient	County intercepts	82	0.86
Post-hoc gradient	County intercepts	83	0.19
Post-hoc gradient	County intercepts	84	0.95
Post-hoc gradient	County intercepts	85	0.46
Post-hoc gradient	County intercepts	86	0.88
Post-hoc gradient	County intercepts	87	0.69
Post-hoc gradient	County intercepts	88	0.72
Post-hoc gradient	County intercepts	89	0.63
Post-hoc gradient	County intercepts	90	0.56
Post-hoc gradient	County intercepts	91	0.88
Post-hoc gradient	County intercepts	92	0.37
Post-hoc gradient	County intercepts	93	0.67
Post-hoc gradient	County intercepts	94	0.4
Post-hoc gradient	County intercepts	95	0.4
Post-hoc gradient	County intercepts	96	0.84
Post-hoc gradient	County intercepts	97	0.48
Post-hoc gradient	County intercepts	98	0.53
Post-hoc gradient	County intercepts	99	0.69
Post-hoc gradient	County intercepts	100	0.83
Post-hoc gradient	County intercepts	101	0.52
Post-hoc gradient	County intercepts	102	0.82
Post-hoc gradient	County intercepts	103	0.92
Post-hoc gradient	County intercepts	104	0.71
Post-hoc gradient	County intercepts	105	0.91
Post-hoc gradient	County intercepts	106	0.91
Post-hoc gradient	County intercepts	107	0.64
Post-hoc gradient	County intercepts	108	0.78
Post-hoc gradient	County intercepts	109	0.38
Post-hoc gradient	County intercepts	110	0.89
Post-hoc gradient	County intercepts	111	0.81
Post-hoc gradient	County intercepts	112	0.43
Post-hoc gradient	County intercepts	113	0.44
Post-hoc gradient	County intercepts	114	0.72
Post-hoc gradient	County intercepts	115	0.59
Post-hoc gradient	County intercepts	116	0.95
Post-hoc gradient	County intercepts	117	0.57
Post-hoc gradient	County intercepts	118	0.69
Post-hoc gradient	County intercepts	119	0.4
Post-hoc gradient	County intercepts	120	0.6
Post-hoc gradient	County intercepts	121	0.86
Post-hoc gradient	County intercepts	122	0.59
Post-hoc gradient	County intercepts	123	0.67
Post-hoc gradient	County intercepts	124	0.7
Post-hoc gradient	County intercepts	125	0.73
Post-hoc gradient	County intercepts	126	0.96
Post-hoc gradient	County intercepts	127	0.9
Post-hoc gradient	County intercepts	128	0.51
Post-hoc gradient	County intercepts	129	0.79
Post-hoc gradient	County intercepts	130	0.91
Post-hoc gradient	County intercepts	131	0.53
Post-hoc gradient	County intercepts	132	0.8
Post-hoc gradient	County intercepts	133	0.49
Post-hoc gradient	County intercepts	134	0.79
Post-hoc gradient	County intercepts	135	0.95
Post-hoc gradient	County intercepts	136	0.9
Post-hoc gradient	County intercepts	137	0.78
Post-hoc gradient	County intercepts	138	0.44
Post-hoc gradient	County intercepts	139	0.89
Post-hoc gradient	County intercepts	140	0.81
Post-hoc gradient	County intercepts	141	0.93
Post-hoc gradient	County intercepts	142	0.87
Post-hoc gradient	County intercepts	143	0.83
Post-hoc gradient	County intercepts	144	0.21
Post-hoc gradient	County intercepts	145	0.34
Post-hoc gradient	County intercepts	146	0.57
Post-hoc gradient	County intercepts	147	0.72
Post-hoc gradient	County intercepts	148	0.62
Post-hoc gradient	County intercepts	149	0.51
Post-hoc gradient	County intercepts	150	0.7
Post-hoc gradient	County intercepts	151	0.68
Post-hoc gradient	County intercepts	152	0.86
Post-hoc gradient	County intercepts	153	0.4
Post-hoc gradient	County intercepts	154	0.5
Post-hoc gradient	County intercepts	155	0.76
Post-hoc gradient	County intercepts	156	0.88
Post-hoc gradient	County intercepts	157	0.59
Post-hoc gradient	County intercepts	158	0.54
Post-hoc gradient	County intercepts	159	1.0
Post-hoc gradient	County intercepts	160	0.82
Post-hoc gradient	County intercepts	161	0.85
Post-hoc gradient	County intercepts	162	0.59
Post-hoc gradient	County intercepts	163	0.56
Post-hoc gradient	County intercepts	164	0.39
Post-hoc gradient	County intercepts	165	0.89
Post-hoc gradient	County intercepts	166	0.7
Post-hoc gradient	County intercepts	167	0.51
Post-hoc gradient	County intercepts	168	0.73
Post-hoc gradient	County intercepts	169	0.71
Post-hoc gradient	County intercepts	170	0.9
Post-hoc gradient	County intercepts	171	0.54
Post-hoc gradient	County intercepts	172	0.04
Post-hoc gradient	County intercepts	173	0.86
Post-hoc gradient	County intercepts	174	0.91
Post-hoc gradient	County intercepts	175	0.89
Post-hoc gradient	County intercepts	176	0.11
Post-hoc gradient	County intercepts	177	0.61
Post-hoc gradient	County intercepts	178	0.94
Post-hoc gradient	County intercepts	179	0.73
Post-hoc gradient	County intercepts	180	0.99
Post-hoc gradient	County intercepts	181	0.57
Post-hoc gradient	County intercepts	182	0.96
Post-hoc gradient	County intercepts	183	0.45
Post-hoc gradient	County intercepts	184	0.91
Post-hoc gradient	County intercepts	185	0.91
Post-hoc gradient	County intercepts	186	0.52
Post-hoc gradient	County intercepts	187	0.75
Post-hoc gradient	County intercepts	188	0.91
Post-hoc gradient	County intercepts	189	0.76
Post-hoc gradient	County intercepts	190	0.1
Post-hoc gradient	County intercepts	191	0.75
Post-hoc gradient	County intercepts	192	0.56
Post-hoc gradient	County intercepts	193	0.39
Post-hoc gradient	County intercepts	194	0.73
Post-hoc gradient	County intercepts	195	0.53
Post-hoc gradient	County intercepts	196	0.9
Post-hoc gradient	County intercepts	197	0.83
Post-hoc gradient	County intercepts	198	0.57
Post-hoc gradient	County intercepts	199	0.46
Post-hoc gradient	County intercepts	200	0.76
Post-hoc gradient	County intercepts	201	0.24
Post-hoc gradient	County intercepts	202	1.0
Post-hoc gradient	County intercepts	203	0.2
Post-hoc gradient	County intercepts	204	1.0
Post-hoc gradient	County intercepts	205	0.69
Post-hoc gradient	County intercepts	206	0.81
Post-hoc gradient	County intercepts	207	0.34
Post-hoc gradient	County intercepts	208	0.99
Post-hoc gradient	County intercepts	209	0.63
Post-hoc gradient	County intercepts	210	0.74
Post-hoc gradient	County intercepts	211	0.6
Post-hoc gradient	County intercepts	212	0.77
Post-hoc gradient	County intercepts	213	0.75
Post-hoc gradient	County intercepts	214	0.61
Post-hoc gradient	County intercepts	215	0.11
Post-hoc gradient	County intercepts	216	0.93
Post-hoc gradient	County intercepts	217	0.96
Post-hoc gradient	County intercepts	218	0.99
Post-hoc gradient	County intercepts	219	0.76
Post-hoc gradient	County intercepts	220	0.4
Post-hoc gradient	County intercepts	221	0.66
Post-hoc gradient	County intercepts	222	0.73
Post-hoc gradient	County intercepts	223	0.28
Post-hoc gradient	County intercepts	224	0.91
Post-hoc gradient	County intercepts	225	0.34
Post-hoc gradient	County intercepts	226	0.95
Post-hoc gradient	County intercepts	227	0.9
Post-hoc gradient	County intercepts	228	0.53
Post-hoc gradient	County intercepts	229	0.75
Post-hoc gradient	County intercepts	230	0.74
Post-hoc gradient	County intercepts	231	0.94
Post-hoc gradient	County intercepts	232	0.78
Post-hoc gradient	County intercepts	233	0.7
Post-hoc gradient	County intercepts	234	0.16
Post-hoc gradient	County intercepts	235	0.86
Post-hoc gradient	County intercepts	236	0.79
Post-hoc gradient	County intercepts	237	0.36
Post-hoc gradient	County intercepts	238	0.79
Post-hoc gradient	County intercepts	239	0.38
Post-hoc gradient	County intercepts	240	0.82
Post-hoc gradient	County intercepts	241	0.37
Post-hoc gradient	County intercepts	242	0.7
Post-hoc gradient	County intercepts	243	0.96
Post-hoc gradient	County intercepts	244	0.44
Post-hoc gradient	County intercepts	245	0.81
Post-hoc gradient	County intercepts	246	0.75
Post-hoc gradient	County intercepts	247	0.5
Post-hoc gradient	County intercepts	248	0.77
Post-hoc gradient	County intercepts	249	0.84
Post-hoc gradient	County intercepts	250	0.91
Post-hoc gradient	County intercepts	251	0.87
Post-hoc gradient	County intercepts	252	0.41
Post-hoc gradient	County intercepts	253	0.39
Post-hoc gradient	County intercepts	254	0.66
Post-hoc gradient	County intercepts	255	0.47
Post-hoc gradient	County intercepts	256	0.62
Post-hoc gradient	County intercepts	257	0.59
Post-hoc gradient	County intercepts	258	0.89
Post-hoc gradient	County intercepts	259	0.24
Post-hoc gradient	County intercepts	260	0.41
Post-hoc gradient	County intercepts	261	0.82
Post-hoc gradient	County intercepts	262	0.82
Post-hoc gradient	County intercepts	263	0.65
Post-hoc gradient	County intercepts	264	0.94
Post-hoc gradient	County intercepts	265	0.84
Post-hoc gradient	County intercepts	266	0.81
Post-hoc gradient	County intercepts	267	0.96
Post-hoc gradient	County intercepts	268	0.76
Post-hoc gradient	County intercepts	269	0.61
Post-hoc gradient	County intercepts	270	0.47
Post-hoc gradient	County intercepts	271	0.81
Post-hoc gradient	County intercepts	272	0.94
Post-hoc gradient	County intercepts	273	0.68
Post-hoc gradient	County intercepts	274	0.4
Post-hoc gradient	County intercepts	275	0.91
Post-hoc gradient	County intercepts	276	0.61
Post-hoc gradient	County intercepts	277	0.69
Post-hoc gradient	County intercepts	278	0.58
Post-hoc gradient	County intercepts	279	0.62
Post-hoc gradient	County intercepts	280	0.58
Post-hoc gradient	County intercepts	281	0.19
Post-hoc gradient	County intercepts	282	0.93
Post-hoc gradient	County intercepts	283	0.85
Post-hoc gradient	County intercepts	284	0.49
Post-hoc gradient	County intercepts	285	0.76
Post-hoc gradient	County intercepts	286	0.42
Post-hoc gradient	County intercepts	287	0.93
Post-hoc gradient	County intercepts	288	0.5
Post-hoc gradient	County intercepts	289	0.71
Post-hoc gradient	County intercepts	290	0.25
Post-hoc gradient	County intercepts	291	0.66
Post-hoc gradient	County intercepts	292	0.84
Post-hoc gradient	County intercepts	293	0.66
Post-hoc gradient	County intercepts	294	0.39
Post-hoc gradient	County intercepts	295	0.72
Post-hoc gradient	County intercepts	296	0.67
Post-hoc gradient	County intercepts	297	0.15
Post-hoc gradient	County intercepts	298	0.56
Post-hoc gradient	County intercepts	299	0.75
Post-hoc gradient	County intercepts	300	0.91
Post-hoc gradient	County intercepts	301	0.65
Post-hoc gradient	County intercepts	302	0.75
Post-hoc gradient	County intercepts	303	0.24
Post-hoc gradient	County intercepts	304	0.8
Post-hoc gradient	County intercepts	305	0.43
Post-hoc gradient	County intercepts	306	0.79
Post-hoc gradient	County intercepts	307	0.54
Post-hoc gradient	County intercepts	308	0.58
Post-hoc gradient	County intercepts	309	0.58
Post-hoc gradient	County intercepts	310	0.71
Post-hoc gradient	County intercepts	311	0.53
Post-hoc gradient	County intercepts	312	0.56
Post-hoc gradient	County intercepts	313	0.38
Post-hoc gradient	County intercepts	314	0.63
Post-hoc gradient	County intercepts	315	0.53
Post-hoc gradient	County intercepts	316	0.54
Post-hoc gradient	County intercepts	317	0.83
Post-hoc gradient	County intercepts	318	0.69
Post-hoc gradient	County intercepts	319	0.9
Post-hoc gradient	County intercepts	320	0.54
Post-hoc gradient	County intercepts	321	0.84
Post-hoc gradient	County intercepts	322	0.92
Post-hoc gradient	County intercepts	323	0.97
Post-hoc gradient	County intercepts	324	0.97
Post-hoc gradient	County intercepts	325	0.71
Post-hoc gradient	County intercepts	326	0.97
Post-hoc gradient	County intercepts	327	0.48
Post-hoc gradient	County intercepts	328	0.57
Post-hoc gradient	County intercepts	329	0.86
Post-hoc gradient	County intercepts	330	0.81
Post-hoc gradient	County intercepts	331	0.8
Post-hoc gradient	County intercepts	332	0.34
Post-hoc gradient	County intercepts	333	0.88
Post-hoc gradient	County intercepts	334	0.53
Post-hoc gradient	County intercepts	335	0.58
Post-hoc gradient	County intercepts	336	0.88
Post-hoc gradient	County intercepts	337	0.91
Post-hoc gradient	County intercepts	338	0.6
Post-hoc gradient	County intercepts	339	0.82
Post-hoc gradient	County intercepts	340	0.57
Post-hoc gradient	County intercepts	341	0.3
Post-hoc gradient	County intercepts	342	0.64
Post-hoc gradient	County intercepts	343	0.61
Post-hoc gradient	County intercepts	344	0.91
Post-hoc gradient	County intercepts	345	0.91
Post-hoc gradient	County intercepts	346	0.57
Post-hoc gradient	County intercepts	347	0.44
Post-hoc gradient	County intercepts	348	0.66
Post-hoc gradient	County intercepts	349	0.81
Post-hoc gradient	County intercepts	350	0.42
Post-hoc gradient	County intercepts	351	0.52
Post-hoc gradient	County intercepts	352	0.61
Post-hoc gradient	County intercepts	353	0.78
Post-hoc gradient	County intercepts	354	0.85
Post-hoc gradient	County intercepts	355	0.52
Post-hoc gradient	County intercepts	356	0.53
Post-hoc gradient	County intercepts	357	0.93
Post-hoc gradient	County intercepts	358	0.81
Post-hoc gradient	County intercepts	359	0.54
Post-hoc gradient	County intercepts	360	0.61
Post-hoc gradient	County intercepts	361	0.89
Post-hoc gradient	County intercepts	362	1.0
Post-hoc gradient	County intercepts	363	0.89
Post-hoc gradient	County intercepts	364	0.74
Post-hoc gradient	County intercepts	365	0.53
Post-hoc gradient	County intercepts	366	0.94
Post-hoc gradient	County intercepts	367	0.19
Post-hoc gradient	County intercepts	368	0.99
Post-hoc gradient	County intercepts	369	0.56
Post-hoc gradient	County intercepts	370	0.75
Post-hoc gradient	County intercepts	371	0.84
Post-hoc gradient	County intercepts	372	0.66
Post-hoc gradient	County intercepts	373	0.84
Post-hoc gradient	County intercepts	374	0.83
Post-hoc gradient	County intercepts	375	0.18
Post-hoc gradient	County intercepts	376	0.84
Post-hoc gradient	County intercepts	377	0.7
Post-hoc gradient	County intercepts	378	0.6
Post-hoc gradient	County intercepts	379	0.83
Post-hoc gradient	County intercepts	380	0.26
Post-hoc gradient	County intercepts	381	0.85
Post-hoc gradient	County intercepts	382	0.76
Post-hoc gradient	County intercepts	383	0.84
Post-hoc gradient	County intercepts	384	0.4
Post-hoc gradient	County intercepts	385	0.91
Post-hoc gradient	County intercepts	386	0.76
Post-hoc gradient	County slopes	1	0.57
Post-hoc gradient	County slopes	2	0.16
Post-hoc gradient	County slopes	3	0.66
Post-hoc gradient	County slopes	4	0.12
Post-hoc gradient	County slopes	5	0.48
Post-hoc gradient	County slopes	6	0.51
Post-hoc gradient	County slopes	7	0.26
Post-hoc gradient	County slopes	8	0.31
Post-hoc gradient	County slopes	9	0.57
Post-hoc gradient	County slopes	10	0.19
Post-hoc gradient	County slopes	11	0.16
Post-hoc gradient	County slopes	12	0.51
Post-hoc gradient	County slopes	13	0.36
Post-hoc gradient	County slopes	14	0.52
Post-hoc gradient	County slopes	15	0.56
Post-hoc gradient	County slopes	16	0.44
Post-hoc gradient	County slopes	17	0.59
Post-hoc gradient	County slopes	18	0.36
Post-hoc gradient	County slopes	19	0.36
Post-hoc gradient	County slopes	20	0.52
Post-hoc gradient	County slopes	21	0.58
Post-hoc gradient	County slopes	22	0.2
Post-hoc gradient	County slopes	23	0.25
Post-hoc gradient	County slopes	24	0.34
Post-hoc gradient	County slopes	25	0.0
Post-hoc gradient	County slopes	26	0.33
Post-hoc gradient	County slopes	27	0.3
Post-hoc gradient	County slopes	28	0.48
Post-hoc gradient	County slopes	29	0.0
Post-hoc gradient	County slopes	30	0.29
Post-hoc gradient	County slopes	31	0.25
Post-hoc gradient	County slopes	32	0.19
Post-hoc gradient	County slopes	33	0.14
Post-hoc gradient	County slopes	34	0.51
Post-hoc gradient	County slopes	35	0.34
Post-hoc gradient	County slopes	36	0.5
Post-hoc gradient	County slopes	37	0.57
Post-hoc gradient	County slopes	38	0.42
Post-hoc gradient	County slopes	39	0.43
Post-hoc gradient	County slopes	40	0.52
Post-hoc gradient	County slopes	41	0.33
Post-hoc gradient	County slopes	42	0.43
Post-hoc gradient	County slopes	43	0.66
Post-hoc gradient	County slopes	44	0.0
Post-hoc gradient	County slopes	45	0.59
Post-hoc gradient	County slopes	46	0.74
Post-hoc gradient	County slopes	47	0.14
Post-hoc gradient	County slopes	48	0.0
Post-hoc gradient	County slopes	49	0.5
Post-hoc gradient	County slopes	50	0.52
Post-hoc gradient	County slopes	51	0.41
Post-hoc gradient	County slopes	52	0.22
Post-hoc gradient	County slopes	53	0.47
Post-hoc gradient	County slopes	54	0.09
Post-hoc gradient	County slopes	55	0.59
Post-hoc gradient	County slopes	56	0.11
Post-hoc gradient	County slopes	57	0.25
Post-hoc gradient	County slopes	58	0.29
Post-hoc gradient	County slopes	59	0.0
Post-hoc gradient	County slopes	60	0.4
Post-hoc gradient	County slopes	61	0.14
Post-hoc gradient	County slopes	62	0.29
Post-hoc gradient	County slopes	63	0.39
Post-hoc gradient	County slopes	64	0.0
Post-hoc gradient	County slopes	65	0.0
Post-hoc gradient	County slopes	66	0.44
Post-hoc gradient	County slopes	67	0.2
Post-hoc gradient	County slopes	68	0.5
Post-hoc gradient	County slopes	69	0.41
Post-hoc gradient	County slopes	70	0.47
Post-hoc gradient	County slopes	71	0.23
Post-hoc gradient	County slopes	72	0.34
Post-hoc gradient	County slopes	73	0.51
Post-hoc gradient	County slopes	74	0.41
Post-hoc gradient	County slopes	75	0.3
Post-hoc gradient	County slopes	76	0.16
Post-hoc gradient	County slopes	77	0.0
Post-hoc gradient	County slopes	78	0.0
Post-hoc gradient	County slopes	79	0.27
Post-hoc gradient	County slopes	80	0.59
Post-hoc gradient	County slopes	81	0.25
Post-hoc gradient	County slopes	82	0.58
Post-hoc gradient	County slopes	83	0.11
Post-hoc gradient	County slopes	84	0.38
Post-hoc gradient	County slopes	85	0.23
Post-hoc gradient	County slopes	86	0.4
Post-hoc gradient	County slopes	87	0.48
Post-hoc gradient	County slopes	88	0.52
Post-hoc gradient	County slopes	89	0.22
Post-hoc gradient	County slopes	90	0.41
Post-hoc gradient	County slopes	91	0.61
Post-hoc gradient	County slopes	92	0.21
Post-hoc gradient	County slopes	93	0.37
Post-hoc gradient	County slopes	94	0.0
Post-hoc gradient	County slopes	95	0.0
Post-hoc gradient	County slopes	96	0.45
Post-hoc gradient	County slopes	97	0.15
Post-hoc gradient	County slopes	98	0.46
Post-hoc gradient	County slopes	99	0.5
Post-hoc gradient	County slopes	100	0.2
Post-hoc gradient	County slopes	101	0.09
Post-hoc gradient	County slopes	102	0.27
Post-hoc gradient	County slopes	103	0.53
Post-hoc gradient	County slopes	104	0.23
Post-hoc gradient	County slopes	105	0.55
Post-hoc gradient	County slopes	106	0.55
Post-hoc gradient	County slopes	107	0.12
Post-hoc gradient	County slopes	108	0.65
Post-hoc gradient	County slopes	109	0.1
Post-hoc gradient	County slopes	110	0.61
Post-hoc gradient	County slopes	111	0.22
Post-hoc gradient	County slopes	112	0.12
Post-hoc gradient	County slopes	113	0.26
Post-hoc gradient	County slopes	114	0.33
Post-hoc gradient	County slopes	115	0.43
Post-hoc gradient	County slopes	116	0.42
Post-hoc gradient	County slopes	117	0.26
Post-hoc gradient	County slopes	118	0.31
Post-hoc gradient	County slopes	119	0.21
Post-hoc gradient	County slopes	120	0.24
Post-hoc gradient	County slopes	121	0.53
Post-hoc gradient	County slopes	122	0.5
Post-hoc gradient	County slopes	123	0.0
Post-hoc gradient	County slopes	124	0.16
Post-hoc gradient	County slopes	125	0.57
Post-hoc gradient	County slopes	126	0.84
Post-hoc gradient	County slopes	127	0.58
Post-hoc gradient	County slopes	128	0.39
Post-hoc gradient	County slopes	129	0.45
Post-hoc gradient	County slopes	130	0.85
Post-hoc gradient	County slopes	131	0.4
Post-hoc gradient	County slopes	132	0.35
Post-hoc gradient	County slopes	133	0.21
Post-hoc gradient	County slopes	134	0.48
Post-hoc gradient	County slopes	135	0.5
Post-hoc gradient	County slopes	136	0.47
Post-hoc gradient	County slopes	137	0.41
Post-hoc gradient	County slopes	138	0.23
Post-hoc gradient	County slopes	139	0.43
Post-hoc gradient	County slopes	140	0.64
Post-hoc gradient	County slopes	141	0.69
Post-hoc gradient	County slopes	142	0.89
Post-hoc gradient	County slopes	143	0.3
Post-hoc gradient	County slopes	144	0.13
Post-hoc gradient	County slopes	145	0.09
Post-hoc gradient	County slopes	146	0.23
Post-hoc gradient	County slopes	147	0.52
Post-hoc gradient	County slopes	148	0.39
Post-hoc gradient	County slopes	149	0.28
Post-hoc gradient	County slopes	150	0.1
Post-hoc gradient	County slopes	151	0.44
Post-hoc gradient	County slopes	152	0.0
Post-hoc gradient	County slopes	153	0.35
Post-hoc gradient	County slopes	154	0.0
Post-hoc gradient	County slopes	155	0.0
Post-hoc gradient	County slopes	156	0.44
Post-hoc gradient	County slopes	157	0.81
Post-hoc gradient	County slopes	158	0.29
Post-hoc gradient	County slopes	159	0.79
Post-hoc gradient	County slopes	160	0.44
Post-hoc gradient	County slopes	161	0.88
Post-hoc gradient	County slopes	162	0.26
Post-hoc gradient	County slopes	163	0.0
Post-hoc gradient	County slopes	164	0.0
Post-hoc gradient	County slopes	165	0.69
Post-hoc gradient	County slopes	166	0.22
Post-hoc gradient	County slopes	167	0.24
Post-hoc gradient	County slopes	168	0.45
Post-hoc gradient	County slopes	169	0.28
Post-hoc gradient	County slopes	170	0.76
Post-hoc gradient	County slopes	171	0.0
Post-hoc gradient	County slopes	172	0.02
Post-hoc gradient	County slopes	173	0.35
Post-hoc gradient	County slopes	174	0.69
Post-hoc gradient	County slopes	175	0.47
Post-hoc gradient	County slopes	176	0.1
Post-hoc gradient	County slopes	177	0.24
Post-hoc gradient	County slopes	178	0.6
Post-hoc gradient	County slopes	179	0.36
Post-hoc gradient	County slopes	180	0.63
Post-hoc gradient	County slopes	181	0.43
Post-hoc gradient	County slopes	182	0.56
Post-hoc gradient	County slopes	183	0.25
Post-hoc gradient	County slopes	184	0.54
Post-hoc gradient	County slopes	185	0.54
Post-hoc gradient	County slopes	186	0.12
Post-hoc gradient	County slopes	187	0.14
Post-hoc gradient	County slopes	188	0.83
Post-hoc gradient	County slopes	189	0.34
Post-hoc gradient	County slopes	190	0.0
Post-hoc gradient	County slopes	191	0.35
Post-hoc gradient	County slopes	192	0.25
Post-hoc gradient	County slopes	193	0.0
Post-hoc gradient	County slopes	194	0.15
Post-hoc gradient	County slopes	195	0.38
Post-hoc gradient	County slopes	196	0.36
Post-hoc gradient	County slopes	197	0.26
Post-hoc gradient	County slopes	198	0.09
Post-hoc gradient	County slopes	199	0.2
Post-hoc gradient	County slopes	200	0.49
Post-hoc gradient	County slopes	201	0.0
Post-hoc gradient	County slopes	202	0.55
Post-hoc gradient	County slopes	203	0.11
Post-hoc gradient	County slopes	204	0.39
Post-hoc gradient	County slopes	205	0.28
Post-hoc gradient	County slopes	206	0.43
Post-hoc gradient	County slopes	207	0.19
Post-hoc gradient	County slopes	208	0.52
Post-hoc gradient	County slopes	209	0.18
Post-hoc gradient	County slopes	210	0.16
Post-hoc gradient	County slopes	211	0.24
Post-hoc gradient	County slopes	212	0.3
Post-hoc gradient	County slopes	213	0.42
Post-hoc gradient	County slopes	214	0.0
Post-hoc gradient	County slopes	215	0.49
Post-hoc gradient	County slopes	216	0.37
Post-hoc gradient	County slopes	217	0.51
Post-hoc gradient	County slopes	218	0.52
Post-hoc gradient	County slopes	219	0.0
Post-hoc gradient	County slopes	220	0.12
Post-hoc gradient	County slopes	221	0.39
Post-hoc gradient	County slopes	222	0.47
Post-hoc gradient	County slopes	223	0.12
Post-hoc gradient	County slopes	224	0.46
Post-hoc gradient	County slopes	225	0.24
Post-hoc gradient	County slopes	226	0.53
Post-hoc gradient	County slopes	227	0.43
Post-hoc gradient	County slopes	228	0.0
Post-hoc gradient	County slopes	229	0.46
Post-hoc gradient	County slopes	230	0.14
Post-hoc gradient	County slopes	231	0.56
Post-hoc gradient	County slopes	232	0.15
Post-hoc gradient	County slopes	233	0.18
Post-hoc gradient	County slopes	234	0.0
Post-hoc gradient	County slopes	235	0.57
Post-hoc gradient	County slopes	236	0.34
Post-hoc gradient	County slopes	237	0.44
Post-hoc gradient	County slopes	238	0.54
Post-hoc gradient	County slopes	239	0.0
Post-hoc gradient	County slopes	240	0.22
Post-hoc gradient	County slopes	241	0.0
Post-hoc gradient	County slopes	242	0.32
Post-hoc gradient	County slopes	243	0.58
Post-hoc gradient	County slopes	244	0.17
Post-hoc gradient	County slopes	245	0.0
Post-hoc gradient	County slopes	246	0.0
Post-hoc gradient	County slopes	247	0.26
Post-hoc gradient	County slopes	248	0.23
Post-hoc gradient	County slopes	249	0.29
Post-hoc gradient	County slopes	250	0.52
Post-hoc gradient	County slopes	251	0.28
Post-hoc gradient	County slopes	252	0.25
Post-hoc gradient	County slopes	253	0.3
Post-hoc gradient	County slopes	254	0.27
Post-hoc gradient	County slopes	255	0.26
Post-hoc gradient	County slopes	256	0.27
Post-hoc gradient	County slopes	257	0.39
Post-hoc gradient	County slopes	258	0.73
Post-hoc gradient	County slopes	259	0.13
Post-hoc gradient	County slopes	260	0.2
Post-hoc gradient	County slopes	261	0.21
Post-hoc gradient	County slopes	262	0.44
Post-hoc gradient	County slopes	263	0.48
Post-hoc gradient	County slopes	264	0.48
Post-hoc gradient	County slopes	265	0.0
Post-hoc gradient	County slopes	266	0.69
Post-hoc gradient	County slopes	267	0.48
Post-hoc gradient	County slopes	268	0.53
Post-hoc gradient	County slopes	269	0.15
Post-hoc gradient	County slopes	270	0.16
Post-hoc gradient	County slopes	271	0.41
Post-hoc gradient	County slopes	272	0.44
Post-hoc gradient	County slopes	273	0.46
Post-hoc gradient	County slopes	274	0.0
Post-hoc gradient	County slopes	275	0.47
Post-hoc gradient	County slopes	276	0.29
Post-hoc gradient	County slopes	277	0.12
Post-hoc gradient	County slopes	278	0.21
Post-hoc gradient	County slopes	279	0.6
Post-hoc gradient	County slopes	280	0.41
Post-hoc gradient	County slopes	281	0.11
Post-hoc gradient	County slopes	282	0.46
Post-hoc gradient	County slopes	283	0.56
Post-hoc gradient	County slopes	284	0.35
Post-hoc gradient	County slopes	285	0.57
Post-hoc gradient	County slopes	286	0.27
Post-hoc gradient	County slopes	287	0.6
Post-hoc gradient	County slopes	288	0.0
Post-hoc gradient	County slopes	289	0.11
Post-hoc gradient	County slopes	290	0.0
Post-hoc gradient	County slopes	291	0.15
Post-hoc gradient	County slopes	292	0.66
Post-hoc gradient	County slopes	293	0.47
Post-hoc gradient	County slopes	294	0.0
Post-hoc gradient	County slopes	295	0.28
Post-hoc gradient	County slopes	296	0.55
Post-hoc gradient	County slopes	297	0.08
Post-hoc gradient	County slopes	298	0.66
Post-hoc gradient	County slopes	299	0.19
Post-hoc gradient	County slopes	300	0.42
Post-hoc gradient	County slopes	301	0.12
Post-hoc gradient	County slopes	302	0.91
Post-hoc gradient	County slopes	303	0.0
Post-hoc gradient	County slopes	304	0.38
Post-hoc gradient	County slopes	305	0.22
Post-hoc gradient	County slopes	306	0.84
Post-hoc gradient	County slopes	307	0.15
Post-hoc gradient	County slopes	308	0.33
Post-hoc gradient	County slopes	309	0.49
Post-hoc gradient	County slopes	310	0.0
Post-hoc gradient	County slopes	311	0.15
Post-hoc gradient	County slopes	312	0.0
Post-hoc gradient	County slopes	313	0.13
Post-hoc gradient	County slopes	314	0.22
Post-hoc gradient	County slopes	315	0.0
Post-hoc gradient	County slopes	316	0.0
Post-hoc gradient	County slopes	317	0.15
Post-hoc gradient	County slopes	318	0.35
Post-hoc gradient	County slopes	319	0.53
Post-hoc gradient	County slopes	320	0.18
Post-hoc gradient	County slopes	321	0.83
Post-hoc gradient	County slopes	322	0.47
Post-hoc gradient	County slopes	323	0.44
Post-hoc gradient	County slopes	324	0.4
Post-hoc gradient	County slopes	325	0.34
Post-hoc gradient	County slopes	326	0.64
Post-hoc gradient	County slopes	327	0.4
Post-hoc gradient	County slopes	328	0.3
Post-hoc gradient	County slopes	329	0.36
Post-hoc gradient	County slopes	330	0.14
Post-hoc gradient	County slopes	331	0.53
Post-hoc gradient	County slopes	332	0.0
Post-hoc gradient	County slopes	333	0.59
Post-hoc gradient	County slopes	334	0.41
Post-hoc gradient	County slopes	335	0.28
Post-hoc gradient	County slopes	336	0.43
Post-hoc gradient	County slopes	337	0.49
Post-hoc gradient	County slopes	338	0.39
Post-hoc gradient	County slopes	339	0.31
Post-hoc gradient	County slopes	340	0.0
Post-hoc gradient	County slopes	341	0.27
Post-hoc gradient	County slopes	342	0.42
Post-hoc gradient	County slopes	343	0.07
Post-hoc gradient	County slopes	344	0.41
Post-hoc gradient	County slopes	345	0.54
Post-hoc gradient	County slopes	346	0.34
Post-hoc gradient	County slopes	347	0.1
Post-hoc gradient	County slopes	348	0.15
Post-hoc gradient	County slopes	349	0.44
Post-hoc gradient	County slopes	350	0.15
Post-hoc gradient	County slopes	351	0.09
Post-hoc gradient	County slopes	352	0.3
Post-hoc gradient	County slopes	353	0.34
Post-hoc gradient	County slopes	354	0.33
Post-hoc gradient	County slopes	355	0.64
Post-hoc gradient	County slopes	356	0.38
Post-hoc gradient	County slopes	357	0.7
Post-hoc gradient	County slopes	358	0.48
Post-hoc gradient	County slopes	359	0.11
Post-hoc gradient	County slopes	360	0.24
Post-hoc gradient	County slopes	361	0.35
Post-hoc gradient	County slopes	362	0.72
Post-hoc gradient	County slopes	363	0.43
Post-hoc gradient	County slopes	364	0.5
Post-hoc gradient	County slopes	365	0.15
Post-hoc gradient	County slopes	366	0.78
Post-hoc gradient	County slopes	367	0.15
Post-hoc gradient	County slopes	368	0.79
Post-hoc gradient	County slopes	369	0.42
Post-hoc gradient	County slopes	370	0.56
Post-hoc gradient	County slopes	371	0.52
Post-hoc gradient	County slopes	372	0.57
Post-hoc gradient	County slopes	373	0.55
Post-hoc gradient	County slopes	374	0.55
Post-hoc gradient	County slopes	375	0.0
Post-hoc gradient	County slopes	376	0.24
Post-hoc gradient	County slopes	377	0.21
Post-hoc gradient	County slopes	378	0.55
Post-hoc gradient	County slopes	379	0.53
Post-hoc gradient	County slopes	380	0.0
Post-hoc gradient	County slopes	381	0.31
Post-hoc gradient	County slopes	382	0.0
Post-hoc gradient	County slopes	383	0.5
Post-hoc gradient	County slopes	384	0.0
Post-hoc gradient	County slopes	385	0.5
Post-hoc gradient	County slopes	386	0.51
Online position	County intercepts	1	1.0
Online position	County intercepts	2	0.2
Online position	County intercepts	3	1.0
Online position	County intercepts	4	1.0
Online position	County intercepts	5	1.0
Online position	County intercepts	6	0.1
Online position	County intercepts	7	0.0
Online position	County intercepts	8	1.0
Online position	County intercepts	9	0.0
Online position	County intercepts	10	0.5
Online position	County intercepts	11	0.0
Online position	County intercepts	12	0.6
Online position	County intercepts	13	0.0
Online position	County intercepts	14	1.0
Online position	County intercepts	15	1.0
Online position	County intercepts	16	0.0
Online position	County intercepts	17	0.2
Online position	County intercepts	18	1.0
Online position	County intercepts	19	0.0
Online position	County intercepts	20	1.0
Online position	County intercepts	21	1.0
Online position	County intercepts	22	0.0
Online position	County intercepts	23	1.0
Online position	County intercepts	24	1.0
Online position	County intercepts	25	0.1
Online position	County intercepts	26	0.0
Online position	County intercepts	27	0.6
Online position	County intercepts	28	0.4
Online position	County intercepts	29	1.0
Online position	County intercepts	30	1.0
Online position	County intercepts	31	1.0
Online position	County intercepts	32	0.0
Online position	County intercepts	33	0.3
Online position	County intercepts	34	0.3
Online position	County intercepts	35	1.0
Online position	County intercepts	36	0.0
Online position	County intercepts	37	0.9
Online position	County intercepts	38	0.2
Online position	County intercepts	39	1.0
Online position	County intercepts	40	0.0
Online position	County intercepts	41	0.0
Online position	County intercepts	42	0.0
Online position	County intercepts	43	1.0
Online position	County intercepts	44	1.0
Online position	County intercepts	45	1.0
Online position	County intercepts	46	0.8
Online position	County intercepts	47	0.6
Online position	County intercepts	48	0.0
Online position	County intercepts	49	0.7
Online position	County intercepts	50	1.0
Online position	County intercepts	51	1.0
Online position	County intercepts	52	0.0
Online position	County intercepts	53	0.0
Online position	County intercepts	54	0.1
Online position	County intercepts	55	1.0
Online position	County intercepts	56	0.0
Online position	County intercepts	57	0.0
Online position	County intercepts	58	0.0
Online position	County intercepts	59	1.0
Online position	County intercepts	60	0.0
Online position	County intercepts	61	1.0
Online position	County intercepts	62	1.0
Online position	County intercepts	63	0.7
Online position	County intercepts	64	0.0
Online position	County intercepts	65	0.6
Online position	County intercepts	66	0.0
Online position	County intercepts	67	0.5
Online position	County intercepts	68	0.4
Online position	County intercepts	69	1.0
Online position	County intercepts	70	1.0
Online position	County intercepts	71	0.9
Online position	County intercepts	72	0.9
Online position	County intercepts	73	1.0
Online position	County intercepts	74	1.0
Online position	County intercepts	75	0.3
Online position	County intercepts	76	0.8
Online position	County intercepts	77	1.0
Online position	County intercepts	78	1.0
Online position	County intercepts	79	1.0
Online position	County intercepts	80	0.5
Online position	County intercepts	81	0.1
Online position	County intercepts	82	0.7
Online position	County intercepts	83	0.0
Online position	County intercepts	84	0.1
Online position	County intercepts	85	0.0
Online position	County intercepts	86	0.7
Online position	County intercepts	87	0.0
Online position	County intercepts	88	0.0
Online position	County intercepts	89	1.0
Online position	County intercepts	90	0.0
Online position	County intercepts	91	0.6
Online position	County intercepts	92	0.0
Online position	County intercepts	93	0.0
Online position	County intercepts	94	0.0
Online position	County intercepts	95	1.0
Online position	County intercepts	96	1.0
Online position	County intercepts	97	0.9
Online position	County intercepts	98	1.0
Online position	County intercepts	99	1.0
Online position	County intercepts	100	0.1
Online position	County intercepts	101	0.8
Online position	County intercepts	102	1.0
Online position	County intercepts	103	1.0
Online position	County intercepts	104	0.5
Online position	County intercepts	105	0.2
Online position	County intercepts	106	1.0
Online position	County intercepts	107	0.0
Online position	County intercepts	108	1.0
Online position	County intercepts	109	0.0
Online position	County intercepts	110	0.0
Online position	County intercepts	111	0.8
Online position	County intercepts	112	1.0
Online position	County intercepts	113	0.0
Online position	County intercepts	114	0.0
Online position	County intercepts	115	1.0
Online position	County intercepts	116	1.0
Online position	County intercepts	117	1.0
Online position	County intercepts	118	1.0
Online position	County intercepts	119	0.4
Online position	County intercepts	120	0.0
Online position	County intercepts	121	1.0
Online position	County intercepts	122	0.0
Online position	County intercepts	123	0.0
Online position	County intercepts	124	0.0
Online position	County intercepts	125	0.9
Online position	County intercepts	126	1.0
Online position	County intercepts	127	0.0
Online position	County intercepts	128	1.0
Online position	County intercepts	129	0.0
Online position	County intercepts	130	0.7
Online position	County intercepts	131	0.0
Online position	County intercepts	132	0.8
Online position	County intercepts	133	0.0
Online position	County intercepts	134	0.6
Online position	County intercepts	135	1.0
Online position	County intercepts	136	1.0
Online position	County intercepts	137	0.0
Online position	County intercepts	138	0.0
Online position	County intercepts	139	0.0
Online position	County intercepts	140	1.0
Online position	County intercepts	141	0.9
Online position	County intercepts	142	0.0
Online position	County intercepts	143	0.1
Online position	County intercepts	144	1.0
Online position	County intercepts	145	1.0
Online position	County intercepts	146	0.6
Online position	County intercepts	147	1.0
Online position	County intercepts	148	0.0
Online position	County intercepts	149	0.0
Online position	County intercepts	150	1.0
Online position	County intercepts	151	1.0
Online position	County intercepts	152	0.3
Online position	County intercepts	153	0.0
Online position	County intercepts	154	1.0
Online position	County intercepts	155	0.2
Online position	County intercepts	156	1.0
Online position	County intercepts	157	0.1
Online position	County intercepts	158	0.0
Online position	County intercepts	159	0.2
Online position	County intercepts	160	1.0
Online position	County intercepts	161	0.1
Online position	County intercepts	162	1.0
Online position	County intercepts	163	1.0
Online position	County intercepts	164	0.8
Online position	County intercepts	165	1.0
Online position	County intercepts	166	0.0
Online position	County intercepts	167	0.6
Online position	County intercepts	168	0.2
Online position	County intercepts	169	0.0
Online position	County intercepts	170	0.6
Online position	County intercepts	171	1.0
Online position	County intercepts	172	0.6
Online position	County intercepts	173	1.0
Online position	County intercepts	174	0.3
Online position	County intercepts	175	1.0
Online position	County intercepts	176	0.9
Online position	County intercepts	177	0.0
Online position	County intercepts	178	1.0
Online position	County intercepts	179	0.8
Online position	County intercepts	180	0.2
Online position	County intercepts	181	1.0
Online position	County intercepts	182	1.0
Online position	County intercepts	183	1.0
Online position	County intercepts	184	1.0
Online position	County intercepts	185	0.9
Online position	County intercepts	186	0.0
Online position	County intercepts	187	1.0
Online position	County intercepts	188	0.2
Online position	County intercepts	189	1.0
Online position	County intercepts	190	1.0
Online position	County intercepts	191	1.0
Online position	County intercepts	192	1.0
Online position	County intercepts	193	0.0
Online position	County intercepts	194	0.0
Online position	County intercepts	195	0.0
Online position	County intercepts	196	0.5
Online position	County intercepts	197	0.3
Online position	County intercepts	198	0.0
Online position	County intercepts	199	0.0
Online position	County intercepts	200	0.7
Online position	County intercepts	201	0.0
Online position	County intercepts	202	1.0
Online position	County intercepts	203	0.0
Online position	County intercepts	204	1.0
Online position	County intercepts	205	0.0
Online position	County intercepts	206	0.5
Online position	County intercepts	207	0.4
Online position	County intercepts	208	1.0
Online position	County intercepts	209	1.0
Online position	County intercepts	210	0.6
Online position	County intercepts	211	1.0
Online position	County intercepts	212	0.0
Online position	County intercepts	213	0.0
Online position	County intercepts	214	1.0
Online position	County intercepts	215	0.0
Online position	County intercepts	216	0.0
Online position	County intercepts	217	1.0
Online position	County intercepts	218	1.0
Online position	County intercepts	219	0.9
Online position	County intercepts	220	1.0
Online position	County intercepts	221	0.7
Online position	County intercepts	222	0.0
Online position	County intercepts	223	0.0
Online position	County intercepts	224	1.0
Online position	County intercepts	225	0.0
Online position	County intercepts	226	0.0
Online position	County intercepts	227	0.0
Online position	County intercepts	228	0.0
Online position	County intercepts	229	1.0
Online position	County intercepts	230	0.0
Online position	County intercepts	231	0.6
Online position	County intercepts	232	1.0
Online position	County intercepts	233	0.1
Online position	County intercepts	234	0.4
Online position	County intercepts	235	1.0
Online position	County intercepts	236	0.0
Online position	County intercepts	237	0.0
Online position	County intercepts	238	1.0
Online position	County intercepts	239	0.4
Online position	County intercepts	240	1.0
Online position	County intercepts	241	1.0
Online position	County intercepts	242	0.0
Online position	County intercepts	243	0.6
Online position	County intercepts	244	0.0
Online position	County intercepts	245	1.0
Online position	County intercepts	246	0.0
Online position	County intercepts	247	1.0
Online position	County intercepts	248	0.9
Online position	County intercepts	249	0.7
Online position	County intercepts	250	1.0
Online position	County intercepts	251	1.0
Online position	County intercepts	252	0.0
Online position	County intercepts	253	1.0
Online position	County intercepts	254	1.0
Online position	County intercepts	255	0.7
Online position	County intercepts	256	1.0
Online position	County intercepts	257	1.0
Online position	County intercepts	258	1.0
Online position	County intercepts	259	1.0
Online position	County intercepts	260	1.0
Online position	County intercepts	261	1.0
Online position	County intercepts	262	0.0
Online position	County intercepts	263	0.0
Online position	County intercepts	264	0.6
Online position	County intercepts	265	0.0
Online position	County intercepts	266	1.0
Online position	County intercepts	267	1.0
Online position	County intercepts	268	1.0
Online position	County intercepts	269	1.0
Online position	County intercepts	270	1.0
Online position	County intercepts	271	0.0
Online position	County intercepts	272	0.9
Online position	County intercepts	273	0.6
Online position	County intercepts	274	1.0
Online position	County intercepts	275	0.5
Online position	County intercepts	276	0.1
Online position	County intercepts	277	0.0
Online position	County intercepts	278	0.8
Online position	County intercepts	279	1.0
Online position	County intercepts	280	1.0
Online position	County intercepts	281	1.0
Online position	County intercepts	282	1.0
Online position	County intercepts	283	0.2
Online position	County intercepts	284	0.0
Online position	County intercepts	285	1.0
Online position	County intercepts	286	0.8
Online position	County intercepts	287	1.0
Online position	County intercepts	288	1.0
Online position	County intercepts	289	0.6
Online position	County intercepts	290	1.0
Online position	County intercepts	291	1.0
Online position	County intercepts	292	1.0
Online position	County intercepts	293	0.0
Online position	County intercepts	294	0.2
Online position	County intercepts	295	0.4
Online position	County intercepts	296	1.0
Online position	County intercepts	297	1.0
Online position	County intercepts	298	0.0
Online position	County intercepts	299	0.6
Online position	County intercepts	300	0.5
Online position	County intercepts	301	0.0
Online position	County intercepts	302	0.5
Online position	County intercepts	303	0.0
Online position	County intercepts	304	1.0
Online position	County intercepts	305	0.3
Online position	County intercepts	306	1.0
Online position	County intercepts	307	0.4
Online position	County intercepts	308	0.0
Online position	County intercepts	309	1.0
Online position	County intercepts	310	0.6
Online position	County intercepts	311	0.0
Online position	County intercepts	312	0.0
Online position	County intercepts	313	1.0
Online position	County intercepts	314	1.0
Online position	County intercepts	315	1.0
Online position	County intercepts	316	0.0
Online position	County intercepts	317	1.0
Online position	County intercepts	318	1.0
Online position	County intercepts	319	0.0
Online position	County intercepts	320	0.0
Online position	County intercepts	321	1.0
Online position	County intercepts	322	0.0
Online position	County intercepts	323	0.5
Online position	County intercepts	324	0.5
Online position	County intercepts	325	1.0
Online position	County intercepts	326	1.0
Online position	County intercepts	327	1.0
Online position	County intercepts	328	1.0
Online position	County intercepts	329	1.0
Online position	County intercepts	330	1.0
Online position	County intercepts	331	1.0
Online position	County intercepts	332	1.0
Online position	County intercepts	333	1.0
Online position	County intercepts	334	0.7
Online position	County intercepts	335	1.0
Online position	County intercepts	336	0.9
Online position	County intercepts	337	0.7
Online position	County intercepts	338	1.0
Online position	County intercepts	339	0.0
Online position	County intercepts	340	0.0
Online position	County intercepts	341	0.0
Online position	County intercepts	342	0.5
Online position	County intercepts	343	0.3
Online position	County intercepts	344	1.0
Online position	County intercepts	345	1.0
Online position	County intercepts	346	0.0
Online position	County intercepts	347	0.9
Online position	County intercepts	348	0.9
Online position	County intercepts	349	1.0
Online position	County intercepts	350	0.9
Online position	County intercepts	351	1.0
Online position	County intercepts	352	0.5
Online position	County intercepts	353	0.0
Online position	County intercepts	354	0.0
Online position	County intercepts	355	0.8
Online position	County intercepts	356	0.9
Online position	County intercepts	357	0.5
Online position	County intercepts	358	0.0
Online position	County intercepts	359	1.0
Online position	County intercepts	360	1.0
Online position	County intercepts	361	1.0
Online position	County intercepts	362	0.9
Online position	County intercepts	363	1.0
Online position	County intercepts	364	0.6
Online position	County intercepts	365	0.9
Online position	County intercepts	366	1.0
Online position	County intercepts	367	0.2
Online position	County intercepts	368	0.4
Online position	County intercepts	369	0.0
Online position	County intercepts	370	0.0
Online position	County intercepts	371	0.0
Online position	County intercepts	372	0.5
Online position	County intercepts	373	1.0
Online position	County intercepts	374	0.9
Online position	County intercepts	375	0.0
Online position	County intercepts	376	1.0
Online position	County intercepts	377	1.0
Online position	County intercepts	378	0.4
Online position	County intercepts	379	0.3
Online position	County intercepts	380	0.5
Online position	County intercepts	381	0.0
Online position	County intercepts	382	0.5
Online position	County intercepts	383	1.0
Online position	County intercepts	384	1.0
Online position	County intercepts	385	1.0
Online position	County intercepts	386	0.9
Online position	County slopes	1	0.4
Online position	County slopes	2	0.0
Online position	County slopes	3	1.0
Online position	County slopes	4	0.5
Online position	County slopes	5	0.4
Online position	County slopes	6	0.6
Online position	County slopes	7	0.6
Online position	County slopes	8	1.0
Online position	County slopes	9	0.6
Online position	County slopes	10	0.4
Online position	County slopes	11	0.3
Online position	County slopes	12	0.3
Online position	County slopes	13	0.0
Online position	County slopes	14	0.2
Online position	County slopes	15	0.4
Online position	County slopes	16	0.8
Online position	County slopes	17	1.0
Online position	County slopes	18	0.0
Online position	County slopes	19	1.0
Online position	County slopes	20	0.0
Online position	County slopes	21	1.0
Online position	County slopes	22	0.9
Online position	County slopes	23	1.0
Online position	County slopes	24	1.0
Online position	County slopes	25	0.0
Online position	County slopes	26	0.0
Online position	County slopes	27	1.0
Online position	County slopes	28	0.4
Online position	County slopes	29	0.0
Online position	County slopes	30	0.0
Online position	County slopes	31	0.0
Online position	County slopes	32	1.0
Online position	County slopes	33	0.0
Online position	County slopes	34	0.0
Online position	County slopes	35	0.0
Online position	County slopes	36	1.0
Online position	County slopes	37	0.7
Online position	County slopes	38	1.0
Online position	County slopes	39	0.0
Online position	County slopes	40	0.5
Online position	County slopes	41	0.0
Online position	County slopes	42	1.0
Online position	County slopes	43	0.5
Online position	County slopes	44	0.0
Online position	County slopes	45	0.4
Online position	County slopes	46	1.0
Online position	County slopes	47	1.0
Online position	County slopes	48	0.0
Online position	County slopes	49	0.3
Online position	County slopes	50	1.0
Online position	County slopes	51	1.0
Online position	County slopes	52	0.6
Online position	County slopes	53	0.0
Online position	County slopes	54	0.8
Online position	County slopes	55	0.5
Online position	County slopes	56	0.4
Online position	County slopes	57	1.0
Online position	County slopes	58	0.0
Online position	County slopes	59	1.0
Online position	County slopes	60	1.0
Online position	County slopes	61	1.0
Online position	County slopes	62	0.0
Online position	County slopes	63	0.2
Online position	County slopes	64	1.0
Online position	County slopes	65	0.5
Online position	County slopes	66	0.0
Online position	County slopes	67	0.0
Online position	County slopes	68	0.5
Online position	County slopes	69	0.3
Online position	County slopes	70	0.3
Online position	County slopes	71	0.0
Online position	County slopes	72	0.0
Online position	County slopes	73	0.5
Online position	County slopes	74	0.3
Online position	County slopes	75	0.0
Online position	County slopes	76	1.0
Online position	County slopes	77	0.7
Online position	County slopes	78	0.0
Online position	County slopes	79	0.0
Online position	County slopes	80	0.0
Online position	County slopes	81	1.0
Online position	County slopes	82	0.5
Online position	County slopes	83	0.0
Online position	County slopes	84	0.0
Online position	County slopes	85	0.3
Online position	County slopes	86	0.0
Online position	County slopes	87	0.9
Online position	County slopes	88	1.0
Online position	County slopes	89	0.6
Online position	County slopes	90	1.0
Online position	County slopes	91	0.0
Online position	County slopes	92	0.3
Online position	County slopes	93	0.4
Online position	County slopes	94	0.3
Online position	County slopes	95	1.0
Online position	County slopes	96	1.0
Online position	County slopes	97	0.0
Online position	County slopes	98	0.6
Online position	County slopes	99	1.0
Online position	County slopes	100	0.4
Online position	County slopes	101	0.0
Online position	County slopes	102	0.9
Online position	County slopes	103	0.4
Online position	County slopes	104	0.0
Online position	County slopes	105	1.0
Online position	County slopes	106	0.5
Online position	County slopes	107	0.0
Online position	County slopes	108	0.0
Online position	County slopes	109	0.0
Online position	County slopes	110	1.0
Online position	County slopes	111	0.8
Online position	County slopes	112	1.0
Online position	County slopes	113	0.0
Online position	County slopes	114	1.0
Online position	County slopes	115	0.0
Online position	County slopes	116	0.0
Online position	County slopes	117	0.0
Online position	County slopes	118	0.6
Online position	County slopes	119	0.0
Online position	County slopes	120	0.4
Online position	County slopes	121	1.0
Online position	County slopes	122	0.0
Online position	County slopes	123	1.0
Online position	County slopes	124	0.1
Online position	County slopes	125	0.9
Online position	County slopes	126	0.0
Online position	County slopes	127	0.0
Online position	County slopes	128	0.5
Online position	County slopes	129	0.5
Online position	County slopes	130	0.1
Online position	County slopes	131	0.6
Online position	County slopes	132	1.0
Online position	County slopes	133	0.2
Online position	County slopes	134	0.2
Online position	County slopes	135	0.3
Online position	County slopes	136	0.2
Online position	County slopes	137	0.0
Online position	County slopes	138	0.0
Online position	County slopes	139	0.0
Online position	County slopes	140	0.2
Online position	County slopes	141	1.0
Online position	County slopes	142	0.7
Online position	County slopes	143	0.0
Online position	County slopes	144	0.4
Online position	County slopes	145	0.0
Online position	County slopes	146	0.0
Online position	County slopes	147	0.3
Online position	County slopes	148	1.0
Online position	County slopes	149	0.6
Online position	County slopes	150	0.7
Online position	County slopes	151	0.0
Online position	County slopes	152	0.0
Online position	County slopes	153	0.0
Online position	County slopes	154	0.0
Online position	County slopes	155	0.0
Online position	County slopes	156	0.3
Online position	County slopes	157	1.0
Online position	County slopes	158	0.0
Online position	County slopes	159	0.8
Online position	County slopes	160	0.2
Online position	County slopes	161	0.0
Online position	County slopes	162	0.0
Online position	County slopes	163	1.0
Online position	County slopes	164	0.7
Online position	County slopes	165	0.0
Online position	County slopes	166	1.0
Online position	County slopes	167	1.0
Online position	County slopes	168	0.1
Online position	County slopes	169	0.4
Online position	County slopes	170	0.0
Online position	County slopes	171	0.0
Online position	County slopes	172	0.0
Online position	County slopes	173	0.7
Online position	County slopes	174	0.0
Online position	County slopes	175	0.4
Online position	County slopes	176	0.0
Online position	County slopes	177	0.3
Online position	County slopes	178	0.0
Online position	County slopes	179	0.3
Online position	County slopes	180	1.0
Online position	County slopes	181	0.2
Online position	County slopes	182	0.3
Online position	County slopes	183	0.0
Online position	County slopes	184	0.0
Online position	County slopes	185	0.6
Online position	County slopes	186	0.0
Online position	County slopes	187	1.0
Online position	County slopes	188	0.4
Online position	County slopes	189	0.6
Online position	County slopes	190	0.0
Online position	County slopes	191	0.0
Online position	County slopes	192	0.6
Online position	County slopes	193	0.0
Online position	County slopes	194	0.0
Online position	County slopes	195	0.0
Online position	County slopes	196	1.0
Online position	County slopes	197	0.0
Online position	County slopes	198	0.7
Online position	County slopes	199	1.0
Online position	County slopes	200	0.5
Online position	County slopes	201	1.0
Online position	County slopes	202	0.5
Online position	County slopes	203	0.1
Online position	County slopes	204	0.2
Online position	County slopes	205	1.0
Online position	County slopes	206	0.0
Online position	County slopes	207	1.0
Online position	County slopes	208	0.2
Online position	County slopes	209	0.0
Online position	County slopes	210	0.6
Online position	County slopes	211	0.5
Online position	County slopes	212	0.4
Online position	County slopes	213	0.0
Online position	County slopes	214	0.0
Online position	County slopes	215	1.0
Online position	County slopes	216	0.1
Online position	County slopes	217	0.4
Online position	County slopes	218	0.4
Online position	County slopes	219	0.0
Online position	County slopes	220	0.7
Online position	County slopes	221	0.0
Online position	County slopes	222	1.0
Online position	County slopes	223	1.0
Online position	County slopes	224	0.2
Online position	County slopes	225	0.8
Online position	County slopes	226	0.2
Online position	County slopes	227	0.9
Online position	County slopes	228	1.0
Online position	County slopes	229	1.0
Online position	County slopes	230	1.0
Online position	County slopes	231	1.0
Online position	County slopes	232	0.1
Online position	County slopes	233	1.0
Online position	County slopes	234	0.0
Online position	County slopes	235	0.3
Online position	County slopes	236	1.0
Online position	County slopes	237	0.9
Online position	County slopes	238	0.1
Online position	County slopes	239	0.0
Online position	County slopes	240	0.0
Online position	County slopes	241	0.0
Online position	County slopes	242	1.0
Online position	County slopes	243	0.5
Online position	County slopes	244	0.0
Online position	County slopes	245	0.0
Online position	County slopes	246	0.0
Online position	County slopes	247	0.1
Online position	County slopes	248	0.1
Online position	County slopes	249	0.4
Online position	County slopes	250	0.0
Online position	County slopes	251	0.4
Online position	County slopes	252	0.0
Online position	County slopes	253	0.0
Online position	County slopes	254	0.4
Online position	County slopes	255	0.2
Online position	County slopes	256	0.7
Online position	County slopes	257	0.0
Online position	County slopes	258	1.0
Online position	County slopes	259	1.0
Online position	County slopes	260	0.9
Online position	County slopes	261	0.2
Online position	County slopes	262	0.0
Online position	County slopes	263	0.0
Online position	County slopes	264	1.0
Online position	County slopes	265	0.5
Online position	County slopes	266	0.0
Online position	County slopes	267	0.5
Online position	County slopes	268	0.5
Online position	County slopes	269	1.0
Online position	County slopes	270	1.0
Online position	County slopes	271	0.0
Online position	County slopes	272	0.2
Online position	County slopes	273	0.0
Online position	County slopes	274	0.0
Online position	County slopes	275	0.4
Online position	County slopes	276	0.4
Online position	County slopes	277	1.0
Online position	County slopes	278	0.0
Online position	County slopes	279	1.0
Online position	County slopes	280	0.1
Online position	County slopes	281	1.0
Online position	County slopes	282	0.0
Online position	County slopes	283	0.0
Online position	County slopes	284	0.4
Online position	County slopes	285	0.3
Online position	County slopes	286	0.0
Online position	County slopes	287	0.0
Online position	County slopes	288	0.9
Online position	County slopes	289	0.3
Online position	County slopes	290	0.0
Online position	County slopes	291	1.0
Online position	County slopes	292	0.2
Online position	County slopes	293	0.1
Online position	County slopes	294	0.1
Online position	County slopes	295	1.0
Online position	County slopes	296	0.0
Online position	County slopes	297	0.0
Online position	County slopes	298	0.9
Online position	County slopes	299	0.0
Online position	County slopes	300	0.0
Online position	County slopes	301	0.0
Online position	County slopes	302	0.2
Online position	County slopes	303	0.0
Online position	County slopes	304	0.3
Online position	County slopes	305	0.0
Online position	County slopes	306	1.0
Online position	County slopes	307	0.7
Online position	County slopes	308	0.5
Online position	County slopes	309	0.5
Online position	County slopes	310	0.0
Online position	County slopes	311	0.0
Online position	County slopes	312	0.3
Online position	County slopes	313	0.0
Online position	County slopes	314	1.0
Online position	County slopes	315	0.0
Online position	County slopes	316	1.0
Online position	County slopes	317	0.8
Online position	County slopes	318	1.0
Online position	County slopes	319	0.7
Online position	County slopes	320	0.0
Online position	County slopes	321	0.7
Online position	County slopes	322	0.4
Online position	County slopes	323	0.3
Online position	County slopes	324	0.6
Online position	County slopes	325	0.0
Online position	County slopes	326	1.0
Online position	County slopes	327	0.6
Online position	County slopes	328	0.7
Online position	County slopes	329	0.0
Online position	County slopes	330	0.1
Online position	County slopes	331	0.6
Online position	County slopes	332	0.3
Online position	County slopes	333	1.0
Online position	County slopes	334	0.0
Online position	County slopes	335	0.0
Online position	County slopes	336	1.0
Online position	County slopes	337	0.5
Online position	County slopes	338	0.0
Online position	County slopes	339	1.0
Online position	County slopes	340	0.0
Online position	County slopes	341	0.0
Online position	County slopes	342	1.0
Online position	County slopes	343	0.0
Online position	County slopes	344	0.1
Online position	County slopes	345	0.3
Online position	County slopes	346	0.0
Online position	County slopes	347	0.9
Online position	County slopes	348	0.6
Online position	County slopes	349	0.3
Online position	County slopes	350	0.0
Online position	County slopes	351	0.0
Online position	County slopes	352	0.1
Online position	County slopes	353	0.0
Online position	County slopes	354	1.0
Online position	County slopes	355	0.1
Online position	County slopes	356	0.1
Online position	County slopes	357	0.7
Online position	County slopes	358	1.0
Online position	County slopes	359	1.0
Online position	County slopes	360	1.0
Online position	County slopes	361	0.6
Online position	County slopes	362	1.0
Online position	County slopes	363	1.0
Online position	County slopes	364	0.8
Online position	County slopes	365	1.0
Online position	County slopes	366	0.0
Online position	County slopes	367	0.5
Online position	County slopes	368	1.0
Online position	County slopes	369	0.0
Online position	County slopes	370	0.0
Online position	County slopes	371	0.3
Online position	County slopes	372	0.0
Online position	County slopes	373	0.5
Online position	County slopes	374	1.0
Online position	County slopes	375	0.0
Online position	County slopes	376	0.0
Online position	County slopes	377	0.0
Online position	County slopes	378	1.0
Online position	County slopes	379	0.4
Online position	County slopes	380	0.0
Online position	County slopes	381	0.1
Online position	County slopes	382	0.2
Online position	County slopes	383	0.5
Online position	County slopes	384	0.0
Online position	County slopes	385	0.8
Online position	County slopes	386	0.5
Online gradient	County intercepts	1	1.0
Online gradient	County intercepts	2	0.5
Online gradient	County intercepts	3	1.0
Online gradient	County intercepts	4	0.6
Online gradient	County intercepts	5	0.3
Online gradient	County intercepts	6	1.0
Online gradient	County intercepts	7	0.3
Online gradient	County intercepts	8	1.0
Online gradient	County intercepts	9	0.5
Online gradient	County intercepts	10	0.6
Online gradient	County intercepts	11	0.5
Online gradient	County intercepts	12	0.9
Online gradient	County intercepts	13	1.0
Online gradient	County intercepts	14	0.5
Online gradient	County intercepts	15	1.0
Online gradient	County intercepts	16	0.1
Online gradient	County intercepts	17	0.1
Online gradient	County intercepts	18	1.0
Online gradient	County intercepts	19	0.8
Online gradient	County intercepts	20	0.0
Online gradient	County intercepts	21	1.0
Online gradient	County intercepts	22	0.6
Online gradient	County intercepts	23	0.7
Online gradient	County intercepts	24	0.6
Online gradient	County intercepts	25	0.6
Online gradient	County intercepts	26	0.4
Online gradient	County intercepts	27	0.7
Online gradient	County intercepts	28	0.8
Online gradient	County intercepts	29	0.3
Online gradient	County intercepts	30	0.2
Online gradient	County intercepts	31	0.7
Online gradient	County intercepts	32	1.0
Online gradient	County intercepts	33	1.0
Online gradient	County intercepts	34	1.0
Online gradient	County intercepts	35	0.0
Online gradient	County intercepts	36	0.9
Online gradient	County intercepts	37	0.4
Online gradient	County intercepts	38	1.0
Online gradient	County intercepts	39	0.1
Online gradient	County intercepts	40	0.6
Online gradient	County intercepts	41	0.8
Online gradient	County intercepts	42	1.0
Online gradient	County intercepts	43	0.8
Online gradient	County intercepts	44	0.5
Online gradient	County intercepts	45	1.0
Online gradient	County intercepts	46	1.0
Online gradient	County intercepts	47	0.4
Online gradient	County intercepts	48	0.3
Online gradient	County intercepts	49	0.5
Online gradient	County intercepts	50	0.4
Online gradient	County intercepts	51	0.1
Online gradient	County intercepts	52	1.0
Online gradient	County intercepts	53	0.6
Online gradient	County intercepts	54	1.0
Online gradient	County intercepts	55	1.0
Online gradient	County intercepts	56	0.4
Online gradient	County intercepts	57	0.2
Online gradient	County intercepts	58	1.0
Online gradient	County intercepts	59	0.6
Online gradient	County intercepts	60	0.0
Online gradient	County intercepts	61	0.8
Online gradient	County intercepts	62	0.5
Online gradient	County intercepts	63	1.0
Online gradient	County intercepts	64	0.5
Online gradient	County intercepts	65	0.5
Online gradient	County intercepts	66	0.3
Online gradient	County intercepts	67	0.4
Online gradient	County intercepts	68	1.0
Online gradient	County intercepts	69	1.0
Online gradient	County intercepts	70	0.3
Online gradient	County intercepts	71	0.4
Online gradient	County intercepts	72	0.5
Online gradient	County intercepts	73	0.9
Online gradient	County intercepts	74	0.7
Online gradient	County intercepts	75	0.6
Online gradient	County intercepts	76	0.6
Online gradient	County intercepts	77	0.4
Online gradient	County intercepts	78	0.4
Online gradient	County intercepts	79	0.4
Online gradient	County intercepts	80	1.0
Online gradient	County intercepts	81	0.4
Online gradient	County intercepts	82	0.9
Online gradient	County intercepts	83	0.3
Online gradient	County intercepts	84	1.0
Online gradient	County intercepts	85	1.0
Online gradient	County intercepts	86	1.0
Online gradient	County intercepts	87	0.6
Online gradient	County intercepts	88	0.8
Online gradient	County intercepts	89	0.1
Online gradient	County intercepts	90	1.0
Online gradient	County intercepts	91	0.1
Online gradient	County intercepts	92	0.4
Online gradient	County intercepts	93	1.0
Online gradient	County intercepts	94	0.3
Online gradient	County intercepts	95	0.3
Online gradient	County intercepts	96	1.0
Online gradient	County intercepts	97	0.4
Online gradient	County intercepts	98	0.5
Online gradient	County intercepts	99	0.0
Online gradient	County intercepts	100	0.8
Online gradient	County intercepts	101	0.5
Online gradient	County intercepts	102	0.9
Online gradient	County intercepts	103	1.0
Online gradient	County intercepts	104	1.0
Online gradient	County intercepts	105	1.0
Online gradient	County intercepts	106	1.0
Online gradient	County intercepts	107	0.6
Online gradient	County intercepts	108	0.7
Online gradient	County intercepts	109	0.6
Online gradient	County intercepts	110	1.0
Online gradient	County intercepts	111	1.0
Online gradient	County intercepts	112	0.5
Online gradient	County intercepts	113	0.0
Online gradient	County intercepts	114	0.6
Online gradient	County intercepts	115	1.0
Online gradient	County intercepts	116	0.0
Online gradient	County intercepts	117	0.4
Online gradient	County intercepts	118	0.6
Online gradient	County intercepts	119	0.3
Online gradient	County intercepts	120	0.6
Online gradient	County intercepts	121	1.0
Online gradient	County intercepts	122	0.6
Online gradient	County intercepts	123	0.5
Online gradient	County intercepts	124	0.8
Online gradient	County intercepts	125	0.5
Online gradient	County intercepts	126	0.9
Online gradient	County intercepts	127	0.0
Online gradient	County intercepts	128	0.0
Online gradient	County intercepts	129	0.4
Online gradient	County intercepts	130	1.0
Online gradient	County intercepts	131	1.0
Online gradient	County intercepts	132	1.0
Online gradient	County intercepts	133	0.5
Online gradient	County intercepts	134	0.0
Online gradient	County intercepts	135	0.9
Online gradient	County intercepts	136	0.7
Online gradient	County intercepts	137	0.4
Online gradient	County intercepts	138	0.6
Online gradient	County intercepts	139	0.1
Online gradient	County intercepts	140	1.0
Online gradient	County intercepts	141	0.8
Online gradient	County intercepts	142	0.0
Online gradient	County intercepts	143	0.7
Online gradient	County intercepts	144	0.2
Online gradient	County intercepts	145	0.4
Online gradient	County intercepts	146	0.4
Online gradient	County intercepts	147	1.0
Online gradient	County intercepts	148	1.0
Online gradient	County intercepts	149	0.7
Online gradient	County intercepts	150	0.5
Online gradient	County intercepts	151	0.7
Online gradient	County intercepts	152	0.7
Online gradient	County intercepts	153	1.0
Online gradient	County intercepts	154	0.6
Online gradient	County intercepts	155	0.9
Online gradient	County intercepts	156	1.0
Online gradient	County intercepts	157	0.2
Online gradient	County intercepts	158	0.9
Online gradient	County intercepts	159	1.0
Online gradient	County intercepts	160	0.0
Online gradient	County intercepts	161	0.9
Online gradient	County intercepts	162	0.6
Online gradient	County intercepts	163	0.7
Online gradient	County intercepts	164	0.3
Online gradient	County intercepts	165	0.8
Online gradient	County intercepts	166	0.3
Online gradient	County intercepts	167	0.3
Online gradient	County intercepts	168	0.5
Online gradient	County intercepts	169	1.0
Online gradient	County intercepts	170	0.4
Online gradient	County intercepts	171	0.5
Online gradient	County intercepts	172	0.0
Online gradient	County intercepts	173	1.0
Online gradient	County intercepts	174	0.1
Online gradient	County intercepts	175	1.0
Online gradient	County intercepts	176	0.1
Online gradient	County intercepts	177	0.8
Online gradient	County intercepts	178	1.0
Online gradient	County intercepts	179	0.6
Online gradient	County intercepts	180	1.0
Online gradient	County intercepts	181	0.4
Online gradient	County intercepts	182	1.0
Online gradient	County intercepts	183	0.3
Online gradient	County intercepts	184	1.0
Online gradient	County intercepts	185	1.0
Online gradient	County intercepts	186	0.3
Online gradient	County intercepts	187	0.8
Online gradient	County intercepts	188	0.0
Online gradient	County intercepts	189	0.5
Online gradient	County intercepts	190	0.1
Online gradient	County intercepts	191	0.5
Online gradient	County intercepts	192	0.3
Online gradient	County intercepts	193	0.5
Online gradient	County intercepts	194	0.7
Online gradient	County intercepts	195	0.7
Online gradient	County intercepts	196	1.0
Online gradient	County intercepts	197	1.0
Online gradient	County intercepts	198	0.6
Online gradient	County intercepts	199	0.9
Online gradient	County intercepts	200	1.0
Online gradient	County intercepts	201	0.2
Online gradient	County intercepts	202	1.0
Online gradient	County intercepts	203	0.1
Online gradient	County intercepts	204	1.0
Online gradient	County intercepts	205	1.0
Online gradient	County intercepts	206	1.0
Online gradient	County intercepts	207	0.8
Online gradient	County intercepts	208	1.0
Online gradient	County intercepts	209	0.5
Online gradient	County intercepts	210	1.0
Online gradient	County intercepts	211	0.8
Online gradient	County intercepts	212	1.0
Online gradient	County intercepts	213	0.6
Online gradient	County intercepts	214	0.7
Online gradient	County intercepts	215	0.0
Online gradient	County intercepts	216	0.8
Online gradient	County intercepts	217	0.4
Online gradient	County intercepts	218	1.0
Online gradient	County intercepts	219	0.7
Online gradient	County intercepts	220	0.4
Online gradient	County intercepts	221	1.0
Online gradient	County intercepts	222	1.0
Online gradient	County intercepts	223	0.4
Online gradient	County intercepts	224	0.9
Online gradient	County intercepts	225	0.9
Online gradient	County intercepts	226	0.7
Online gradient	County intercepts	227	0.8
Online gradient	County intercepts	228	0.4
Online gradient	County intercepts	229	0.8
Online gradient	County intercepts	230	0.8
Online gradient	County intercepts	231	0.7
Online gradient	County intercepts	232	0.5
Online gradient	County intercepts	233	0.4
Online gradient	County intercepts	234	0.2
Online gradient	County intercepts	235	1.0
Online gradient	County intercepts	236	0.3
Online gradient	County intercepts	237	0.0
Online gradient	County intercepts	238	1.0
Online gradient	County intercepts	239	0.5
Online gradient	County intercepts	240	0.6
Online gradient	County intercepts	241	0.3
Online gradient	County intercepts	242	0.6
Online gradient	County intercepts	243	0.8
Online gradient	County intercepts	244	0.4
Online gradient	County intercepts	245	0.8
Online gradient	County intercepts	246	0.8
Online gradient	County intercepts	247	0.1
Online gradient	County intercepts	248	0.6
Online gradient	County intercepts	249	0.8
Online gradient	County intercepts	250	1.0
Online gradient	County intercepts	251	0.3
Online gradient	County intercepts	252	0.3
Online gradient	County intercepts	253	0.0
Online gradient	County intercepts	254	0.9
Online gradient	County intercepts	255	0.7
Online gradient	County intercepts	256	0.5
Online gradient	County intercepts	257	0.8
Online gradient	County intercepts	258	0.8
Online gradient	County intercepts	259	0.2
Online gradient	County intercepts	260	0.6
Online gradient	County intercepts	261	0.6
Online gradient	County intercepts	262	0.2
Online gradient	County intercepts	263	0.1
Online gradient	County intercepts	264	1.0
Online gradient	County intercepts	265	0.9
Online gradient	County intercepts	266	0.4
Online gradient	County intercepts	267	1.0
Online gradient	County intercepts	268	0.0
Online gradient	County intercepts	269	0.5
Online gradient	County intercepts	270	0.6
Online gradient	County intercepts	271	0.9
Online gradient	County intercepts	272	1.0
Online gradient	County intercepts	273	0.9
Online gradient	County intercepts	274	0.4
Online gradient	County intercepts	275	1.0
Online gradient	County intercepts	276	0.5
Online gradient	County intercepts	277	0.7
Online gradient	County intercepts	278	0.7
Online gradient	County intercepts	279	0.7
Online gradient	County intercepts	280	1.0
Online gradient	County intercepts	281	0.0
Online gradient	County intercepts	282	1.0
Online gradient	County intercepts	283	0.8
Online gradient	County intercepts	284	0.3
Online gradient	County intercepts	285	0.6
Online gradient	County intercepts	286	0.0
Online gradient	County intercepts	287	1.0
Online gradient	County intercepts	288	0.6
Online gradient	County intercepts	289	0.6
Online gradient	County intercepts	290	0.3
Online gradient	County intercepts	291	0.5
Online gradient	County intercepts	292	1.0
Online gradient	County intercepts	293	1.0
Online gradient	County intercepts	294	0.3
Online gradient	County intercepts	295	0.3
Online gradient	County intercepts	296	0.3
Online gradient	County intercepts	297	0.2
Online gradient	County intercepts	298	0.6
Online gradient	County intercepts	299	1.0
Online gradient	County intercepts	300	1.0
Online gradient	County intercepts	301	0.6
Online gradient	County intercepts	302	1.0
Online gradient	County intercepts	303	0.3
Online gradient	County intercepts	304	0.8
Online gradient	County intercepts	305	0.2
Online gradient	County intercepts	306	0.8
Online gradient	County intercepts	307	0.5
Online gradient	County intercepts	308	0.0
Online gradient	County intercepts	309	0.6
Online gradient	County intercepts	310	0.5
Online gradient	County intercepts	311	0.5
Online gradient	County intercepts	312	0.5
Online gradient	County intercepts	313	0.4
Online gradient	County intercepts	314	0.2
Online gradient	County intercepts	315	0.6
Online gradient	County intercepts	316	0.5
Online gradient	County intercepts	317	1.0
Online gradient	County intercepts	318	0.6
Online gradient	County intercepts	319	0.0
Online gradient	County intercepts	320	0.4
Online gradient	County intercepts	321	0.6
Online gradient	County intercepts	322	1.0
Online gradient	County intercepts	323	1.0
Online gradient	County intercepts	324	0.4
Online gradient	County intercepts	325	1.0
Online gradient	County intercepts	326	1.0
Online gradient	County intercepts	327	0.8
Online gradient	County intercepts	328	1.0
Online gradient	County intercepts	329	1.0
Online gradient	County intercepts	330	0.5
Online gradient	County intercepts	331	0.9
Online gradient	County intercepts	332	0.3
Online gradient	County intercepts	333	0.8
Online gradient	County intercepts	334	0.6
Online gradient	County intercepts	335	0.2
Online gradient	County intercepts	336	0.8
Online gradient	County intercepts	337	0.9
Online gradient	County intercepts	338	1.0
Online gradient	County intercepts	339	0.7
Online gradient	County intercepts	340	0.5
Online gradient	County intercepts	341	0.2
Online gradient	County intercepts	342	0.0
Online gradient	County intercepts	343	0.0
Online gradient	County intercepts	344	0.8
Online gradient	County intercepts	345	0.7
Online gradient	County intercepts	346	0.5
Online gradient	County intercepts	347	0.5
Online gradient	County intercepts	348	0.8
Online gradient	County intercepts	349	0.5
Online gradient	County intercepts	350	0.2
Online gradient	County intercepts	351	0.6
Online gradient	County intercepts	352	1.0
Online gradient	County intercepts	353	0.0
Online gradient	County intercepts	354	0.9
Online gradient	County intercepts	355	0.0
Online gradient	County intercepts	356	1.0
Online gradient	County intercepts	357	0.6
Online gradient	County intercepts	358	1.0
Online gradient	County intercepts	359	0.7
Online gradient	County intercepts	360	0.6
Online gradient	County intercepts	361	1.0
Online gradient	County intercepts	362	0.4
Online gradient	County intercepts	363	1.0
Online gradient	County intercepts	364	0.7
Online gradient	County intercepts	365	0.5
Online gradient	County intercepts	366	1.0
Online gradient	County intercepts	367	0.0
Online gradient	County intercepts	368	1.0
Online gradient	County intercepts	369	1.0
Online gradient	County intercepts	370	1.0
Online gradient	County intercepts	371	1.0
Online gradient	County intercepts	372	0.0
Online gradient	County intercepts	373	0.8
Online gradient	County intercepts	374	0.8
Online gradient	County intercepts	375	0.1
Online gradient	County intercepts	376	0.9
Online gradient	County intercepts	377	0.4
Online gradient	County intercepts	378	0.6
Online gradient	County intercepts	379	1.0
Online gradient	County intercepts	380	0.3
Online gradient	County intercepts	381	1.0
Online gradient	County intercepts	382	0.8
Online gradient	County intercepts	383	0.5
Online gradient	County intercepts	384	0.4
Online gradient	County intercepts	385	1.0
Online gradient	County intercepts	386	0.7
Online gradient	County slopes	1	0.5
Online gradient	County slopes	2	0.1
Online gradient	County slopes	3	0.4
Online gradient	County slopes	4	0.1
Online gradient	County slopes	5	0.4
Online gradient	County slopes	6	0.4
Online gradient	County slopes	7	0.6
Online gradient	County slopes	8	0.2
Online gradient	County slopes	9	0.6
Online gradient	County slopes	10	0.1
Online gradient	County slopes	11	0.1
Online gradient	County slopes	12	0.5
Online gradient	County slopes	13	0.6
Online gradient	County slopes	14	0.8
Online gradient	County slopes	15	0.5
Online gradient	County slopes	16	0.8
Online gradient	County slopes	17	0.0
Online gradient	County slopes	18	0.0
Online gradient	County slopes	19	0.2
Online gradient	County slopes	20	0.0
Online gradient	County slopes	21	0.6
Online gradient	County slopes	22	0.2
Online gradient	County slopes	23	0.4
Online gradient	County slopes	24	0.7
Online gradient	County slopes	25	0.0
Online gradient	County slopes	26	0.0
Online gradient	County slopes	27	0.1
Online gradient	County slopes	28	0.3
Online gradient	County slopes	29	0.0
Online gradient	County slopes	30	0.3
Online gradient	County slopes	31	0.3
Online gradient	County slopes	32	0.2
Online gradient	County slopes	33	0.0
Online gradient	County slopes	34	0.1
Online gradient	County slopes	35	0.3
Online gradient	County slopes	36	0.3
Online gradient	County slopes	37	0.4
Online gradient	County slopes	38	0.5
Online gradient	County slopes	39	0.4
Online gradient	County slopes	40	0.4
Online gradient	County slopes	41	0.1
Online gradient	County slopes	42	0.7
Online gradient	County slopes	43	0.6
Online gradient	County slopes	44	0.0
Online gradient	County slopes	45	0.6
Online gradient	County slopes	46	0.8
Online gradient	County slopes	47	0.2
Online gradient	County slopes	48	0.0
Online gradient	County slopes	49	0.5
Online gradient	County slopes	50	0.1
Online gradient	County slopes	51	0.3
Online gradient	County slopes	52	0.2
Online gradient	County slopes	53	0.3
Online gradient	County slopes	54	0.1
Online gradient	County slopes	55	0.8
Online gradient	County slopes	56	0.0
Online gradient	County slopes	57	0.0
Online gradient	County slopes	58	0.5
Online gradient	County slopes	59	0.0
Online gradient	County slopes	60	0.6
Online gradient	County slopes	61	0.1
Online gradient	County slopes	62	0.0
Online gradient	County slopes	63	0.6
Online gradient	County slopes	64	0.0
Online gradient	County slopes	65	0.0
Online gradient	County slopes	66	0.7
Online gradient	County slopes	67	0.1
Online gradient	County slopes	68	0.3
Online gradient	County slopes	69	0.3
Online gradient	County slopes	70	0.5
Online gradient	County slopes	71	0.4
Online gradient	County slopes	72	0.2
Online gradient	County slopes	73	0.5
Online gradient	County slopes	74	0.3
Online gradient	County slopes	75	0.1
Online gradient	County slopes	76	0.3
Online gradient	County slopes	77	0.0
Online gradient	County slopes	78	0.0
Online gradient	County slopes	79	0.3
Online gradient	County slopes	80	0.8
Online gradient	County slopes	81	0.1
Online gradient	County slopes	82	0.5
Online gradient	County slopes	83	0.0
Online gradient	County slopes	84	0.6
Online gradient	County slopes	85	0.1
Online gradient	County slopes	86	0.5
Online gradient	County slopes	87	0.1
Online gradient	County slopes	88	1.0
Online gradient	County slopes	89	0.1
Online gradient	County slopes	90	0.5
Online gradient	County slopes	91	0.1
Online gradient	County slopes	92	0.1
Online gradient	County slopes	93	0.4
Online gradient	County slopes	94	0.0
Online gradient	County slopes	95	0.0
Online gradient	County slopes	96	0.6
Online gradient	County slopes	97	0.0
Online gradient	County slopes	98	0.5
Online gradient	County slopes	99	0.9
Online gradient	County slopes	100	0.4
Online gradient	County slopes	101	0.0
Online gradient	County slopes	102	0.0
Online gradient	County slopes	103	0.5
Online gradient	County slopes	104	0.3
Online gradient	County slopes	105	0.6
Online gradient	County slopes	106	0.5
Online gradient	County slopes	107	0.2
Online gradient	County slopes	108	0.4
Online gradient	County slopes	109	0.1
Online gradient	County slopes	110	0.6
Online gradient	County slopes	111	0.2
Online gradient	County slopes	112	0.2
Online gradient	County slopes	113	0.1
Online gradient	County slopes	114	0.1
Online gradient	County slopes	115	0.7
Online gradient	County slopes	116	0.4
Online gradient	County slopes	117	0.5
Online gradient	County slopes	118	0.2
Online gradient	County slopes	119	0.2
Online gradient	County slopes	120	0.0
Online gradient	County slopes	121	0.4
Online gradient	County slopes	122	1.0
Online gradient	County slopes	123	0.0
Online gradient	County slopes	124	0.1
Online gradient	County slopes	125	0.6
Online gradient	County slopes	126	1.0
Online gradient	County slopes	127	0.4
Online gradient	County slopes	128	0.2
Online gradient	County slopes	129	0.0
Online gradient	County slopes	130	0.6
Online gradient	County slopes	131	0.0
Online gradient	County slopes	132	0.0
Online gradient	County slopes	133	0.0
Online gradient	County slopes	134	0.0
Online gradient	County slopes	135	0.4
Online gradient	County slopes	136	0.3
Online gradient	County slopes	137	0.4
Online gradient	County slopes	138	0.0
Online gradient	County slopes	139	0.7
Online gradient	County slopes	140	1.0
Online gradient	County slopes	141	0.8
Online gradient	County slopes	142	1.0
Online gradient	County slopes	143	0.3
Online gradient	County slopes	144	0.1
Online gradient	County slopes	145	0.1
Online gradient	County slopes	146	0.0
Online gradient	County slopes	147	0.5
Online gradient	County slopes	148	0.0
Online gradient	County slopes	149	0.8
Online gradient	County slopes	150	0.1
Online gradient	County slopes	151	0.4
Online gradient	County slopes	152	0.0
Online gradient	County slopes	153	0.8
Online gradient	County slopes	154	0.0
Online gradient	County slopes	155	0.0
Online gradient	County slopes	156	0.3
Online gradient	County slopes	157	1.0
Online gradient	County slopes	158	0.2
Online gradient	County slopes	159	0.8
Online gradient	County slopes	160	0.5
Online gradient	County slopes	161	0.7
Online gradient	County slopes	162	0.3
Online gradient	County slopes	163	0.0
Online gradient	County slopes	164	0.0
Online gradient	County slopes	165	0.8
Online gradient	County slopes	166	0.3
Online gradient	County slopes	167	0.3
Online gradient	County slopes	168	0.4
Online gradient	County slopes	169	0.1
Online gradient	County slopes	170	0.7
Online gradient	County slopes	171	0.0
Online gradient	County slopes	172	0.1
Online gradient	County slopes	173	0.0
Online gradient	County slopes	174	0.8
Online gradient	County slopes	175	0.6
Online gradient	County slopes	176	0.0
Online gradient	County slopes	177	0.5
Online gradient	County slopes	178	0.4
Online gradient	County slopes	179	0.3
Online gradient	County slopes	180	0.3
Online gradient	County slopes	181	0.3
Online gradient	County slopes	182	0.4
Online gradient	County slopes	183	0.3
Online gradient	County slopes	184	0.0
Online gradient	County slopes	185	0.5
Online gradient	County slopes	186	0.1
Online gradient	County slopes	187	0.1
Online gradient	County slopes	188	0.7
Online gradient	County slopes	189	0.5
Online gradient	County slopes	190	0.0
Online gradient	County slopes	191	0.0
Online gradient	County slopes	192	0.5
Online gradient	County slopes	193	0.0
Online gradient	County slopes	194	0.2
Online gradient	County slopes	195	0.5
Online gradient	County slopes	196	0.4
Online gradient	County slopes	197	0.2
Online gradient	County slopes	198	0.1
Online gradient	County slopes	199	0.0
Online gradient	County slopes	200	0.1
Online gradient	County slopes	201	0.0
Online gradient	County slopes	202	0.4
Online gradient	County slopes	203	0.3
Online gradient	County slopes	204	0.4
Online gradient	County slopes	205	0.1
Online gradient	County slopes	206	0.4
Online gradient	County slopes	207	0.3
Online gradient	County slopes	208	0.2
Online gradient	County slopes	209	0.3
Online gradient	County slopes	210	0.1
Online gradient	County slopes	211	0.1
Online gradient	County slopes	212	0.3
Online gradient	County slopes	213	0.3
Online gradient	County slopes	214	0.0
Online gradient	County slopes	215	0.1
Online gradient	County slopes	216	0.5
Online gradient	County slopes	217	0.2
Online gradient	County slopes	218	0.5
Online gradient	County slopes	219	0.0
Online gradient	County slopes	220	0.2
Online gradient	County slopes	221	0.0
Online gradient	County slopes	222	0.0
Online gradient	County slopes	223	0.1
Online gradient	County slopes	224	0.4
Online gradient	County slopes	225	0.4
Online gradient	County slopes	226	0.6
Online gradient	County slopes	227	0.2
Online gradient	County slopes	228	0.0
Online gradient	County slopes	229	0.0
Online gradient	County slopes	230	0.1
Online gradient	County slopes	231	0.6
Online gradient	County slopes	232	0.1
Online gradient	County slopes	233	0.3
Online gradient	County slopes	234	0.0
Online gradient	County slopes	235	0.5
Online gradient	County slopes	236	0.3
Online gradient	County slopes	237	0.0
Online gradient	County slopes	238	0.1
Online gradient	County slopes	239	0.0
Online gradient	County slopes	240	0.1
Online gradient	County slopes	241	0.0
Online gradient	County slopes	242	0.9
Online gradient	County slopes	243	0.5
Online gradient	County slopes	244	0.2
Online gradient	County slopes	245	0.0
Online gradient	County slopes	246	0.0
Online gradient	County slopes	247	0.6
Online gradient	County slopes	248	0.3
Online gradient	County slopes	249	0.3
Online gradient	County slopes	250	1.0
Online gradient	County slopes	251	0.1
Online gradient	County slopes	252	0.3
Online gradient	County slopes	253	0.6
Online gradient	County slopes	254	0.7
Online gradient	County slopes	255	0.6
Online gradient	County slopes	256	0.4
Online gradient	County slopes	257	0.3
Online gradient	County slopes	258	0.5
Online gradient	County slopes	259	0.1
Online gradient	County slopes	260	0.2
Online gradient	County slopes	261	0.4
Online gradient	County slopes	262	0.1
Online gradient	County slopes	263	0.8
Online gradient	County slopes	264	0.5
Online gradient	County slopes	265	0.0
Online gradient	County slopes	266	0.6
Online gradient	County slopes	267	0.3
Online gradient	County slopes	268	0.6
Online gradient	County slopes	269	0.1
Online gradient	County slopes	270	0.0
Online gradient	County slopes	271	0.5
Online gradient	County slopes	272	0.3
Online gradient	County slopes	273	0.0
Online gradient	County slopes	274	0.0
Online gradient	County slopes	275	0.3
Online gradient	County slopes	276	0.5
Online gradient	County slopes	277	0.2
Online gradient	County slopes	278	0.0
Online gradient	County slopes	279	0.9
Online gradient	County slopes	280	0.7
Online gradient	County slopes	281	0.2
Online gradient	County slopes	282	0.6
Online gradient	County slopes	283	0.9
Online gradient	County slopes	284	0.4
Online gradient	County slopes	285	0.5
Online gradient	County slopes	286	0.7
Online gradient	County slopes	287	0.3
Online gradient	County slopes	288	0.0
Online gradient	County slopes	289	0.3
Online gradient	County slopes	290	0.0
Online gradient	County slopes	291	0.1
Online gradient	County slopes	292	0.6
Online gradient	County slopes	293	1.0
Online gradient	County slopes	294	0.0
Online gradient	County slopes	295	0.1
Online gradient	County slopes	296	0.8
Online gradient	County slopes	297	0.0
Online gradient	County slopes	298	0.7
Online gradient	County slopes	299	0.1
Online gradient	County slopes	300	0.6
Online gradient	County slopes	301	0.2
Online gradient	County slopes	302	0.7
Online gradient	County slopes	303	0.0
Online gradient	County slopes	304	0.1
Online gradient	County slopes	305	0.1
Online gradient	County slopes	306	0.1
Online gradient	County slopes	307	0.5
Online gradient	County slopes	308	0.3
Online gradient	County slopes	309	0.5
Online gradient	County slopes	310	0.0
Online gradient	County slopes	311	0.1
Online gradient	County slopes	312	0.0
Online gradient	County slopes	313	0.1
Online gradient	County slopes	314	0.3
Online gradient	County slopes	315	0.0
Online gradient	County slopes	316	0.0
Online gradient	County slopes	317	0.1
Online gradient	County slopes	318	0.8
Online gradient	County slopes	319	0.6
Online gradient	County slopes	320	0.3
Online gradient	County slopes	321	0.1
Online gradient	County slopes	322	0.5
Online gradient	County slopes	323	0.2
Online gradient	County slopes	324	0.3
Online gradient	County slopes	325	0.6
Online gradient	County slopes	326	0.3
Online gradient	County slopes	327	0.6
Online gradient	County slopes	328	0.2
Online gradient	County slopes	329	0.3
Online gradient	County slopes	330	0.1
Online gradient	County slopes	331	0.3
Online gradient	County slopes	332	0.0
Online gradient	County slopes	333	0.6
Online gradient	County slopes	334	0.2
Online gradient	County slopes	335	0.4
Online gradient	County slopes	336	0.9
Online gradient	County slopes	337	0.4
Online gradient	County slopes	338	0.2
Online gradient	County slopes	339	0.5
Online gradient	County slopes	340	0.0
Online gradient	County slopes	341	0.1
Online gradient	County slopes	342	0.6
Online gradient	County slopes	343	0.5
Online gradient	County slopes	344	0.4
Online gradient	County slopes	345	0.5
Online gradient	County slopes	346	0.4
Online gradient	County slopes	347	0.0
Online gradient	County slopes	348	0.2
Online gradient	County slopes	349	0.3
Online gradient	County slopes	350	0.2
Online gradient	County slopes	351	0.0
Online gradient	County slopes	352	0.5
Online gradient	County slopes	353	0.0
Online gradient	County slopes	354	0.0
Online gradient	County slopes	355	0.0
Online gradient	County slopes	356	0.1
Online gradient	County slopes	357	0.4
Online gradient	County slopes	358	0.1
Online gradient	County slopes	359	0.1
Online gradient	County slopes	360	0.3
Online gradient	County slopes	361	0.1
Online gradient	County slopes	362	1.0
Online gradient	County slopes	363	0.6
Online gradient	County slopes	364	0.2
Online gradient	County slopes	365	0.1
Online gradient	County slopes	366	0.4
Online gradient	County slopes	367	0.5
Online gradient	County slopes	368	1.0
Online gradient	County slopes	369	0.5
Online gradient	County slopes	370	0.3
Online gradient	County slopes	371	0.5
Online gradient	County slopes	372	1.0
Online gradient	County slopes	373	0.4
Online gradient	County slopes	374	0.4
Online gradient	County slopes	375	0.0
Online gradient	County slopes	376	0.3
Online gradient	County slopes	377	0.0
Online gradient	County slopes	378	0.6
Online gradient	County slopes	379	0.5
Online gradient	County slopes	380	0.0
Online gradient	County slopes	381	0.5
Online gradient	County slopes	382	0.0
Online gradient	County slopes	383	0.4
Online gradient	County slopes	384	0.0
Online gradient	County slopes	385	0.6
Online gradient	County slopes	386	0.2
