arm	recovery_seed	parameter	conditional_noise_variance_fraction	conditional_mean_bulk_ess	recovered_bulk_ess	conditional_mean_mean_ess	recovered_mean_ess	conditional_mean_mcse	recovered_mcse	predicted_recovered_mcse	recovered_mean	conditional_mean	posterior_sd_from_total_variance
centered_total	101	population_intercept_at_mean_load	0.9996225554009212	2487.431010906602	2024.1163335149822	2479.687271029064	2022.8157123636877	0.21043327323066527	12.308370781523358	12.060224874523353	5626.119248080743	5619.072602420179	539.3693443623026
centered_total	101	population_load	0.8446256514354386	2177.5565203631763	2044.971780921689	2147.96053619976	2035.4334504802946	0.13247069195968236	0.35347514329688196	0.3464110025115649	59.05802281352355	58.737332895189084	15.575546489868143
centered_total	101	log_tau_intercept	0.0	2491.1529243351583	2491.1529243351583	2416.5803763402437	2416.5803763402437	0.0032208151012916614	0.0032208151012916614	0.0032208151012916614	7.81087556930598	7.81087556930598	0.15833116818788753
centered_total	101	log_tau_load	0.0	1894.5589177510224	1894.5589177510224	1843.2510726127018	1843.2510726127018	0.005287233439665858	0.005287233439665858	0.005287233439665858	4.1064299964807836	4.1064299964807836	0.22699732180395865
centered_total	101	log_sigma_intercept	0.0	3076.954506877631	3076.954506877631	3092.520184063529	3092.520184063529	0.00026587421744814216	0.00026587421744814216	0.00026587421744814216	6.051434629235876	6.051434629235876	0.01478538017801199
centered_total	101	log_sigma_subj_slope	0.0	3319.6173549091636	3319.6173549091636	3310.15102989027	3310.15102989027	4.737637551125306e-5	4.737637551125306e-5	4.737637551125306e-5	0.07821230571321935	0.07821230571321935	0.002725748219488433
centered_total	101	deviation_intercept[701]	0.9910537886375682	2590.2676302728296	2016.7902084074774	2593.6957661921742	2013.2268581625005	1.0042163845295407	12.383166520260382	12.07833630779705	-4862.635452114336	-4856.38866007863	540.7135366796729
centered_total	101	deviation_intercept[702]	0.9954066422869504	2575.028179025755	2018.1382758275438	2577.35399679621	2016.5574809851164	0.7202672791037468	12.321369970094834	12.058048862508329	-3924.5844766818323	-3918.337684646125	539.5299874034527
centered_total	101	deviation_intercept[703]	0.9944845633447262	2967.544340745767	1995.255452476345	2963.745696076415	1996.2043383193256	0.7363534306211011	12.350155751522488	12.059020432525951	-3643.4491824273887	-3637.2023903916825	539.7800536160079
centered_total	101	deviation_intercept[704]	0.9936316721834674	2434.141076984228	2014.2991211881824	2399.9115499088284	2014.4733371505806	0.8796668575644438	12.355126187072702	12.06861927469701	-663.1716585394046	-656.9248665036973	540.0116660437957
centered_total	101	deviation_intercept[705]	0.992368718020239	2179.661531451663	2022.143541577822	2180.6440963090404	2021.0158256458142	1.0108475853346022	12.328598429602117	12.078889446388176	-1359.480240829444	-1353.2334487937362	540.3551840903856
centered_total	101	deviation_intercept[706]	0.9922412383617938	2171.622005196935	2034.948737763786	2167.7876165459543	2032.8360969357773	1.0223393055464638	12.293292150392402	12.079856583294195	32.56123727077247	38.80802930647967	540.3898944406931
centered_total	101	deviation_intercept[707]	0.9908736032188781	3024.9706059249047	2021.8158347023705	3009.1872537845943	2020.0740628467427	0.9417416802109764	12.329474897749058	12.073302564316753	-95.90271733359799	-89.65592529789079	540.7626974736701
centered_total	101	deviation_intercept[708]	0.9906224579493477	2786.1906757731545	2039.8031740334739	2802.1441651325804	2039.316976290343	0.9893752526071274	12.323315273845264	12.0771114430464	-459.002526807149	-452.7557347714418	540.8312409362584
centered_total	101	deviation_intercept[709]	0.9884401215705653	1689.9533987984355	2023.4247618290829	1684.3237019364885	2020.4705708653216	1.4184189535902156	12.371587530888501	12.119804855904027	-1152.0535944337923	-1145.8068023980852	541.4279513053318
centered_total	101	deviation_intercept[710]	0.9864159184454098	2377.6354022977966	2001.457861014746	2363.4349126060924	1998.3498844619817	1.2993589314970255	12.38657240442277	12.106448325175801	172.26631893409908	178.5131109698063	541.9831929927466
centered_total	101	deviation_intercept[711]	0.9859702709648567	2281.5839948064695	2008.042020150427	2279.218970165677	2003.7240240294668	1.3449791791297123	12.445925107368858	12.111429577452173	-1742.7111735166088	-1736.4643814809015	542.1056643111712
centered_total	101	deviation_intercept[712]	0.9823761634311157	2264.8243749214294	2058.1423967608803	2271.1339332736857	2055.8760365245275	1.5128846013944	12.330842549964629	12.131223237350271	1080.571017874495	1086.8178099102029	543.0964289962045
centered_total	101	deviation_intercept[713]	0.9804666560626089	2372.8345612684557	2040.8673323120504	2394.1210191152963	2039.5871098032226	1.5527970227471841	12.312405826136827	12.13626532386069	3880.5222436422064	3886.7690356779126	543.6250253501627
centered_total	101	deviation_intercept[714]	0.9799664393929823	2534.1725682538545	2055.5870311306244	2529.3004766785393	2054.4846359246067	1.5303441687946764	12.31861781639192	12.133412986140987	137.35494297075044	143.60173500645763	543.7637523495905
centered_total	101	deviation_intercept[715]	0.9738419700914623	3060.121587484711	2063.9027414445272	3058.386997122624	2061.202469027184	1.5952468956918855	12.357098418910342	12.141769643487127	906.5004849227197	912.7472769584269	545.4709311948515
centered_total	101	deviation_intercept[716]	0.9512684936322741	2671.9822213159	2003.0180783839605	2668.320856767253	1999.2016192691467	2.358577718780595	12.570989868156646	12.265424830507062	756.8396693110958	763.086461346803	551.9049621009635
centered_total	101	deviation_intercept[717]	0.9662600338245908	2820.7645546751824	2017.7230776152437	2778.649900175714	2016.0481116163376	1.9082015881911463	12.51559354702962	12.186836780660768	1476.1250176933659	1482.371809729073	547.6068182404314
centered_total	101	deviation_intercept[718]	0.9616804082159167	2582.045055677062	2062.6389549224427	2558.657705704186	2059.043178960184	2.1242460178794387	12.322000340286529	12.222527503007205	1301.7980056785352	1308.0447977142426	548.9091509232467
centered_total	101	deviation_intercept[719]	0.9603955840945799	2067.000321324951	2015.8293520357593	2069.7878401820767	2005.710095011915	2.4027006657678873	12.502495032548234	12.273985819878249	4679.820174737835	4686.066966773544	549.2761955109893
centered_total	101	deviation_intercept[720]	0.954259342260776	2336.9162637539594	2013.1781517631748	2288.468154989501	2010.2949940670599	2.463550169740008	12.525317164383416	12.286042359365236	3291.4737393265095	3297.7205313622176	551.0393904798791
centered_total	101	deviation_load[701]	0.41248780603313784	2394.6288627354484	2273.865449631195	2384.44013146809	2272.6770151167275	0.3498525959591782	0.46809755894772775	0.4741823882560026	-23.637764864016397	-23.317074945681938	22.287936905467213
centered_total	101	deviation_load[702]	0.5882579804246401	2525.5872468360044	2006.9935632476513	2530.0985443382506	2010.5360201019762	0.23808683944267423	0.42451599456133476	0.39892034486673167	-36.543695295892626	-36.22300537755815	18.66343218618122
centered_total	101	deviation_load[703]	0.5373386122173679	2688.8192945380924	2416.221923002302	2699.4191735125714	2403.7104341042445	0.2556512179949528	0.408180500984219	0.4096457539082924	-38.411226274530534	-38.09053635619606	19.52771383650316
centered_total	101	deviation_load[704]	0.49768540895540303	2264.860655783095	2150.580959373125	2241.557181405404	2142.223748308209	0.30374627345211225	0.4379843837043068	0.4412639766271837	10.717596411483656	11.038286329818119	20.29074405160115
centered_total	101	deviation_load[705]	0.46444760331287105	1915.5671335118684	1874.2606967076647	1891.8816931453591	1873.4083259515112	0.35339553658020334	0.49104748443802615	0.4768023738485372	-21.114092019692762	-20.793402101358296	21.00424443990099
centered_total	101	deviation_load[706]	0.4546451541943169	2094.9616161708996	2283.365903218528	2101.887419616394	2271.7927989923614	0.34195897482372195	0.4468824957482938	0.4683887689679176	-6.819955305735408	-6.499265387400948	21.229469588868728
centered_total	101	deviation_load[707]	0.42099689654002	3221.855148257425	2667.883525775183	3194.5602446616367	2666.4542361153563	0.29700987166328136	0.42748723354213597	0.4366542823541632	-1.314421251680421	-0.9937313333459599	22.0615478595304
centered_total	101	deviation_load[708]	0.415135895794806	2545.3527714198526	2328.342868724737	2541.9362382600416	2339.2793236458056	0.3369965390329829	0.4668290392298129	0.4647781898422076	-25.11017564279774	-24.78948572446328	22.21673747392361
centered_total	101	deviation_load[709]	0.3594299580644459	1896.8108361082382	2351.958376061492	1902.6165182363693	2350.4382825935904	0.4381027418584098	0.4932502350053784	0.5425735994836525	-44.1279261572711	-43.807236238936646	23.87636947516505
centered_total	101	deviation_load[710]	0.3259499268497645	2307.4267078583157	2516.7397610671615	2299.419563207448	2525.7358578837357	0.4292763394629671	0.5012688963172324	0.5354720105248406	-73.53850780381653	-73.21781788548208	25.072635261668285
centered_total	101	deviation_load[711]	0.3266110246371681	2322.128940918176	2259.872381002869	2325.0339846345355	2256.519671286325	0.4262637047106955	0.5357207801882522	0.5330598881800032	13.13249631016636	13.45318622850082	25.0472474783428
centered_total	101	deviation_load[712]	0.26267382345162993	1882.1382100154976	1870.5037614771825	1905.7136510498112	1912.269553308005	0.5493739126235524	0.64251224403467	0.6358174221457769	116.0270540694612	116.34774398779567	27.9297487588777
centered_total	101	deviation_load[713]	0.2660386728782068	3033.37799487021	2640.6923471164546	3062.768219443429	2640.9404649517764	0.4296180931239301	0.5518537235991262	0.5357460259976105	-14.189655921960474	-13.868966003626014	27.752559377926946
centered_total	101	deviation_load[714]	0.2528707783976713	2577.736515203321	2383.129790015314	2566.1626598309454	2373.8171483175693	0.48571540176141303	0.583174969202844	0.5816971290465867	-2.986106670160279	-2.6654167518258167	28.465977658493493
centered_total	101	deviation_load[715]	0.2095740126916307	2998.2713353894846	2698.2900600443795	2979.7688436069902	2706.430845143302	0.5092675804086912	0.6102435064871449	0.6015027571741572	-42.11030378979508	-41.789613871460624	31.268475844693143
centered_total	101	deviation_load[716]	0.13318735513818933	2545.6332875369776	2346.953520972744	2534.6212138496985	2341.6602015076096	0.7253540092205565	0.8141572037493935	0.7928370180088248	-34.57775686325102	-34.25706694491656	39.2232819253684
centered_total	101	deviation_load[717]	0.1575788055421939	2987.414095712048	2741.5743825910017	2966.1308645932663	2710.697751450781	0.607709482703554	0.6954525105384286	0.6868499936671847	92.84873325281366	93.16942317114813	36.060066624400164
centered_total	101	deviation_load[718]	0.14981695811282042	2287.437253415367	2291.883117243565	2269.34465044021	2283.2358536264187	0.715815221753234	0.7731092955694955	0.7841195891740124	112.10427529980335	112.4249652181378	36.982387041819294
centered_total	101	deviation_load[719]	0.15023793273889047	2190.5380467019722	2156.7314604905664	2188.7611658368155	2147.6396174112565	0.7276710721477415	0.8031664305530778	0.7949574124904013	-31.054213138499456	-30.733523220165004	36.930537393660785
centered_total	101	deviation_load[720]	0.1366474949841481	2097.708369285294	2168.8262040415225	2070.318541040749	2131.747247489988	0.7907698100886601	0.8375455968331913	0.8530937761937113	44.192395314723036	44.5130852330575	38.723498725360265
centered_total	101	population_intercept_at_load0	0.9988033756534723	2254.786064585743	2014.399593225269	2246.1177365031263	2014.6901660223464	0.3931321063455067	12.299833737492404	12.042936115014916	5478.8187845373195	5472.571992501612	538.6117885258559
centered_total	101	log_sigma_intercept_at_subject0	0.0	3317.4692627562977	3317.4692627562977	3313.6097751105794	3313.6097751105794	0.03363334208752098	0.03363334208752098	0.03363334208752098	-49.54013812095642	-49.54013812095642	1.936068441626708
centered_total	102	population_intercept_at_mean_load	0.9996225554009212	2487.431010906602	2071.749222837448	2479.687271029064	2069.6201522184783	0.21043327323066527	11.918183171092748	12.060224874523353	5631.838873729465	5619.072602420179	539.3693443623026
centered_total	102	population_load	0.8446256514354386	2177.5565203631763	2033.6624203392466	2147.96053619976	2029.7097211862454	0.13247069195968236	0.3430724707680237	0.3464110025115649	57.94938863113816	58.737332895189084	15.575546489868143
centered_total	102	log_tau_intercept	0.0	2491.1529243351583	2491.1529243351583	2416.5803763402437	2416.5803763402437	0.0032208151012916614	0.0032208151012916614	0.0032208151012916614	7.81087556930598	7.81087556930598	0.15833116818788753
centered_total	102	log_tau_load	0.0	1894.5589177510224	1894.5589177510224	1843.2510726127018	1843.2510726127018	0.005287233439665858	0.005287233439665858	0.005287233439665858	4.1064299964807836	4.1064299964807836	0.22699732180395865
centered_total	102	log_sigma_intercept	0.0	3076.954506877631	3076.954506877631	3092.520184063529	3092.520184063529	0.00026587421744814216	0.00026587421744814216	0.00026587421744814216	6.051434629235876	6.051434629235876	0.01478538017801199
centered_total	102	log_sigma_subj_slope	0.0	3319.6173549091636	3319.6173549091636	3310.15102989027	3310.15102989027	4.737637551125306e-5	4.737637551125306e-5	4.737637551125306e-5	0.07821230571321935	0.07821230571321935	0.002725748219488433
centered_total	102	deviation_intercept[701]	0.9910537886375682	2590.2676302728296	2087.9627693842644	2593.6957661921742	2086.398499084925	1.0042163845295407	11.867978188122041	12.07833630779705	-4871.120194527653	-4856.38866007863	540.7135366796729
centered_total	102	deviation_intercept[702]	0.9954066422869504	2575.028179025755	2078.2117754552796	2577.35399679621	2077.6211717534466	0.7202672791037468	11.884774168942805	12.058048862508329	-3933.0692190951477	-3918.337684646125	539.5299874034527
centered_total	102	deviation_intercept[703]	0.9944845633447262	2967.544340745767	2095.134652164254	2963.745696076415	2089.664949548796	0.7363534306211011	11.861953943695656	12.059020432525951	-3651.933924840704	-3637.2023903916825	539.7800536160079
centered_total	102	deviation_intercept[704]	0.9936316721834674	2434.141076984228	2075.6642526261867	2399.9115499088284	2073.387094412704	0.8796668575644438	11.927061086479188	12.06861927469701	-671.6564009527199	-656.9248665036973	540.0116660437957
centered_total	102	deviation_intercept[705]	0.992368718020239	2179.661531451663	2071.9162257178227	2180.6440963090404	2072.222215943193	1.0108475853346022	11.923442963914164	12.078889446388176	-1367.9649832427588	-1353.2334487937362	540.3551840903856
centered_total	102	deviation_intercept[706]	0.9922412383617938	2171.622005196935	2086.275870727695	2167.7876165459543	2085.1549322505753	1.0223393055464638	11.871366861206402	12.079856583294195	24.076494857457277	38.80802930647967	540.3898944406931
centered_total	102	deviation_intercept[707]	0.9908736032188781	3024.9706059249047	2096.4813254217106	3009.1872537845943	2097.204456667545	0.9417416802109764	11.838434955056984	12.073302564316753	-104.38745974691317	-89.65592529789079	540.7626974736701
centered_total	102	deviation_intercept[708]	0.9906224579493477	2786.1906757731545	2068.335259722292	2802.1441651325804	2065.9335371944544	0.9893752526071274	11.920634285608427	12.0771114430464	-467.48726922046416	-452.7557347714418	540.8312409362584
centered_total	102	deviation_intercept[709]	0.9884401215705653	1689.9533987984355	2073.4928214419506	1684.3237019364885	2070.868861859734	1.4184189535902156	11.937843330947226	12.119804855904027	-1160.5383368471075	-1145.8068023980852	541.4279513053318
centered_total	102	deviation_intercept[710]	0.9864159184454098	2377.6354022977966	2080.1705162936105	2363.4349126060924	2078.312680092298	1.2993589314970255	11.934085176699547	12.106448325175801	163.78157652078394	178.5131109698063	541.9831929927466
centered_total	102	deviation_intercept[711]	0.9859702709648567	2281.5839948064695	2092.2543524703838	2279.218970165677	2090.7742704395973	1.3449791791297123	11.872206823284786	12.111429577452173	-1751.1959159299238	-1736.4643814809015	542.1056643111712
centered_total	102	deviation_intercept[712]	0.9823761634311157	2264.8243749214294	2066.2392067906244	2271.1339332736857	2065.286803210181	1.5128846013944	12.02944101445114	12.131223237350271	1072.08627546118	1086.8178099102029	543.0964289962045
centered_total	102	deviation_intercept[713]	0.9804666560626089	2372.8345612684557	2093.8826454179034	2394.1210191152963	2090.346258564341	1.5527970227471841	11.989509512191402	12.13626532386069	3872.0375012288914	3886.7690356779126	543.6250253501627
centered_total	102	deviation_intercept[714]	0.9799664393929823	2534.1725682538545	2073.500272277274	2529.3004766785393	2068.675213219766	1.5303441687946764	12.007956639697078	12.133412986140987	128.87020055743523	143.60173500645763	543.7637523495905
centered_total	102	deviation_intercept[715]	0.9738419700914623	3060.121587484711	2072.6539771257467	3058.386997122624	2072.326612388243	1.5952468956918855	12.126409209594424	12.141769643487127	898.0157425094043	912.7472769584269	545.4709311948515
centered_total	102	deviation_intercept[716]	0.9512684936322741	2671.9822213159	2129.590912646261	2668.320856767253	2134.9171076594685	2.358577718780595	11.924897473058923	12.265424830507062	748.3549268977807	763.086461346803	551.9049621009635
centered_total	102	deviation_intercept[717]	0.9662600338245908	2820.7645546751824	2092.931307618913	2778.649900175714	2091.9157205705965	1.9082015881911463	12.046415679474098	12.186836780660768	1467.640275280051	1482.371809729073	547.6068182404314
centered_total	102	deviation_intercept[718]	0.9616804082159167	2582.045055677062	2107.26739121127	2558.657705704186	2109.084945897507	2.1242460178794387	12.07369011314423	12.222527503007205	1293.31326326522	1308.0447977142426	548.9091509232467
centered_total	102	deviation_intercept[719]	0.9603955840945799	2067.000321324951	2045.1199544790763	2069.7878401820767	2043.3010046292734	2.4027006657678873	12.11829538797844	12.273985819878249	4671.335432324521	4686.066966773544	549.2761955109893
centered_total	102	deviation_intercept[720]	0.954259342260776	2336.9162637539594	2098.0693008142734	2288.468154989501	2099.0400591096113	2.463550169740008	12.135382281198817	12.286042359365236	3282.9889969131946	3297.7205313622176	551.0393904798791
centered_total	102	deviation_load[701]	0.41248780603313784	2394.6288627354484	2306.5054367174744	2384.44013146809	2314.0915266728794	0.3498525959591782	0.4595268259123319	0.4741823882560026	-22.52913068163101	-23.317074945681938	22.287936905467213
centered_total	102	deviation_load[702]	0.5882579804246401	2525.5872468360044	2185.3155813659787	2530.0985443382506	2183.6268703855053	0.23808683944267423	0.3984738869822317	0.39892034486673167	-35.43506111350724	-36.22300537755815	18.66343218618122
centered_total	102	deviation_load[703]	0.5373386122173679	2688.8192945380924	2157.4448455341467	2699.4191735125714	2149.27159837293	0.2556512179949528	0.42141361875688266	0.4096457539082924	-37.30259209214515	-38.09053635619606	19.52771383650316
centered_total	102	deviation_load[704]	0.49768540895540303	2264.860655783095	2214.040581536868	2241.557181405404	2190.8190088842844	0.30374627345211225	0.4311165172689255	0.4412639766271837	11.82623059386904	11.038286329818119	20.29074405160115
centered_total	102	deviation_load[705]	0.46444760331287105	1915.5671335118684	1857.697053022173	1891.8816931453591	1848.1299074488322	0.35339553658020334	0.49118390641810283	0.4768023738485372	-20.00545783730737	-20.793402101358296	21.00424443990099
centered_total	102	deviation_load[706]	0.4546451541943169	2094.9616161708996	2226.785489244732	2101.887419616394	2223.6160053661165	0.34195897482372195	0.44506822641258	0.4683887689679176	-5.7113211233500225	-6.499265387400948	21.229469588868728
centered_total	102	deviation_load[707]	0.42099689654002	3221.855148257425	2493.3818322494303	3194.5602446616367	2501.4569274766104	0.29700987166328136	0.42808495126818974	0.4366542823541632	-0.2057870692950343	-0.9937313333459599	22.0615478595304
centered_total	102	deviation_load[708]	0.415135895794806	2545.3527714198526	2226.2921666300267	2541.9362382600416	2227.3392837684714	0.3369965390329829	0.4663979613388815	0.4647781898422076	-24.00154146041235	-24.78948572446328	22.21673747392361
centered_total	102	deviation_load[709]	0.3594299580644459	1896.8108361082382	2238.839499727075	1902.6165182363693	2230.943860711701	0.4381027418584098	0.5069461668126014	0.5425735994836525	-43.01929197488571	-43.807236238936646	23.87636947516505
centered_total	102	deviation_load[710]	0.3259499268497645	2307.4267078583157	2438.0435261201524	2299.419563207448	2429.904566067146	0.4292763394629671	0.5114345483409615	0.5354720105248406	-72.42987362143116	-73.21781788548208	25.072635261668285
centered_total	102	deviation_load[711]	0.3266110246371681	2322.128940918176	2182.5983338745964	2325.0339846345355	2181.3760611758753	0.4262637047106955	0.5416650595475974	0.5330598881800032	14.241130492551743	13.45318622850082	25.0472474783428
centered_total	102	deviation_load[712]	0.26267382345162993	1882.1382100154976	2051.5464821176943	1905.7136510498112	1995.4113986462821	0.5493739126235524	0.6218597789804706	0.6358174221457769	117.13568825184659	116.34774398779567	27.9297487588777
centered_total	102	deviation_load[713]	0.2660386728782068	3033.37799487021	2838.54219010218	3062.768219443429	2828.3708188268024	0.4296180931239301	0.5231555568178353	0.5357460259976105	-13.081021739575087	-13.868966003626014	27.752559377926946
centered_total	102	deviation_load[714]	0.2528707783976713	2577.736515203321	2439.1713321764646	2566.1626598309454	2435.9238574462765	0.48571540176141303	0.5831681367751421	0.5816971290465867	-1.8774724877748914	-2.6654167518258167	28.465977658493493
centered_total	102	deviation_load[715]	0.2095740126916307	2998.2713353894846	2840.6007334885135	2979.7688436069902	2844.028112479113	0.5092675804086912	0.5796746813206082	0.6015027571741572	-41.00166960740968	-41.789613871460624	31.268475844693143
centered_total	102	deviation_load[716]	0.13318735513818933	2545.6332875369776	2456.1605715456667	2534.6212138496985	2444.472856747943	0.7253540092205565	0.7888771953323883	0.7928370180088248	-33.46912268086563	-34.25706694491656	39.2232819253684
centered_total	102	deviation_load[717]	0.1575788055421939	2987.414095712048	2761.3480601674755	2966.1308645932663	2733.136825122294	0.607709482703554	0.6885371520797428	0.6868499936671847	93.95736743519906	93.16942317114813	36.060066624400164
centered_total	102	deviation_load[718]	0.14981695811282042	2287.437253415367	2147.5916914997038	2269.34465044021	2054.5094770532014	0.715815221753234	0.8245144390407626	0.7841195891740124	113.21290948218872	112.4249652181378	36.982387041819294
centered_total	102	deviation_load[719]	0.15023793273889047	2190.5380467019722	2028.755767311281	2188.7611658368155	2026.8250405083718	0.7276710721477415	0.8188764226055525	0.7949574124904013	-29.945578956114073	-30.733523220165004	36.930537393660785
centered_total	102	deviation_load[720]	0.1366474949841481	2097.708369285294	2015.866735264971	2070.318541040749	1984.7298492993468	0.7907698100886601	0.871555552669229	0.8530937761937113	45.30102949710842	44.5130852330575	38.723498725360265
centered_total	102	population_intercept_at_load0	0.9988033756534723	2254.786064585743	2074.9729745952513	2246.1177365031263	2074.3021147109953	0.3931321063455067	11.874997557513328	12.042936115014916	5487.3035269506345	5472.571992501612	538.6117885258559
centered_total	102	log_sigma_intercept_at_subject0	0.0	3317.4692627562977	3317.4692627562977	3313.6097751105794	3313.6097751105794	0.03363334208752098	0.03363334208752098	0.03363334208752098	-49.54013812095642	-49.54013812095642	1.936068441626708
centered_total	103	population_intercept_at_mean_load	0.9996225554009212	2487.431010906602	2032.4756161293199	2479.687271029064	2030.803899724054	0.21043327323066527	11.889287912811506	12.060224874523353	5625.67855128272	5619.072602420179	539.3693443623026
centered_total	103	population_load	0.8446256514354386	2177.5565203631763	2043.1266200654088	2147.96053619976	2052.9311542980663	0.13247069195968236	0.3350871807482463	0.3464110025115649	58.17836405339854	58.737332895189084	15.575546489868143
centered_total	103	log_tau_intercept	0.0	2491.1529243351583	2491.1529243351583	2416.5803763402437	2416.5803763402437	0.0032208151012916614	0.0032208151012916614	0.0032208151012916614	7.81087556930598	7.81087556930598	0.15833116818788753
centered_total	103	log_tau_load	0.0	1894.5589177510224	1894.5589177510224	1843.2510726127018	1843.2510726127018	0.005287233439665858	0.005287233439665858	0.005287233439665858	4.1064299964807836	4.1064299964807836	0.22699732180395865
centered_total	103	log_sigma_intercept	0.0	3076.954506877631	3076.954506877631	3092.520184063529	3092.520184063529	0.00026587421744814216	0.00026587421744814216	0.00026587421744814216	6.051434629235876	6.051434629235876	0.01478538017801199
centered_total	103	log_sigma_subj_slope	0.0	3319.6173549091636	3319.6173549091636	3310.15102989027	3310.15102989027	4.737637551125306e-5	4.737637551125306e-5	4.737637551125306e-5	0.07821230571321935	0.07821230571321935	0.002725748219488433
centered_total	103	deviation_intercept[701]	0.9910537886375682	2590.2676302728296	2027.9256449948293	2593.6957661921742	2030.404372375937	1.0042163845295407	11.896672803078031	12.07833630779705	-4864.388769557792	-4856.38866007863	540.7135366796729
centered_total	103	deviation_intercept[702]	0.9954066422869504	2575.028179025755	2032.122938521812	2577.35399679621	2032.4172051996939	0.7202672791037468	11.85913696180648	12.058048862508329	-3926.3377941252866	-3918.337684646125	539.5299874034527
centered_total	103	deviation_intercept[703]	0.9944845633447262	2967.544340745767	2045.184496608185	2963.745696076415	2043.1360941230564	0.7363534306211011	11.827328501263393	12.059020432525951	-3645.2024998708434	-3637.2023903916825	539.7800536160079
centered_total	103	deviation_intercept[704]	0.9936316721834674	2434.141076984228	2021.7633644225557	2399.9115499088284	2019.7632470827486	0.8796668575644438	11.874959850184142	12.06861927469701	-664.924975982859	-656.9248665036973	540.0116660437957
centered_total	103	deviation_intercept[705]	0.992368718020239	2179.661531451663	2072.025318705049	2180.6440963090404	2071.977381155936	1.0108475853346022	11.794799133323872	12.078889446388176	-1361.233558272898	-1353.2334487937362	540.3551840903856
centered_total	103	deviation_intercept[706]	0.9922412383617938	2171.622005196935	2062.5886359740457	2167.7876165459543	2062.330989229946	1.0223393055464638	11.810680891681423	12.079856583294195	30.807919827318006	38.80802930647967	540.3898944406931
centered_total	103	deviation_intercept[707]	0.9908736032188781	3024.9706059249047	2065.7282615216986	3009.1872537845943	2063.505939187616	0.9417416802109764	11.818612280829182	12.073302564316753	-97.65603477705241	-89.65592529789079	540.7626974736701
centered_total	103	deviation_intercept[708]	0.9906224579493477	2786.1906757731545	2049.177605893335	2802.1441651325804	2048.500594275159	0.9893752526071274	11.830928933367572	12.0771114430464	-460.75584425060345	-452.7557347714418	540.8312409362584
centered_total	103	deviation_intercept[709]	0.9884401215705653	1689.9533987984355	2045.734681291575	1684.3237019364885	2043.845195810356	1.4184189535902156	11.886461459307235	12.119804855904027	-1153.8069118772466	-1145.8068023980852	541.4279513053318
centered_total	103	deviation_intercept[710]	0.9864159184454098	2377.6354022977966	2052.615856305759	2363.4349126060924	2049.234625729316	1.2993589314970255	11.864621567902411	12.106448325175801	170.5130014906446	178.5131109698063	541.9831929927466
centered_total	103	deviation_intercept[711]	0.9859702709648567	2281.5839948064695	2060.3719520973723	2279.218970165677	2061.7383191399845	1.3449791791297123	11.892540115900692	12.111429577452173	-1744.464490960063	-1736.4643814809015	542.1056643111712
centered_total	103	deviation_intercept[712]	0.9823761634311157	2264.8243749214294	2048.3470962253477	2271.1339332736857	2047.4832077682508	1.5128846013944	11.936156570210459	12.131223237350271	1078.8177004310412	1086.8178099102029	543.0964289962045
centered_total	103	deviation_intercept[713]	0.9804666560626089	2372.8345612684557	2054.830381145248	2394.1210191152963	2060.632922589984	1.5527970227471841	11.976075849378578	12.13626532386069	3878.7689261987516	3886.7690356779126	543.6250253501627
centered_total	103	deviation_intercept[714]	0.9799664393929823	2534.1725682538545	2025.5179253892024	2529.3004766785393	2023.2318258386983	1.5303441687946764	12.033407652578527	12.133412986140987	135.60162552729597	143.60173500645763	543.7637523495905
centered_total	103	deviation_intercept[715]	0.9738419700914623	3060.121587484711	2032.248260454779	3058.386997122624	2030.1627789119605	1.5952468956918855	11.980767005487724	12.141769643487127	904.7471674792653	912.7472769584269	545.4709311948515
centered_total	103	deviation_intercept[716]	0.9512684936322741	2671.9822213159	2046.528281775117	2668.320856767253	2044.1210018922402	2.358577718780595	12.105175704866602	12.265424830507062	755.0863518676413	763.086461346803	551.9049621009635
centered_total	103	deviation_intercept[717]	0.9662600338245908	2820.7645546751824	2064.0833140687005	2778.649900175714	2064.655161653956	1.9082015881911463	11.984667229865726	12.186836780660768	1474.3717002499113	1482.371809729073	547.6068182404314
centered_total	103	deviation_intercept[718]	0.9616804082159167	2582.045055677062	2088.482452357672	2558.657705704186	2090.5067292994054	2.1242460178794387	11.920604577488461	12.222527503007205	1300.0446882350811	1308.0447977142426	548.9091509232467
centered_total	103	deviation_intercept[719]	0.9603955840945799	2067.000321324951	2031.6306486790068	2069.7878401820767	2028.090691118157	2.4027006657678873	12.048780164811204	12.273985819878249	4678.0668572943805	4686.066966773544	549.2761955109893
centered_total	103	deviation_intercept[720]	0.954259342260776	2336.9162637539594	2081.310941047106	2288.468154989501	2080.968895221691	2.463550169740008	11.935347716952892	12.286042359365236	3289.7204218830557	3297.7205313622176	551.0393904798791
centered_total	103	deviation_load[701]	0.41248780603313784	2394.6288627354484	2265.9187318556756	2384.44013146809	2269.8569293398186	0.3498525959591782	0.46297604026827727	0.4741823882560026	-22.75810610389139	-23.317074945681938	22.287936905467213
centered_total	103	deviation_load[702]	0.5882579804246401	2525.5872468360044	2200.196687421987	2530.0985443382506	2213.1425926907064	0.23808683944267423	0.3890237295512025	0.39892034486673167	-35.66403653576762	-36.22300537755815	18.66343218618122
centered_total	103	deviation_load[703]	0.5373386122173679	2688.8192945380924	2310.7591308397773	2699.4191735125714	2312.861700639137	0.2556512179949528	0.3994879774828274	0.4096457539082924	-37.53156751440553	-38.09053635619606	19.52771383650316
centered_total	103	deviation_load[704]	0.49768540895540303	2264.860655783095	2128.850009687087	2241.557181405404	2119.5862676416546	0.30374627345211225	0.43104770198567316	0.4412639766271837	11.597255171608662	11.038286329818119	20.29074405160115
centered_total	103	deviation_load[705]	0.46444760331287105	1915.5671335118684	2077.1155497018217	1891.8816931453591	2081.252093869946	0.35339553658020334	0.4573131581198352	0.4768023738485372	-20.234433259567755	-20.793402101358296	21.00424443990099
centered_total	103	deviation_load[706]	0.4546451541943169	2094.9616161708996	2042.218033387039	2101.887419616394	2042.430430466079	0.34195897482372195	0.4627474481441573	0.4683887689679176	-5.940296545610403	-6.499265387400948	21.229469588868728
centered_total	103	deviation_load[707]	0.42099689654002	3221.855148257425	2471.0582835019636	3194.5602446616367	2483.0405997316902	0.29700987166328136	0.4316858883794687	0.4366542823541632	-0.4347624915554155	-0.9937313333459599	22.0615478595304
centered_total	103	deviation_load[708]	0.415135895794806	2545.3527714198526	2242.17032292256	2541.9362382600416	2230.3903006260703	0.3369965390329829	0.47113836942664866	0.4647781898422076	-24.230516882672738	-24.78948572446328	22.21673747392361
centered_total	103	deviation_load[709]	0.3594299580644459	1896.8108361082382	2298.979992606886	1902.6165182363693	2300.7774034917243	0.4381027418584098	0.49918677033992387	0.5425735994836525	-43.24826739714609	-43.807236238936646	23.87636947516505
centered_total	103	deviation_load[710]	0.3259499268497645	2307.4267078583157	2026.1526757860256	2299.419563207448	2027.5847923640206	0.4292763394629671	0.5560485252271749	0.5354720105248406	-72.65884904369153	-73.21781788548208	25.072635261668285
centered_total	103	deviation_load[711]	0.3266110246371681	2322.128940918176	2163.561408287803	2325.0339846345355	2163.952572111974	0.4262637047106955	0.5292209042868726	0.5330598881800032	14.012155070291367	13.45318622850082	25.0472474783428
centered_total	103	deviation_load[712]	0.26267382345162993	1882.1382100154976	2150.7661392256728	1905.7136510498112	2149.726106361645	0.5493739126235524	0.6069338258642804	0.6358174221457769	116.90671282958621	116.34774398779567	27.9297487588777
centered_total	103	deviation_load[713]	0.2660386728782068	3033.37799487021	2451.7356316005607	3062.768219443429	2463.7039728193304	0.4296180931239301	0.560277338873442	0.5357460259976105	-13.30999716183547	-13.868966003626014	27.752559377926946
centered_total	103	deviation_load[714]	0.2528707783976713	2577.736515203321	2429.5521277129633	2566.1626598309454	2438.525507439067	0.48571540176141303	0.5631387399013135	0.5816971290465867	-2.1064479100352727	-2.6654167518258167	28.465977658493493
centered_total	103	deviation_load[715]	0.2095740126916307	2998.2713353894846	2724.865600569179	2979.7688436069902	2722.226745011804	0.5092675804086912	0.5911214105006711	0.6015027571741572	-41.23064502967008	-41.789613871460624	31.268475844693143
centered_total	103	deviation_load[716]	0.13318735513818933	2545.6332875369776	2635.0574689786285	2534.6212138496985	2623.0645508650223	0.7253540092205565	0.7561764794335144	0.7928370180088248	-33.698098103126014	-34.25706694491656	39.2232819253684
centered_total	103	deviation_load[717]	0.1575788055421939	2987.414095712048	2764.492349858484	2966.1308645932663	2752.3665656164712	0.607709482703554	0.6931636601214367	0.6868499936671847	93.72839201293868	93.16942317114813	36.060066624400164
centered_total	103	deviation_load[718]	0.14981695811282042	2287.437253415367	2406.796697584317	2269.34465044021	2397.41993175024	0.715815221753234	0.7583684343882726	0.7841195891740124	112.98393405992834	112.4249652181378	36.982387041819294
centered_total	103	deviation_load[719]	0.15023793273889047	2190.5380467019722	2097.0739901521356	2188.7611658368155	2095.215026496024	0.7276710721477415	0.8097800253806355	0.7949574124904013	-30.17455437837446	-30.733523220165004	36.930537393660785
centered_total	103	deviation_load[720]	0.1366474949841481	2097.708369285294	2214.4273346435857	2070.318541040749	2198.2388821131176	0.7907698100886601	0.8281759255269392	0.8530937761937113	45.07205407484805	44.5130852330575	38.723498725360265
centered_total	103	population_intercept_at_load0	0.9988033756534723	2254.786064585743	2040.4640101904906	2246.1177365031263	2040.0404965221664	0.3931321063455067	11.825135476192935	12.042936115014916	5480.572101980773	5472.571992501612	538.6117885258559
centered_total	103	log_sigma_intercept_at_subject0	0.0	3317.4692627562977	3317.4692627562977	3313.6097751105794	3313.6097751105794	0.03363334208752098	0.03363334208752098	0.03363334208752098	-49.54013812095642	-49.54013812095642	1.936068441626708
centered_total	104	population_intercept_at_mean_load	0.9996225554009212	2487.431010906602	2065.181531611778	2479.687271029064	2068.6560095464856	0.21043327323066527	11.718425055972492	12.060224874523353	5619.153838751184	5619.072602420179	539.3693443623026
centered_total	104	population_load	0.8446256514354386	2177.5565203631763	2021.8176960158685	2147.96053619976	2113.5448948679887	0.13247069195968236	0.339902271405006	0.3464110025115649	58.2300463258028	58.737332895189084	15.575546489868143
centered_total	104	log_tau_intercept	0.0	2491.1529243351583	2491.1529243351583	2416.5803763402437	2416.5803763402437	0.0032208151012916614	0.0032208151012916614	0.0032208151012916614	7.81087556930598	7.81087556930598	0.15833116818788753
centered_total	104	log_tau_load	0.0	1894.5589177510224	1894.5589177510224	1843.2510726127018	1843.2510726127018	0.005287233439665858	0.005287233439665858	0.005287233439665858	4.1064299964807836	4.1064299964807836	0.22699732180395865
centered_total	104	log_sigma_intercept	0.0	3076.954506877631	3076.954506877631	3092.520184063529	3092.520184063529	0.00026587421744814216	0.00026587421744814216	0.00026587421744814216	6.051434629235876	6.051434629235876	0.01478538017801199
centered_total	104	log_sigma_subj_slope	0.0	3319.6173549091636	3319.6173549091636	3310.15102989027	3310.15102989027	4.737637551125306e-5	4.737637551125306e-5	4.737637551125306e-5	0.07821230571321935	0.07821230571321935	0.002725748219488433
centered_total	104	deviation_intercept[701]	0.9910537886375682	2590.2676302728296	2071.0035681245454	2593.6957661921742	2072.420639374459	1.0042163845295407	11.691695489976482	12.07833630779705	-4857.735152902492	-4856.38866007863	540.7135366796729
centered_total	104	deviation_intercept[702]	0.9954066422869504	2575.028179025755	2063.3138049852405	2577.35399679621	2068.635231325687	0.7202672791037468	11.693684945695415	12.058048862508329	-3919.6841774699847	-3918.337684646125	539.5299874034527
centered_total	104	deviation_intercept[703]	0.9944845633447262	2967.544340745767	2064.155673807742	2963.745696076415	2068.9436955312353	0.7363534306211011	11.73069210891029	12.059020432525951	-3638.548883215542	-3637.2023903916825	539.7800536160079
centered_total	104	deviation_intercept[704]	0.9936316721834674	2434.141076984228	2045.7637562267016	2399.9115499088284	2046.9276645043838	0.8796668575644438	11.736845155692317	12.06861927469701	-658.271359327557	-656.9248665036973	540.0116660437957
centered_total	104	deviation_intercept[705]	0.992368718020239	2179.661531451663	2048.9856547116156	2180.6440963090404	2052.4771766748963	1.0108475853346022	11.73015403608529	12.078889446388176	-1354.579941617596	-1353.2334487937362	540.3551840903856
centered_total	104	deviation_intercept[706]	0.9922412383617938	2171.622005196935	2042.3301099827204	2167.7876165459543	2040.814870632837	1.0223393055464638	11.754825212424857	12.079856583294195	37.461536482619984	38.80802930647967	540.3898944406931
centered_total	104	deviation_intercept[707]	0.9908736032188781	3024.9706059249047	2060.2510610205986	3009.1872537845943	2060.174933201102	0.9417416802109764	11.717455046287611	12.073302564316753	-91.00241812175047	-89.65592529789079	540.7626974736701
centered_total	104	deviation_intercept[708]	0.9906224579493477	2786.1906757731545	2071.948214541068	2802.1441651325804	2071.589566768688	0.9893752526071274	11.72048710335717	12.0771114430464	-454.1022275953015	-452.7557347714418	540.8312409362584
centered_total	104	deviation_intercept[709]	0.9884401215705653	1689.9533987984355	2069.3842794668994	1684.3237019364885	2073.821802708022	1.4184189535902156	11.721624323314357	12.119804855904027	-1147.1532952219447	-1145.8068023980852	541.4279513053318
centered_total	104	deviation_intercept[710]	0.9864159184454098	2377.6354022977966	2083.569056440935	2363.4349126060924	2090.0969823933524	1.2993589314970255	11.706757478428731	12.106448325175801	177.1666181459466	178.5131109698063	541.9831929927466
centered_total	104	deviation_intercept[711]	0.9859702709648567	2281.5839948064695	2056.6906503322753	2279.218970165677	2062.293681137811	1.3449791791297123	11.770089067997885	12.111429577452173	-1737.810874304761	-1736.4643814809015	542.1056643111712
centered_total	104	deviation_intercept[712]	0.9823761634311157	2264.8243749214294	2072.3300713777307	2271.1339332736857	2073.6139792716817	1.5128846013944	11.780877432825339	12.131223237350271	1085.471317086343	1086.8178099102029	543.0964289962045
centered_total	104	deviation_intercept[713]	0.9804666560626089	2372.8345612684557	2057.109349203884	2394.1210191152963	2060.2900506374804	1.5527970227471841	11.770282311586271	12.13626532386069	3885.422542854054	3886.7690356779126	543.6250253501627
centered_total	104	deviation_intercept[714]	0.9799664393929823	2534.1725682538545	2054.735607614163	2529.3004766785393	2061.740592562384	1.5303441687946764	11.818435326999028	12.133412986140987	142.25524218259793	143.60173500645763	543.7637523495905
centered_total	104	deviation_intercept[715]	0.9738419700914623	3060.121587484711	2091.3711131958526	3058.386997122624	2090.889665937264	1.5952468956918855	11.772940229210583	12.141769643487127	911.4007841345671	912.7472769584269	545.4709311948515
centered_total	104	deviation_intercept[716]	0.9512684936322741	2671.9822213159	2054.2745703944233	2668.320856767253	2050.772216205388	2.358577718780595	11.931554497106683	12.265424830507062	761.7399685229435	763.086461346803	551.9049621009635
centered_total	104	deviation_intercept[717]	0.9662600338245908	2820.7645546751824	2060.2274480192727	2778.649900175714	2066.188370686364	1.9082015881911463	11.877030320752796	12.186836780660768	1481.0253169052135	1482.371809729073	547.6068182404314
centered_total	104	deviation_intercept[718]	0.9616804082159167	2582.045055677062	2096.517643205314	2558.657705704186	2099.606615596412	2.1242460178794387	11.882625814188016	12.222527503007205	1306.6983048903826	1308.0447977142426	548.9091509232467
centered_total	104	deviation_intercept[719]	0.9603955840945799	2067.000321324951	2060.4063966554554	2069.7878401820767	2069.495312810036	2.4027006657678873	11.996667347978898	12.273985819878249	4684.720473949684	4686.066966773544	549.2761955109893
centered_total	104	deviation_intercept[720]	0.954259342260776	2336.9162637539594	2038.548370347919	2288.468154989501	2040.8888366888855	2.463550169740008	11.98622082631766	12.286042359365236	3296.374038538357	3297.7205313622176	551.0393904798791
centered_total	104	deviation_load[701]	0.41248780603313784	2394.6288627354484	2123.0122140516446	2384.44013146809	2144.5256430628865	0.3498525959591782	0.4851308302243913	0.4741823882560026	-22.809788376295646	-23.317074945681938	22.287936905467213
centered_total	104	deviation_load[702]	0.5882579804246401	2525.5872468360044	2158.1999617080664	2530.0985443382506	2214.169277239538	0.23808683944267423	0.39925293725556005	0.39892034486673167	-35.71571880817188	-36.22300537755815	18.66343218618122
centered_total	104	deviation_load[703]	0.5373386122173679	2688.8192945380924	2227.7140540576297	2699.4191735125714	2251.3862467802824	0.2556512179949528	0.41912931558830846	0.4096457539082924	-37.58324978680979	-38.09053635619606	19.52771383650316
centered_total	104	deviation_load[704]	0.49768540895540303	2264.860655783095	2127.455531019957	2241.557181405404	2107.4705725529516	0.30374627345211225	0.4395367484191701	0.4412639766271837	11.545572899204402	11.038286329818119	20.29074405160115
centered_total	104	deviation_load[705]	0.46444760331287105	1915.5671335118684	1669.7233609338562	1891.8816931453591	1687.4088168209917	0.35339553658020334	0.5123520080337749	0.4768023738485372	-20.286115531972012	-20.793402101358296	21.00424443990099
centered_total	104	deviation_load[706]	0.4546451541943169	2094.9616161708996	2005.9864813788156	2101.887419616394	2007.6793747181055	0.34195897482372195	0.4740520803208843	0.4683887689679176	-5.991978818014661	-6.499265387400948	21.229469588868728
centered_total	104	deviation_load[707]	0.42099689654002	3221.855148257425	2631.381465919662	3194.5602446616367	2599.7580951662558	0.29700987166328136	0.43113732427288876	0.4366542823541632	-0.48644476395967257	-0.9937313333459599	22.0615478595304
centered_total	104	deviation_load[708]	0.415135895794806	2545.3527714198526	2283.228941174796	2541.9362382600416	2277.5311920047357	0.3369965390329829	0.46602600132110367	0.4647781898422076	-24.282199155076995	-24.78948572446328	22.21673747392361
centered_total	104	deviation_load[709]	0.3594299580644459	1896.8108361082382	2315.664444507021	1902.6165182363693	2307.1620954355285	0.4381027418584098	0.49968167383020623	0.5425735994836525	-43.29994966955035	-43.807236238936646	23.87636947516505
centered_total	104	deviation_load[710]	0.3259499268497645	2307.4267078583157	2249.2407395379373	2299.419563207448	2262.795082340484	0.4292763394629671	0.5281339008019361	0.5354720105248406	-72.71053131609578	-73.21781788548208	25.072635261668285
centered_total	104	deviation_load[711]	0.3266110246371681	2322.128940918176	2280.3014192046744	2325.0339846345355	2279.7005401589668	0.4262637047106955	0.5353665084455187	0.5330598881800032	13.960472797887107	13.45318622850082	25.0472474783428
centered_total	104	deviation_load[712]	0.26267382345162993	1882.1382100154976	2018.8399910507687	1905.7136510498112	2014.1527593377484	0.5493739126235524	0.6277361879924299	0.6358174221457769	116.85503055718195	116.34774398779567	27.9297487588777
centered_total	104	deviation_load[713]	0.2660386728782068	3033.37799487021	2809.3996545418972	3062.768219443429	2822.239454248505	0.4296180931239301	0.5194023696189571	0.5357460259976105	-13.361679434239722	-13.868966003626014	27.752559377926946
centered_total	104	deviation_load[714]	0.2528707783976713	2577.736515203321	2377.4632349330845	2566.1626598309454	2372.6967476421914	0.48571540176141303	0.582149585416178	0.5816971290465867	-2.15813018243953	-2.6654167518258167	28.465977658493493
centered_total	104	deviation_load[715]	0.2095740126916307	2998.2713353894846	2559.2544247310593	2979.7688436069902	2577.9769779901426	0.5092675804086912	0.6069561805720602	0.6015027571741572	-41.28232730207435	-41.789613871460624	31.268475844693143
centered_total	104	deviation_load[716]	0.13318735513818933	2545.6332875369776	2334.232069789911	2534.6212138496985	2324.5145131809145	0.7253540092205565	0.806515850048159	0.7928370180088248	-33.749780375530264	-34.25706694491656	39.2232819253684
centered_total	104	deviation_load[717]	0.1575788055421939	2987.414095712048	2924.247917786131	2966.1308645932663	2798.546594089951	0.607709482703554	0.6741721779254035	0.6868499936671847	93.6767097405344	93.16942317114813	36.060066624400164
centered_total	104	deviation_load[718]	0.14981695811282042	2287.437253415367	2215.3895717084833	2269.34465044021	2179.5183690076947	0.715815221753234	0.7808131946740715	0.7841195891740124	112.9322517875241	112.4249652181378	36.982387041819294
centered_total	104	deviation_load[719]	0.15023793273889047	2190.5380467019722	2129.919236512817	2188.7611658368155	2110.810602504569	0.7276710721477415	0.7995603053426646	0.7949574124904013	-30.226236650778713	-30.733523220165004	36.930537393660785
centered_total	104	deviation_load[720]	0.1366474949841481	2097.708369285294	2143.720785831821	2070.318541040749	2121.3135987268233	0.7907698100886601	0.8314167518396686	0.8530937761937113	45.02037180244378	44.5130852330575	38.723498725360265
centered_total	104	population_intercept_at_load0	0.9988033756534723	2254.786064585743	2057.3905687930906	2246.1177365031263	2058.1713692320436	0.3931321063455067	11.696595959174934	12.042936115014916	5473.918485325473	5472.571992501612	538.6117885258559
centered_total	104	log_sigma_intercept_at_subject0	0.0	3317.4692627562977	3317.4692627562977	3313.6097751105794	3313.6097751105794	0.03363334208752098	0.03363334208752098	0.03363334208752098	-49.54013812095642	-49.54013812095642	1.936068441626708
centered_total	105	population_intercept_at_mean_load	0.9996225554009212	2487.431010906602	2161.5648093434033	2479.687271029064	2160.9923620298764	0.21043327323066527	11.628663026191312	12.060224874523353	5630.4155104119345	5619.072602420179	539.3693443623026
centered_total	105	population_load	0.8446256514354386	2177.5565203631763	1973.7888558987001	2147.96053619976	2006.246563530644	0.13247069195968236	0.35134579842035135	0.3464110025115649	58.481209969939734	58.737332895189084	15.575546489868143
centered_total	105	log_tau_intercept	0.0	2491.1529243351583	2491.1529243351583	2416.5803763402437	2416.5803763402437	0.0032208151012916614	0.0032208151012916614	0.0032208151012916614	7.81087556930598	7.81087556930598	0.15833116818788753
centered_total	105	log_tau_load	0.0	1894.5589177510224	1894.5589177510224	1843.2510726127018	1843.2510726127018	0.005287233439665858	0.005287233439665858	0.005287233439665858	4.1064299964807836	4.1064299964807836	0.22699732180395865
centered_total	105	log_sigma_intercept	0.0	3076.954506877631	3076.954506877631	3092.520184063529	3092.520184063529	0.00026587421744814216	0.00026587421744814216	0.00026587421744814216	6.051434629235876	6.051434629235876	0.01478538017801199
centered_total	105	log_sigma_subj_slope	0.0	3319.6173549091636	3319.6173549091636	3310.15102989027	3310.15102989027	4.737637551125306e-5	4.737637551125306e-5	4.737637551125306e-5	0.07821230571321935	0.07821230571321935	0.002725748219488433
centered_total	105	deviation_intercept[701]	0.9910537886375682	2590.2676302728296	2190.8544318177583	2593.6957661921742	2195.9161599111135	1.0042163845295407	11.578738121409424	12.07833630779705	-4868.370380949926	-4856.38866007863	540.7135366796729
centered_total	105	deviation_intercept[702]	0.9954066422869504	2575.028179025755	2172.936647090802	2577.35399679621	2174.151872059727	0.7202672791037468	11.586691143103929	12.058048862508329	-3930.31940551742	-3918.337684646125	539.5299874034527
centered_total	105	deviation_intercept[703]	0.9944845633447262	2967.544340745767	2163.238020485894	2963.745696076415	2161.8661788361155	0.7363534306211011	11.634183120893475	12.059020432525951	-3649.1841112629772	-3637.2023903916825	539.7800536160079
centered_total	105	deviation_intercept[704]	0.9936316721834674	2434.141076984228	2150.2900102320714	2399.9115499088284	2154.3551040110697	0.8796668575644438	11.643452920051345	12.06861927469701	-668.9065873749927	-656.9248665036973	540.0116660437957
centered_total	105	deviation_intercept[705]	0.992368718020239	2179.661531451663	2178.5163634527926	2180.6440963090404	2182.069069022755	1.0108475853346022	11.609658002491813	12.078889446388176	-1365.215169665032	-1353.2334487937362	540.3551840903856
centered_total	105	deviation_intercept[706]	0.9922412383617938	2171.622005196935	2173.7147348562125	2167.7876165459543	2173.273531640777	1.0223393055464638	11.64583037065061	12.079856583294195	26.82630843518435	38.80802930647967	540.3898944406931
centered_total	105	deviation_intercept[707]	0.9908736032188781	3024.9706059249047	2150.859080601878	3009.1872537845943	2149.8339033931657	0.9417416802109764	11.708726694449792	12.073302564316753	-101.6376461691861	-89.65592529789079	540.7626974736701
centered_total	105	deviation_intercept[708]	0.9906224579493477	2786.1906757731545	2175.0927388210475	2802.1441651325804	2175.322788880053	0.9893752526071274	11.653536381890769	12.0771114430464	-464.7374556427371	-452.7557347714418	540.8312409362584
centered_total	105	deviation_intercept[709]	0.9884401215705653	1689.9533987984355	2158.669528224829	1684.3237019364885	2160.6548549551744	1.4184189535902156	11.688745420948585	12.119804855904027	-1157.7885232693804	-1145.8068023980852	541.4279513053318
centered_total	105	deviation_intercept[710]	0.9864159184454098	2377.6354022977966	2193.8311111195503	2363.4349126060924	2195.931242401446	1.2993589314970255	11.650549882341226	12.106448325175801	166.531390098511	178.5131109698063	541.9831929927466
centered_total	105	deviation_intercept[711]	0.9859702709648567	2281.5839948064695	2142.9358868006043	2279.218970165677	2144.5803987368877	1.3449791791297123	11.750603656784122	12.111429577452173	-1748.4461023521967	-1736.4643814809015	542.1056643111712
centered_total	105	deviation_intercept[712]	0.9823761634311157	2264.8243749214294	2182.2288831728215	2271.1339332736857	2123.8612863573894	1.5128846013944	11.821193725662848	12.131223237350271	1074.8360890389076	1086.8178099102029	543.0964289962045
centered_total	105	deviation_intercept[713]	0.9804666560626089	2372.8345612684557	2202.042279838959	2394.1210191152963	2200.520757302245	1.5527970227471841	11.66410938942601	12.13626532386069	3874.787314806618	3886.7690356779126	543.6250253501627
centered_total	105	deviation_intercept[714]	0.9799664393929823	2534.1725682538545	2146.064294542786	2529.3004766785393	2145.6164093003254	1.5303441687946764	11.761053960227873	12.133412986140987	131.62001413516228	143.60173500645763	543.7637523495905
centered_total	105	deviation_intercept[715]	0.9738419700914623	3060.121587484711	2204.2669559160768	3058.386997122624	2209.4634449234527	1.5952468956918855	11.638099215655604	12.141769643487127	900.7655560871315	912.7472769584269	545.4709311948515
centered_total	105	deviation_intercept[716]	0.9512684936322741	2671.9822213159	2230.4602332130944	2668.320856767253	2232.6188628095692	2.358577718780595	11.781522999342966	12.265424830507062	751.1047404755077	763.086461346803	551.9049621009635
centered_total	105	deviation_intercept[717]	0.9662600338245908	2820.7645546751824	2109.9423437257788	2778.649900175714	2110.8564233687553	1.9082015881911463	11.953208157951906	12.186836780660768	1470.390088857778	1482.371809729073	547.6068182404314
centered_total	105	deviation_intercept[718]	0.9616804082159167	2582.045055677062	2151.3105382869376	2558.657705704186	2152.466901370933	2.1242460178794387	11.80715700520716	12.222527503007205	1296.0630768429469	1308.0447977142426	548.9091509232467
centered_total	105	deviation_intercept[719]	0.9603955840945799	2067.000321324951	2162.900256400998	2069.7878401820767	2168.195682989405	2.4027006657678873	11.793808422100373	12.273985819878249	4674.085245902248	4686.066966773544	549.2761955109893
centered_total	105	deviation_intercept[720]	0.954259342260776	2336.9162637539594	2147.3943709990895	2288.468154989501	2155.806299179313	2.463550169740008	11.907900714464425	12.286042359365236	3285.738810490922	3297.7205313622176	551.0393904798791
centered_total	105	deviation_load[701]	0.41248780603313784	2394.6288627354484	2183.670739925861	2384.44013146809	2183.2318816671745	0.3498525959591782	0.4750964534701192	0.4741823882560026	-23.060952020432588	-23.317074945681938	22.287936905467213
centered_total	105	deviation_load[702]	0.5882579804246401	2525.5872468360044	2031.241153303625	2530.0985443382506	2048.703153027181	0.23808683944267423	0.41907743138163495	0.39892034486673167	-35.96688245230881	-36.22300537755815	18.66343218618122
centered_total	105	deviation_load[703]	0.5373386122173679	2688.8192945380924	2247.373829301887	2699.4191735125714	2260.2718865405163	0.2556512179949528	0.4072790287531593	0.4096457539082924	-37.834413430946725	-38.09053635619606	19.52771383650316
centered_total	105	deviation_load[704]	0.49768540895540303	2264.860655783095	2014.4472955914478	2241.557181405404	2013.638085861809	0.30374627345211225	0.4584007092055471	0.4412639766271837	11.294409255067466	11.038286329818119	20.29074405160115
centered_total	105	deviation_load[705]	0.46444760331287105	1915.5671335118684	1900.4265645301903	1891.8816931453591	1899.5847882964092	0.35339553658020334	0.48186852391466695	0.4768023738485372	-20.537279176108942	-20.793402101358296	21.00424443990099
centered_total	105	deviation_load[706]	0.4546451541943169	2094.9616161708996	2040.3152697318624	2101.887419616394	2040.9781083826074	0.34195897482372195	0.4738724415803155	0.4683887689679176	-6.243142462151599	-6.499265387400948	21.229469588868728
centered_total	105	deviation_load[707]	0.42099689654002	3221.855148257425	2571.3512428033296	3194.5602446616367	2432.0006171002424	0.29700987166328136	0.4554407317005479	0.4366542823541632	-0.7376084080966113	-0.9937313333459599	22.0615478595304
centered_total	105	deviation_load[708]	0.415135895794806	2545.3527714198526	2091.2235396729347	2541.9362382600416	2104.6368649828205	0.3369965390329829	0.48648472816204774	0.4647781898422076	-24.53336279921393	-24.78948572446328	22.21673747392361
centered_total	105	deviation_load[709]	0.3594299580644459	1896.8108361082382	2087.531664959958	1902.6165182363693	2095.5121135673053	0.4381027418584098	0.5270859922900472	0.5425735994836525	-43.55111331368728	-43.807236238936646	23.87636947516505
centered_total	105	deviation_load[710]	0.3259499268497645	2307.4267078583157	2105.1684146388466	2299.419563207448	2111.3604317470054	0.4292763394629671	0.5417382201284242	0.5354720105248406	-72.96169496023273	-73.21781788548208	25.072635261668285
centered_total	105	deviation_load[711]	0.3266110246371681	2322.128940918176	2348.940288352803	2325.0339846345355	2347.2181029521016	0.4262637047106955	0.5183132375948462	0.5330598881800032	13.709309153750171	13.45318622850082	25.0472474783428
centered_total	105	deviation_load[712]	0.26267382345162993	1882.1382100154976	1690.526572447181	1905.7136510498112	1666.6473666560253	0.5493739126235524	0.6862433373604582	0.6358174221457769	116.60386691304501	116.34774398779567	27.9297487588777
centered_total	105	deviation_load[713]	0.2660386728782068	3033.37799487021	2920.642041492582	3062.768219443429	2931.7885083289416	0.4296180931239301	0.5135117177988945	0.5357460259976105	-13.612843078376667	-13.868966003626014	27.752559377926946
centered_total	105	deviation_load[714]	0.2528707783976713	2577.736515203321	2420.2181251014313	2566.1626598309454	2429.758445232833	0.48571540176141303	0.5794095249127307	0.5816971290465867	-2.4092938265764676	-2.6654167518258167	28.465977658493493
centered_total	105	deviation_load[715]	0.2095740126916307	2998.2713353894846	2519.9802227969876	2979.7688436069902	2526.6032484074335	0.5092675804086912	0.6262077609263823	0.6015027571741572	-41.53349094621128	-41.789613871460624	31.268475844693143
centered_total	105	deviation_load[716]	0.13318735513818933	2545.6332875369776	2455.309216957895	2534.6212138496985	2458.6030314025284	0.7253540092205565	0.7886398580292016	0.7928370180088248	-34.00094401966721	-34.25706694491656	39.2232819253684
centered_total	105	deviation_load[717]	0.1575788055421939	2987.414095712048	2767.1719537499876	2966.1308645932663	2744.7659963018173	0.607709482703554	0.6944321703470955	0.6868499936671847	93.42554609639748	93.16942317114813	36.060066624400164
centered_total	105	deviation_load[718]	0.14981695811282042	2287.437253415367	2429.198072175365	2269.34465044021	2410.0408202748818	0.715815221753234	0.7587712451866967	0.7841195891740124	112.68108814338716	112.4249652181378	36.982387041819294
centered_total	105	deviation_load[719]	0.15023793273889047	2190.5380467019722	2251.652620884362	2188.7611658368155	2246.5022369252233	0.7276710721477415	0.7772704704793065	0.7949574124904013	-30.47740029491565	-30.733523220165004	36.930537393660785
centered_total	105	deviation_load[720]	0.1366474949841481	2097.708369285294	2026.404159161165	2070.318541040749	2006.4058308039914	0.7907698100886601	0.8566425314541711	0.8530937761937113	44.76920815830684	44.5130852330575	38.723498725360265
centered_total	105	population_intercept_at_load0	0.9988033756534723	2254.786064585743	2163.1058370890482	2246.1177365031263	2162.9852839106516	0.3931321063455067	11.610226259147526	12.042936115014916	5484.553713372907	5472.571992501612	538.6117885258559
centered_total	105	log_sigma_intercept_at_subject0	0.0	3317.4692627562977	3317.4692627562977	3313.6097751105794	3313.6097751105794	0.03363334208752098	0.03363334208752098	0.03363334208752098	-49.54013812095642	-49.54013812095642	1.936068441626708
centered_total	106	population_intercept_at_mean_load	0.9996225554009212	2487.431010906602	1876.1733874267734	2479.687271029064	1858.2310535424147	0.21043327323066527	12.399321186597945	12.060224874523353	5633.586565033344	5619.072602420179	539.3693443623026
centered_total	106	population_load	0.8446256514354386	2177.5565203631763	1965.0765011268622	2147.96053619976	1960.0007124341407	0.13247069195968236	0.3522334845664217	0.3464110025115649	58.395854915026504	58.737332895189084	15.575546489868143
centered_total	106	log_tau_intercept	0.0	2491.1529243351583	2491.1529243351583	2416.5803763402437	2416.5803763402437	0.0032208151012916614	0.0032208151012916614	0.0032208151012916614	7.81087556930598	7.81087556930598	0.15833116818788753
centered_total	106	log_tau_load	0.0	1894.5589177510224	1894.5589177510224	1843.2510726127018	1843.2510726127018	0.005287233439665858	0.005287233439665858	0.005287233439665858	4.1064299964807836	4.1064299964807836	0.22699732180395865
centered_total	106	log_sigma_intercept	0.0	3076.954506877631	3076.954506877631	3092.520184063529	3092.520184063529	0.00026587421744814216	0.00026587421744814216	0.00026587421744814216	6.051434629235876	6.051434629235876	0.01478538017801199
centered_total	106	log_sigma_subj_slope	0.0	3319.6173549091636	3319.6173549091636	3310.15102989027	3310.15102989027	4.737637551125306e-5	4.737637551125306e-5	4.737637551125306e-5	0.07821230571321935	0.07821230571321935	0.002725748219488433
centered_total	106	deviation_intercept[701]	0.9910537886375682	2590.2676302728296	1915.1974928098953	2593.6957661921742	1901.450907155307	1.0042163845295407	12.232559791454523	12.07833630779705	-4871.75432517643	-4856.38866007863	540.7135366796729
centered_total	106	deviation_intercept[702]	0.9954066422869504	2575.028179025755	1906.6091068560397	2577.35399679621	1884.8059912925817	0.7202672791037468	12.30180827009768	12.058048862508329	-3933.703349743924	-3918.337684646125	539.5299874034527
centered_total	106	deviation_intercept[703]	0.9944845633447262	2967.544340745767	1852.4830746507967	2963.745696076415	1836.8878812764576	0.7363534306211011	12.455888449233406	12.059020432525951	-3652.5680554894816	-3637.2023903916825	539.7800536160079
centered_total	106	deviation_intercept[704]	0.9936316721834674	2434.141076984228	1870.408540361813	2399.9115499088284	1863.0597869458127	0.8796668575644438	12.379667967137104	12.06861927469701	-672.2905316014969	-656.9248665036973	540.0116660437957
centered_total	106	deviation_intercept[705]	0.992368718020239	2179.661531451663	1898.14774398716	2180.6440963090404	1883.1328669005031	1.0108475853346022	12.329519035286634	12.078889446388176	-1368.5991138915358	-1353.2334487937362	540.3551840903856
centered_total	106	deviation_intercept[706]	0.9922412383617938	2171.622005196935	1873.9036066016438	2167.7876165459543	1861.925533270571	1.0223393055464638	12.445737218708004	12.079856583294195	23.442364208680235	38.80802930647967	540.3898944406931
centered_total	106	deviation_intercept[707]	0.9908736032188781	3024.9706059249047	1898.6154113780067	3009.1872537845943	1878.6697968586793	0.9417416802109764	12.356811093183447	12.073302564316753	-105.0215903956902	-89.65592529789079	540.7626974736701
centered_total	106	deviation_intercept[708]	0.9906224579493477	2786.1906757731545	1877.3708242181053	2802.1441651325804	1861.9933377564794	0.9893752526071274	12.43462141374462	12.0771114430464	-468.12139986924126	-452.7557347714418	540.8312409362584
centered_total	106	deviation_intercept[709]	0.9884401215705653	1689.9533987984355	1905.342309624783	1684.3237019364885	1892.8281698014198	1.4184189535902156	12.308428705734292	12.119804855904027	-1161.1724674958848	-1145.8068023980852	541.4279513053318
centered_total	106	deviation_intercept[710]	0.9864159184454098	2377.6354022977966	1911.7623490343135	2363.4349126060924	1893.718116856597	1.2993589314970255	12.306620719602819	12.106448325175801	163.14744587200687	178.5131109698063	541.9831929927466
centered_total	106	deviation_intercept[711]	0.9859702709648567	2281.5839948064695	1897.8936577022505	2279.218970165677	1889.9806738600346	1.3449791791297123	12.387110510703126	12.111429577452173	-1751.8300465787008	-1736.4643814809015	542.1056643111712
centered_total	106	deviation_intercept[712]	0.9823761634311157	2264.8243749214294	1893.626448990438	2271.1339332736857	1879.9829396919824	1.5128846013944	12.412072711916812	12.131223237350271	1071.4521448124033	1086.8178099102029	543.0964289962045
centered_total	106	deviation_intercept[713]	0.9804666560626089	2372.8345612684557	1835.0246236012697	2394.1210191152963	1822.8708466512674	1.5527970227471841	12.599336397418197	12.13626532386069	3871.4033705801144	3886.7690356779126	543.6250253501627
centered_total	106	deviation_intercept[714]	0.9799664393929823	2534.1725682538545	1920.6909092809783	2529.3004766785393	1902.896114238988	1.5303441687946764	12.394795932063875	12.133412986140987	128.23606990865818	143.60173500645763	543.7637523495905
centered_total	106	deviation_intercept[715]	0.9738419700914623	3060.121587484711	1845.797551897815	3058.386997122624	1829.970284206988	1.5952468956918855	12.565098094127782	12.141769643487127	897.3816118606273	912.7472769584269	545.4709311948515
centered_total	106	deviation_intercept[716]	0.9512684936322741	2671.9822213159	2026.2770741821878	2668.320856767253	2024.383235066281	2.358577718780595	12.083645398081623	12.265424830507062	747.7207962490036	763.086461346803	551.9049621009635
centered_total	106	deviation_intercept[717]	0.9662600338245908	2820.7645546751824	1885.787198375221	2778.649900175714	1872.803357992906	1.9082015881911463	12.493957615069132	12.186836780660768	1467.0061446312736	1482.371809729073	547.6068182404314
centered_total	106	deviation_intercept[718]	0.9616804082159167	2582.045055677062	1888.3365460455643	2558.657705704186	1885.8225533711038	2.1242460178794387	12.498073068585612	12.222527503007205	1292.679132616443	1308.0447977142426	548.9091509232467
centered_total	106	deviation_intercept[719]	0.9603955840945799	2067.000321324951	1878.865005920224	2069.7878401820767	1871.7262932895123	2.4027006657678873	12.538981690417469	12.273985819878249	4670.701301675745	4686.066966773544	549.2761955109893
centered_total	106	deviation_intercept[720]	0.954259342260776	2336.9162637539594	1850.483231902267	2288.468154989501	1847.3262739654174	2.463550169740008	12.542825795917846	12.286042359365236	3282.354866264418	3297.7205313622176	551.0393904798791
centered_total	106	deviation_load[701]	0.41248780603313784	2394.6288627354484	2243.27755181186	2384.44013146809	2238.4882202960903	0.3498525959591782	0.4704687923491953	0.4741823882560026	-22.97559696551935	-23.317074945681938	22.287936905467213
centered_total	106	deviation_load[702]	0.5882579804246401	2525.5872468360044	2259.307162828952	2530.0985443382506	2268.732639721504	0.23808683944267423	0.4001234391756782	0.39892034486673167	-35.88152739739558	-36.22300537755815	18.66343218618122
centered_total	106	deviation_load[703]	0.5373386122173679	2688.8192945380924	2134.8305991394104	2699.4191735125714	2131.3972666742006	0.2556512179949528	0.4196460693363674	0.4096457539082924	-37.74905837603348	-38.09053635619606	19.52771383650316
centered_total	106	deviation_load[704]	0.49768540895540303	2264.860655783095	2217.6427171959417	2241.557181405404	2201.5257221995325	0.30374627345211225	0.43938614649316876	0.4412639766271837	11.379764309980706	11.038286329818119	20.29074405160115
centered_total	106	deviation_load[705]	0.46444760331287105	1915.5671335118684	2070.5507131650243	1891.8816931453591	2068.406761940588	0.35339553658020334	0.4654989590450453	0.4768023738485372	-20.451924121195706	-20.793402101358296	21.00424443990099
centered_total	106	deviation_load[706]	0.4546451541943169	2094.9616161708996	2166.7122804569867	2101.887419616394	2161.9850441211406	0.34195897482372195	0.45851961227774046	0.4683887689679176	-6.1577874072383585	-6.499265387400948	21.229469588868728
centered_total	106	deviation_load[707]	0.42099689654002	3221.855148257425	2631.795068384406	3194.5602446616367	2637.8223969505207	0.29700987166328136	0.4308081782199899	0.4366542823541632	-0.6522533531833696	-0.9937313333459599	22.0615478595304
centered_total	106	deviation_load[708]	0.415135895794806	2545.3527714198526	2172.5159902370465	2541.9362382600416	2168.9370571700165	0.3369965390329829	0.479613081792882	0.4647781898422076	-24.448007744300693	-24.78948572446328	22.21673747392361
centered_total	106	deviation_load[709]	0.3594299580644459	1896.8108361082382	2067.1801731722658	1902.6165182363693	2075.8419383734276	0.4381027418584098	0.5126571099637668	0.5425735994836525	-43.46575825877404	-43.807236238936646	23.87636947516505
centered_total	106	deviation_load[710]	0.3259499268497645	2307.4267078583157	2030.5731265961579	2299.419563207448	2055.175899357458	0.4292763394629671	0.5600772118255255	0.5354720105248406	-72.87633990531947	-73.21781788548208	25.072635261668285
centered_total	106	deviation_load[711]	0.3266110246371681	2322.128940918176	2230.032552448641	2325.0339846345355	2235.2316875431184	0.4262637047106955	0.5354856034749497	0.5330598881800032	13.79466420866341	13.45318622850082	25.0472474783428
centered_total	106	deviation_load[712]	0.26267382345162993	1882.1382100154976	1714.369149848845	1905.7136510498112	1746.713622642138	0.5493739126235524	0.6815931248659063	0.6358174221457769	116.68922196795825	116.34774398779567	27.9297487588777
centered_total	106	deviation_load[713]	0.2660386728782068	3033.37799487021	2588.951452493116	3062.768219443429	2588.3573768421884	0.4296180931239301	0.540016922649726	0.5357460259976105	-13.527488023463421	-13.868966003626014	27.752559377926946
centered_total	106	deviation_load[714]	0.2528707783976713	2577.736515203321	2311.1093233438173	2566.1626598309454	2307.9173729388663	0.48571540176141303	0.5946428829710456	0.5816971290465867	-2.323938771663227	-2.6654167518258167	28.465977658493493
centered_total	106	deviation_load[715]	0.2095740126916307	2998.2713353894846	2663.790530854337	2979.7688436069902	2661.5485998018726	0.5092675804086912	0.5928919034982092	0.6015027571741572	-41.44813589129805	-41.789613871460624	31.268475844693143
centered_total	106	deviation_load[716]	0.13318735513818933	2545.6332875369776	2496.2232193047153	2534.6212138496985	2482.3106764475483	0.7253540092205565	0.8017581680296544	0.7928370180088248	-33.91558896475396	-34.25706694491656	39.2232819253684
centered_total	106	deviation_load[717]	0.1575788055421939	2987.414095712048	2835.166333982494	2966.1308645932663	2847.8878455868253	0.607709482703554	0.6723871019026004	0.6868499936671847	93.51090115131073	93.16942317114813	36.060066624400164
centered_total	106	deviation_load[718]	0.14981695811282042	2287.437253415367	2176.8966014200228	2269.34465044021	2151.0963416738496	0.715815221753234	0.7938676963115386	0.7841195891740124	112.76644319830041	112.4249652181378	36.982387041819294
centered_total	106	deviation_load[719]	0.15023793273889047	2190.5380467019722	2103.0257724283174	2188.7611658368155	2117.8715091676418	0.7276710721477415	0.8014620104741315	0.7949574124904013	-30.392045240002407	-30.733523220165004	36.930537393660785
centered_total	106	deviation_load[720]	0.1366474949841481	2097.708369285294	2092.392274460809	2070.318541040749	2078.5498489743572	0.7907698100886601	0.8538060799115995	0.8530937761937113	44.85456321322008	44.5130852330575	38.723498725360265
centered_total	106	population_intercept_at_load0	0.9988033756534723	2254.786064585743	1871.4579214379826	2246.1177365031263	1858.2546616099016	0.3931321063455067	12.374550237871606	12.042936115014916	5487.937657599412	5472.571992501612	538.6117885258559
centered_total	106	log_sigma_intercept_at_subject0	0.0	3317.4692627562977	3317.4692627562977	3313.6097751105794	3313.6097751105794	0.03363334208752098	0.03363334208752098	0.03363334208752098	-49.54013812095642	-49.54013812095642	1.936068441626708
centered_total	107	population_intercept_at_mean_load	0.9996225554009212	2487.431010906602	1956.3799185298403	2479.687271029064	1957.7328637335872	0.21043327323066527	11.976454854865041	12.060224874523353	5627.5843124534495	5619.072602420179	539.3693443623026
centered_total	107	population_load	0.8446256514354386	2177.5565203631763	2037.756602195263	2147.96053619976	2040.0373906020918	0.13247069195968236	0.3420405479476919	0.3464110025115649	58.5629504901524	58.737332895189084	15.575546489868143
centered_total	107	log_tau_intercept	0.0	2491.1529243351583	2491.1529243351583	2416.5803763402437	2416.5803763402437	0.0032208151012916614	0.0032208151012916614	0.0032208151012916614	7.81087556930598	7.81087556930598	0.15833116818788753
centered_total	107	log_tau_load	0.0	1894.5589177510224	1894.5589177510224	1843.2510726127018	1843.2510726127018	0.005287233439665858	0.005287233439665858	0.005287233439665858	4.1064299964807836	4.1064299964807836	0.22699732180395865
centered_total	107	log_sigma_intercept	0.0	3076.954506877631	3076.954506877631	3092.520184063529	3092.520184063529	0.00026587421744814216	0.00026587421744814216	0.00026587421744814216	6.051434629235876	6.051434629235876	0.01478538017801199
centered_total	107	log_sigma_subj_slope	0.0	3319.6173549091636	3319.6173549091636	3310.15102989027	3310.15102989027	4.737637551125306e-5	4.737637551125306e-5	4.737637551125306e-5	0.07821230571321935	0.07821230571321935	0.002725748219488433
centered_total	107	deviation_intercept[701]	0.9910537886375682	2590.2676302728296	1986.0732406818638	2593.6957661921742	1982.2210779872512	1.0042163845295407	11.93229130721082	12.07833630779705	-4865.335308632902	-4856.38866007863	540.7135366796729
centered_total	107	deviation_intercept[702]	0.9954066422869504	2575.028179025755	1973.226264434053	2577.35399679621	1974.1219527844842	0.7202672791037468	11.964260259088748	12.058048862508329	-3927.284333200396	-3918.337684646125	539.5299874034527
centered_total	107	deviation_intercept[703]	0.9944845633447262	2967.544340745767	1977.9494933141418	2963.745696076415	1979.230108645995	0.7363534306211011	11.93319623910206	12.059020432525951	-3646.1490389459527	-3637.2023903916825	539.7800536160079
centered_total	107	deviation_intercept[704]	0.9936316721834674	2434.141076984228	1977.3940972617247	2399.9115499088284	1978.3050603677952	0.8796668575644438	11.912071095157337	12.06861927469701	-665.871515057969	-656.9248665036973	540.0116660437957
centered_total	107	deviation_intercept[705]	0.992368718020239	2179.661531451663	1961.951210925973	2180.6440963090404	1963.1491315880885	1.0108475853346022	11.993953316490968	12.078889446388176	-1362.1800973480078	-1353.2334487937362	540.3551840903856
centered_total	107	deviation_intercept[706]	0.9922412383617938	2171.622005196935	1978.2152758259217	2167.7876165459543	1978.8306596261523	1.0223393055464638	11.94954039735734	12.079856583294195	29.86138075220824	38.80802930647967	540.3898944406931
centered_total	107	deviation_intercept[707]	0.9908736032188781	3024.9706059249047	1969.6856169253556	3009.1872537845943	1969.1561777559618	0.9417416802109764	11.95717553228134	12.073302564316753	-98.6025738521622	-89.65592529789079	540.7626974736701
centered_total	107	deviation_intercept[708]	0.9906224579493477	2786.1906757731545	1953.8209755097507	2802.1441651325804	1952.7639128374055	0.9893752526071274	12.014961982787321	12.0771114430464	-461.70238332571324	-452.7557347714418	540.8312409362584
centered_total	107	deviation_intercept[709]	0.9884401215705653	1689.9533987984355	1938.7630475421395	1684.3237019364885	1942.3503370294	1.4184189535902156	12.093566135611793	12.119804855904027	-1154.7534509523566	-1145.8068023980852	541.4279513053318
centered_total	107	deviation_intercept[710]	0.9864159184454098	2377.6354022977966	1996.5480927903434	2363.4349126060924	1998.3915766625144	1.2993589314970255	11.931614163921102	12.106448325175801	169.56646241553483	178.5131109698063	541.9831929927466
centered_total	107	deviation_intercept[711]	0.9859702709648567	2281.5839948064695	1962.4521537629448	2279.218970165677	1958.8268874307262	1.3449791791297123	12.057366283902914	12.111429577452173	-1745.4110300351726	-1736.4643814809015	542.1056643111712
centered_total	107	deviation_intercept[712]	0.9823761634311157	2264.8243749214294	1960.7488120859086	2271.1339332736857	1958.4103022497602	1.5128846013944	12.081774534958436	12.131223237350271	1077.8711613559312	1086.8178099102029	543.0964289962045
centered_total	107	deviation_intercept[713]	0.9804666560626089	2372.8345612684557	1993.70256645121	2394.1210191152963	1996.8250698949198	1.5527970227471841	11.888241694455932	12.13626532386069	3877.8223871236414	3886.7690356779126	543.6250253501627
centered_total	107	deviation_intercept[714]	0.9799664393929823	2534.1725682538545	1968.8293253037941	2529.3004766785393	1965.5120827485002	1.5303441687946764	12.009547614023473	12.133412986140987	134.6550864521862	143.60173500645763	543.7637523495905
centered_total	107	deviation_intercept[715]	0.9738419700914623	3060.121587484711	2043.4472129872786	3058.386997122624	2040.9665295787227	1.5952468956918855	11.941949797068405	12.141769643487127	903.8006284041554	912.7472769584269	545.4709311948515
centered_total	107	deviation_intercept[716]	0.9512684936322741	2671.9822213159	1997.5760852702351	2668.320856767253	2002.026954180494	2.358577718780595	12.042063375027919	12.265424830507062	754.1398127925314	763.086461346803	551.9049621009635
centered_total	107	deviation_intercept[717]	0.9662600338245908	2820.7645546751824	1935.5224479880426	2778.649900175714	1940.5520135374686	1.9082015881911463	12.176334862887446	12.186836780660768	1473.4251611748016	1482.371809729073	547.6068182404314
centered_total	107	deviation_intercept[718]	0.9616804082159167	2582.045055677062	1924.991363794936	2558.657705704186	1930.6339195132182	2.1242460178794387	12.287139491424707	12.222527503007205	1299.0981491599712	1308.0447977142426	548.9091509232467
centered_total	107	deviation_intercept[719]	0.9603955840945799	2067.000321324951	1941.9232732365442	2069.7878401820767	1942.4923647205105	2.4027006657678873	12.195847951025828	12.273985819878249	4677.120318219272	4686.066966773544	549.2761955109893
centered_total	107	deviation_intercept[720]	0.954259342260776	2336.9162637539594	1970.968897260064	2288.468154989501	1971.2727755626388	2.463550169740008	12.279527364888526	12.286042359365236	3288.773882807946	3297.7205313622176	551.0393904798791
centered_total	107	deviation_load[701]	0.41248780603313784	2394.6288627354484	2248.26466365897	2384.44013146809	2246.3752541873364	0.3498525959591782	0.4801165946564338	0.4741823882560026	-23.142692540645257	-23.317074945681938	22.287936905467213
centered_total	107	deviation_load[702]	0.5882579804246401	2525.5872468360044	2236.96416394856	2530.0985443382506	2241.2544773753634	0.23808683944267423	0.3850808767201907	0.39892034486673167	-36.04862297252147	-36.22300537755815	18.66343218618122
centered_total	107	deviation_load[703]	0.5373386122173679	2688.8192945380924	2435.28666554927	2699.4191735125714	2431.5666552539024	0.2556512179949528	0.39177309093541557	0.4096457539082924	-37.91615395115937	-38.09053635619606	19.52771383650316
centered_total	107	deviation_load[704]	0.49768540895540303	2264.860655783095	2062.293885567663	2241.557181405404	2061.883921138624	0.30374627345211225	0.44332079237094923	0.4412639766271837	11.212668734854804	11.038286329818119	20.29074405160115
centered_total	107	deviation_load[705]	0.46444760331287105	1915.5671335118684	2210.6220496444294	1891.8816931453591	2206.25209047983	0.35339553658020334	0.4495727899226184	0.4768023738485372	-20.619019696321608	-20.793402101358296	21.00424443990099
centered_total	107	deviation_load[706]	0.4546451541943169	2094.9616161708996	1939.3172408144433	2101.887419616394	1924.01901704028	0.34195897482372195	0.47963305025921954	0.4683887689679176	-6.324882982364261	-6.499265387400948	21.229469588868728
centered_total	107	deviation_load[707]	0.42099689654002	3221.855148257425	2490.5311138673455	3194.5602446616367	2488.3390074836293	0.29700987166328136	0.44299133836633214	0.4366542823541632	-0.8193489283092731	-0.9937313333459599	22.0615478595304
centered_total	107	deviation_load[708]	0.415135895794806	2545.3527714198526	2298.53370397939	2541.9362382600416	2302.036781512186	0.3369965390329829	0.45386110846694877	0.4647781898422076	-24.61510331942659	-24.78948572446328	22.21673747392361
centered_total	107	deviation_load[709]	0.3594299580644459	1896.8108361082382	2335.3966516715705	1902.6165182363693	2327.7231386904236	0.4381027418584098	0.49395615401353216	0.5425735994836525	-43.63285383389995	-43.807236238936646	23.87636947516505
centered_total	107	deviation_load[710]	0.3259499268497645	2307.4267078583157	2034.083591954154	2299.419563207448	2073.474625050777	0.4292763394629671	0.555966798249224	0.5354720105248406	-73.0434354804454	-73.21781788548208	25.072635261668285
centered_total	107	deviation_load[711]	0.3266110246371681	2322.128940918176	2145.8566501007176	2325.0339846345355	2140.198028828627	0.4262637047106955	0.5469520690508688	0.5330598881800032	13.627568633537509	13.45318622850082	25.0472474783428
centered_total	107	deviation_load[712]	0.26267382345162993	1882.1382100154976	1900.3033462860756	1905.7136510498112	1871.0887301456112	0.5493739126235524	0.643397999885973	0.6358174221457769	116.52212639283236	116.34774398779567	27.9297487588777
centered_total	107	deviation_load[713]	0.2660386728782068	3033.37799487021	2847.040186444481	3062.768219443429	2846.8290534079406	0.4296180931239301	0.5178996507041805	0.5357460259976105	-13.694583598589329	-13.868966003626014	27.752559377926946
centered_total	107	deviation_load[714]	0.2528707783976713	2577.736515203321	2516.5574170985965	2566.1626598309454	2518.609549674238	0.48571540176141303	0.568993849288748	0.5816971290465867	-2.4910343467891307	-2.6654167518258167	28.465977658493493
centered_total	107	deviation_load[715]	0.2095740126916307	2998.2713353894846	2240.257981916796	2979.7688436069902	2232.0082129547964	0.5092675804086912	0.6450750512323672	0.6015027571741572	-41.615231466423936	-41.789613871460624	31.268475844693143
centered_total	107	deviation_load[716]	0.13318735513818933	2545.6332875369776	2609.507502647711	2534.6212138496985	2586.793985797301	0.7253540092205565	0.7620468718879262	0.7928370180088248	-34.08268453987988	-34.25706694491656	39.2232819253684
centered_total	107	deviation_load[717]	0.1575788055421939	2987.414095712048	2727.5670518491256	2966.1308645932663	2702.521034854382	0.607709482703554	0.691676324764043	0.6868499936671847	93.34380557618482	93.16942317114813	36.060066624400164
centered_total	107	deviation_load[718]	0.14981695811282042	2287.437253415367	2272.47845448444	2269.34465044021	2258.0362665312036	0.715815221753234	0.7770046475344666	0.7841195891740124	112.59934762317451	112.4249652181378	36.982387041819294
centered_total	107	deviation_load[719]	0.15023793273889047	2190.5380467019722	2062.1540713349527	2188.7611658368155	2047.4553704383593	0.7276710721477415	0.813961800820269	0.7949574124904013	-30.55914081512831	-30.733523220165004	36.930537393660785
centered_total	107	deviation_load[720]	0.1366474949841481	2097.708369285294	1926.9019905592877	2070.318541040749	1905.093003923145	0.7907698100886601	0.8888695384856461	0.8530937761937113	44.68746763809419	44.5130852330575	38.723498725360265
centered_total	107	population_intercept_at_load0	0.9988033756534723	2254.786064585743	1968.0360203569282	2246.1177365031263	1967.5347044172265	0.3931321063455067	11.932192042220194	12.042936115014916	5481.518641055884	5472.571992501612	538.6117885258559
centered_total	107	log_sigma_intercept_at_subject0	0.0	3317.4692627562977	3317.4692627562977	3313.6097751105794	3313.6097751105794	0.03363334208752098	0.03363334208752098	0.03363334208752098	-49.54013812095642	-49.54013812095642	1.936068441626708
centered_total	108	population_intercept_at_mean_load	0.9996225554009212	2487.431010906602	1996.2674321301154	2479.687271029064	1993.6681753395987	0.21043327323066527	12.054165850262159	12.060224874523353	5629.6647148890925	5619.072602420179	539.3693443623026
centered_total	108	population_load	0.8446256514354386	2177.5565203631763	1915.8418510683716	2147.96053619976	1904.434135127733	0.13247069195968236	0.3547359568876182	0.3464110025115649	58.98929309614896	58.737332895189084	15.575546489868143
centered_total	108	log_tau_intercept	0.0	2491.1529243351583	2491.1529243351583	2416.5803763402437	2416.5803763402437	0.0032208151012916614	0.0032208151012916614	0.0032208151012916614	7.81087556930598	7.81087556930598	0.15833116818788753
centered_total	108	log_tau_load	0.0	1894.5589177510224	1894.5589177510224	1843.2510726127018	1843.2510726127018	0.005287233439665858	0.005287233439665858	0.005287233439665858	4.1064299964807836	4.1064299964807836	0.22699732180395865
centered_total	108	log_sigma_intercept	0.0	3076.954506877631	3076.954506877631	3092.520184063529	3092.520184063529	0.00026587421744814216	0.00026587421744814216	0.00026587421744814216	6.051434629235876	6.051434629235876	0.01478538017801199
centered_total	108	log_sigma_subj_slope	0.0	3319.6173549091636	3319.6173549091636	3310.15102989027	3310.15102989027	4.737637551125306e-5	4.737637551125306e-5	4.737637551125306e-5	0.07821230571321935	0.07821230571321935	0.002725748219488433
centered_total	108	deviation_intercept[701]	0.9910537886375682	2590.2676302728296	2005.2550340651885	2593.6957661921742	2009.2585275880745	1.0042163845295407	12.079832734077794	12.07833630779705	-4866.352342189945	-4856.38866007863	540.7135366796729
centered_total	108	deviation_intercept[702]	0.9954066422869504	2575.028179025755	1986.408689308448	2577.35399679621	1987.4707183904088	0.7202672791037468	12.063087784093074	12.058048862508329	-3928.3013667574387	-3918.337684646125	539.5299874034527
centered_total	108	deviation_intercept[703]	0.9944845633447262	2967.544340745767	2001.3009783811344	2963.745696076415	2005.0919604877606	0.7363534306211011	12.020612534114257	12.059020432525951	-3647.166072502995	-3637.2023903916825	539.7800536160079
centered_total	108	deviation_intercept[704]	0.9936316721834674	2434.141076984228	1999.3605878951585	2399.9115499088284	1999.8335619642958	0.8796668575644438	12.073383798922407	12.06861927469701	-666.8885486150109	-656.9248665036973	540.0116660437957
centered_total	108	deviation_intercept[705]	0.992368718020239	2179.661531451663	2002.5558552735197	2180.6440963090404	2003.3496968356794	1.0108475853346022	12.044865262497142	12.078889446388176	-1363.1971309050498	-1353.2334487937362	540.3551840903856
centered_total	108	deviation_intercept[706]	0.9922412383617938	2171.622005196935	2013.4541439118925	2167.7876165459543	2013.6599069448384	1.0223393055464638	12.0132828421995	12.079856583294195	28.84434719516625	38.80802930647967	540.3898944406931
centered_total	108	deviation_intercept[707]	0.9908736032188781	3024.9706059249047	1994.6928120123957	3009.1872537845943	1994.998700774297	0.9417416802109764	12.051074078109606	12.073302564316753	-99.6196074092042	-89.65592529789079	540.7626974736701
centered_total	108	deviation_intercept[708]	0.9906224579493477	2786.1906757731545	2015.4885294778492	2802.1441651325804	2015.8718831219492	0.9893752526071274	12.02511887222448	12.0771114430464	-462.71941688275524	-452.7557347714418	540.8312409362584
centered_total	108	deviation_intercept[709]	0.9884401215705653	1689.9533987984355	1994.1253832088391	1684.3237019364885	1994.7094714767418	1.4184189535902156	12.06012331884318	12.119804855904027	-1155.7704845093988	-1145.8068023980852	541.4279513053318
centered_total	108	deviation_intercept[710]	0.9864159184454098	2377.6354022977966	2013.4570771104973	2363.4349126060924	2020.5319962806109	1.2993589314970255	12.041044091053596	12.106448325175801	168.54942885849286	178.5131109698063	541.9831929927466
centered_total	108	deviation_intercept[711]	0.9859702709648567	2281.5839948064695	1994.497399666627	2279.218970165677	1996.1596342558332	1.3449791791297123	12.152333765381787	12.111429577452173	-1746.4280635922148	-1736.4643814809015	542.1056643111712
centered_total	108	deviation_intercept[712]	0.9823761634311157	2264.8243749214294	2063.0559112709298	2271.1339332736857	2065.892045043299	1.5128846013944	12.039500442406382	12.131223237350271	1076.8541277988893	1086.8178099102029	543.0964289962045
centered_total	108	deviation_intercept[713]	0.9804666560626089	2372.8345612684557	2001.0558906871295	2394.1210191152963	2002.8421250951124	1.5527970227471841	12.11215983287799	12.13626532386069	3876.8053535666	3886.7690356779126	543.6250253501627
centered_total	108	deviation_intercept[714]	0.9799664393929823	2534.1725682538545	2020.3830854050598	2529.3004766785393	2022.713856326071	1.5303441687946764	12.07219197456055	12.133412986140987	133.6380528951442	143.60173500645763	543.7637523495905
centered_total	108	deviation_intercept[715]	0.9738419700914623	3060.121587484711	2016.6402940720589	3058.386997122624	2011.3721356051185	1.5952468956918855	12.102989409524305	12.141769643487127	902.7835948471134	912.7472769584269	545.4709311948515
centered_total	108	deviation_intercept[716]	0.9512684936322741	2671.9822213159	1989.7588094433222	2668.320856767253	1987.4332026925156	2.358577718780595	12.341124634502345	12.265424830507062	753.1227792354897	763.086461346803	551.9049621009635
centered_total	108	deviation_intercept[717]	0.9662600338245908	2820.7645546751824	2012.8051343928032	2778.649900175714	2016.3969091675203	1.9082015881911463	12.10875816775428	12.186836780660768	1472.4081276177596	1482.371809729073	547.6068182404314
centered_total	108	deviation_intercept[718]	0.9616804082159167	2582.045055677062	2009.6725345330287	2558.657705704186	2014.0372832854152	2.1242460178794387	12.295969476598072	12.222527503007205	1298.0811156029292	1308.0447977142426	548.9091509232467
centered_total	108	deviation_intercept[719]	0.9603955840945799	2067.000321324951	2037.1969056337034	2069.7878401820767	2039.054577146656	2.4027006657678873	12.132694906807188	12.273985819878249	4676.10328466223	4686.066966773544	549.2761955109893
centered_total	108	deviation_intercept[720]	0.954259342260776	2336.9162637539594	1968.3862263245037	2288.468154989501	1974.3657465619858	2.463550169740008	12.349606382154354	12.286042359365236	3287.7568492509035	3297.7205313622176	551.0393904798791
centered_total	108	deviation_load[701]	0.41248780603313784	2394.6288627354484	2155.1539743346316	2384.44013146809	2104.0166341005056	0.3498525959591782	0.4787728746780258	0.4741823882560026	-23.569035146641813	-23.317074945681938	22.287936905467213
centered_total	108	deviation_load[702]	0.5882579804246401	2525.5872468360044	1972.785574562372	2530.0985443382506	1972.5339611934216	0.23808683944267423	0.41811914425265956	0.39892034486673167	-36.474965578518045	-36.22300537755815	18.66343218618122
centered_total	108	deviation_load[703]	0.5373386122173679	2688.8192945380924	2198.003663724218	2699.4191735125714	2212.0901565070644	0.2556512179949528	0.4145814520627627	0.4096457539082924	-38.34249655715596	-38.09053635619606	19.52771383650316
centered_total	108	deviation_load[704]	0.49768540895540303	2264.860655783095	2045.8466051464854	2241.557181405404	2008.1647420612394	0.30374627345211225	0.45326895956515434	0.4412639766271837	10.786326128858244	11.038286329818119	20.29074405160115
centered_total	108	deviation_load[705]	0.46444760331287105	1915.5671335118684	2046.3678711815808	1891.8816931453591	2058.972265583302	0.35339553658020334	0.4551872049309124	0.4768023738485372	-21.04536230231817	-20.793402101358296	21.00424443990099
centered_total	108	deviation_load[706]	0.4546451541943169	2094.9616161708996	2139.67563479528	2101.887419616394	2149.157297496034	0.34195897482372195	0.4592950233792416	0.4683887689679176	-6.751225588360825	-6.499265387400948	21.229469588868728
centered_total	108	deviation_load[707]	0.42099689654002	3221.855148257425	2464.4151291627836	3194.5602446616367	2444.9599320368984	0.29700987166328136	0.4477434327741369	0.4366542823541632	-1.2456915343058366	-0.9937313333459599	22.0615478595304
centered_total	108	deviation_load[708]	0.415135895794806	2545.3527714198526	2468.6905258645884	2541.9362382600416	2454.8891791533642	0.3369965390329829	0.4537998049631738	0.4647781898422076	-25.041445925423155	-24.78948572446328	22.21673747392361
centered_total	108	deviation_load[709]	0.3594299580644459	1896.8108361082382	2113.9729528636813	1902.6165182363693	2117.837838635647	0.4381027418584098	0.5258239214609138	0.5425735994836525	-44.05919643989651	-43.807236238936646	23.87636947516505
centered_total	108	deviation_load[710]	0.3259499268497645	2307.4267078583157	2285.731502306738	2299.419563207448	2297.68286342478	0.4292763394629671	0.5182447291138795	0.5354720105248406	-73.46977808644195	-73.21781788548208	25.072635261668285
centered_total	108	deviation_load[711]	0.3266110246371681	2322.128940918176	2392.136027854349	2325.0339846345355	2285.9265437173453	0.4262637047106955	0.5275794282245739	0.5330598881800032	13.201226027540946	13.45318622850082	25.0472474783428
centered_total	108	deviation_load[712]	0.26267382345162993	1882.1382100154976	1763.6068204014198	1905.7136510498112	1803.4967062633616	0.5493739126235524	0.6529042478531115	0.6358174221457769	116.0957837868358	116.34774398779567	27.9297487588777
centered_total	108	deviation_load[713]	0.2660386728782068	3033.37799487021	2395.9855615543897	3062.768219443429	2408.9204371499777	0.4296180931239301	0.5722881587724563	0.5357460259976105	-14.12092620458589	-13.868966003626014	27.752559377926946
centered_total	108	deviation_load[714]	0.2528707783976713	2577.736515203321	2369.298074963808	2566.1626598309454	2367.7357982403555	0.48571540176141303	0.5973790920726657	0.5816971290465867	-2.917376952785694	-2.6654167518258167	28.465977658493493
centered_total	108	deviation_load[715]	0.2095740126916307	2998.2713353894846	2784.791657362276	2979.7688436069902	2776.7531003003446	0.5092675804086912	0.5992182736705756	0.6015027571741572	-42.0415740724205	-41.789613871460624	31.268475844693143
centered_total	108	deviation_load[716]	0.13318735513818933	2545.6332875369776	2530.626549382755	2534.6212138496985	2501.1583163393	0.7253540092205565	0.7844230592814055	0.7928370180088248	-34.50902714587643	-34.25706694491656	39.2232819253684
centered_total	108	deviation_load[717]	0.1575788055421939	2987.414095712048	2802.066987867707	2966.1308645932663	2789.544748985293	0.607709482703554	0.6749696846474736	0.6868499936671847	92.91746297018827	93.16942317114813	36.060066624400164
centered_total	108	deviation_load[718]	0.14981695811282042	2287.437253415367	2264.2556733566303	2269.34465044021	2239.3328824611517	0.715815221753234	0.7845981250429215	0.7841195891740124	112.17300501717794	112.4249652181378	36.982387041819294
centered_total	108	deviation_load[719]	0.15023793273889047	2190.5380467019722	2110.773098552403	2188.7611658368155	2121.531589860762	0.7276710721477415	0.8149763557301376	0.7949574124904013	-30.985483421124876	-30.733523220165004	36.930537393660785
centered_total	108	deviation_load[720]	0.1366474949841481	2097.708369285294	2040.7564554757935	2070.318541040749	2020.5825613217905	0.7907698100886601	0.8544014982734197	0.8530937761937113	44.261125032097624	44.5130852330575	38.723498725360265
centered_total	108	population_intercept_at_load0	0.9988033756534723	2254.786064585743	1999.2767863601964	2246.1177365031263	2002.764496144774	0.3931321063455067	12.011938072237294	12.042936115014916	5482.535674612926	5472.571992501612	538.6117885258559
centered_total	108	log_sigma_intercept_at_subject0	0.0	3317.4692627562977	3317.4692627562977	3313.6097751105794	3313.6097751105794	0.03363334208752098	0.03363334208752098	0.03363334208752098	-49.54013812095642	-49.54013812095642	1.936068441626708
centered_total	109	population_intercept_at_mean_load	0.9996225554009212	2487.431010906602	1923.3382920633742	2479.687271029064	1917.68744390505	0.21043327323066527	12.340478768853009	12.060224874523353	5603.838069833642	5619.072602420179	539.3693443623026
centered_total	109	population_load	0.8446256514354386	2177.5565203631763	2006.6519017423095	2147.96053619976	1985.4042510154356	0.13247069195968236	0.3440755619604289	0.3464110025115649	59.07715305635908	58.737332895189084	15.575546489868143
centered_total	109	log_tau_intercept	0.0	2491.1529243351583	2491.1529243351583	2416.5803763402437	2416.5803763402437	0.0032208151012916614	0.0032208151012916614	0.0032208151012916614	7.81087556930598	7.81087556930598	0.15833116818788753
centered_total	109	log_tau_load	0.0	1894.5589177510224	1894.5589177510224	1843.2510726127018	1843.2510726127018	0.005287233439665858	0.005287233439665858	0.005287233439665858	4.1064299964807836	4.1064299964807836	0.22699732180395865
centered_total	109	log_sigma_intercept	0.0	3076.954506877631	3076.954506877631	3092.520184063529	3092.520184063529	0.00026587421744814216	0.00026587421744814216	0.00026587421744814216	6.051434629235876	6.051434629235876	0.01478538017801199
centered_total	109	log_sigma_subj_slope	0.0	3319.6173549091636	3319.6173549091636	3310.15102989027	3310.15102989027	4.737637551125306e-5	4.737637551125306e-5	4.737637551125306e-5	0.07821230571321935	0.07821230571321935	0.002725748219488433
centered_total	109	deviation_intercept[701]	0.9910537886375682	2590.2676302728296	1928.751642166846	2593.6957661921742	1922.764498306041	1.0042163845295407	12.372174387081062	12.07833630779705	-4840.306559881852	-4856.38866007863	540.7135366796729
centered_total	109	deviation_intercept[702]	0.9954066422869504	2575.028179025755	1914.2862786021224	2577.35399679621	1911.786872067225	0.7202672791037468	12.348320282608356	12.058048862508329	-3902.2555844493454	-3918.337684646125	539.5299874034527
centered_total	109	deviation_intercept[703]	0.9944845633447262	2967.544340745767	1929.1583672265767	2963.745696076415	1924.687798812402	0.7363534306211011	12.335838844583325	12.059020432525951	-3621.1202901949027	-3637.2023903916825	539.7800536160079
centered_total	109	deviation_intercept[704]	0.9936316721834674	2434.141076984228	1929.898153928699	2399.9115499088284	1924.6677148566987	0.8796668575644438	12.353390943850368	12.06861927469701	-640.8427663069182	-656.9248665036973	540.0116660437957
centered_total	109	deviation_intercept[705]	0.992368718020239	2179.661531451663	1929.811271991044	2180.6440963090404	1923.2318506583906	1.0108475853346022	12.364436579782424	12.078889446388176	-1337.1513485969574	-1353.2334487937362	540.3551840903856
centered_total	109	deviation_intercept[706]	0.9922412383617938	2171.622005196935	1935.2992478909061	2167.7876165459543	1930.3276545295191	1.0223393055464638	12.270536331156416	12.079856583294195	54.89012950325897	38.80802930647967	540.3898944406931
centered_total	109	deviation_intercept[707]	0.9908736032188781	3024.9706059249047	1904.6002209131111	3009.1872537845943	1900.3118645371546	0.9417416802109764	12.40218017936041	12.073302564316753	-73.57382510111147	-89.65592529789079	540.7626974736701
centered_total	109	deviation_intercept[708]	0.9906224579493477	2786.1906757731545	1910.27804656404	2802.1441651325804	1910.214808503162	0.9893752526071274	12.41575139955145	12.0771114430464	-436.6736345746624	-452.7557347714418	540.8312409362584
centered_total	109	deviation_intercept[709]	0.9884401215705653	1689.9533987984355	1938.5777182770953	1684.3237019364885	1933.6575865321445	1.4184189535902156	12.378636912441179	12.119804855904027	-1129.724702201306	-1145.8068023980852	541.4279513053318
centered_total	109	deviation_intercept[710]	0.9864159184454098	2377.6354022977966	1907.5644311788672	2363.4349126060924	1906.2108455901916	1.2993589314970255	12.446765033588768	12.106448325175801	194.5952111665856	178.5131109698063	541.9831929927466
centered_total	109	deviation_intercept[711]	0.9859702709648567	2281.5839948064695	1927.822206229036	2279.218970165677	1925.5726219800722	1.3449791791297123	12.344580116801762	12.111429577452173	-1720.3822812841224	-1736.4643814809015	542.1056643111712
centered_total	109	deviation_intercept[712]	0.9823761634311157	2264.8243749214294	1908.0606935628107	2271.1339332736857	1902.5642903551975	1.5128846013944	12.466744705069187	12.131223237350271	1102.8999101069817	1086.8178099102029	543.0964289962045
centered_total	109	deviation_intercept[713]	0.9804666560626089	2372.8345612684557	1936.4160648657432	2394.1210191152963	1933.9557393337316	1.5527970227471841	12.406744534842979	12.13626532386069	3902.851135874692	3886.7690356779126	543.6250253501627
centered_total	109	deviation_intercept[714]	0.9799664393929823	2534.1725682538545	1924.5352347524267	2529.3004766785393	1919.2054327478895	1.5303441687946764	12.517575954739968	12.133412986140987	159.68383520323692	143.60173500645763	543.7637523495905
centered_total	109	deviation_intercept[715]	0.9738419700914623	3060.121587484711	1950.4541912728087	3058.386997122624	1947.46236312227	1.5952468956918855	12.367961033059771	12.141769643487127	928.8293771552062	912.7472769584269	545.4709311948515
centered_total	109	deviation_intercept[716]	0.9512684936322741	2671.9822213159	1920.63454083925	2668.320856767253	1918.1402719810055	2.358577718780595	12.649438258052692	12.265424830507062	779.1685615435822	763.086461346803	551.9049621009635
centered_total	109	deviation_intercept[717]	0.9662600338245908	2820.7645546751824	1969.9840754337663	2778.649900175714	1972.635253881898	1.9082015881911463	12.427274334501934	12.186836780660768	1498.4539099258525	1482.371809729073	547.6068182404314
centered_total	109	deviation_intercept[718]	0.9616804082159167	2582.045055677062	1944.0294218969907	2558.657705704186	1946.3008821061878	2.1242460178794387	12.451891817193546	12.222527503007205	1324.1268979110214	1308.0447977142426	548.9091509232467
centered_total	109	deviation_intercept[719]	0.9603955840945799	2067.000321324951	1959.3423265012852	2069.7878401820767	1957.0425923464852	2.4027006657678873	12.36038326033194	12.273985819878249	4702.149066970323	4686.066966773544	549.2761955109893
centered_total	109	deviation_intercept[720]	0.954259342260776	2336.9162637539594	1920.9588671658414	2288.468154989501	1918.9274182994843	2.463550169740008	12.588289090680824	12.286042359365236	3313.8026315589973	3297.7205313622176	551.0393904798791
centered_total	109	deviation_load[701]	0.41248780603313784	2394.6288627354484	2078.5741241606984	2384.44013146809	2075.1136981740487	0.3498525959591782	0.4834621819154553	0.4741823882560026	-23.65689510685194	-23.317074945681938	22.287936905467213
centered_total	109	deviation_load[702]	0.5882579804246401	2525.5872468360044	2066.0184074495505	2530.0985443382506	2054.660336237196	0.23808683944267423	0.4074194240748566	0.39892034486673167	-36.56282553872818	-36.22300537755815	18.66343218618122
centered_total	109	deviation_load[703]	0.5373386122173679	2688.8192945380924	2274.8253194852628	2699.4191735125714	2279.2711164661155	0.2556512179949528	0.40986270658182494	0.4096457539082924	-38.43035651736607	-38.09053635619606	19.52771383650316
centered_total	109	deviation_load[704]	0.49768540895540303	2264.860655783095	2178.3645952942265	2241.557181405404	2103.3844237248773	0.30374627345211225	0.43662107430036173	0.4412639766271837	10.698466168648112	11.038286329818119	20.29074405160115
centered_total	109	deviation_load[705]	0.46444760331287105	1915.5671335118684	1847.6207430420232	1891.8816931453591	1843.097818851277	0.35339553658020334	0.48399937298449347	0.4768023738485372	-21.133222262528303	-20.793402101358296	21.00424443990099
centered_total	109	deviation_load[706]	0.4546451541943169	2094.9616161708996	2242.2319422851524	2101.887419616394	2233.176745568672	0.34195897482372195	0.44762088736683997	0.4683887689679176	-6.839085548570951	-6.499265387400948	21.229469588868728
centered_total	109	deviation_load[707]	0.42099689654002	3221.855148257425	2473.487057479047	3194.5602446616367	2452.414201744411	0.29700987166328136	0.44286367103023794	0.4366542823541632	-1.333551494515962	-0.9937313333459599	22.0615478595304
centered_total	109	deviation_load[708]	0.415135895794806	2545.3527714198526	2296.7444609738286	2541.9362382600416	2294.984408686202	0.3369965390329829	0.457427367477123	0.4647781898422076	-25.12930588563328	-24.78948572446328	22.21673747392361
centered_total	109	deviation_load[709]	0.3594299580644459	1896.8108361082382	1962.8147492597398	1902.6165182363693	1973.7247093963406	0.4381027418584098	0.5244688936708277	0.5425735994836525	-44.147056400106635	-43.807236238936646	23.87636947516505
centered_total	109	deviation_load[710]	0.3259499268497645	2307.4267078583157	2264.394998637124	2299.419563207448	2277.394336288168	0.4292763394629671	0.5300918196787302	0.5354720105248406	-73.55763804665207	-73.21781788548208	25.072635261668285
centered_total	109	deviation_load[711]	0.3266110246371681	2322.128940918176	2085.2511323452027	2325.0339846345355	2089.5813685831845	0.4262637047106955	0.5353025409616894	0.5330598881800032	13.11336606733082	13.45318622850082	25.0472474783428
centered_total	109	deviation_load[712]	0.26267382345162993	1882.1382100154976	1930.7265731267253	1905.7136510498112	1920.921186277553	0.5493739126235524	0.6347309676861583	0.6358174221457769	116.00792382662564	116.34774398779567	27.9297487588777
centered_total	109	deviation_load[713]	0.2660386728782068	3033.37799487021	2817.747477281466	3062.768219443429	2801.738508470427	0.4296180931239301	0.5302505422180533	0.5357460259976105	-14.208786164796017	-13.868966003626014	27.752559377926946
centered_total	109	deviation_load[714]	0.2528707783976713	2577.736515203321	2590.1516049085863	2566.1626598309454	2605.352556802696	0.48571540176141303	0.5625942823994353	0.5816971290465867	-3.00523691299582	-2.6654167518258167	28.465977658493493
centered_total	109	deviation_load[715]	0.2095740126916307	2998.2713353894846	2706.101279435962	2979.7688436069902	2693.8394684471446	0.5092675804086912	0.6093363009864664	0.6015027571741572	-42.12943403263064	-41.789613871460624	31.268475844693143
centered_total	109	deviation_load[716]	0.13318735513818933	2545.6332875369776	2368.8578888171337	2534.6212138496985	2366.124298045327	0.7253540092205565	0.8031487029093698	0.7928370180088248	-34.59688710608656	-34.25706694491656	39.2232819253684
centered_total	109	deviation_load[717]	0.1575788055421939	2987.414095712048	2666.493408674546	2966.1308645932663	2648.6266345583317	0.607709482703554	0.7049291651225293	0.6868499936671847	92.82960300997813	93.16942317114813	36.060066624400164
centered_total	109	deviation_load[718]	0.14981695811282042	2287.437253415367	2099.439247257172	2269.34465044021	2090.1369069150564	0.715815221753234	0.8137849549534583	0.7841195891740124	112.0851450569678	112.4249652181378	36.982387041819294
centered_total	109	deviation_load[719]	0.15023793273889047	2190.5380467019722	2251.860022303557	2188.7611658368155	2255.87775718193	0.7276710721477415	0.7789285206716986	0.7949574124904013	-31.073343381334997	-30.733523220165004	36.930537393660785
centered_total	109	deviation_load[720]	0.1366474949841481	2097.708369285294	2022.2286182462942	2070.318541040749	2001.245946166319	0.7907698100886601	0.8516136220710148	0.8530937761937113	44.17326507188749	44.5130852330575	38.723498725360265
centered_total	109	population_intercept_at_load0	0.9988033756534723	2254.786064585743	1923.1107470342015	2246.1177365031263	1917.0583731211277	0.3931321063455067	12.322849142057139	12.042936115014916	5456.489892304832	5472.571992501612	538.6117885258559
centered_total	109	log_sigma_intercept_at_subject0	0.0	3317.4692627562977	3317.4692627562977	3313.6097751105794	3313.6097751105794	0.03363334208752098	0.03363334208752098	0.03363334208752098	-49.54013812095642	-49.54013812095642	1.936068441626708
centered_total	110	population_intercept_at_mean_load	0.9996225554009212	2487.431010906602	1775.4423152609936	2479.687271029064	1747.9169823102484	0.21043327323066527	12.802861426436476	12.060224874523353	5615.48255026566	5619.072602420179	539.3693443623026
centered_total	110	population_load	0.8446256514354386	2177.5565203631763	1936.094365941634	2147.96053619976	1939.126377185499	0.13247069195968236	0.3546579800814845	0.3464110025115649	58.49768599046627	58.737332895189084	15.575546489868143
centered_total	110	log_tau_intercept	0.0	2491.1529243351583	2491.1529243351583	2416.5803763402437	2416.5803763402437	0.0032208151012916614	0.0032208151012916614	0.0032208151012916614	7.81087556930598	7.81087556930598	0.15833116818788753
centered_total	110	log_tau_load	0.0	1894.5589177510224	1894.5589177510224	1843.2510726127018	1843.2510726127018	0.005287233439665858	0.005287233439665858	0.005287233439665858	4.1064299964807836	4.1064299964807836	0.22699732180395865
centered_total	110	log_sigma_intercept	0.0	3076.954506877631	3076.954506877631	3092.520184063529	3092.520184063529	0.00026587421744814216	0.00026587421744814216	0.00026587421744814216	6.051434629235876	6.051434629235876	0.01478538017801199
centered_total	110	log_sigma_subj_slope	0.0	3319.6173549091636	3319.6173549091636	3310.15102989027	3310.15102989027	4.737637551125306e-5	4.737637551125306e-5	4.737637551125306e-5	0.07821230571321935	0.07821230571321935	0.002725748219488433
centered_total	110	deviation_intercept[701]	0.9910537886375682	2590.2676302728296	1745.786032568605	2593.6957661921742	1727.354461689014	1.0042163845295407	12.874588828964873	12.07833630779705	-4853.396326887105	-4856.38866007863	540.7135366796729
centered_total	110	deviation_intercept[702]	0.9954066422869504	2575.028179025755	1781.3962871228146	2577.35399679621	1756.3666084778552	0.7202672791037468	12.731553461051734	12.058048862508329	-3915.345351454599	-3918.337684646125	539.5299874034527
centered_total	110	deviation_intercept[703]	0.9944845633447262	2967.544340745767	1777.0832941409574	2963.745696076415	1767.1215775860273	0.7363534306211011	12.750690132378002	12.059020432525951	-3634.2100572001564	-3637.2023903916825	539.7800536160079
centered_total	110	deviation_intercept[704]	0.9936316721834674	2434.141076984228	1746.8905395534916	2399.9115499088284	1721.6073437714615	0.8796668575644438	12.909543163617316	12.06861927469701	-653.9325333121717	-656.9248665036973	540.0116660437957
centered_total	110	deviation_intercept[705]	0.992368718020239	2179.661531451663	1776.5408720283358	2180.6440963090404	1744.5570286394445	1.0108475853346022	12.899167689215476	12.078889446388176	-1350.2411156022106	-1353.2334487937362	540.3551840903856
centered_total	110	deviation_intercept[706]	0.9922412383617938	2171.622005196935	1729.6006900248185	2167.7876165459543	1703.2310233683204	1.0223393055464638	13.01766693602287	12.079856583294195	41.800362498005384	38.80802930647967	540.3898944406931
centered_total	110	deviation_intercept[707]	0.9908736032188781	3024.9706059249047	1798.7330252679083	3009.1872537845943	1775.0324839997397	0.9417416802109764	12.699318921438072	12.073302564316753	-86.66359210636506	-89.65592529789079	540.7626974736701
centered_total	110	deviation_intercept[708]	0.9906224579493477	2786.1906757731545	1752.489798060817	2802.1441651325804	1722.8438548724243	0.9893752526071274	12.93805821942346	12.0771114430464	-449.76340157991615	-452.7557347714418	540.8312409362584
centered_total	110	deviation_intercept[709]	0.9884401215705653	1689.9533987984355	1746.8359985830057	1684.3237019364885	1734.0721459101899	1.4184189535902156	12.905334068803962	12.119804855904027	-1142.8144692065596	-1145.8068023980852	541.4279513053318
centered_total	110	deviation_intercept[710]	0.9864159184454098	2377.6354022977966	1795.7821116603202	2363.4349126060924	1774.2008242627867	1.2993589314970255	12.79938129495046	12.106448325175801	181.50544416133204	178.5131109698063	541.9831929927466
centered_total	110	deviation_intercept[711]	0.9859702709648567	2281.5839948064695	1739.0793221149102	2279.218970165677	1741.479547339591	1.3449791791297123	12.88500169507652	12.111429577452173	-1733.4720482893758	-1736.4643814809015	542.1056643111712
centered_total	110	deviation_intercept[712]	0.9823761634311157	2264.8243749214294	1746.3916979785413	2271.1339332736857	1725.4309642447258	1.5128846013944	12.992393830919022	12.131223237350271	1089.8101431017285	1086.8178099102029	543.0964289962045
centered_total	110	deviation_intercept[713]	0.9804666560626089	2372.8345612684557	1800.1309472921068	2394.1210191152963	1771.8549278474027	1.5527970227471841	12.877602496705551	12.13626532386069	3889.761368869439	3886.7690356779126	543.6250253501627
centered_total	110	deviation_intercept[714]	0.9799664393929823	2534.1725682538545	1761.8131355193084	2529.3004766785393	1758.0350880995563	1.5303441687946764	12.870904879301252	12.133412986140987	146.59406819798335	143.60173500645763	543.7637523495905
centered_total	110	deviation_intercept[715]	0.9738419700914623	3060.121587484711	1793.9271130986422	3058.386997122624	1793.3258758486777	1.5952468956918855	12.856674655905836	12.141769643487127	915.7396101499526	912.7472769584269	545.4709311948515
centered_total	110	deviation_intercept[716]	0.9512684936322741	2671.9822213159	1918.4027606446878	2668.320856767253	1898.97191478301	2.358577718780595	12.523738643144583	12.265424830507062	766.0787945383288	763.086461346803	551.9049621009635
centered_total	110	deviation_intercept[717]	0.9662600338245908	2820.7645546751824	1854.723689021484	2778.649900175714	1840.1803926096213	1.9082015881911463	12.696006722485244	12.186836780660768	1485.3641429205989	1482.371809729073	547.6068182404314
centered_total	110	deviation_intercept[718]	0.9616804082159167	2582.045055677062	1732.0209409429806	2558.657705704186	1724.6069938934995	2.1242460178794387	13.100509197038257	12.222527503007205	1311.0371309057684	1308.0447977142426	548.9091509232467
centered_total	110	deviation_intercept[719]	0.9603955840945799	2067.000321324951	1739.8044615254719	2069.7878401820767	1734.8211466856415	2.4027006657678873	13.172230217911375	12.273985819878249	4689.059299965069	4686.066966773544	549.2761955109893
centered_total	110	deviation_intercept[720]	0.954259342260776	2336.9162637539594	1818.783742025737	2288.468154989501	1820.318004426891	2.463550169740008	12.83852058355371	12.286042359365236	3300.712864553743	3297.7205313622176	551.0393904798791
centered_total	110	deviation_load[701]	0.41248780603313784	2394.6288627354484	2107.4315785207195	2384.44013146809	2105.445544842884	0.3498525959591782	0.494292418881851	0.4741823882560026	-23.07742804095913	-23.317074945681938	22.287936905467213
centered_total	110	deviation_load[702]	0.5882579804246401	2525.5872468360044	2076.4135867217915	2530.0985443382506	2083.0987787930303	0.23808683944267423	0.40842115864302675	0.39892034486673167	-35.98335847283536	-36.22300537755815	18.66343218618122
centered_total	110	deviation_load[703]	0.5373386122173679	2688.8192945380924	2337.3856858076533	2699.4191735125714	2336.3341401551297	0.2556512179949528	0.3977545331004051	0.4096457539082924	-37.850889451473265	-38.09053635619606	19.52771383650316
centered_total	110	deviation_load[704]	0.49768540895540303	2264.860655783095	2058.347596989492	2241.557181405404	2060.1836864620177	0.30374627345211225	0.44216281345365255	0.4412639766271837	11.277933234540928	11.038286329818119	20.29074405160115
centered_total	110	deviation_load[705]	0.46444760331287105	1915.5671335118684	1855.7235920947248	1891.8816931453591	1856.6184389480486	0.35339553658020334	0.4839624645133554	0.4768023738485372	-20.55375519663549	-20.793402101358296	21.00424443990099
centered_total	110	deviation_load[706]	0.4546451541943169	2094.9616161708996	2266.953367169963	2101.887419616394	2264.472871616223	0.34195897482372195	0.45110394268892307	0.4683887689679176	-6.259618482678139	-6.499265387400948	21.229469588868728
centered_total	110	deviation_load[707]	0.42099689654002	3221.855148257425	2416.288468924736	3194.5602446616367	2404.416358312367	0.29700987166328136	0.43821991360228557	0.4366542823541632	-0.7540844286231515	-0.9937313333459599	22.0615478595304
centered_total	110	deviation_load[708]	0.415135895794806	2545.3527714198526	2169.0565313587213	2541.9362382600416	2161.3588782709303	0.3369965390329829	0.484649540932152	0.4647781898422076	-24.549838819740472	-24.78948572446328	22.21673747392361
centered_total	110	deviation_load[709]	0.3594299580644459	1896.8108361082382	2232.4322751243017	1902.6165182363693	2248.75577787696	0.4381027418584098	0.5073334238629141	0.5425735994836525	-43.567589334213835	-43.807236238936646	23.87636947516505
centered_total	110	deviation_load[710]	0.3259499268497645	2307.4267078583157	2120.8658162805036	2299.419563207448	2133.3984243896457	0.4292763394629671	0.5465881622290549	0.5354720105248406	-72.97817098075926	-73.21781788548208	25.072635261668285
centered_total	110	deviation_load[711]	0.3266110246371681	2322.128940918176	2168.041318498916	2325.0339846345355	2173.953421312483	0.4262637047106955	0.5403555410684081	0.5330598881800032	13.69283313322363	13.45318622850082	25.0472474783428
centered_total	110	deviation_load[712]	0.26267382345162993	1882.1382100154976	2057.02229238988	1905.7136510498112	2059.324578126702	0.5493739126235524	0.624871169274264	0.6358174221457769	116.58739089251846	116.34774398779567	27.9297487588777
centered_total	110	deviation_load[713]	0.2660386728782068	3033.37799487021	2497.644948815101	3062.768219443429	2495.70879330501	0.4296180931239301	0.5495915756778512	0.5357460259976105	-13.629319098903204	-13.868966003626014	27.752559377926946
centered_total	110	deviation_load[714]	0.2528707783976713	2577.736515203321	2291.241355218017	2566.1626598309454	2282.0537753867843	0.48571540176141303	0.5959674187496535	0.5816971290465867	-2.425769847103009	-2.6654167518258167	28.465977658493493
centered_total	110	deviation_load[715]	0.2095740126916307	2998.2713353894846	2735.047201751579	2979.7688436069902	2715.249845592368	0.5092675804086912	0.6088609509071204	0.6015027571741572	-41.549966966737806	-41.789613871460624	31.268475844693143
centered_total	110	deviation_load[716]	0.13318735513818933	2545.6332875369776	2232.0025190774677	2534.6212138496985	2231.9726228079894	0.7253540092205565	0.8162722889090891	0.7928370180088248	-34.017420040193755	-34.25706694491656	39.2232819253684
centered_total	110	deviation_load[717]	0.1575788055421939	2987.414095712048	2713.9774771555653	2966.1308645932663	2674.750828590522	0.607709482703554	0.7043711777221	0.6868499936671847	93.40907007587096	93.16942317114813	36.060066624400164
centered_total	110	deviation_load[718]	0.14981695811282042	2287.437253415367	2336.0615736513123	2269.34465044021	2307.798276273456	0.715815221753234	0.7803510711318709	0.7841195891740124	112.66461212286062	112.4249652181378	36.982387041819294
centered_total	110	deviation_load[719]	0.15023793273889047	2190.5380467019722	1948.944421878319	2188.7611658368155	1937.7097754958256	0.7276710721477415	0.8336121575608807	0.7949574124904013	-30.493876315442186	-30.733523220165004	36.930537393660785
centered_total	110	deviation_load[720]	0.1366474949841481	2097.708369285294	2126.9658216002376	2070.318541040749	2103.447260237401	0.7907698100886601	0.8569599887569446	0.8530937761937113	44.7527321377803	44.5130852330575	38.723498725360265
centered_total	110	population_intercept_at_load0	0.9988033756534723	2254.786064585743	1779.3295846164074	2246.1177365031263	1749.001096858219	0.3931321063455067	12.785843832182165	12.042936115014916	5469.579659310086	5472.571992501612	538.6117885258559
centered_total	110	log_sigma_intercept_at_subject0	0.0	3317.4692627562977	3317.4692627562977	3313.6097751105794	3313.6097751105794	0.03363334208752098	0.03363334208752098	0.03363334208752098	-49.54013812095642	-49.54013812095642	1.936068441626708
centered_total	111	population_intercept_at_mean_load	0.9996225554009212	2487.431010906602	1986.67827377347	2479.687271029064	1981.253196658663	0.21043327323066527	11.928109945069062	12.060224874523353	5596.103293837501	5619.072602420179	539.3693443623026
centered_total	111	population_load	0.8446256514354386	2177.5565203631763	1827.3288200957354	2147.96053619976	1840.3929138723568	0.13247069195968236	0.3728178849505996	0.3464110025115649	58.96741059989987	58.737332895189084	15.575546489868143
centered_total	111	log_tau_intercept	0.0	2491.1529243351583	2491.1529243351583	2416.5803763402437	2416.5803763402437	0.0032208151012916614	0.0032208151012916614	0.0032208151012916614	7.81087556930598	7.81087556930598	0.15833116818788753
centered_total	111	log_tau_load	0.0	1894.5589177510224	1894.5589177510224	1843.2510726127018	1843.2510726127018	0.005287233439665858	0.005287233439665858	0.005287233439665858	4.1064299964807836	4.1064299964807836	0.22699732180395865
centered_total	111	log_sigma_intercept	0.0	3076.954506877631	3076.954506877631	3092.520184063529	3092.520184063529	0.00026587421744814216	0.00026587421744814216	0.00026587421744814216	6.051434629235876	6.051434629235876	0.01478538017801199
centered_total	111	log_sigma_subj_slope	0.0	3319.6173549091636	3319.6173549091636	3310.15102989027	3310.15102989027	4.737637551125306e-5	4.737637551125306e-5	4.737637551125306e-5	0.07821230571321935	0.07821230571321935	0.002725748219488433
centered_total	111	deviation_intercept[701]	0.9910537886375682	2590.2676302728296	1970.2195659773618	2593.6957661921742	1970.2121150477237	1.0042163845295407	11.957437367619487	12.07833630779705	-4832.845499698343	-4856.38866007863	540.7135366796729
centered_total	111	deviation_intercept[702]	0.9954066422869504	2575.028179025755	1957.6325579057218	2577.35399679621	1971.5283454177372	0.7202672791037468	11.92949545387493	12.058048862508329	-3894.7945242658357	-3918.337684646125	539.5299874034527
centered_total	111	deviation_intercept[703]	0.9944845633447262	2967.544340745767	1956.4550377458152	2963.745696076415	1968.2360047934944	0.7363534306211011	11.965672466522166	12.059020432525951	-3613.6592300113925	-3637.2023903916825	539.7800536160079
centered_total	111	deviation_intercept[704]	0.9936316721834674	2434.141076984228	1983.2646347517148	2399.9115499088284	1979.4016695133303	0.8796668575644438	11.929785581042687	12.06861927469701	-633.3817061234084	-656.9248665036973	540.0116660437957
centered_total	111	deviation_intercept[705]	0.992368718020239	2179.661531451663	1970.6570060042643	2180.6440963090404	1957.9211506985018	1.0108475853346022	11.948403772422287	12.078889446388176	-1329.6902884134474	-1353.2334487937362	540.3551840903856
centered_total	111	deviation_intercept[706]	0.9922412383617938	2171.622005196935	1991.3449907574118	2167.7876165459543	1975.0552817388696	1.0223393055464638	11.919824797422914	12.079856583294195	62.35118968676864	38.80802930647967	540.3898944406931
centered_total	111	deviation_intercept[707]	0.9908736032188781	3024.9706059249047	2008.4192775940273	3009.1872537845943	2000.142036674187	0.9417416802109764	11.916102542675038	12.073302564316753	-66.1127649176018	-89.65592529789079	540.7626974736701
centered_total	111	deviation_intercept[708]	0.9906224579493477	2786.1906757731545	1995.8854961208012	2802.1441651325804	1990.8070791830562	0.9893752526071274	11.916593761284835	12.0771114430464	-429.2125743911528	-452.7557347714418	540.8312409362584
centered_total	111	deviation_intercept[709]	0.9884401215705653	1689.9533987984355	1976.3957196350032	1684.3237019364885	1977.1067470341384	1.4184189535902156	11.960672731129506	12.119804855904027	-1122.2636420177962	-1145.8068023980852	541.4279513053318
centered_total	111	deviation_intercept[710]	0.9864159184454098	2377.6354022977966	1985.019728889481	2363.4349126060924	1987.6176743575459	1.2993589314970255	11.88594437105417	12.106448325175801	202.05627135009527	178.5131109698063	541.9831929927466
centered_total	111	deviation_intercept[711]	0.9859702709648567	2281.5839948064695	1970.4122795594094	2279.218970165677	1966.3382830928058	1.3449791791297123	12.018409723756497	12.111429577452173	-1712.9212211006125	-1736.4643814809015	542.1056643111712
centered_total	111	deviation_intercept[712]	0.9823761634311157	2264.8243749214294	1987.495733530343	2271.1339332736857	1982.685413787507	1.5128846013944	12.0161016510596	12.131223237350271	1110.3609702904919	1086.8178099102029	543.0964289962045
centered_total	111	deviation_intercept[713]	0.9804666560626089	2372.8345612684557	2024.1092558221462	2394.1210191152963	2005.6853528933432	1.5527970227471841	11.951386613986571	12.13626532386069	3910.312196058203	3886.7690356779126	543.6250253501627
centered_total	111	deviation_intercept[714]	0.9799664393929823	2534.1725682538545	1961.399913621269	2529.3004766785393	1978.529477097202	1.5303441687946764	11.993381609522466	12.133412986140987	167.1448953867466	143.60173500645763	543.7637523495905
centered_total	111	deviation_intercept[715]	0.9738419700914623	3060.121587484711	1969.6473019897871	3058.386997122624	1968.9720131593492	1.5952468956918855	12.095097253675055	12.141769643487127	936.2904373387158	912.7472769584269	545.4709311948515
centered_total	111	deviation_intercept[716]	0.9512684936322741	2671.9822213159	2043.2988367580087	2668.320856767253	2048.57366865402	2.358577718780595	12.045936902929407	12.265424830507062	786.629621727092	763.086461346803	551.9049621009635
centered_total	111	deviation_intercept[717]	0.9662600338245908	2820.7645546751824	1994.8982996652976	2778.649900175714	1991.619243899447	1.9082015881911463	12.135888165000923	12.186836780660768	1505.9149701093622	1482.371809729073	547.6068182404314
centered_total	111	deviation_intercept[718]	0.9616804082159167	2582.045055677062	1982.7809075787986	2558.657705704186	1988.6865708180333	2.1242460178794387	12.053298696145339	12.222527503007205	1331.5879580945314	1308.0447977142426	548.9091509232467
centered_total	111	deviation_intercept[719]	0.9603955840945799	2067.000321324951	2007.1341344180964	2069.7878401820767	2003.4951063179208	2.4027006657678873	12.113677315982263	12.273985819878249	4709.610127153833	4686.066966773544	549.2761955109893
centered_total	111	deviation_intercept[720]	0.954259342260776	2336.9162637539594	1904.769097499727	2288.468154989501	1911.0601228475587	2.463550169740008	12.397570820417446	12.286042359365236	3321.2636917425057	3297.7205313622176	551.0393904798791
centered_total	111	deviation_load[701]	0.41248780603313784	2394.6288627354484	1958.3032842071898	2384.44013146809	1966.1587528308173	0.3498525959591782	0.5044873101374986	0.4741823882560026	-23.547152650392725	-23.317074945681938	22.287936905467213
centered_total	111	deviation_load[702]	0.5882579804246401	2525.5872468360044	2105.0680611449475	2530.0985443382506	2108.065416152673	0.23808683944267423	0.4153453630646066	0.39892034486673167	-36.45308308226895	-36.22300537755815	18.66343218618122
centered_total	111	deviation_load[703]	0.5373386122173679	2688.8192945380924	2115.2176217320753	2699.4191735125714	2123.5203558971634	0.2556512179949528	0.428782239339843	0.4096457539082924	-38.320614060906856	-38.09053635619606	19.52771383650316
centered_total	111	deviation_load[704]	0.49768540895540303	2264.860655783095	2041.9054606117356	2241.557181405404	2052.742871657028	0.30374627345211225	0.4549081545561718	0.4412639766271837	10.808208625107333	11.038286329818119	20.29074405160115
centered_total	111	deviation_load[705]	0.46444760331287105	1915.5671335118684	1806.214494970651	1891.8816931453591	1814.502506375097	0.35339553658020334	0.5047002855550295	0.4768023738485372	-21.02347980606908	-20.793402101358296	21.00424443990099
centered_total	111	deviation_load[706]	0.4546451541943169	2094.9616161708996	1980.6477491913724	2101.887419616394	1983.8407395489926	0.34195897482372195	0.4894420515026719	0.4683887689679176	-6.7293430921117325	-6.499265387400948	21.229469588868728
centered_total	111	deviation_load[707]	0.42099689654002	3221.855148257425	2254.0732324583614	3194.5602446616367	2230.6930322940393	0.29700987166328136	0.47603186813763876	0.4366542823541632	-1.2238090380567446	-0.9937313333459599	22.0615478595304
centered_total	111	deviation_load[708]	0.415135895794806	2545.3527714198526	2093.975437818604	2541.9362382600416	2091.442490349599	0.3369965390329829	0.4938582040125993	0.4647781898422076	-25.019563429174063	-24.78948572446328	22.21673747392361
centered_total	111	deviation_load[709]	0.3594299580644459	1896.8108361082382	1889.5395669916056	1902.6165182363693	1893.6054585399224	0.4381027418584098	0.554321643495028	0.5425735994836525	-44.03731394364743	-43.807236238936646	23.87636947516505
centered_total	111	deviation_load[710]	0.3259499268497645	2307.4267078583157	2158.076639810382	2299.419563207448	2155.220512141327	0.4292763394629671	0.5495062569207115	0.5354720105248406	-73.44789559019286	-73.21781788548208	25.072635261668285
centered_total	111	deviation_load[711]	0.3266110246371681	2322.128940918176	2137.7771061790945	2325.0339846345355	2136.940773211845	0.4262637047106955	0.5509553745473468	0.5330598881800032	13.223108523790037	13.45318622850082	25.0472474783428
centered_total	111	deviation_load[712]	0.26267382345162993	1882.1382100154976	2121.097531084037	1905.7136510498112	2109.2766416974323	0.5493739126235524	0.6111243895313306	0.6358174221457769	116.11766628308486	116.34774398779567	27.9297487588777
centered_total	111	deviation_load[713]	0.2660386728782068	3033.37799487021	2599.5174869008933	3062.768219443429	2598.8166018523293	0.4296180931239301	0.5352424205553457	0.5357460259976105	-14.099043708336797	-13.868966003626014	27.752559377926946
centered_total	111	deviation_load[714]	0.2528707783976713	2577.736515203321	2176.188094999992	2566.1626598309454	2169.4217360951384	0.48571540176141303	0.611803374680189	0.5816971290465867	-2.8954944565366008	-2.6654167518258167	28.465977658493493
centered_total	111	deviation_load[715]	0.2095740126916307	2998.2713353894846	2725.2386792187467	2979.7688436069902	2712.240611707008	0.5092675804086912	0.6069338167380759	0.6015027571741572	-42.019691576171404	-41.789613871460624	31.268475844693143
centered_total	111	deviation_load[716]	0.13318735513818933	2545.6332875369776	2450.781791596576	2534.6212138496985	2442.090927221912	0.7253540092205565	0.7999669673283343	0.7928370180088248	-34.48714464962734	-34.25706694491656	39.2232819253684
centered_total	111	deviation_load[717]	0.1575788055421939	2987.414095712048	2734.874948716713	2966.1308645932663	2747.85568133671	0.607709482703554	0.6872236586308789	0.6868499936671847	92.93934546643735	93.16942317114813	36.060066624400164
centered_total	111	deviation_load[718]	0.14981695811282042	2287.437253415367	2262.5572474055175	2269.34465044021	2257.1871943175006	0.715815221753234	0.781908717434144	0.7841195891740124	112.19488751342703	112.4249652181378	36.982387041819294
centered_total	111	deviation_load[719]	0.15023793273889047	2190.5380467019722	2180.538061378272	2188.7611658368155	2176.8800641053185	0.7276710721477415	0.7918889509321811	0.7949574124904013	-30.963600924875784	-30.733523220165004	36.930537393660785
centered_total	111	deviation_load[720]	0.1366474949841481	2097.708369285294	2025.1995225023545	2070.318541040749	1985.4674994707054	0.7907698100886601	0.8793362462132377	0.8530937761937113	44.2830075283467	44.5130852330575	38.723498725360265
centered_total	111	population_intercept_at_load0	0.9988033756534723	2254.786064585743	1977.1691164066388	2246.1177365031263	1974.0979641790075	0.3931321063455067	11.904434004585982	12.042936115014916	5449.028832121324	5472.571992501612	538.6117885258559
centered_total	111	log_sigma_intercept_at_subject0	0.0	3317.4692627562977	3317.4692627562977	3313.6097751105794	3313.6097751105794	0.03363334208752098	0.03363334208752098	0.03363334208752098	-49.54013812095642	-49.54013812095642	1.936068441626708
centered_total	112	population_intercept_at_mean_load	0.9996225554009212	2487.431010906602	1988.0970669146839	2479.687271029064	1989.200139941425	0.21043327323066527	12.108958858891734	12.060224874523353	5620.085229463489	5619.072602420179	539.3693443623026
centered_total	112	population_load	0.8446256514354386	2177.5565203631763	2068.543942028789	2147.96053619976	2059.45170078082	0.13247069195968236	0.33885644224070294	0.3464110025115649	58.26778439654292	58.737332895189084	15.575546489868143
centered_total	112	log_tau_intercept	0.0	2491.1529243351583	2491.1529243351583	2416.5803763402437	2416.5803763402437	0.0032208151012916614	0.0032208151012916614	0.0032208151012916614	7.81087556930598	7.81087556930598	0.15833116818788753
centered_total	112	log_tau_load	0.0	1894.5589177510224	1894.5589177510224	1843.2510726127018	1843.2510726127018	0.005287233439665858	0.005287233439665858	0.005287233439665858	4.1064299964807836	4.1064299964807836	0.22699732180395865
centered_total	112	log_sigma_intercept	0.0	3076.954506877631	3076.954506877631	3092.520184063529	3092.520184063529	0.00026587421744814216	0.00026587421744814216	0.00026587421744814216	6.051434629235876	6.051434629235876	0.01478538017801199
centered_total	112	log_sigma_subj_slope	0.0	3319.6173549091636	3319.6173549091636	3310.15102989027	3310.15102989027	4.737637551125306e-5	4.737637551125306e-5	4.737637551125306e-5	0.07821230571321935	0.07821230571321935	0.002725748219488433
centered_total	112	deviation_intercept[701]	0.9910537886375682	2590.2676302728296	1973.2437571886067	2593.6957661921742	1976.0821846010926	1.0042163845295407	12.1445139450795	12.07833630779705	-4858.572418633152	-4856.38866007863	540.7135366796729
centered_total	112	deviation_intercept[702]	0.9954066422869504	2575.028179025755	1980.2094659400243	2577.35399679621	1984.3462759048439	0.7202672791037468	12.101201000575273	12.058048862508329	-3920.521443200646	-3918.337684646125	539.5299874034527
centered_total	112	deviation_intercept[703]	0.9944845633447262	2967.544340745767	1974.9096645391035	2963.745696076415	1974.6874464636128	0.7363534306211011	12.122201743901574	12.059020432525951	-3639.3861489462033	-3637.2023903916825	539.7800536160079
centered_total	112	deviation_intercept[704]	0.9936316721834674	2434.141076984228	1983.2598162865777	2399.9115499088284	1983.215815590718	0.8796668575644438	12.14652036173173	12.06861927469701	-659.1086250582193	-656.9248665036973	540.0116660437957
centered_total	112	deviation_intercept[705]	0.992368718020239	2179.661531451663	1966.6226253551665	2180.6440963090404	1970.9502719824661	1.0108475853346022	12.143112440292139	12.078889446388176	-1355.4172073482582	-1353.2334487937362	540.3551840903856
centered_total	112	deviation_intercept[706]	0.9922412383617938	2171.622005196935	1995.569302568012	2167.7876165459543	1998.002217430175	1.0223393055464638	12.124073706458542	12.079856583294195	36.62427075195792	38.80802930647967	540.3898944406931
centered_total	112	deviation_intercept[707]	0.9908736032188781	3024.9706059249047	1986.0210653452953	3009.1872537845943	1988.440726475529	0.9417416802109764	12.117882047370902	12.073302564316753	-91.8396838524125	-89.65592529789079	540.7626974736701
centered_total	112	deviation_intercept[708]	0.9906224579493477	2786.1906757731545	1977.2893567865299	2802.1441651325804	1981.2424802540852	0.9893752526071274	12.13382110849914	12.0771114430464	-454.93949332596355	-452.7557347714418	540.8312409362584
centered_total	112	deviation_intercept[709]	0.9884401215705653	1689.9533987984355	1996.3618750654002	1684.3237019364885	1998.1758422420885	1.4184189535902156	12.111561445497504	12.119804855904027	-1147.990560952607	-1145.8068023980852	541.4279513053318
centered_total	112	deviation_intercept[710]	0.9864159184454098	2377.6354022977966	1973.4574330923867	2363.4349126060924	1972.5635837185907	1.2993589314970255	12.199966475770239	12.106448325175801	176.32935241528455	178.5131109698063	541.9831929927466
centered_total	112	deviation_intercept[711]	0.9859702709648567	2281.5839948064695	1992.2796432468185	2279.218970165677	1991.1870830375055	1.3449791791297123	12.134366348258704	12.111429577452173	-1738.6481400354232	-1736.4643814809015	542.1056643111712
centered_total	112	deviation_intercept[712]	0.9823761634311157	2264.8243749214294	2003.5298324811	2271.1339332736857	2008.8541095799446	1.5128846013944	12.110090856406364	12.131223237350271	1084.634051355681	1086.8178099102029	543.0964289962045
centered_total	112	deviation_intercept[713]	0.9804666560626089	2372.8345612684557	1997.5882340198473	2394.1210191152963	2005.6266809327333	1.5527970227471841	12.160045261073657	12.13626532386069	3884.585277123391	3886.7690356779126	543.6250253501627
centered_total	112	deviation_intercept[714]	0.9799664393929823	2534.1725682538545	2007.620577019294	2529.3004766785393	2010.6254118101524	1.5303441687946764	12.152008572125402	12.133412986140987	141.4179764519359	143.60173500645763	543.7637523495905
centered_total	112	deviation_intercept[715]	0.9738419700914623	3060.121587484711	1998.8583155376043	3058.386997122624	2002.8456266365295	1.5952468956918855	12.171242460195243	12.141769643487127	910.5635184039049	912.7472769584269	545.4709311948515
centered_total	112	deviation_intercept[716]	0.9512684936322741	2671.9822213159	1988.864744841532	2668.320856767253	1990.5720855685277	2.358577718780595	12.295882877348978	12.265424830507062	760.9027027922813	763.086461346803	551.9049621009635
centered_total	112	deviation_intercept[717]	0.9662600338245908	2820.7645546751824	1987.2826724988756	2778.649900175714	1992.363678266266	1.9082015881911463	12.317448257766952	12.186836780660768	1480.188051174551	1482.371809729073	547.6068182404314
centered_total	112	deviation_intercept[718]	0.9616804082159167	2582.045055677062	2028.3313522346807	2558.657705704186	2034.2707177954603	2.1242460178794387	12.185655464766162	12.222527503007205	1305.8610391597206	1308.0447977142426	548.9091509232467
centered_total	112	deviation_intercept[719]	0.9603955840945799	2067.000321324951	2068.1260374707385	2069.7878401820767	2073.9069669249966	2.4027006657678873	12.101224530559051	12.273985819878249	4683.883208219021	4686.066966773544	549.2761955109893
centered_total	112	deviation_intercept[720]	0.954259342260776	2336.9162637539594	2012.2104203240885	2288.468154989501	2012.9755507760674	2.463550169740008	12.423039855692268	12.286042359365236	3295.536772807695	3297.7205313622176	551.0393904798791
centered_total	112	deviation_load[701]	0.41248780603313784	2394.6288627354484	2181.674008209368	2384.44013146809	2185.015893409403	0.3498525959591782	0.4667968617612117	0.4741823882560026	-22.847526447035765	-23.317074945681938	22.287936905467213
centered_total	112	deviation_load[702]	0.5882579804246401	2525.5872468360044	2239.2354707562968	2530.0985443382506	2237.357789075806	0.23808683944267423	0.3900125966565208	0.39892034486673167	-35.753456878912	-36.22300537755815	18.66343218618122
centered_total	112	deviation_load[703]	0.5373386122173679	2688.8192945380924	2297.645645421872	2699.4191735125714	2286.8069286158534	0.2556512179949528	0.40890101176393306	0.4096457539082924	-37.6209878575499	-38.09053635619606	19.52771383650316
centered_total	112	deviation_load[704]	0.49768540895540303	2264.860655783095	2147.056650375501	2241.557181405404	2149.0816776927513	0.30374627345211225	0.4360159283801384	0.4412639766271837	11.507834828464288	11.038286329818119	20.29074405160115
centered_total	112	deviation_load[705]	0.46444760331287105	1915.5671335118684	1930.702887411519	1891.8816931453591	1913.487171967493	0.35339553658020334	0.4687276674522064	0.4768023738485372	-20.323853602712127	-20.793402101358296	21.00424443990099
centered_total	112	deviation_load[706]	0.4546451541943169	2094.9616161708996	2363.071441440252	2101.887419616394	2358.2240635982494	0.34195897482372195	0.43156576166674177	0.4683887689679176	-6.029716888754777	-6.499265387400948	21.229469588868728
centered_total	112	deviation_load[707]	0.42099689654002	3221.855148257425	2592.4208947241045	3194.5602446616367	2596.1362997352508	0.29700987166328136	0.4323679230423968	0.4366542823541632	-0.5241828346997884	-0.9937313333459599	22.0615478595304
centered_total	112	deviation_load[708]	0.415135895794806	2545.3527714198526	2181.5336333167425	2541.9362382600416	2153.655427272147	0.3369965390329829	0.47929557341745427	0.4647781898422076	-24.319937225817107	-24.78948572446328	22.21673747392361
centered_total	112	deviation_load[709]	0.3594299580644459	1896.8108361082382	2197.3572498186973	1902.6165182363693	2194.746688496772	0.4381027418584098	0.5058637959357439	0.5425735994836525	-43.33768774029046	-43.807236238936646	23.87636947516505
centered_total	112	deviation_load[710]	0.3259499268497645	2307.4267078583157	2354.5523081165525	2299.419563207448	2354.3032906520575	0.4292763394629671	0.5194293761090885	0.5354720105248406	-72.74826938683589	-73.21781788548208	25.072635261668285
centered_total	112	deviation_load[711]	0.3266110246371681	2322.128940918176	2251.764510967118	2325.0339846345355	2252.8775164928784	0.4262637047106955	0.5268332541756056	0.5330598881800032	13.922734727146992	13.45318622850082	25.0472474783428
centered_total	112	deviation_load[712]	0.26267382345162993	1882.1382100154976	2211.182195383183	1905.7136510498112	2131.244704024157	0.5493739126235524	0.6092070698141572	0.6358174221457769	116.81729248644183	116.34774398779567	27.9297487588777
centered_total	112	deviation_load[713]	0.2660386728782068	3033.37799487021	2519.293781717285	3062.768219443429	2504.4262129213726	0.4296180931239301	0.5562302142486426	0.5357460259976105	-13.399417504979839	-13.868966003626014	27.752559377926946
centered_total	112	deviation_load[714]	0.2528707783976713	2577.736515203321	2516.007603254862	2566.1626598309454	2487.3622510918617	0.48571540176141303	0.5753838221208043	0.5816971290465867	-2.1958682531796465	-2.6654167518258167	28.465977658493493
centered_total	112	deviation_load[715]	0.2095740126916307	2998.2713353894846	2649.376938896732	2979.7688436069902	2622.4486575130645	0.5092675804086912	0.6064212640607319	0.6015027571741572	-41.320065372814454	-41.789613871460624	31.268475844693143
centered_total	112	deviation_load[716]	0.13318735513818933	2545.6332875369776	2563.537032869724	2534.6212138496985	2551.244921402843	0.7253540092205565	0.7600815152667993	0.7928370180088248	-33.78751844627039	-34.25706694491656	39.2232819253684
centered_total	112	deviation_load[717]	0.1575788055421939	2987.414095712048	2620.738344242801	2966.1308645932663	2610.714892389219	0.607709482703554	0.7026915898743255	0.6868499936671847	93.6389716697943	93.16942317114813	36.060066624400164
centered_total	112	deviation_load[718]	0.14981695811282042	2287.437253415367	2351.0603509484695	2269.34465044021	2333.657905778943	0.715815221753234	0.7731232061900641	0.7841195891740124	112.89451371678398	112.4249652181378	36.982387041819294
centered_total	112	deviation_load[719]	0.15023793273889047	2190.5380467019722	2182.1326245772334	2188.7611658368155	2186.1411034608004	0.7276710721477415	0.7827205212831392	0.7949574124904013	-30.263974721518824	-30.733523220165004	36.930537393660785
centered_total	112	deviation_load[720]	0.1366474949841481	2097.708369285294	2078.551491725501	2070.318541040749	2045.226709528161	0.7907698100886601	0.8561626394899384	0.8530937761937113	44.98263373170366	44.5130852330575	38.723498725360265
centered_total	112	population_intercept_at_load0	0.9988033756534723	2254.786064585743	1979.4630376084453	2246.1177365031263	1980.6834857723318	0.3931321063455067	12.105723510972693	12.042936115014916	5474.755751056134	5472.571992501612	538.6117885258559
centered_total	112	log_sigma_intercept_at_subject0	0.0	3317.4692627562977	3317.4692627562977	3313.6097751105794	3313.6097751105794	0.03363334208752098	0.03363334208752098	0.03363334208752098	-49.54013812095642	-49.54013812095642	1.936068441626708
centered_total	113	population_intercept_at_mean_load	0.9996225554009212	2487.431010906602	1872.5141517593238	2479.687271029064	1876.4956839873012	0.21043327323066527	12.724654341129808	12.060224874523353	5607.124536028777	5619.072602420179	539.3693443623026
centered_total	113	population_load	0.8446256514354386	2177.5565203631763	2070.7182673694015	2147.96053619976	2073.815924245997	0.13247069195968236	0.3452436197819098	0.3464110025115649	58.638578244868604	58.737332895189084	15.575546489868143
centered_total	113	log_tau_intercept	0.0	2491.1529243351583	2491.1529243351583	2416.5803763402437	2416.5803763402437	0.0032208151012916614	0.0032208151012916614	0.0032208151012916614	7.81087556930598	7.81087556930598	0.15833116818788753
centered_total	113	log_tau_load	0.0	1894.5589177510224	1894.5589177510224	1843.2510726127018	1843.2510726127018	0.005287233439665858	0.005287233439665858	0.005287233439665858	4.1064299964807836	4.1064299964807836	0.22699732180395865
centered_total	113	log_sigma_intercept	0.0	3076.954506877631	3076.954506877631	3092.520184063529	3092.520184063529	0.00026587421744814216	0.00026587421744814216	0.00026587421744814216	6.051434629235876	6.051434629235876	0.01478538017801199
centered_total	113	log_sigma_subj_slope	0.0	3319.6173549091636	3319.6173549091636	3310.15102989027	3310.15102989027	4.737637551125306e-5	4.737637551125306e-5	4.737637551125306e-5	0.07821230571321935	0.07821230571321935	0.002725748219488433
centered_total	113	deviation_intercept[701]	0.9910537886375682	2590.2676302728296	1871.1418282717134	2593.6957661921742	1874.2628617640514	1.0042163845295407	12.692385094381022	12.07833630779705	-4844.6869040964875	-4856.38866007863	540.7135366796729
centered_total	113	deviation_intercept[702]	0.9954066422869504	2575.028179025755	1866.0872876545136	2577.35399679621	1874.0836317909161	0.7202672791037468	12.682453110162415	12.058048862508329	-3906.635928663983	-3918.337684646125	539.5299874034527
centered_total	113	deviation_intercept[703]	0.9944845633447262	2967.544340745767	1867.5424243559062	2963.745696076415	1873.3996597112366	0.7363534306211011	12.739858247206028	12.059020432525951	-3625.5006344095405	-3637.2023903916825	539.7800536160079
centered_total	113	deviation_intercept[704]	0.9936316721834674	2434.141076984228	1878.958317772611	2399.9115499088284	1883.3596597979426	0.8796668575644438	12.681197755146515	12.06861927469701	-645.2231105215554	-656.9248665036973	540.0116660437957
centered_total	113	deviation_intercept[705]	0.992368718020239	2179.661531451663	1851.2454074974855	2180.6440963090404	1859.1274971762878	1.0108475853346022	12.814224127456995	12.078889446388176	-1341.5316928115944	-1353.2334487937362	540.3551840903856
centered_total	113	deviation_intercept[706]	0.9922412383617938	2171.622005196935	1862.6036429538156	2167.7876165459543	1867.308772049905	1.0223393055464638	12.751881807209541	12.079856583294195	50.50978528862153	38.80802930647967	540.3898944406931
centered_total	113	deviation_intercept[707]	0.9908736032188781	3024.9706059249047	1876.7014956336789	3009.1872537845943	1881.1979831720857	0.9417416802109764	12.731799246935044	12.073302564316753	-77.9541693157489	-89.65592529789079	540.7626974736701
centered_total	113	deviation_intercept[708]	0.9906224579493477	2786.1906757731545	1883.368188935225	2802.1441651325804	1886.7830636555402	0.9893752526071274	12.667437112031637	12.0771114430464	-441.05397878929995	-452.7557347714418	540.8312409362584
centered_total	113	deviation_intercept[709]	0.9884401215705653	1689.9533987984355	1871.1276790683803	1684.3237019364885	1880.8784885438463	1.4184189535902156	12.741822429248922	12.119804855904027	-1134.1050464159432	-1145.8068023980852	541.4279513053318
centered_total	113	deviation_intercept[710]	0.9864159184454098	2377.6354022977966	1883.6007991656284	2363.4349126060924	1887.8964821662883	1.2993589314970255	12.709007190967329	12.106448325175801	190.21486695194815	178.5131109698063	541.9831929927466
centered_total	113	deviation_intercept[711]	0.9859702709648567	2281.5839948064695	1872.2018306952464	2279.218970165677	1874.061498396165	1.3449791791297123	12.819052010311415	12.111429577452173	-1724.7626254987597	-1736.4643814809015	542.1056643111712
centered_total	113	deviation_intercept[712]	0.9823761634311157	2264.8243749214294	1861.496867072144	2271.1339332736857	1868.547981389617	1.5128846013944	12.795296217212117	12.131223237350271	1098.5195658923446	1086.8178099102029	543.0964289962045
centered_total	113	deviation_intercept[713]	0.9804666560626089	2372.8345612684557	1896.46977902534	2394.1210191152963	1895.689940056617	1.5527970227471841	12.717807239391961	12.13626532386069	3898.4707916600555	3886.7690356779126	543.6250253501627
centered_total	113	deviation_intercept[714]	0.9799664393929823	2534.1725682538545	1861.910675313659	2529.3004766785393	1864.6154295932422	1.5303441687946764	12.76493670254052	12.133412986140987	155.3034909885995	143.60173500645763	543.7637523495905
centered_total	113	deviation_intercept[715]	0.9738419700914623	3060.121587484711	1913.1049926872784	3058.386997122624	1917.9428765718756	1.5952468956918855	12.657351740839307	12.141769643487127	924.4490329405686	912.7472769584269	545.4709311948515
centered_total	113	deviation_intercept[716]	0.9512684936322741	2671.9822213159	1900.0334943079276	2668.320856767253	1903.3030292828837	2.358577718780595	12.907060084196425	12.265424830507062	774.7882173289449	763.086461346803	551.9049621009635
centered_total	113	deviation_intercept[717]	0.9662600338245908	2820.7645546751824	1900.5785150981826	2778.649900175714	1901.9337587952316	1.9082015881911463	12.865067945296898	12.186836780660768	1494.0735657112148	1482.371809729073	547.6068182404314
centered_total	113	deviation_intercept[718]	0.9616804082159167	2582.045055677062	1874.8019095709813	2558.657705704186	1873.6743414519676	2.1242460178794387	12.970406655972123	12.222527503007205	1319.7465536963844	1308.0447977142426	548.9091509232467
centered_total	113	deviation_intercept[719]	0.9603955840945799	2067.000321324951	1855.805172592203	2069.7878401820767	1858.9458815544467	2.4027006657678873	13.043176738557074	12.273985819878249	4697.768722755685	4686.066966773544	549.2761955109893
centered_total	113	deviation_intercept[720]	0.954259342260776	2336.9162637539594	1872.8592803582162	2288.468154989501	1878.6606175703944	2.463550169740008	13.091774052435401	12.286042359365236	3309.4222873443587	3297.7205313622176	551.0393904798791
centered_total	113	deviation_load[701]	0.41248780603313784	2394.6288627354484	2275.7915256363594	2384.44013146809	2289.294651465752	0.3498525959591782	0.4680274856572458	0.4741823882560026	-23.21832029536145	-23.317074945681938	22.287936905467213
centered_total	113	deviation_load[702]	0.5882579804246401	2525.5872468360044	2185.2370214809066	2530.0985443382506	2177.72395672384	0.23808683944267423	0.4031045713363601	0.39892034486673167	-36.12425072723768	-36.22300537755815	18.66343218618122
centered_total	113	deviation_load[703]	0.5373386122173679	2688.8192945380924	2391.8380570933427	2699.4191735125714	2395.393453788643	0.2556512179949528	0.402661644232197	0.4096457539082924	-37.99178170587558	-38.09053635619606	19.52771383650316
centered_total	113	deviation_load[704]	0.49768540895540303	2264.860655783095	2208.6971942697055	2241.557181405404	2187.420980959401	0.30374627345211225	0.4374636066270001	0.4412639766271837	11.137040980138602	11.038286329818119	20.29074405160115
centered_total	113	deviation_load[705]	0.46444760331287105	1915.5671335118684	2195.4175636634086	1891.8816931453591	2195.6856893845957	0.35339553658020334	0.44543718121120834	0.4768023738485372	-20.69464745103781	-20.793402101358296	21.00424443990099
centered_total	113	deviation_load[706]	0.4546451541943169	2094.9616161708996	2141.4538392868117	2101.887419616394	2136.5056264750738	0.34195897482372195	0.456822167557077	0.4683887689679176	-6.400510737080463	-6.499265387400948	21.229469588868728
centered_total	113	deviation_load[707]	0.42099689654002	3221.855148257425	2577.6937965770744	3194.5602446616367	2583.0964148096664	0.29700987166328136	0.4379932589334862	0.4366542823541632	-0.894976683025475	-0.9937313333459599	22.0615478595304
centered_total	113	deviation_load[708]	0.415135895794806	2545.3527714198526	2321.1177606088536	2541.9362382600416	2339.558039876967	0.3369965390329829	0.4505036994112063	0.4647781898422076	-24.690731074142793	-24.78948572446328	22.21673747392361
centered_total	113	deviation_load[709]	0.3594299580644459	1896.8108361082382	1934.7146521640107	1902.6165182363693	1939.1567660340108	0.4381027418584098	0.532342823922588	0.5425735994836525	-43.708481588616145	-43.807236238936646	23.87636947516505
centered_total	113	deviation_load[710]	0.3259499268497645	2307.4267078583157	2387.0234971293153	2299.419563207448	2388.394447163014	0.4292763394629671	0.5108544829941918	0.5354720105248406	-73.11906323516158	-73.21781788548208	25.072635261668285
centered_total	113	deviation_load[711]	0.3266110246371681	2322.128940918176	2165.5866864573354	2325.0339846345355	2167.6386437660112	0.4262637047106955	0.5409412727662647	0.5330598881800032	13.551940878821307	13.45318622850082	25.0472474783428
centered_total	113	deviation_load[712]	0.26267382345162993	1882.1382100154976	2160.5062825718373	1905.7136510498112	2167.078017603296	0.5493739126235524	0.6061981679844616	0.6358174221457769	116.44649863811614	116.34774398779567	27.9297487588777
centered_total	113	deviation_load[713]	0.2660386728782068	3033.37799487021	2822.95580552211	3062.768219443429	2837.4106854143943	0.4296180931239301	0.5263030097201519	0.5357460259976105	-13.770211353305529	-13.868966003626014	27.752559377926946
centered_total	113	deviation_load[714]	0.2528707783976713	2577.736515203321	2456.291165088688	2566.1626598309454	2439.7344790545403	0.48571540176141303	0.5844139201313159	0.5816971290465867	-2.566662101505332	-2.6654167518258167	28.465977658493493
centered_total	113	deviation_load[715]	0.2095740126916307	2998.2713353894846	2791.5078511781994	2979.7688436069902	2737.9030611381622	0.5092675804086912	0.5967580912208261	0.6015027571741572	-41.69085922114015	-41.789613871460624	31.268475844693143
centered_total	113	deviation_load[716]	0.13318735513818933	2545.6332875369776	2473.7156113977317	2534.6212138496985	2451.5330883905576	0.7253540092205565	0.7919114267838068	0.7928370180088248	-34.158312294596065	-34.25706694491656	39.2232819253684
centered_total	113	deviation_load[717]	0.1575788055421939	2987.414095712048	2788.2544793565753	2966.1308645932663	2816.118835236771	0.607709482703554	0.6757214822650303	0.6868499936671847	93.26817782146863	93.16942317114813	36.060066624400164
centered_total	113	deviation_load[718]	0.14981695811282042	2287.437253415367	2109.9386659008896	2269.34465044021	2105.0990823135485	0.715815221753234	0.8051067160454622	0.7841195891740124	112.52371986845831	112.4249652181378	36.982387041819294
centered_total	113	deviation_load[719]	0.15023793273889047	2190.5380467019722	2128.6609547963008	2188.7611658368155	2123.3705092595555	0.7276710721477415	0.7990675609941946	0.7949574124904013	-30.634768569844514	-30.733523220165004	36.930537393660785
centered_total	113	deviation_load[720]	0.1366474949841481	2097.708369285294	1961.3586359602439	2070.318541040749	1945.286712386479	0.7907698100886601	0.8712027366297633	0.8530937761937113	44.611839883377975	44.5130852330575	38.723498725360265
centered_total	113	population_intercept_at_load0	0.9988033756534723	2254.786064585743	1867.2150697621207	2246.1177365031263	1873.3656851924889	0.3931321063455067	12.695987770839047	12.042936115014916	5460.87023651947	5472.571992501612	538.6117885258559
centered_total	113	log_sigma_intercept_at_subject0	0.0	3317.4692627562977	3317.4692627562977	3313.6097751105794	3313.6097751105794	0.03363334208752098	0.03363334208752098	0.03363334208752098	-49.54013812095642	-49.54013812095642	1.936068441626708
centered_total	114	population_intercept_at_mean_load	0.9996225554009212	2487.431010906602	2113.6464426862854	2479.687271029064	2115.741733320279	0.21043327323066527	11.615154640502956	12.060224874523353	5616.887938901403	5619.072602420179	539.3693443623026
centered_total	114	population_load	0.8446256514354386	2177.5565203631763	2130.240165455658	2147.96053619976	2112.6597612177893	0.13247069195968236	0.3367036718252464	0.3464110025115649	59.07922202821522	58.737332895189084	15.575546489868143
centered_total	114	log_tau_intercept	0.0	2491.1529243351583	2491.1529243351583	2416.5803763402437	2416.5803763402437	0.0032208151012916614	0.0032208151012916614	0.0032208151012916614	7.81087556930598	7.81087556930598	0.15833116818788753
centered_total	114	log_tau_load	0.0	1894.5589177510224	1894.5589177510224	1843.2510726127018	1843.2510726127018	0.005287233439665858	0.005287233439665858	0.005287233439665858	4.1064299964807836	4.1064299964807836	0.22699732180395865
centered_total	114	log_sigma_intercept	0.0	3076.954506877631	3076.954506877631	3092.520184063529	3092.520184063529	0.00026587421744814216	0.00026587421744814216	0.00026587421744814216	6.051434629235876	6.051434629235876	0.01478538017801199
centered_total	114	log_sigma_subj_slope	0.0	3319.6173549091636	3319.6173549091636	3310.15102989027	3310.15102989027	4.737637551125306e-5	4.737637551125306e-5	4.737637551125306e-5	0.07821230571321935	0.07821230571321935	0.002725748219488433
centered_total	114	deviation_intercept[701]	0.9910537886375682	2590.2676302728296	2130.5882660565844	2593.6957661921742	2134.380755589815	1.0042163845295407	11.645126364099058	12.07833630779705	-4853.35126859207	-4856.38866007863	540.7135366796729
centered_total	114	deviation_intercept[702]	0.9954066422869504	2575.028179025755	2119.163011142012	2577.35399679621	2123.7770880824237	0.7202672791037468	11.625192890226748	12.058048862508329	-3915.300293159564	-3918.337684646125	539.5299874034527
centered_total	114	deviation_intercept[703]	0.9944845633447262	2967.544340745767	2105.546113990241	2963.745696076415	2107.348506108008	0.7363534306211011	11.669948163326612	12.059020432525951	-3634.164998905121	-3637.2023903916825	539.7800536160079
centered_total	114	deviation_intercept[704]	0.9936316721834674	2434.141076984228	2128.6177483644515	2399.9115499088284	2130.551746213462	0.8796668575644438	11.637245413024425	12.06861927469701	-653.8874750171367	-656.9248665036973	540.0116660437957
centered_total	114	deviation_intercept[705]	0.992368718020239	2179.661531451663	2115.7005896804512	2180.6440963090404	2120.780957180378	1.0108475853346022	11.700306809520152	12.078889446388176	-1350.1960573071756	-1353.2334487937362	540.3551840903856
centered_total	114	deviation_intercept[706]	0.9922412383617938	2171.622005196935	2110.7513150352975	2167.7876165459543	2113.4127793860507	1.0223393055464638	11.687655231158748	12.079856583294195	41.84542079304048	38.80802930647967	540.3898944406931
centered_total	114	deviation_intercept[707]	0.9908736032188781	3024.9706059249047	2099.821425233745	3009.1872537845943	2101.8030400351927	0.9417416802109764	11.718459705608728	12.073302564316753	-86.61853381132997	-89.65592529789079	540.7626974736701
centered_total	114	deviation_intercept[708]	0.9906224579493477	2786.1906757731545	2116.6566189448004	2802.1441651325804	2119.529242281148	0.9893752526071274	11.628306491650259	12.0771114430464	-449.718343284881	-452.7557347714418	540.8312409362584
centered_total	114	deviation_intercept[709]	0.9884401215705653	1689.9533987984355	2141.4050433173684	1684.3237019364885	2143.6200897288404	1.4184189535902156	11.598853940660465	12.119804855904027	-1142.7694109115243	-1145.8068023980852	541.4279513053318
centered_total	114	deviation_intercept[710]	0.9864159184454098	2377.6354022977966	2116.8941540766573	2363.4349126060924	2120.6974814474192	1.2993589314970255	11.698969255814688	12.106448325175801	181.55050245636707	178.5131109698063	541.9831929927466
centered_total	114	deviation_intercept[711]	0.9859702709648567	2281.5839948064695	2114.503594832304	2279.218970165677	2116.5893074133683	1.3449791791297123	11.74216170480326	12.111429577452173	-1733.4269899943406	-1736.4643814809015	542.1056643111712
centered_total	114	deviation_intercept[712]	0.9823761634311157	2264.8243749214294	2086.6728066713995	2271.1339332736857	2094.972574766436	1.5128846013944	11.771814039463981	12.131223237350271	1089.8552013967633	1086.8178099102029	543.0964289962045
centered_total	114	deviation_intercept[713]	0.9804666560626089	2372.8345612684557	2144.1024869613443	2394.1210191152963	2146.019910370387	1.5527970227471841	11.606301934663191	12.13626532386069	3889.8064271644744	3886.7690356779126	543.6250253501627
centered_total	114	deviation_intercept[714]	0.9799664393929823	2534.1725682538545	2127.342020165217	2529.3004766785393	2134.5618809473535	1.5303441687946764	11.630383719724064	12.133412986140987	146.63912649301847	143.60173500645763	543.7637523495905
centered_total	114	deviation_intercept[715]	0.9738419700914623	3060.121587484711	2122.733967012059	3058.386997122624	2125.137232057711	1.5952468956918855	11.781611518453433	12.141769643487127	915.7846684449876	912.7472769584269	545.4709311948515
centered_total	114	deviation_intercept[716]	0.9512684936322741	2671.9822213159	2134.3287976890883	2668.320856767253	2138.2130502108657	2.358577718780595	11.883431407827624	12.265424830507062	766.1238528333639	763.086461346803	551.9049621009635
centered_total	114	deviation_intercept[717]	0.9662600338245908	2820.7645546751824	2133.9597383060527	2778.649900175714	2131.3538999055136	1.9082015881911463	11.809127143117701	12.186836780660768	1485.4092012156336	1482.371809729073	547.6068182404314
centered_total	114	deviation_intercept[718]	0.9616804082159167	2582.045055677062	2143.4174548684123	2558.657705704186	2148.3000609723504	2.1242460178794387	11.710998201108136	12.222527503007205	1311.0821892008032	1308.0447977142426	548.9091509232467
centered_total	114	deviation_intercept[719]	0.9603955840945799	2067.000321324951	2172.1962313574654	2069.7878401820767	2165.568662676899	2.4027006657678873	11.700112193031691	12.273985819878249	4689.104358260104	4686.066966773544	549.2761955109893
centered_total	114	deviation_intercept[720]	0.954259342260776	2336.9162637539594	2129.387532027962	2288.468154989501	2132.1420258354447	2.463550169740008	11.968192036743	12.286042359365236	3300.757922848778	3297.7205313622176	551.0393904798791
centered_total	114	deviation_load[701]	0.41248780603313784	2394.6288627354484	2349.8545444984734	2384.44013146809	2343.3066218258846	0.3498525959591782	0.4708575023965317	0.4741823882560026	-23.658964078708074	-23.317074945681938	22.287936905467213
centered_total	114	deviation_load[702]	0.5882579804246401	2525.5872468360044	2197.284010677085	2530.0985443382506	2199.0725361942427	0.23808683944267423	0.39764651050642663	0.39892034486673167	-36.5648945105843	-36.22300537755815	18.66343218618122
centered_total	114	deviation_load[703]	0.5373386122173679	2688.8192945380924	2316.2707290463413	2699.4191735125714	2324.533943393943	0.2556512179949528	0.3975080133009198	0.4096457539082924	-38.432425489222204	-38.09053635619606	19.52771383650316
centered_total	114	deviation_load[704]	0.49768540895540303	2264.860655783095	2188.5381690226955	2241.557181405404	2174.9830557720643	0.30374627345211225	0.43465323784231286	0.4412639766271837	10.69639719679198	11.038286329818119	20.29074405160115
centered_total	114	deviation_load[705]	0.46444760331287105	1915.5671335118684	2283.1955044700467	1891.8816931453591	2269.711069808437	0.35339553658020334	0.44453670296885633	0.4768023738485372	-21.135291234384436	-20.793402101358296	21.00424443990099
centered_total	114	deviation_load[706]	0.4546451541943169	2094.9616161708996	2323.8423938091087	2101.887419616394	2313.4906065280115	0.34195897482372195	0.44041567279070964	0.4683887689679176	-6.841154520427088	-6.499265387400948	21.229469588868728
centered_total	114	deviation_load[707]	0.42099689654002	3221.855148257425	2557.8555899520265	3194.5602446616367	2501.037068579718	0.29700987166328136	0.44292370406594334	0.4366542823541632	-1.3356204663721005	-0.9937313333459599	22.0615478595304
centered_total	114	deviation_load[708]	0.415135895794806	2545.3527714198526	2494.2427412095726	2541.9362382600416	2494.934400166923	0.3369965390329829	0.4364250900666431	0.4647781898422076	-25.13137485748942	-24.78948572446328	22.21673747392361
centered_total	114	deviation_load[709]	0.3594299580644459	1896.8108361082382	2302.3202154521337	1902.6165182363693	2249.507557987003	0.4381027418584098	0.5125842003606954	0.5425735994836525	-44.14912537196277	-43.807236238936646	23.87636947516505
centered_total	114	deviation_load[710]	0.3259499268497645	2307.4267078583157	2341.6251908839636	2299.419563207448	2358.857599884004	0.4292763394629671	0.5189859985091964	0.5354720105248406	-73.55970701850819	-73.21781788548208	25.072635261668285
centered_total	114	deviation_load[711]	0.3266110246371681	2322.128940918176	2270.586217840647	2325.0339846345355	2278.9067758839938	0.4262637047106955	0.5330862577962121	0.5330598881800032	13.111297095474681	13.45318622850082	25.0472474783428
centered_total	114	deviation_load[712]	0.26267382345162993	1882.1382100154976	1931.2649492379728	1905.7136510498112	1946.1029881196955	0.5493739126235524	0.6234252201749655	0.6358174221457769	116.00585485476951	116.34774398779567	27.9297487588777
centered_total	114	deviation_load[713]	0.2660386728782068	3033.37799487021	2525.988061951585	3062.768219443429	2530.076620973924	0.4296180931239301	0.5524269631275472	0.5357460259976105	-14.210855136652155	-13.868966003626014	27.752559377926946
centered_total	114	deviation_load[714]	0.2528707783976713	2577.736515203321	2530.602470377383	2566.1626598309454	2527.4351443469614	0.48571540176141303	0.5680584448539966	0.5816971290465867	-3.0073058848519576	-2.6654167518258167	28.465977658493493
centered_total	114	deviation_load[715]	0.2095740126916307	2998.2713353894846	2611.242379985834	2979.7688436069902	2616.125879204147	0.5092675804086912	0.6199330049687466	0.6015027571741572	-42.131503004486774	-41.789613871460624	31.268475844693143
centered_total	114	deviation_load[716]	0.13318735513818933	2545.6332875369776	2439.1849606461383	2534.6212138496985	2418.4829969611433	0.7253540092205565	0.7968094744896204	0.7928370180088248	-34.59895607794271	-34.25706694491656	39.2232819253684
centered_total	114	deviation_load[717]	0.1575788055421939	2987.414095712048	2833.285991331418	2966.1308645932663	2821.113015623451	0.607709482703554	0.6734142050211822	0.6868499936671847	92.827534038122	93.16942317114813	36.060066624400164
centered_total	114	deviation_load[718]	0.14981695811282042	2287.437253415367	2316.048980900588	2269.34465044021	2304.7017349852767	0.715815221753234	0.7681348981349203	0.7841195891740124	112.08307608511168	112.4249652181378	36.982387041819294
centered_total	114	deviation_load[719]	0.15023793273889047	2190.5380467019722	2234.2578461183334	2188.7611658368155	2199.667072955259	0.7276710721477415	0.7870542647536815	0.7949574124904013	-31.075412353191137	-30.733523220165004	36.930537393660785
centered_total	114	deviation_load[720]	0.1366474949841481	2097.708369285294	2183.2253287877193	2070.318541040749	2157.8823428948363	0.7907698100886601	0.8367204737359507	0.8530937761937113	44.17119610003136	44.5130852330575	38.723498725360265
centered_total	114	population_intercept_at_load0	0.9988033756534723	2254.786064585743	2111.4935189397006	2246.1177365031263	2114.8727217570513	0.3931321063455067	11.632512951704706	12.042936115014916	5469.5346010150515	5472.571992501612	538.6117885258559
centered_total	114	log_sigma_intercept_at_subject0	0.0	3317.4692627562977	3317.4692627562977	3313.6097751105794	3313.6097751105794	0.03363334208752098	0.03363334208752098	0.03363334208752098	-49.54013812095642	-49.54013812095642	1.936068441626708
centered_total	115	population_intercept_at_mean_load	0.9996225554009212	2487.431010906602	2107.02395866629	2479.687271029064	2108.093641074776	0.21043327323066527	11.635687526011289	12.060224874523353	5624.220168991614	5619.072602420179	539.3693443623026
centered_total	115	population_load	0.8446256514354386	2177.5565203631763	1999.7789031779087	2147.96053619976	2011.1522119414676	0.13247069195968236	0.3424126940763044	0.3464110025115649	58.80176726551451	58.737332895189084	15.575546489868143
centered_total	115	log_tau_intercept	0.0	2491.1529243351583	2491.1529243351583	2416.5803763402437	2416.5803763402437	0.0032208151012916614	0.0032208151012916614	0.0032208151012916614	7.81087556930598	7.81087556930598	0.15833116818788753
centered_total	115	log_tau_load	0.0	1894.5589177510224	1894.5589177510224	1843.2510726127018	1843.2510726127018	0.005287233439665858	0.005287233439665858	0.005287233439665858	4.1064299964807836	4.1064299964807836	0.22699732180395865
centered_total	115	log_sigma_intercept	0.0	3076.954506877631	3076.954506877631	3092.520184063529	3092.520184063529	0.00026587421744814216	0.00026587421744814216	0.00026587421744814216	6.051434629235876	6.051434629235876	0.01478538017801199
centered_total	115	log_sigma_subj_slope	0.0	3319.6173549091636	3319.6173549091636	3310.15102989027	3310.15102989027	4.737637551125306e-5	4.737637551125306e-5	4.737637551125306e-5	0.07821230571321935	0.07821230571321935	0.002725748219488433
centered_total	115	deviation_intercept[701]	0.9910537886375682	2590.2676302728296	2141.8150082482366	2593.6957661921742	2144.561164961216	1.0042163845295407	11.615556383013223	12.07833630779705	-4861.375516687815	-4856.38866007863	540.7135366796729
centered_total	115	deviation_intercept[702]	0.9954066422869504	2575.028179025755	2113.4253125294767	2577.35399679621	2114.5378290385565	0.7202672791037468	11.65805547030443	12.058048862508329	-3923.324541255309	-3918.337684646125	539.5299874034527
centered_total	115	deviation_intercept[703]	0.9944845633447262	2967.544340745767	2117.9570473601607	2963.745696076415	2123.714028784264	0.7363534306211011	11.620838984550328	12.059020432525951	-3642.1892470008656	-3637.2023903916825	539.7800536160079
centered_total	115	deviation_intercept[704]	0.9936316721834674	2434.141076984228	2120.742663966133	2399.9115499088284	2123.2525973990582	0.8796668575644438	11.65463832865518	12.06861927469701	-661.9117231128816	-656.9248665036973	540.0116660437957
centered_total	115	deviation_intercept[705]	0.992368718020239	2179.661531451663	2092.424115944986	2180.6440963090404	2096.9693244116606	1.0108475853346022	11.716441415058899	12.078889446388176	-1358.2203054029208	-1353.2334487937362	540.3551840903856
centered_total	115	deviation_intercept[706]	0.9922412383617938	2171.622005196935	2107.890538506936	2167.7876165459543	2111.64331748094	1.0223393055464638	11.691008756741432	12.079856583294195	33.82117269729546	38.80802930647967	540.3898944406931
centered_total	115	deviation_intercept[707]	0.9908736032188781	3024.9706059249047	2121.1462283732844	3009.1872537845943	2124.6651627655674	0.9417416802109764	11.66751954748375	12.073302564316753	-94.64278190707499	-89.65592529789079	540.7626974736701
centered_total	115	deviation_intercept[708]	0.9906224579493477	2786.1906757731545	2107.2344088448185	2802.1441651325804	2108.962420853821	0.9893752526071274	11.711494712085212	12.0771114430464	-457.74259138062604	-452.7557347714418	540.8312409362584
centered_total	115	deviation_intercept[709]	0.9884401215705653	1689.9533987984355	2098.1668788016045	1684.3237019364885	2102.763516179784	1.4184189535902156	11.727039443025149	12.119804855904027	-1150.7936590072695	-1145.8068023980852	541.4279513053318
centered_total	115	deviation_intercept[710]	0.9864159184454098	2377.6354022977966	2102.649240620366	2363.4349126060924	2103.7440005730527	1.2993589314970255	11.729857430803774	12.106448325175801	173.5262543606221	178.5131109698063	541.9831929927466
centered_total	115	deviation_intercept[711]	0.9859702709648567	2281.5839948064695	2101.2135987103534	2279.218970165677	2105.0989741430913	1.3449791791297123	11.731930022409024	12.111429577452173	-1741.4512380900858	-1736.4643814809015	542.1056643111712
centered_total	115	deviation_intercept[712]	0.9823761634311157	2264.8243749214294	2113.908700237628	2271.1339332736857	2114.203222807	1.5128846013944	11.74768350271597	12.131223237350271	1081.830953301018	1086.8178099102029	543.0964289962045
centered_total	115	deviation_intercept[713]	0.9804666560626089	2372.8345612684557	2132.5046253346572	2394.1210191152963	2134.2342744235098	1.5527970227471841	11.70443235429401	12.13626532386069	3881.78217906873	3886.7690356779126	543.6250253501627
centered_total	115	deviation_intercept[714]	0.9799664393929823	2534.1725682538545	2130.630995264718	2529.3004766785393	2133.8276772894283	1.5303441687946764	11.676190274046805	12.133412986140987	138.61487839727343	143.60173500645763	543.7637523495905
centered_total	115	deviation_intercept[715]	0.9738419700914623	3060.121587484711	2085.837371997488	3058.386997122624	2090.1447709015974	1.5952468956918855	11.76520709512803	12.141769643487127	907.7604203492426	912.7472769584269	545.4709311948515
centered_total	115	deviation_intercept[716]	0.9512684936322741	2671.9822213159	2132.5184573604943	2668.320856767253	2133.5293000803276	2.358577718780595	11.957946651041913	12.265424830507062	758.099604737619	763.086461346803	551.9049621009635
centered_total	115	deviation_intercept[717]	0.9662600338245908	2820.7645546751824	2104.034613941148	2778.649900175714	2106.5005279225247	1.9082015881911463	11.800641316152761	12.186836780660768	1477.384953119889	1482.371809729073	547.6068182404314
centered_total	115	deviation_intercept[718]	0.9616804082159167	2582.045055677062	2100.797843084189	2558.657705704186	2103.0975081386314	2.1242460178794387	11.859970228189162	12.222527503007205	1303.057941105058	1308.0447977142426	548.9091509232467
centered_total	115	deviation_intercept[719]	0.9603955840945799	2067.000321324951	2127.737356955765	2069.7878401820767	2133.238731288185	2.4027006657678873	11.848719183082741	12.273985819878249	4681.080110164358	4686.066966773544	549.2761955109893
centered_total	115	deviation_intercept[720]	0.954259342260776	2336.9162637539594	2071.070994470054	2288.468154989501	2071.544281324242	2.463550169740008	11.955439303952916	12.286042359365236	3292.7336747530335	3297.7205313622176	551.0393904798791
centered_total	115	deviation_load[701]	0.41248780603313784	2394.6288627354484	2164.9888027190013	2384.44013146809	2173.256089721222	0.3498525959591782	0.48380285541487467	0.4741823882560026	-23.38150931600736	-23.317074945681938	22.287936905467213
centered_total	115	deviation_load[702]	0.5882579804246401	2525.5872468360044	2104.194777270661	2530.0985443382506	2107.407763419283	0.23808683944267423	0.40612868485289977	0.39892034486673167	-36.28743974788359	-36.22300537755815	18.66343218618122
centered_total	115	deviation_load[703]	0.5373386122173679	2688.8192945380924	2170.037041012421	2699.4191735125714	2171.5597019106585	0.2556512179949528	0.41889580184224867	0.4096457539082924	-38.1549707265215	-38.09053635619606	19.52771383650316
centered_total	115	deviation_load[704]	0.49768540895540303	2264.860655783095	2235.9206376988463	2241.557181405404	2243.511147033075	0.30374627345211225	0.4253923694476972	0.4412639766271837	10.973851959492691	11.038286329818119	20.29074405160115
centered_total	115	deviation_load[705]	0.46444760331287105	1915.5671335118684	2102.1527206372116	1891.8816931453591	2111.6358338850687	0.35339553658020334	0.45090231258238495	0.4768023738485372	-20.857836471683726	-20.793402101358296	21.00424443990099
centered_total	115	deviation_load[706]	0.4546451541943169	2094.9616161708996	1955.3776567348923	2101.887419616394	1974.8750532296208	0.34195897482372195	0.47676374289408835	0.4683887689679176	-6.563699757726372	-6.499265387400948	21.229469588868728
centered_total	115	deviation_load[707]	0.42099689654002	3221.855148257425	2508.8167020314054	3194.5602446616367	2512.14264971353	0.29700987166328136	0.4439276802888509	0.4366542823541632	-1.0581657036713845	-0.9937313333459599	22.0615478595304
centered_total	115	deviation_load[708]	0.415135895794806	2545.3527714198526	2223.2395473100564	2541.9362382600416	2222.7940165276987	0.3369965390329829	0.4648816190823808	0.4647781898422076	-24.853920094788702	-24.78948572446328	22.21673747392361
centered_total	115	deviation_load[709]	0.3594299580644459	1896.8108361082382	2144.627696583374	1902.6165182363693	2124.440691198084	0.4381027418584098	0.5212658451365946	0.5425735994836525	-43.87167060926207	-43.807236238936646	23.87636947516505
centered_total	115	deviation_load[710]	0.3259499268497645	2307.4267078583157	2451.5501592514884	2299.419563207448	2472.440521746904	0.4292763394629671	0.5120923810413082	0.5354720105248406	-73.2822522558075	-73.21781788548208	25.072635261668285
centered_total	115	deviation_load[711]	0.3266110246371681	2322.128940918176	2230.9804792602695	2325.0339846345355	2232.6866119529454	0.4262637047106955	0.532037533105181	0.5330598881800032	13.388751858175398	13.45318622850082	25.0472474783428
centered_total	115	deviation_load[712]	0.26267382345162993	1882.1382100154976	1885.7875294302683	1905.7136510498112	1881.5976703877848	0.5493739126235524	0.6414918839403068	0.6358174221457769	116.28330961747022	116.34774398779567	27.9297487588777
centered_total	115	deviation_load[713]	0.2660386728782068	3033.37799487021	2892.652279687986	3062.768219443429	2871.832211131925	0.4296180931239301	0.5157988191483871	0.5357460259976105	-13.933400373951438	-13.868966003626014	27.752559377926946
centered_total	115	deviation_load[714]	0.2528707783976713	2577.736515203321	2249.0850211323823	2566.1626598309454	2248.3817141802792	0.48571540176141303	0.5975079569132562	0.5816971290465867	-2.7298511221512416	-2.6654167518258167	28.465977658493493
centered_total	115	deviation_load[715]	0.2095740126916307	2998.2713353894846	2830.128743973586	2979.7688436069902	2818.650854750737	0.5092675804086912	0.5850399920637889	0.6015027571741572	-41.854048241786046	-41.789613871460624	31.268475844693143
centered_total	115	deviation_load[716]	0.13318735513818933	2545.6332875369776	2515.5166435273563	2534.6212138496985	2502.243851397852	0.7253540092205565	0.7869339956277855	0.7928370180088248	-34.321501315241974	-34.25706694491656	39.2232819253684
centered_total	115	deviation_load[717]	0.1575788055421939	2987.414095712048	2870.1261211509727	2966.1308645932663	2841.1565714920234	0.607709482703554	0.6660044543746124	0.6868499936671847	93.1049888008227	93.16942317114813	36.060066624400164
centered_total	115	deviation_load[718]	0.14981695811282042	2287.437253415367	2294.8961665092634	2269.34465044021	2277.918688520822	0.715815221753234	0.777384370968553	0.7841195891740124	112.36053084781238	112.4249652181378	36.982387041819294
centered_total	115	deviation_load[719]	0.15023793273889047	2190.5380467019722	2110.792172631861	2188.7611658368155	2104.944863309856	0.7276710721477415	0.7941451562683198	0.7949574124904013	-30.79795759049042	-30.733523220165004	36.930537393660785
centered_total	115	deviation_load[720]	0.1366474949841481	2097.708369285294	2094.089975037795	2070.318541040749	2071.834089212572	0.7907698100886601	0.8487127030251211	0.8530937761937113	44.44865086273206	44.5130852330575	38.723498725360265
centered_total	115	population_intercept_at_load0	0.9988033756534723	2254.786064585743	2105.9168887732703	2246.1177365031263	2109.011702833026	0.3931321063455067	11.643118366056113	12.042936115014916	5477.558849110796	5472.571992501612	538.6117885258559
centered_total	115	log_sigma_intercept_at_subject0	0.0	3317.4692627562977	3317.4692627562977	3313.6097751105794	3313.6097751105794	0.03363334208752098	0.03363334208752098	0.03363334208752098	-49.54013812095642	-49.54013812095642	1.936068441626708
centered_total	116	population_intercept_at_mean_load	0.9996225554009212	2487.431010906602	1941.0796482220655	2479.687271029064	1938.0941047635204	0.21043327323066527	12.0468653724623	12.060224874523353	5627.56013720393	5619.072602420179	539.3693443623026
centered_total	116	population_load	0.8446256514354386	2177.5565203631763	1944.151036113261	2147.96053619976	1931.6982592248398	0.13247069195968236	0.35303692474341153	0.3464110025115649	58.33411814669188	58.737332895189084	15.575546489868143
centered_total	116	log_tau_intercept	0.0	2491.1529243351583	2491.1529243351583	2416.5803763402437	2416.5803763402437	0.0032208151012916614	0.0032208151012916614	0.0032208151012916614	7.81087556930598	7.81087556930598	0.15833116818788753
centered_total	116	log_tau_load	0.0	1894.5589177510224	1894.5589177510224	1843.2510726127018	1843.2510726127018	0.005287233439665858	0.005287233439665858	0.005287233439665858	4.1064299964807836	4.1064299964807836	0.22699732180395865
centered_total	116	log_sigma_intercept	0.0	3076.954506877631	3076.954506877631	3092.520184063529	3092.520184063529	0.00026587421744814216	0.00026587421744814216	0.00026587421744814216	6.051434629235876	6.051434629235876	0.01478538017801199
centered_total	116	log_sigma_subj_slope	0.0	3319.6173549091636	3319.6173549091636	3310.15102989027	3310.15102989027	4.737637551125306e-5	4.737637551125306e-5	4.737637551125306e-5	0.07821230571321935	0.07821230571321935	0.002725748219488433
centered_total	116	deviation_intercept[701]	0.9910537886375682	2590.2676302728296	1939.8644918052466	2593.6957661921742	1936.4890025756697	1.0042163845295407	12.101389402586902	12.07833630779705	-4865.8818790443365	-4856.38866007863	540.7135366796729
centered_total	116	deviation_intercept[702]	0.9954066422869504	2575.028179025755	1931.8834084317675	2577.35399679621	1929.2743428835547	0.7202672791037468	12.117302396772	12.058048862508329	-3927.830903611831	-3918.337684646125	539.5299874034527
centered_total	116	deviation_intercept[703]	0.9944845633447262	2967.544340745767	1938.2137123528908	2963.745696076415	1935.4057637970882	0.7363534306211011	12.063413561172101	12.059020432525951	-3646.6956093573885	-3637.2023903916825	539.7800536160079
centered_total	116	deviation_intercept[704]	0.9936316721834674	2434.141076984228	1928.8068965274967	2399.9115499088284	1923.6543713661858	0.8796668575644438	12.130281360166869	12.06861927469701	-666.418085469404	-656.9248665036973	540.0116660437957
centered_total	116	deviation_intercept[705]	0.992368718020239	2179.661531451663	1920.4720130614746	2180.6440963090404	1917.1821983257669	1.0108475853346022	12.159861102821667	12.078889446388176	-1362.7266677594437	-1353.2334487937362	540.3551840903856
centered_total	116	deviation_intercept[706]	0.9922412383617938	2171.622005196935	1939.1222325997826	2167.7876165459543	1934.9575136943827	1.0223393055464638	12.137524459086396	12.079856583294195	29.3148103407729	38.80802930647967	540.3898944406931
centered_total	116	deviation_intercept[707]	0.9908736032188781	3024.9706059249047	1932.0565193946836	3009.1872537845943	1929.8811932436165	0.9417416802109764	12.106399894037692	12.073302564316753	-99.14914426359755	-89.65592529789079	540.7626974736701
centered_total	116	deviation_intercept[708]	0.9906224579493477	2786.1906757731545	1938.9300652833817	2802.1441651325804	1937.0407930735164	0.9893752526071274	12.13671434248257	12.0771114430464	-462.24895373714867	-452.7557347714418	540.8312409362584
centered_total	116	deviation_intercept[709]	0.9884401215705653	1689.9533987984355	1903.393089872328	1684.3237019364885	1900.3040543850086	1.4184189535902156	12.162907503450068	12.119804855904027	-1155.300021363792	-1145.8068023980852	541.4279513053318
centered_total	116	deviation_intercept[710]	0.9864159184454098	2377.6354022977966	1903.737957870672	2363.4349126060924	1916.5280720137453	1.2993589314970255	12.167840873153589	12.106448325175801	169.01989200409955	178.5131109698063	541.9831929927466
centered_total	116	deviation_intercept[711]	0.9859702709648567	2281.5839948064695	1944.9233011506856	2279.218970165677	1942.7499204350413	1.3449791791297123	12.15444336733268	12.111429577452173	-1745.9576004466082	-1736.4643814809015	542.1056643111712
centered_total	116	deviation_intercept[712]	0.9823761634311157	2264.8243749214294	1948.6590213407155	2271.1339332736857	1948.3899302748998	1.5128846013944	12.18863450436154	12.131223237350271	1077.324590944496	1086.8178099102029	543.0964289962045
centered_total	116	deviation_intercept[713]	0.9804666560626089	2372.8345612684557	1948.3920675259064	2394.1210191152963	1942.7259043474915	1.5527970227471841	12.148225747002032	12.13626532386069	3877.275816712206	3886.7690356779126	543.6250253501627
centered_total	116	deviation_intercept[714]	0.9799664393929823	2534.1725682538545	1989.4585548765533	2529.3004766785393	1987.9752132708763	1.5303441687946764	12.068478185735046	12.133412986140987	134.10851604075086	143.60173500645763	543.7637523495905
centered_total	116	deviation_intercept[715]	0.9738419700914623	3060.121587484711	1942.9535166115115	3058.386997122624	1942.88483992316	1.5952468956918855	12.222375226875858	12.141769643487127	903.25405799272	912.7472769584269	545.4709311948515
centered_total	116	deviation_intercept[716]	0.9512684936322741	2671.9822213159	1926.4654315223452	2668.320856767253	1927.7072251486688	2.358577718780595	12.40704444693628	12.265424830507062	753.5932423810963	763.086461346803	551.9049621009635
centered_total	116	deviation_intercept[717]	0.9662600338245908	2820.7645546751824	1953.617929813285	2778.649900175714	1942.683600281715	1.9082015881911463	12.260344053285198	12.186836780660768	1472.8785907633662	1482.371809729073	547.6068182404314
centered_total	116	deviation_intercept[718]	0.9616804082159167	2582.045055677062	2018.114061012136	2558.657705704186	2011.729832033081	2.1242460178794387	12.049109625477252	12.222527503007205	1298.5515787485353	1308.0447977142426	548.9091509232467
centered_total	116	deviation_intercept[719]	0.9603955840945799	2067.000321324951	1946.0666430560975	2069.7878401820767	1944.152062252297	2.4027006657678873	12.210548638979613	12.273985819878249	4676.573747807836	4686.066966773544	549.2761955109893
centered_total	116	deviation_intercept[720]	0.954259342260776	2336.9162637539594	1941.1741067776081	2288.468154989501	1941.6290292555082	2.463550169740008	12.258528240157506	12.286042359365236	3288.2273123965106	3297.7205313622176	551.0393904798791
centered_total	116	deviation_load[701]	0.41248780603313784	2394.6288627354484	2218.4634255402743	2384.44013146809	2213.804123630374	0.3498525959591782	0.4812066197028212	0.4741823882560026	-22.913860197184736	-23.317074945681938	22.287936905467213
centered_total	116	deviation_load[702]	0.5882579804246401	2525.5872468360044	1744.5384856943688	2530.0985443382506	1761.8466454953425	0.23808683944267423	0.43635312773691803	0.39892034486673167	-35.819790629060954	-36.22300537755815	18.66343218618122
centered_total	116	deviation_load[703]	0.5373386122173679	2688.8192945380924	2267.4545002658697	2699.4191735125714	2271.205676438389	0.2556512179949528	0.41088804522782935	0.4096457539082924	-37.68732160769887	-38.09053635619606	19.52771383650316
centered_total	116	deviation_load[704]	0.49768540895540303	2264.860655783095	2091.7703151500723	2241.557181405404	2090.9260933325786	0.30374627345211225	0.44330473971046286	0.4412639766271837	11.441501078315323	11.038286329818119	20.29074405160115
centered_total	116	deviation_load[705]	0.46444760331287105	1915.5671335118684	1905.5843321744683	1891.8816931453591	1920.3598470400914	0.35339553658020334	0.4811841577879772	0.4768023738485372	-20.390187352861087	-20.793402101358296	21.00424443990099
centered_total	116	deviation_load[706]	0.4546451541943169	2094.9616161708996	2170.934937037186	2101.887419616394	2180.707811047814	0.34195897482372195	0.44794376359759813	0.4683887689679176	-6.096050638903744	-6.499265387400948	21.229469588868728
centered_total	116	deviation_load[707]	0.42099689654002	3221.855148257425	2605.4163539194674	3194.5602446616367	2605.1487468593577	0.29700987166328136	0.4364636792238103	0.4366542823541632	-0.5905165848487556	-0.9937313333459599	22.0615478595304
centered_total	116	deviation_load[708]	0.415135895794806	2545.3527714198526	2417.3127676251356	2541.9362382600416	2402.440729471846	0.3369965390329829	0.4508053466873931	0.4647781898422076	-24.38627097596607	-24.78948572446328	22.21673747392361
centered_total	116	deviation_load[709]	0.3594299580644459	1896.8108361082382	1891.3259950555416	1902.6165182363693	1928.6979569396508	0.4381027418584098	0.539832204243376	0.5425735994836525	-43.404021490439426	-43.807236238936646	23.87636947516505
centered_total	116	deviation_load[710]	0.3259499268497645	2307.4267078583157	1870.506235141474	2299.419563207448	1850.3248179428565	0.4292763394629671	0.5807231602753742	0.5354720105248406	-72.81460313698486	-73.21781788548208	25.072635261668285
centered_total	116	deviation_load[711]	0.3266110246371681	2322.128940918176	2310.2896943748524	2325.0339846345355	2297.869035297402	0.4262637047106955	0.5247571828816262	0.5330598881800032	13.856400976998026	13.45318622850082	25.0472474783428
centered_total	116	deviation_load[712]	0.26267382345162993	1882.1382100154976	1892.3255319238792	1905.7136510498112	1888.3116671191806	0.5493739126235524	0.6506202138561584	0.6358174221457769	116.75095873629286	116.34774398779567	27.9297487588777
centered_total	116	deviation_load[713]	0.2660386728782068	3033.37799487021	2624.068423928814	3062.768219443429	2627.073141542003	0.4296180931239301	0.5490150095363858	0.5357460259976105	-13.46575125512881	-13.868966003626014	27.752559377926946
centered_total	116	deviation_load[714]	0.2528707783976713	2577.736515203321	2513.4849149573465	2566.1626598309454	2518.023243013375	0.48571540176141303	0.5655025954104933	0.5816971290465867	-2.2622020033286123	-2.6654167518258167	28.465977658493493
centered_total	116	deviation_load[715]	0.2095740126916307	2998.2713353894846	2381.6114033710764	2979.7688436069902	2373.6384834642704	0.5092675804086912	0.6380700413288067	0.6015027571741572	-41.386399122963425	-41.789613871460624	31.268475844693143
centered_total	116	deviation_load[716]	0.13318735513818933	2545.6332875369776	2545.1948606087417	2534.6212138496985	2535.5125335083853	0.7253540092205565	0.7796624898033584	0.7928370180088248	-33.853852196419346	-34.25706694491656	39.2232819253684
centered_total	116	deviation_load[717]	0.1575788055421939	2987.414095712048	2465.776951658367	2966.1308645932663	2467.0463965996883	0.607709482703554	0.7266363016227325	0.6868499936671847	93.57263791964535	93.16942317114813	36.060066624400164
centered_total	116	deviation_load[718]	0.14981695811282042	2287.437253415367	2241.175449139546	2269.34465044021	2248.263697964121	0.715815221753234	0.7754248436699865	0.7841195891740124	112.82817996663502	112.4249652181378	36.982387041819294
centered_total	116	deviation_load[719]	0.15023793273889047	2190.5380467019722	2111.2174464742575	2188.7611658368155	2118.811389692599	0.7276710721477415	0.7980185878730884	0.7949574124904013	-30.33030847166779	-30.733523220165004	36.930537393660785
centered_total	116	deviation_load[720]	0.1366474949841481	2097.708369285294	2051.7895658731877	2070.318541040749	2035.5842197832633	0.7907698100886601	0.8466491978544389	0.8530937761937113	44.916299981554694	44.5130852330575	38.723498725360265
centered_total	116	population_intercept_at_load0	0.9988033756534723	2254.786064585743	1926.7861281701182	2246.1177365031263	1923.9560037563235	0.3931321063455067	12.090449140628682	12.042936115014916	5482.06521146732	5472.571992501612	538.6117885258559
centered_total	116	log_sigma_intercept_at_subject0	0.0	3317.4692627562977	3317.4692627562977	3313.6097751105794	3313.6097751105794	0.03363334208752098	0.03363334208752098	0.03363334208752098	-49.54013812095642	-49.54013812095642	1.936068441626708
centered_total	117	population_intercept_at_mean_load	0.9996225554009212	2487.431010906602	1999.1391328282423	2479.687271029064	1995.092948336467	0.21043327323066527	11.987760582042096	12.060224874523353	5616.060849888298	5619.072602420179	539.3693443623026
centered_total	117	population_load	0.8446256514354386	2177.5565203631763	1870.4680458356186	2147.96053619976	1854.7859914372414	0.13247069195968236	0.3713212628724267	0.3464110025115649	58.83396950570625	58.737332895189084	15.575546489868143
centered_total	117	log_tau_intercept	0.0	2491.1529243351583	2491.1529243351583	2416.5803763402437	2416.5803763402437	0.0032208151012916614	0.0032208151012916614	0.0032208151012916614	7.81087556930598	7.81087556930598	0.15833116818788753
centered_total	117	log_tau_load	0.0	1894.5589177510224	1894.5589177510224	1843.2510726127018	1843.2510726127018	0.005287233439665858	0.005287233439665858	0.005287233439665858	4.1064299964807836	4.1064299964807836	0.22699732180395865
centered_total	117	log_sigma_intercept	0.0	3076.954506877631	3076.954506877631	3092.520184063529	3092.520184063529	0.00026587421744814216	0.00026587421744814216	0.00026587421744814216	6.051434629235876	6.051434629235876	0.01478538017801199
centered_total	117	log_sigma_subj_slope	0.0	3319.6173549091636	3319.6173549091636	3310.15102989027	3310.15102989027	4.737637551125306e-5	4.737637551125306e-5	4.737637551125306e-5	0.07821230571321935	0.07821230571321935	0.002725748219488433
centered_total	117	deviation_intercept[701]	0.9910537886375682	2590.2676302728296	2000.0197108943416	2593.6957661921742	1999.650054772706	1.0042163845295407	12.022851482792138	12.07833630779705	-4853.135879878601	-4856.38866007863	540.7135366796729
centered_total	117	deviation_intercept[702]	0.9954066422869504	2575.028179025755	2002.1525957856693	2577.35399679621	2003.8512036288419	0.7202672791037468	11.962091485561418	12.058048862508329	-3915.0849044460933	-3918.337684646125	539.5299874034527
centered_total	117	deviation_intercept[703]	0.9944845633447262	2967.544340745767	2016.4209567122157	2963.745696076415	2020.5311169789345	0.7363534306211011	11.91946425572262	12.059020432525951	-3633.9496101916507	-3637.2023903916825	539.7800536160079
centered_total	117	deviation_intercept[704]	0.9936316721834674	2434.141076984228	2003.9843796693763	2399.9115499088284	2005.8829970328786	0.8796668575644438	11.976176958127708	12.06861927469701	-653.672086303666	-656.9248665036973	540.0116660437957
centered_total	117	deviation_intercept[705]	0.992368718020239	2179.661531451663	2038.2835944184042	2180.6440963090404	2036.999349798858	1.0108475853346022	11.871258660689572	12.078889446388176	-1349.980668593705	-1353.2334487937362	540.3551840903856
centered_total	117	deviation_intercept[706]	0.9922412383617938	2171.622005196935	2031.325578513024	2167.7876165459543	2035.1585833291751	1.0223393055464638	11.887017091126557	12.079856583294195	42.06080950651106	38.80802930647967	540.3898944406931
centered_total	117	deviation_intercept[707]	0.9908736032188781	3024.9706059249047	2021.7430067997584	3009.1872537845943	2024.7030908961615	0.9417416802109764	11.899867618281162	12.073302564316753	-86.40314509785935	-89.65592529789079	540.7626974736701
centered_total	117	deviation_intercept[708]	0.9906224579493477	2786.1906757731545	2017.7028460919691	2802.1441651325804	2018.7402387403065	0.9893752526071274	11.911998017000025	12.0771114430464	-449.5029545714104	-452.7557347714418	540.8312409362584
centered_total	117	deviation_intercept[709]	0.9884401215705653	1689.9533987984355	2014.5760636250686	1684.3237019364885	2014.5907309983816	1.4184189535902156	11.919631288330676	12.119804855904027	-1142.554022198054	-1145.8068023980852	541.4279513053318
centered_total	117	deviation_intercept[710]	0.9864159184454098	2377.6354022977966	2001.2109146955584	2363.4349126060924	2003.1707378588908	1.2993589314970255	11.977087212826952	12.106448325175801	181.76589116983774	178.5131109698063	541.9831929927466
centered_total	117	deviation_intercept[711]	0.9859702709648567	2281.5839948064695	2005.0077363919274	2279.218970165677	2007.9243964301838	1.3449791791297123	12.021183987239485	12.111429577452173	-1733.2116012808701	-1736.4643814809015	542.1056643111712
centered_total	117	deviation_intercept[712]	0.9823761634311157	2264.8243749214294	1993.251980647904	2271.1339332736857	1993.9386468805856	1.5128846013944	12.115042736753926	12.131223237350271	1090.0705901102342	1086.8178099102029	543.0964289962045
centered_total	117	deviation_intercept[713]	0.9804666560626089	2372.8345612684557	2037.6995802774247	2394.1210191152963	2036.5851940069333	1.5527970227471841	12.02354186282055	12.13626532386069	3890.0218158779444	3886.7690356779126	543.6250253501627
centered_total	117	deviation_intercept[714]	0.9799664393929823	2534.1725682538545	2039.5654556706427	2529.3004766785393	2039.0532284929589	1.5303441687946764	12.007049285056533	12.133412986140987	146.85451520648903	143.60173500645763	543.7637523495905
centered_total	117	deviation_intercept[715]	0.9738419700914623	3060.121587484711	2066.4433797754186	3058.386997122624	2068.850304855067	1.5952468956918855	11.955520584186177	12.141769643487127	916.0000571584583	912.7472769584269	545.4709311948515
centered_total	117	deviation_intercept[716]	0.9512684936322741	2671.9822213159	2064.0981268607657	2668.320856767253	2058.78151750291	2.358577718780595	12.067781129063517	12.265424830507062	766.3392415468345	763.086461346803	551.9049621009635
centered_total	117	deviation_intercept[717]	0.9662600338245908	2820.7645546751824	2010.1897724950634	2778.649900175714	2009.923872147315	1.9082015881911463	12.111549974752993	12.186836780660768	1485.6245899291043	1482.371809729073	547.6068182404314
centered_total	117	deviation_intercept[718]	0.9616804082159167	2582.045055677062	1971.5828520432315	2558.657705704186	1975.7343053911743	2.1242460178794387	12.273269586441062	12.222527503007205	1311.297577914274	1308.0447977142426	548.9091509232467
centered_total	117	deviation_intercept[719]	0.9603955840945799	2067.000321324951	1952.041478769404	2069.7878401820767	1955.772408959068	2.4027006657678873	12.342836031278216	12.273985819878249	4689.319746973575	4686.066966773544	549.2761955109893
centered_total	117	deviation_intercept[720]	0.954259342260776	2336.9162637539594	1995.0076811232034	2288.468154989501	1989.946396161523	2.463550169740008	12.272852991509124	12.286042359365236	3300.9733115622485	3297.7205313622176	551.0393904798791
centered_total	117	deviation_load[701]	0.41248780603313784	2394.6288627354484	2144.278170940722	2384.44013146809	2136.8540989758394	0.3498525959591782	0.4828488123164434	0.4741823882560026	-23.4137115561991	-23.317074945681938	22.287936905467213
centered_total	117	deviation_load[702]	0.5882579804246401	2525.5872468360044	2010.525835175765	2530.0985443382506	2037.511146504014	0.23808683944267423	0.42152947161645565	0.39892034486673167	-36.319641988075325	-36.22300537755815	18.66343218618122
centered_total	117	deviation_load[703]	0.5373386122173679	2688.8192945380924	2137.8405577701474	2699.4191735125714	2138.7628420611973	0.2556512179949528	0.43371652177455755	0.4096457539082924	-38.18717296671324	-38.09053635619606	19.52771383650316
centered_total	117	deviation_load[704]	0.49768540895540303	2264.860655783095	2241.9398738204654	2241.557181405404	2237.2616834011146	0.30374627345211225	0.4369647630130186	0.4412639766271837	10.941649719300953	11.038286329818119	20.29074405160115
centered_total	117	deviation_load[705]	0.46444760331287105	1915.5671335118684	1672.655701095695	1891.8816931453591	1688.024802869268	0.35339553658020334	0.5235467409700836	0.4768023738485372	-20.89003871187546	-20.793402101358296	21.00424443990099
centered_total	117	deviation_load[706]	0.4546451541943169	2094.9616161708996	1752.2587954623868	2101.887419616394	1722.8402509383657	0.34195897482372195	0.5241770733726397	0.4683887689679176	-6.595901997918112	-6.499265387400948	21.229469588868728
centered_total	117	deviation_load[707]	0.42099689654002	3221.855148257425	2640.944905525338	3194.5602446616367	2643.5496589746335	0.29700987166328136	0.4451607603192669	0.4366542823541632	-1.0903679438631237	-0.9937313333459599	22.0615478595304
centered_total	117	deviation_load[708]	0.415135895794806	2545.3527714198526	2063.005429098854	2541.9362382600416	2057.2339424102342	0.3369965390329829	0.49596156212444287	0.4647781898422076	-24.886122334980442	-24.78948572446328	22.21673747392361
centered_total	117	deviation_load[709]	0.3594299580644459	1896.8108361082382	1683.514138310264	1902.6165182363693	1665.7927531430348	0.4381027418584098	0.5908679987442312	0.5425735994836525	-43.9038728494538	-43.807236238936646	23.87636947516505
centered_total	117	deviation_load[710]	0.3259499268497645	2307.4267078583157	2220.7162604065884	2299.419563207448	2232.4524351896844	0.4292763394629671	0.5389388443559194	0.5354720105248406	-73.31445449599923	-73.21781788548208	25.072635261668285
centered_total	117	deviation_load[711]	0.3266110246371681	2322.128940918176	2111.829637918775	2325.0339846345355	2099.716229342668	0.4262637047106955	0.5556879121042524	0.5330598881800032	13.356549617983656	13.45318622850082	25.0472474783428
centered_total	117	deviation_load[712]	0.26267382345162993	1882.1382100154976	2124.535175289044	1905.7136510498112	2119.4554536120254	0.5493739126235524	0.6112424311242926	0.6358174221457769	116.2511073772785	116.34774398779567	27.9297487588777
centered_total	117	deviation_load[713]	0.2660386728782068	3033.37799487021	2488.2523038433565	3062.768219443429	2481.9177203182176	0.4296180931239301	0.5628465137482402	0.5357460259976105	-13.965602614143178	-13.868966003626014	27.752559377926946
centered_total	117	deviation_load[714]	0.2528707783976713	2577.736515203321	2345.3801801917107	2566.1626598309454	2327.887212487986	0.48571540176141303	0.5882539012497513	0.5816971290465867	-2.762053362342981	-2.6654167518258167	28.465977658493493
centered_total	117	deviation_load[715]	0.2095740126916307	2998.2713353894846	2821.5652365139713	2979.7688436069902	2795.3807882633837	0.5092675804086912	0.5960125369994326	0.6015027571741572	-41.88625048197779	-41.789613871460624	31.268475844693143
centered_total	117	deviation_load[716]	0.13318735513818933	2545.6332875369776	2456.589177016433	2534.6212138496985	2438.673355395388	0.7253540092205565	0.7959934741049683	0.7928370180088248	-34.353703555433725	-34.25706694491656	39.2232819253684
centered_total	117	deviation_load[717]	0.1575788055421939	2987.414095712048	2723.497417617448	2966.1308645932663	2695.6822136504475	0.607709482703554	0.6900656012621632	0.6868499936671847	93.07278656063097	93.16942317114813	36.060066624400164
centered_total	117	deviation_load[718]	0.14981695811282042	2287.437253415367	2432.8391376095506	2269.34465044021	2407.566868780147	0.715815221753234	0.7499494368605376	0.7841195891740124	112.32832860762065	112.4249652181378	36.982387041819294
centered_total	117	deviation_load[719]	0.15023793273889047	2190.5380467019722	2030.8197398694485	2188.7611658368155	2034.0823714368184	0.7276710721477415	0.8128865967814435	0.7949574124904013	-30.830159830682163	-30.733523220165004	36.930537393660785
centered_total	117	deviation_load[720]	0.1366474949841481	2097.708369285294	2155.0238259959297	2070.318541040749	2147.9137783754336	0.7907698100886601	0.8336397898140323	0.8530937761937113	44.41644862254032	44.5130852330575	38.723498725360265
centered_total	117	population_intercept_at_load0	0.9988033756534723	2254.786064585743	1999.407859423052	2246.1177365031263	2002.8102601972337	0.3931321063455067	11.945710642277378	12.042936115014916	5469.319212301582	5472.571992501612	538.6117885258559
centered_total	117	log_sigma_intercept_at_subject0	0.0	3317.4692627562977	3317.4692627562977	3313.6097751105794	3313.6097751105794	0.03363334208752098	0.03363334208752098	0.03363334208752098	-49.54013812095642	-49.54013812095642	1.936068441626708
centered_total	118	population_intercept_at_mean_load	0.9996225554009212	2487.431010906602	1726.0218420955027	2479.687271029064	1723.6106773531578	0.21043327323066527	12.97002133923839	12.060224874523353	5611.137915633069	5619.072602420179	539.3693443623026
centered_total	118	population_load	0.8446256514354386	2177.5565203631763	1887.3367987690776	2147.96053619976	1883.5495086420099	0.13247069195968236	0.35640607857128875	0.3464110025115649	59.047858267195366	58.737332895189084	15.575546489868143
centered_total	118	log_tau_intercept	0.0	2491.1529243351583	2491.1529243351583	2416.5803763402437	2416.5803763402437	0.0032208151012916614	0.0032208151012916614	0.0032208151012916614	7.81087556930598	7.81087556930598	0.15833116818788753
centered_total	118	log_tau_load	0.0	1894.5589177510224	1894.5589177510224	1843.2510726127018	1843.2510726127018	0.005287233439665858	0.005287233439665858	0.005287233439665858	4.1064299964807836	4.1064299964807836	0.22699732180395865
centered_total	118	log_sigma_intercept	0.0	3076.954506877631	3076.954506877631	3092.520184063529	3092.520184063529	0.00026587421744814216	0.00026587421744814216	0.00026587421744814216	6.051434629235876	6.051434629235876	0.01478538017801199
centered_total	118	log_sigma_subj_slope	0.0	3319.6173549091636	3319.6173549091636	3310.15102989027	3310.15102989027	4.737637551125306e-5	4.737637551125306e-5	4.737637551125306e-5	0.07821230571321935	0.07821230571321935	0.002725748219488433
centered_total	118	deviation_intercept[701]	0.9910537886375682	2590.2676302728296	1740.4949810500614	2593.6957661921742	1740.3035697929606	1.0042163845295407	12.948810105661629	12.07833630779705	-4847.679471724087	-4856.38866007863	540.7135366796729
centered_total	118	deviation_intercept[702]	0.9954066422869504	2575.028179025755	1747.332154255146	2577.35399679621	1741.6635449658131	0.7202672791037468	12.8939421608726	12.058048862508329	-3909.6284962915825	-3918.337684646125	539.5299874034527
centered_total	118	deviation_intercept[703]	0.9944845633447262	2967.544340745767	1745.5615973286438	2963.745696076415	1740.7792936212318	0.7363534306211011	12.913551096781733	12.059020432525951	-3628.493202037139	-3637.2023903916825	539.7800536160079
centered_total	118	deviation_intercept[704]	0.9936316721834674	2434.141076984228	1750.8697095989946	2399.9115499088284	1747.1941623119346	0.8796668575644438	12.906743113053261	12.06861927469701	-648.2156781491551	-656.9248665036973	540.0116660437957
centered_total	118	deviation_intercept[705]	0.992368718020239	2179.661531451663	1719.8743003596537	2180.6440963090404	1716.9139260267416	1.0108475853346022	13.037479399641304	12.078889446388176	-1344.524260439194	-1353.2334487937362	540.3551840903856
centered_total	118	deviation_intercept[706]	0.9922412383617938	2171.622005196935	1732.9578020085125	2167.7876165459543	1733.0547394605542	1.0223393055464638	12.939084200183494	12.079856583294195	47.51721766102212	38.80802930647967	540.3898944406931
centered_total	118	deviation_intercept[707]	0.9908736032188781	3024.9706059249047	1738.5785660703727	3009.1872537845943	1734.98433477098	0.9417416802109764	12.971087804046933	12.073302564316753	-80.94673694334833	-89.65592529789079	540.7626974736701
centered_total	118	deviation_intercept[708]	0.9906224579493477	2786.1906757731545	1713.3484064386855	2802.1441651325804	1714.3141277706377	0.9893752526071274	13.069663703949612	12.0771114430464	-444.0465464168994	-452.7557347714418	540.8312409362584
centered_total	118	deviation_intercept[709]	0.9884401215705653	1689.9533987984355	1710.711110125166	1684.3237019364885	1713.9647248214778	1.4184189535902156	13.000369330540886	12.119804855904027	-1137.0976140435428	-1145.8068023980852	541.4279513053318
centered_total	118	deviation_intercept[710]	0.9864159184454098	2377.6354022977966	1742.7771928622396	2363.4349126060924	1741.199777627595	1.2993589314970255	12.938553594366638	12.106448325175801	187.22229932434874	178.5131109698063	541.9831929927466
centered_total	118	deviation_intercept[711]	0.9859702709648567	2281.5839948064695	1712.5204607041687	2279.218970165677	1719.6276665235875	1.3449791791297123	13.06092371279877	12.111429577452173	-1727.755193126359	-1736.4643814809015	542.1056643111712
centered_total	118	deviation_intercept[712]	0.9823761634311157	2264.8243749214294	1724.4454338328837	2271.1339332736857	1730.4809969188973	1.5128846013944	13.031161529247477	12.131223237350271	1095.5269982647453	1086.8178099102029	543.0964289962045
centered_total	118	deviation_intercept[713]	0.9804666560626089	2372.8345612684557	1760.6786896938418	2394.1210191152963	1761.1285499784753	1.5527970227471841	12.899363857633727	12.13626532386069	3895.478224032456	3886.7690356779126	543.6250253501627
centered_total	118	deviation_intercept[714]	0.9799664393929823	2534.1725682538545	1766.3228087419632	2529.3004766785393	1762.3395059392253	1.5303441687946764	12.924952193527586	12.133412986140987	152.31092336100008	143.60173500645763	543.7637523495905
centered_total	118	deviation_intercept[715]	0.9738419700914623	3060.121587484711	1738.2401051711174	3058.386997122624	1738.2130078211292	1.5952468956918855	13.00313356538722	12.141769643487127	921.4564653129693	912.7472769584269	545.4709311948515
centered_total	118	deviation_intercept[716]	0.9512684936322741	2671.9822213159	1794.4811613344114	2668.320856767253	1797.193551298512	2.358577718780595	13.041750544531677	12.265424830507062	771.7956497013455	763.086461346803	551.9049621009635
centered_total	118	deviation_intercept[717]	0.9662600338245908	2820.7645546751824	1725.989503577809	2778.649900175714	1719.3830090832705	1.9082015881911463	13.227063726256027	12.186836780660768	1491.0809980836152	1482.371809729073	547.6068182404314
centered_total	118	deviation_intercept[718]	0.9616804082159167	2582.045055677062	1752.9842169244516	2558.657705704186	1752.359449258667	2.1242460178794387	13.13331852831281	12.222527503007205	1316.7539860687853	1308.0447977142426	548.9091509232467
centered_total	118	deviation_intercept[719]	0.9603955840945799	2067.000321324951	1688.4422620689468	2069.7878401820767	1693.8187234322377	2.4027006657678873	13.346620894228067	12.273985819878249	4694.776155128086	4686.066966773544	549.2761955109893
centered_total	118	deviation_intercept[720]	0.954259342260776	2336.9162637539594	1737.5741369113216	2288.468154989501	1738.2283570227366	2.463550169740008	13.15651341794281	12.286042359365236	3306.42971971676	3297.7205313622176	551.0393904798791
centered_total	118	deviation_load[701]	0.41248780603313784	2394.6288627354484	2075.19686893946	2384.44013146809	2079.1103808560247	0.3498525959591782	0.48354978065405596	0.4741823882560026	-23.627600317688216	-23.317074945681938	22.287936905467213
centered_total	118	deviation_load[702]	0.5882579804246401	2525.5872468360044	2150.929769054161	2530.0985443382506	2156.3331509812824	0.23808683944267423	0.40032870613200733	0.39892034486673167	-36.533530749564434	-36.22300537755815	18.66343218618122
centered_total	118	deviation_load[703]	0.5373386122173679	2688.8192945380924	2264.262270590952	2699.4191735125714	2256.6381769678223	0.2556512179949528	0.4091181300934029	0.4096457539082924	-38.40106172820234	-38.09053635619606	19.52771383650316
centered_total	118	deviation_load[704]	0.49768540895540303	2264.860655783095	2146.7536913137055	2241.557181405404	2125.516777334513	0.30374627345211225	0.4423698393309786	0.4412639766271837	10.72776095781184	11.038286329818119	20.29074405160115
centered_total	118	deviation_load[705]	0.46444760331287105	1915.5671335118684	2104.532089528926	1891.8816931453591	2105.3000680748646	0.35339553658020334	0.4657175611675472	0.4768023738485372	-21.103927473364564	-20.793402101358296	21.00424443990099
centered_total	118	deviation_load[706]	0.4546451541943169	2094.9616161708996	2093.901640510844	2101.887419616394	2123.0322611754664	0.34195897482372195	0.46404528416370144	0.4683887689679176	-6.809790759407224	-6.499265387400948	21.229469588868728
centered_total	118	deviation_load[707]	0.42099689654002	3221.855148257425	2627.4573312108555	3194.5602446616367	2622.3675365604327	0.29700987166328136	0.43108928906427785	0.4366542823541632	-1.304256705352235	-0.9937313333459599	22.0615478595304
centered_total	118	deviation_load[708]	0.415135895794806	2545.3527714198526	2178.0811823064582	2541.9362382600416	2176.8864414693417	0.3369965390329829	0.4819938384764638	0.4647781898422076	-25.10001109646955	-24.78948572446328	22.21673747392361
centered_total	118	deviation_load[709]	0.3594299580644459	1896.8108361082382	2250.66537852546	1902.6165182363693	2254.3378093824676	0.4381027418584098	0.5006297968909075	0.5425735994836525	-44.117761610942914	-43.807236238936646	23.87636947516505
centered_total	118	deviation_load[710]	0.3259499268497645	2307.4267078583157	2149.4471707684916	2299.419563207448	2156.0299173606572	0.4292763394629671	0.5341302325431183	0.5354720105248406	-73.52834325748834	-73.21781788548208	25.072635261668285
centered_total	118	deviation_load[711]	0.3266110246371681	2322.128940918176	2186.7152340515922	2325.0339846345355	2192.610923253145	0.4262637047106955	0.5389866747350238	0.5330598881800032	13.142660856494546	13.45318622850082	25.0472474783428
centered_total	118	deviation_load[712]	0.26267382345162993	1882.1382100154976	1909.0777157757022	1905.7136510498112	1931.0355296664757	0.5493739126235524	0.6358059977656861	0.6358174221457769	116.03721861578937	116.34774398779567	27.9297487588777
centered_total	118	deviation_load[713]	0.2660386728782068	3033.37799487021	2704.331531781869	3062.768219443429	2696.890653589864	0.4296180931239301	0.5256471791182292	0.5357460259976105	-14.179491375632285	-13.868966003626014	27.752559377926946
centered_total	118	deviation_load[714]	0.2528707783976713	2577.736515203321	2399.62843553774	2566.1626598309454	2390.3188289722953	0.48571540176141303	0.5880904394697737	0.5816971290465867	-2.9759421238320916	-2.6654167518258167	28.465977658493493
centered_total	118	deviation_load[715]	0.2095740126916307	2998.2713353894846	2462.2834287447768	2979.7688436069902	2464.7170439280194	0.5092675804086912	0.633672257602337	0.6015027571741572	-42.100139243466906	-41.789613871460624	31.268475844693143
centered_total	118	deviation_load[716]	0.13318735513818933	2545.6332875369776	2475.91896922961	2534.6212138496985	2456.8159532421805	0.7253540092205565	0.7877190489095454	0.7928370180088248	-34.56759231692284	-34.25706694491656	39.2232819253684
centered_total	118	deviation_load[717]	0.1575788055421939	2987.414095712048	2457.574076588787	2966.1308645932663	2438.1473539236126	0.607709482703554	0.7247012089845779	0.6868499936671847	92.85889779914189	93.16942317114813	36.060066624400164
centered_total	118	deviation_load[718]	0.14981695811282042	2287.437253415367	2056.4405515070966	2269.34465044021	2017.9804412940782	0.715815221753234	0.8135502589293291	0.7841195891740124	112.11443984613153	112.4249652181378	36.982387041819294
centered_total	118	deviation_load[719]	0.15023793273889047	2190.5380467019722	2273.3046182703583	2188.7611658368155	2272.176172738626	0.7276710721477415	0.7653097188753177	0.7949574124904013	-31.044048592171276	-30.733523220165004	36.930537393660785
centered_total	118	deviation_load[720]	0.1366474949841481	2097.708369285294	2051.6979046693455	2070.318541040749	2015.477423171796	0.7907698100886601	0.8520741269718699	0.8530937761937113	44.202559861051206	44.5130852330575	38.723498725360265
centered_total	118	population_intercept_at_load0	0.9988033756534723	2254.786064585743	1736.4727330457265	2246.1177365031263	1730.99708764991	0.3931321063455067	12.923769841241029	12.042936115014916	5463.86280414707	5472.571992501612	538.6117885258559
centered_total	118	log_sigma_intercept_at_subject0	0.0	3317.4692627562977	3317.4692627562977	3313.6097751105794	3313.6097751105794	0.03363334208752098	0.03363334208752098	0.03363334208752098	-49.54013812095642	-49.54013812095642	1.936068441626708
centered_total	119	population_intercept_at_mean_load	0.9996225554009212	2487.431010906602	1912.660324556006	2479.687271029064	1911.2390282058325	0.21043327323066527	12.245450789691693	12.060224874523353	5605.090678183403	5619.072602420179	539.3693443623026
centered_total	119	population_load	0.8446256514354386	2177.5565203631763	1837.856338397995	2147.96053619976	1821.4984557122218	0.13247069195968236	0.37347815773300475	0.3464110025115649	58.952991098697005	58.737332895189084	15.575546489868143
centered_total	119	log_tau_intercept	0.0	2491.1529243351583	2491.1529243351583	2416.5803763402437	2416.5803763402437	0.0032208151012916614	0.0032208151012916614	0.0032208151012916614	7.81087556930598	7.81087556930598	0.15833116818788753
centered_total	119	log_tau_load	0.0	1894.5589177510224	1894.5589177510224	1843.2510726127018	1843.2510726127018	0.005287233439665858	0.005287233439665858	0.005287233439665858	4.1064299964807836	4.1064299964807836	0.22699732180395865
centered_total	119	log_sigma_intercept	0.0	3076.954506877631	3076.954506877631	3092.520184063529	3092.520184063529	0.00026587421744814216	0.00026587421744814216	0.00026587421744814216	6.051434629235876	6.051434629235876	0.01478538017801199
centered_total	119	log_sigma_subj_slope	0.0	3319.6173549091636	3319.6173549091636	3310.15102989027	3310.15102989027	4.737637551125306e-5	4.737637551125306e-5	4.737637551125306e-5	0.07821230571321935	0.07821230571321935	0.002725748219488433
centered_total	119	deviation_intercept[701]	0.9910537886375682	2590.2676302728296	1917.6181164453915	2593.6957661921742	1915.3748702566268	1.0042163845295407	12.223716359581712	12.07833630779705	-4841.868848661921	-4856.38866007863	540.7135366796729
centered_total	119	deviation_intercept[702]	0.9954066422869504	2575.028179025755	1909.726845336055	2577.35399679621	1907.516599261938	0.7202672791037468	12.252140276835982	12.058048862508329	-3903.817873229415	-3918.337684646125	539.5299874034527
centered_total	119	deviation_intercept[703]	0.9944845633447262	2967.544340745767	1922.6747419104308	2963.745696076415	1920.1057963972012	0.7363534306211011	12.21457231300428	12.059020432525951	-3622.6825789749714	-3637.2023903916825	539.7800536160079
centered_total	119	deviation_intercept[704]	0.9936316721834674	2434.141076984228	1920.0116327116766	2399.9115499088284	1918.9030312232167	0.8796668575644438	12.22833317748365	12.06861927469701	-642.4050550869874	-656.9248665036973	540.0116660437957
centered_total	119	deviation_intercept[705]	0.992368718020239	2179.661531451663	1886.6058507880753	2180.6440963090404	1889.5441220055009	1.0108475853346022	12.319629065513707	12.078889446388176	-1338.7136373770265	-1353.2334487937362	540.3551840903856
centered_total	119	deviation_intercept[706]	0.9922412383617938	2171.622005196935	1897.896442593063	2167.7876165459543	1896.2646296329046	1.0223393055464638	12.302116426774417	12.079856583294195	53.327840723189674	38.80802930647967	540.3898944406931
centered_total	119	deviation_intercept[707]	0.9908736032188781	3024.9706059249047	1920.0123575255186	3009.1872537845943	1918.167314441055	0.9417416802109764	12.248792490987203	12.073302564316753	-75.13611388118076	-89.65592529789079	540.7626974736701
centered_total	119	deviation_intercept[708]	0.9906224579493477	2786.1906757731545	1894.5165688920022	2802.1441651325804	1894.1029708639353	0.9893752526071274	12.260908164044524	12.0771114430464	-438.2359233547318	-452.7557347714418	540.8312409362584
centered_total	119	deviation_intercept[709]	0.9884401215705653	1689.9533987984355	1908.4704205263038	1684.3237019364885	1904.9466019500612	1.4184189535902156	12.238540337547755	12.119804855904027	-1131.2869909813753	-1145.8068023980852	541.4279513053318
centered_total	119	deviation_intercept[710]	0.9864159184454098	2377.6354022977966	1953.366217548635	2363.4349126060924	1951.4488813280432	1.2993589314970255	12.209214804001618	12.106448325175801	193.0329223865163	178.5131109698063	541.9831929927466
centered_total	119	deviation_intercept[711]	0.9859702709648567	2281.5839948064695	1910.3832923426555	2279.218970165677	1907.0627489051758	1.3449791791297123	12.296079786483533	12.111429577452173	-1721.9445700641916	-1736.4643814809015	542.1056643111712
centered_total	119	deviation_intercept[712]	0.9823761634311157	2264.8243749214294	1923.7040040528905	2271.1339332736857	1923.2331855393577	1.5128846013944	12.267125383981012	12.131223237350271	1101.3376213269128	1086.8178099102029	543.0964289962045
centered_total	119	deviation_intercept[713]	0.9804666560626089	2372.8345612684557	1915.2991922985736	2394.1210191152963	1915.2153062940924	1.5527970227471841	12.254480475736015	12.13626532386069	3901.2888470946236	3886.7690356779126	543.6250253501627
centered_total	119	deviation_intercept[714]	0.9799664393929823	2534.1725682538545	1952.6279402797002	2529.3004766785393	1949.4083357522923	1.5303441687946764	12.189859789673733	12.133412986140987	158.1215464231677	143.60173500645763	543.7637523495905
centered_total	119	deviation_intercept[715]	0.9738419700914623	3060.121587484711	1913.7626588749251	3058.386997122624	1908.1896292664467	1.5952468956918855	12.400602900902458	12.141769643487127	927.2670883751367	912.7472769584269	545.4709311948515
centered_total	119	deviation_intercept[716]	0.9512684936322741	2671.9822213159	1968.5532054300188	2668.320856767253	1969.9976709017376	2.358577718780595	12.334294237625633	12.265424830507062	777.6062727635132	763.086461346803	551.9049621009635
centered_total	119	deviation_intercept[717]	0.9662600338245908	2820.7645546751824	1931.4393758689796	2778.649900175714	1933.552181308278	1.9082015881911463	12.335785063582135	12.186836780660768	1496.8916211457831	1482.371809729073	547.6068182404314
centered_total	119	deviation_intercept[718]	0.9616804082159167	2582.045055677062	1939.9811928299248	2558.657705704186	1938.238048520413	2.1242460178794387	12.327334583981397	12.222527503007205	1322.5646091309522	1308.0447977142426	548.9091509232467
centered_total	119	deviation_intercept[719]	0.9603955840945799	2067.000321324951	1911.615699458252	2069.7878401820767	1915.7692408264488	2.4027006657678873	12.456665978905855	12.273985819878249	4700.586778190253	4686.066966773544	549.2761955109893
centered_total	119	deviation_intercept[720]	0.954259342260776	2336.9162637539594	1932.6845173069573	2288.468154989501	1933.2131275280228	2.463550169740008	12.376858261109229	12.286042359365236	3312.2403427789277	3297.7205313622176	551.0393904798791
centered_total	119	deviation_load[701]	0.41248780603313784	2394.6288627354484	1846.481389944575	2384.44013146809	1822.7182015161964	0.3498525959591782	0.5315151587446746	0.4741823882560026	-23.532733149189855	-23.317074945681938	22.287936905467213
centered_total	119	deviation_load[702]	0.5882579804246401	2525.5872468360044	2009.3368919954205	2530.0985443382506	2002.45699129706	0.23808683944267423	0.42606530364013884	0.39892034486673167	-36.43866358106608	-36.22300537755815	18.66343218618122
centered_total	119	deviation_load[703]	0.5373386122173679	2688.8192945380924	2229.807309199425	2699.4191735125714	2229.7455386627066	0.2556512179949528	0.41708630710397315	0.4096457539082924	-38.30619455970398	-38.09053635619606	19.52771383650316
centered_total	119	deviation_load[704]	0.49768540895540303	2264.860655783095	1951.0158615870425	2241.557181405404	1915.5309662570628	0.30374627345211225	0.4736218438593683	0.4412639766271837	10.822628126310201	11.038286329818119	20.29074405160115
centered_total	119	deviation_load[705]	0.46444760331287105	1915.5671335118684	1843.7055151367438	1891.8816931453591	1845.452184994239	0.35339553658020334	0.4870685959993811	0.4768023738485372	-21.00906030486621	-20.793402101358296	21.00424443990099
centered_total	119	deviation_load[706]	0.4546451541943169	2094.9616161708996	2115.006736921192	2101.887419616394	2125.5479041697786	0.34195897482372195	0.46581166982772776	0.4683887689679176	-6.714923590908863	-6.499265387400948	21.229469588868728
centered_total	119	deviation_load[707]	0.42099689654002	3221.855148257425	2350.71141760479	3194.5602446616367	2349.3404497188617	0.29700987166328136	0.4642080941370304	0.4366542823541632	-1.2093895368538752	-0.9937313333459599	22.0615478595304
centered_total	119	deviation_load[708]	0.415135895794806	2545.3527714198526	1789.7655893719782	2541.9362382600416	1791.874480387934	0.3369965390329829	0.5320611029162904	0.4647781898422076	-25.005143927971194	-24.78948572446328	22.21673747392361
centered_total	119	deviation_load[709]	0.3594299580644459	1896.8108361082382	1878.2999963860527	1902.6165182363693	1868.9438060784357	0.4381027418584098	0.5499283348611331	0.5425735994836525	-44.02289444244455	-43.807236238936646	23.87636947516505
centered_total	119	deviation_load[710]	0.3259499268497645	2307.4267078583157	1752.5602862489445	2299.419563207448	1746.4650245845405	0.4292763394629671	0.6068258958111653	0.5354720105248406	-73.43347608898998	-73.21781788548208	25.072635261668285
centered_total	119	deviation_load[711]	0.3266110246371681	2322.128940918176	2175.6704351797043	2325.0339846345355	2179.862567230085	0.4262637047106955	0.534849827641782	0.5330598881800032	13.237528024992905	13.45318622850082	25.0472474783428
centered_total	119	deviation_load[712]	0.26267382345162993	1882.1382100154976	2000.505313703163	1905.7136510498112	2009.5696607796572	0.5493739126235524	0.6382206826944238	0.6358174221457769	116.13208578428775	116.34774398779567	27.9297487588777
centered_total	119	deviation_load[713]	0.2660386728782068	3033.37799487021	2653.000261466449	3062.768219443429	2666.5021394294226	0.4296180931239301	0.5423970230406941	0.5357460259976105	-14.08462420713393	-13.868966003626014	27.752559377926946
centered_total	119	deviation_load[714]	0.2528707783976713	2577.736515203321	2395.5993132161693	2566.1626598309454	2399.6267435222994	0.48571540176141303	0.5819402505161655	0.5816971290465867	-2.8810749553337334	-2.6654167518258167	28.465977658493493
centered_total	119	deviation_load[715]	0.2095740126916307	2998.2713353894846	2510.380681401012	2979.7688436069902	2507.817564587927	0.5092675804086912	0.64421206494003	0.6015027571741572	-42.00527207496854	-41.789613871460624	31.268475844693143
centered_total	119	deviation_load[716]	0.13318735513818933	2545.6332875369776	2541.0403459274257	2534.6212138496985	2552.3537190557045	0.7253540092205565	0.7715099581471146	0.7928370180088248	-34.47272514842448	-34.25706694491656	39.2232819253684
centered_total	119	deviation_load[717]	0.1575788055421939	2987.414095712048	2525.176921416579	2966.1308645932663	2495.7312515492713	0.607709482703554	0.7254479842419161	0.6868499936671847	92.95376496764021	93.16942317114813	36.060066624400164
centered_total	119	deviation_load[718]	0.14981695811282042	2287.437253415367	2177.951819898573	2269.34465044021	2162.2095255188897	0.715815221753234	0.7946201056490451	0.7841195891740124	112.20930701462989	112.4249652181378	36.982387041819294
centered_total	119	deviation_load[719]	0.15023793273889047	2190.5380467019722	2098.5194533886656	2188.7611658368155	2087.137246386116	0.7276710721477415	0.8148789381825199	0.7949574124904013	-30.94918142367292	-30.733523220165004	36.930537393660785
centered_total	119	deviation_load[720]	0.1366474949841481	2097.708369285294	2234.7387046976573	2070.318541040749	2222.4796464643787	0.7907698100886601	0.8185201747381626	0.8530937761937113	44.29742702954958	44.5130852330575	38.723498725360265
centered_total	119	population_intercept_at_load0	0.9988033756534723	2254.786064585743	1911.2521848410106	2246.1177365031263	1911.5218795669173	0.3931321063455067	12.213347845632867	12.042936115014916	5458.052181084903	5472.571992501612	538.6117885258559
centered_total	119	log_sigma_intercept_at_subject0	0.0	3317.4692627562977	3317.4692627562977	3313.6097751105794	3313.6097751105794	0.03363334208752098	0.03363334208752098	0.03363334208752098	-49.54013812095642	-49.54013812095642	1.936068441626708
centered_total	120	population_intercept_at_mean_load	0.9996225554009212	2487.431010906602	1818.8907720485188	2479.687271029064	1812.3650802787827	0.21043327323066527	12.633093686028118	12.060224874523353	5618.318744801251	5619.072602420179	539.3693443623026
centered_total	120	population_load	0.8446256514354386	2177.5565203631763	1764.3685506125846	2147.96053619976	1768.504526934563	0.13247069195968236	0.3609909675605506	0.3464110025115649	59.086390380541154	58.737332895189084	15.575546489868143
centered_total	120	log_tau_intercept	0.0	2491.1529243351583	2491.1529243351583	2416.5803763402437	2416.5803763402437	0.0032208151012916614	0.0032208151012916614	0.0032208151012916614	7.81087556930598	7.81087556930598	0.15833116818788753
centered_total	120	log_tau_load	0.0	1894.5589177510224	1894.5589177510224	1843.2510726127018	1843.2510726127018	0.005287233439665858	0.005287233439665858	0.005287233439665858	4.1064299964807836	4.1064299964807836	0.22699732180395865
centered_total	120	log_sigma_intercept	0.0	3076.954506877631	3076.954506877631	3092.520184063529	3092.520184063529	0.00026587421744814216	0.00026587421744814216	0.00026587421744814216	6.051434629235876	6.051434629235876	0.01478538017801199
centered_total	120	log_sigma_subj_slope	0.0	3319.6173549091636	3319.6173549091636	3310.15102989027	3310.15102989027	4.737637551125306e-5	4.737637551125306e-5	4.737637551125306e-5	0.07821230571321935	0.07821230571321935	0.002725748219488433
centered_total	120	deviation_intercept[701]	0.9910537886375682	2590.2676302728296	1786.5771318596662	2593.6957661921742	1782.097014316769	1.0042163845295407	12.743826822574785	12.07833630779705	-4854.764195437217	-4856.38866007863	540.7135366796729
centered_total	120	deviation_intercept[702]	0.9954066422869504	2575.028179025755	1817.9124285737885	2577.35399679621	1811.7083228180702	0.7202672791037468	12.635013690072277	12.058048862508329	-3916.7132200047104	-3918.337684646125	539.5299874034527
centered_total	120	deviation_intercept[703]	0.9944845633447262	2967.544340745767	1804.423619814394	2963.745696076415	1796.8721357095383	0.7363534306211011	12.69087191460905	12.059020432525951	-3635.5779257502677	-3637.2023903916825	539.7800536160079
centered_total	120	deviation_intercept[704]	0.9936316721834674	2434.141076984228	1808.2519517412088	2399.9115499088284	1809.967281245452	0.8796668575644438	12.652670478606925	12.06861927469701	-655.300401862283	-656.9248665036973	540.0116660437957
centered_total	120	deviation_intercept[705]	0.992368718020239	2179.661531451663	1800.7481956836136	2180.6440963090404	1799.6613244403818	1.0108475853346022	12.704543241433267	12.078889446388176	-1351.608984152322	-1353.2334487937362	540.3551840903856
centered_total	120	deviation_intercept[706]	0.9922412383617938	2171.622005196935	1818.0185673593733	2167.7876165459543	1808.1854069446438	1.0223393055464638	12.722366975258705	12.079856583294195	40.432493947894194	38.80802930647967	540.3898944406931
centered_total	120	deviation_intercept[707]	0.9908736032188781	3024.9706059249047	1815.7625891877399	3009.1872537845943	1807.357046565291	0.9417416802109764	12.716835547316899	12.073302564316753	-88.03146065647626	-89.65592529789079	540.7626974736701
centered_total	120	deviation_intercept[708]	0.9906224579493477	2786.1906757731545	1824.7234155398992	2802.1441651325804	1821.3753829652546	0.9893752526071274	12.609153200624874	12.0771114430464	-451.1312701300272	-452.7557347714418	540.8312409362584
centered_total	120	deviation_intercept[709]	0.9884401215705653	1689.9533987984355	1801.7664662097138	1684.3237019364885	1794.1775387688376	1.4184189535902156	12.73335229638853	12.119804855904027	-1144.1823377566707	-1145.8068023980852	541.4279513053318
centered_total	120	deviation_intercept[710]	0.9864159184454098	2377.6354022977966	1784.8753215520906	2363.4349126060924	1785.970430654903	1.2993589314970255	12.781304482031093	12.106448325175801	180.13757561122085	178.5131109698063	541.9831929927466
centered_total	120	deviation_intercept[711]	0.9859702709648567	2281.5839948064695	1832.9924170035774	2279.218970165677	1827.1722369486201	1.3449791791297123	12.63903309922936	12.111429577452173	-1734.839916839487	-1736.4643814809015	542.1056643111712
centered_total	120	deviation_intercept[712]	0.9823761634311157	2264.8243749214294	1869.8459856794905	2271.1339332736857	1861.8678812231753	1.5128846013944	12.512960325878916	12.131223237350271	1088.4422745516174	1086.8178099102029	543.0964289962045
centered_total	120	deviation_intercept[713]	0.9804666560626089	2372.8345612684557	1813.6375575027396	2394.1210191152963	1817.1738879007369	1.5527970227471841	12.754061460339901	12.13626532386069	3888.393500319328	3886.7690356779126	543.6250253501627
centered_total	120	deviation_intercept[714]	0.9799664393929823	2534.1725682538545	1821.0292447313013	2529.3004766785393	1813.3700006844356	1.5303441687946764	12.707206391543707	12.133412986140987	145.2261996478722	143.60173500645763	543.7637523495905
centered_total	120	deviation_intercept[715]	0.9738419700914623	3060.121587484711	1835.9365242125398	3058.386997122624	1841.3847164136344	1.5952468956918855	12.62037827852591	12.141769643487127	914.3717415998412	912.7472769584269	545.4709311948515
centered_total	120	deviation_intercept[716]	0.9512684936322741	2671.9822213159	1820.2201199479741	2668.320856767253	1820.396505049179	2.358577718780595	12.882068465317946	12.265424830507062	764.7109259882176	763.086461346803	551.9049621009635
centered_total	120	deviation_intercept[717]	0.9662600338245908	2820.7645546751824	1823.1321896390377	2778.649900175714	1811.456657734359	1.9082015881911463	12.746470360714993	12.186836780660768	1483.9962743704875	1482.371809729073	547.6068182404314
centered_total	120	deviation_intercept[718]	0.9616804082159167	2582.045055677062	1847.414543193465	2558.657705704186	1839.470621727466	2.1242460178794387	12.763666471285623	12.222527503007205	1309.669262355657	1308.0447977142426	548.9091509232467
centered_total	120	deviation_intercept[719]	0.9603955840945799	2067.000321324951	1868.8530576890041	2069.7878401820767	1869.0492271681646	2.4027006657678873	12.685744671659451	12.273985819878249	4687.691431414956	4686.066966773544	549.2761955109893
centered_total	120	deviation_intercept[720]	0.954259342260776	2336.9162637539594	1826.232548167718	2288.468154989501	1819.367693907706	2.463550169740008	12.838358828853364	12.286042359365236	3299.3449960036314	3297.7205313622176	551.0393904798791
centered_total	120	deviation_load[701]	0.41248780603313784	2394.6288627354484	2268.2845262855512	2384.44013146809	2239.5684267331058	0.3498525959591782	0.4669456808654903	0.4741823882560026	-23.666132431033997	-23.317074945681938	22.287936905467213
centered_total	120	deviation_load[702]	0.5882579804246401	2525.5872468360044	2327.274761697286	2530.0985443382506	2313.7934035040616	0.23808683944267423	0.3894905847488135	0.39892034486673167	-36.57206286291023	-36.22300537755815	18.66343218618122
centered_total	120	deviation_load[703]	0.5373386122173679	2688.8192945380924	2102.202243737843	2699.4191735125714	2078.731423693947	0.2556512179949528	0.42112962176095037	0.4096457539082924	-38.43959384154813	-38.09053635619606	19.52771383650316
centered_total	120	deviation_load[704]	0.49768540895540303	2264.860655783095	2028.8581083426648	2241.557181405404	2011.2537207463074	0.30374627345211225	0.45157061074185645	0.4412639766271837	10.68922884446606	11.038286329818119	20.29074405160115
centered_total	120	deviation_load[705]	0.46444760331287105	1915.5671335118684	1807.6620552169488	1891.8816931453591	1797.9137704256382	0.35339553658020334	0.48671868958594267	0.4768023738485372	-21.142459586710356	-20.793402101358296	21.00424443990099
centered_total	120	deviation_load[706]	0.4546451541943169	2094.9616161708996	2027.3841992335897	2101.887419616394	2030.1389847874134	0.34195897482372195	0.4649275510669453	0.4683887689679176	-6.848322872753009	-6.499265387400948	21.229469588868728
centered_total	120	deviation_load[707]	0.42099689654002	3221.855148257425	2368.4045640572845	3194.5602446616367	2361.641785843253	0.29700987166328136	0.45508905053147536	0.4366542823541632	-1.3427888186980206	-0.9937313333459599	22.0615478595304
centered_total	120	deviation_load[708]	0.415135895794806	2545.3527714198526	2140.780759260133	2541.9362382600416	2130.1004755542335	0.3369965390329829	0.46640203501981586	0.4647781898422076	-25.13854320981534	-24.78948572446328	22.21673747392361
centered_total	120	deviation_load[709]	0.3594299580644459	1896.8108361082382	1882.3263440300889	1902.6165182363693	1852.0861761209537	0.4381027418584098	0.5464937386834464	0.5425735994836525	-44.1562937242887	-43.807236238936646	23.87636947516505
centered_total	120	deviation_load[710]	0.3259499268497645	2307.4267078583157	2051.504413810857	2299.419563207448	2062.10677416622	0.4292763394629671	0.5561463124281305	0.5354720105248406	-73.56687537083413	-73.21781788548208	25.072635261668285
centered_total	120	deviation_load[711]	0.3266110246371681	2322.128940918176	2170.9389750654095	2325.0339846345355	2176.2674767721437	0.4262637047106955	0.5216883513403988	0.5330598881800032	13.104128743148758	13.45318622850082	25.0472474783428
centered_total	120	deviation_load[712]	0.26267382345162993	1882.1382100154976	1602.9340873105757	1905.7136510498112	1591.6264065759403	0.5493739126235524	0.6883930118407718	0.6358174221457769	115.9986865024436	116.34774398779567	27.9297487588777
centered_total	120	deviation_load[713]	0.2660386728782068	3033.37799487021	2313.6916741227683	3062.768219443429	2321.1429589121703	0.4296180931239301	0.5650557241707047	0.5357460259976105	-14.218023488978073	-13.868966003626014	27.752559377926946
centered_total	120	deviation_load[714]	0.2528707783976713	2577.736515203321	2281.571111547602	2566.1626598309454	2279.516215098549	0.48571540176141303	0.5881127638877298	0.5816971290465867	-3.014474237177878	-2.6654167518258167	28.465977658493493
centered_total	120	deviation_load[715]	0.2095740126916307	2998.2713353894846	2284.6737444511687	2979.7688436069902	2274.838333368662	0.5092675804086912	0.6611326424676797	0.6015027571741572	-42.13867135681269	-41.789613871460624	31.268475844693143
centered_total	120	deviation_load[716]	0.13318735513818933	2545.6332875369776	2373.825507634506	2534.6212138496985	2347.749906687524	0.7253540092205565	0.8042814031792705	0.7928370180088248	-34.60612443026862	-34.25706694491656	39.2232819253684
centered_total	120	deviation_load[717]	0.1575788055421939	2987.414095712048	2653.2050639598783	2966.1308645932663	2639.5367294174803	0.607709482703554	0.7034189238775865	0.6868499936671847	92.82036568579609	93.16942317114813	36.060066624400164
centered_total	120	deviation_load[718]	0.14981695811282042	2287.437253415367	2345.894789326472	2269.34465044021	2318.720228170263	0.715815221753234	0.7615230812386053	0.7841195891740124	112.07590773278577	112.4249652181378	36.982387041819294
centered_total	120	deviation_load[719]	0.15023793273889047	2190.5380467019722	2238.3065587707342	2188.7611658368155	2237.6721793891243	0.7276710721477415	0.7755109675588749	0.7949574124904013	-31.082580705517056	-30.733523220165004	36.930537393660785
centered_total	120	deviation_load[720]	0.1366474949841481	2097.708369285294	2034.5661341242796	2070.318541040749	2017.540819717862	0.7907698100886601	0.8490101328840262	0.8530937761937113	44.16402774770543	44.5130852330575	38.723498725360265
centered_total	120	population_intercept_at_load0	0.9988033756534723	2254.786064585743	1814.4160913533456	2246.1177365031263	1808.4752823655697	0.3931321063455067	12.624445638251128	12.042936115014916	5470.9475278601985	5472.571992501612	538.6117885258559
centered_total	120	log_sigma_intercept_at_subject0	0.0	3317.4692627562977	3317.4692627562977	3313.6097751105794	3313.6097751105794	0.03363334208752098	0.03363334208752098	0.03363334208752098	-49.54013812095642	-49.54013812095642	1.936068441626708
